qid,combined_count,native_ndcg,native_recall,native_mrr,solr_ndcg,solr_recall,solr_mrr,native_hit_count,solr_hit_count
720,1,0,0,0,0,0,0,1,10
1236,18,0,0,0,0.09011733826062779,0.2,0.1,10,10
1299,1,0,0,0,0,0,0,1,8
1835,2,0.2542008779489662,0.125,1,0.2542008779489662,0.125,1,2,8
1867,16,1,0.625,1,1,0.625,1,10,10
3352,3,0,0,0,0,0,0,3,10
3619,1,0.29740901205864334,0.0625,1,0.3828004051609265,0.125,1,1,10
3938,2,0.35895421017163465,0.125,1,0.7167674835027337,0.4375,1,2,10
3940,3,0.3222722491219546,0.14285714285714285,0.5,0.8347528992401554,0.6428571428571429,1,3,10
4380,254,0,0,0,0.08514311764162098,0.0625,0.2,10,10
4429,1,0.22009176629808014,0.07142857142857142,1,0.2895229882348574,0.14285714285714285,1,1,10
4588,23,0.12987501165334073,0.125,0.1111111111111111,0.4920062203073636,0.25,1,10,10
4589,19,0,0,0,0.3183191637810562,0.25,0.3333333333333333,10,10
4592,8,0.787291221417595,0.5,1,0.7425769714145167,0.5,1,8,8
4593,44,0,0,0,0.22009176629808014,0.0625,1,10,10
4594,27,0.3725907541108227,0.13513513513513514,0.2,0.5057958659478398,0.16216216216216217,0.5,10,10
4596,233,0,0,0,0,0,0,10,10
4698,3,0.37519712029518015,0.18181818181818182,1,0.37519712029518015,0.18181818181818182,1,3,10
4864,1,0,0,0,0,0,0,1,10
5021,75,0.1388624438735545,0.0625,0.5,0,0,0,10,10
5115,3,0,0,0,0,0,0,3,3
5339,1,0.26742619438551957,0.0625,1,0.26742619438551957,0.0625,1,1,10
5520,6,0.49367903606741653,0.25,1,0.7222954974312066,0.375,1,6,10
5538,7,0.4170606134915054,0.25,0.5,0.3683756341388872,0.25,0.3333333333333333,7,10
5741,16,0.1356854453911663,0.13333333333333333,0.125,0,0,0,10,10
6060,4,0.1388624438735545,0.0625,0.5,0.1388624438735545,0.0625,0.5,4,10
6296,87,0.2583297509898471,0.12,0.25,0,0,0,10,10
6316,5,0.09478836436955078,0.06666666666666667,0.25,0.4972338571580798,0.3333333333333333,1,5,10
6636,12,1,0.6666666666666666,1,1,0.6666666666666666,1,10,10
6637,2,0.40652716006074996,0.16666666666666666,1,0.3456882995191705,0.16666666666666666,1,2,10
6656,37,0.35895421017163465,0.14285714285714285,1,0,0,0,10,10
6663,15,0,0,0,0.0728781195196487,0.06666666666666667,0.1111111111111111,10,10
6665,6,0.4012479439685138,0.2222222222222222,1,0.26238458908655027,0.2222222222222222,0.3333333333333333,6,10
6683,78,0,0,0,0,0,0,10,10
6685,8,0.15862952835945127,0.13333333333333333,0.16666666666666666,0,0,0,8,10
6690,1,0.22009176629808014,0.02702702702702703,1,0.6809047493604334,0.16216216216216217,1,1,10
6699,20,0,0,0,0,0,0,10,10
6725,35,0,0,0,0,0,0,10,10
6727,13,0.25617367829355947,0.2857142857142857,0.5,0.546216915252498,0.42857142857142855,1,10,10
6742,50,0.35106842466815336,0.3333333333333333,0.16666666666666666,0.1388624438735545,0.06666666666666667,0.5,10,10
6750,20,0.27267015568947806,0.09523809523809523,0.14285714285714285,0.22009176629808014,0.023809523809523808,1,10,10
6756,7,0.8369256770986023,0.4375,1,0.8369256770986023,0.4375,1,7,10
6757,2,0,0,0,0,0,0,2,10
6759,11,0.9363792118010483,0.5625,1,0.7788065869851873,0.4375,1,10,10
6771,10,0.9363792118010483,0.5625,1,0.92663607790064,0.5625,1,10,10
6786,2,0.2357541930550393,0.07142857142857142,1,0.3372879974713539,0.14285714285714285,1,2,10
6787,20,0.3605861604796221,0.3076923076923077,0.3333333333333333,0.14867326849560983,0.15384615384615385,0.2,10,10
6793,65,0,0,0,0,0,0,10,10
6794,7,0.07336392209936005,0.06666666666666667,0.14285714285714285,0.1388624438735545,0.06666666666666667,0.5,7,10
7062,2,0,0,0,0.14606834984270645,0.2,0.25,2,10
7079,14,0.2898595862790639,0.09523809523809523,1,0.3097279100965646,0.19047619047619047,0.2,10,10
7106,11,1,0.25,1,1,0.25,1,10,10
7316,25,0,0,0,0.1810234404962175,0.125,0.25,10,10
7612,181,0,0,0,0,0,0,10,10
7732,3,0.420027879946489,0.125,1,0.3863083732086251,0.125,1,3,3
7839,8,0.30316623557495187,0,0,0.3696659055794982,0.058823529411764705,0.1,8,10
7844,10,0.13721326005400028,0.09090909090909091,0.16666666666666666,0.34010470860978487,0.09090909090909091,1,10,10
7854,145,0.22119341301481263,0.12,0.16666666666666666,0,0,0,10,10
7922,10,1,0.625,1,1,0.625,1,10,10
8023,8,0.6502642889708732,0.21428571428571427,1,0.7270361529727652,0.21428571428571427,1,8,8
8229,1,0,0,0,0,0,0,1,1
8317,2,0.35895421017163465,0.11764705882352941,1,0.6621137423456801,0.35294117647058826,1,2,10
8431,22,0.2785779383605913,0.25,0.14285714285714285,0.390700267063723,0.25,0.5,10,10
8515,5,0.7138097836082222,0.3125,1,0.771300643499791,0.375,1,5,10
8539,58,0,0,0,0.11004588314904007,0.07142857142857142,0.14285714285714285,10,10
8540,64,0,0,0,0,0,0,10,10
8545,1,0.30260241349881345,0.16666666666666666,1,0.30260241349881345,0.16666666666666666,1,1,1
8558,17,0,0,0,0,0,0,10,10
8573,11,0,0,0,0,0,0,10,10
8609,13,0,0,0,0,0,0,10,10
8620,229,0,0,0,0.07839826897867533,0.043478260869565216,0.16666666666666666,10,10
8724,47,0,0,0,0.7542686714597935,0.4375,1,10,10
8726,14,0.6410457898283652,0.5,0.3333333333333333,0.7799082337019198,0.5625,0.5,10,10
8733,1,0.2300510610426737,0.08333333333333333,1,0.2300510610426737,0.08333333333333333,1,1,10
8786,1,0,0,0,0,0,0,1,1
8788,2,0,0,0,0,0,0,2,2
8794,47,0,0,0,0.09478836436955078,0.043478260869565216,0.25,10,10
8844,4,0.1399508511117305,0.0625,0.3333333333333333,0.24823161036660316,0.125,0.3333333333333333,4,10
8889,1,0.24926098697416302,0.09090909090909091,1,0.24926098697416302,0.09090909090909091,1,1,1
9003,48,0.04241385879930114,0.06666666666666667,0.1,0.6698623505528797,0.5333333333333333,0.5,10,10
9190,1,0.22009176629808014,0.025,1,0.22009176629808014,0.025,1,1,7
9251,23,0.39401519638101345,0.3125,0.25,0.47293279348325756,0.25,1,10,10
9254,1,0.2575389154724167,0.06666666666666667,1,0.2575389154724167,0.06666666666666667,1,1,1
9259,14,0.1396181455537491,0.125,0.14285714285714285,0.27191445400928344,0.1875,0.5,10,10
9270,19,0.7318068210920499,0.5333333333333333,0.5,0.8447274418735332,0.5333333333333333,1,10,10
9513,3,0.24890832702259458,0.05555555555555555,0.5,0.5736308419865447,0.2777777777777778,0.3333333333333333,3,10
9515,1,0.279901702223461,0.0625,1,0.279901702223461,0.0625,1,1,1
9553,5,0.12054710171248399,0.0625,0.25,0.34210208049534124,0.125,1,5,10
9555,1,0.22009176629808014,0.0625,1,0.40853591842579556,0.1875,1,1,10
9990,8,0.8701249883466592,0.21621621621621623,1,0.955830517697074,0.24324324324324326,1,8,10
10020,15,0.4319964223378389,0.38461538461538464,0.3333333333333333,0.7222954974312066,0.46153846153846156,1,10,10
10051,28,0,0,0,0.09478836436955078,0.07142857142857142,0.25,10,10
10054,8,0.48605496134822973,0.2,1,0.4189765203646354,0.26666666666666666,0.5,8,10
10186,60,0,0,0,0.28997736516021183,0.1875,0.3333333333333333,10,10
10226,13,0.7840792241898119,0.5714285714285714,1,0.6614022999318018,0.5,1,10,10
10300,9,0.6928885599606714,0.4666666666666667,0.5,0.8175037781061659,0.4666666666666667,1,9,9
10307,1,0.279901702223461,0.06666666666666667,1,0.45650001423154074,0.13333333333333333,1,1,3
10396,2,0.22009176629808014,0.07142857142857142,1,0.09478836436955078,0.07142857142857142,0.25,2,5
10438,18,0.5311839578473406,0.3333333333333333,0.2,0.4481609901571236,0.3333333333333333,0.2,10,10
10560,1,0,0,0,0,0,0,1,10
10645,2,0.2575389154724167,0.0625,1,0.2575389154724167,0.0625,1,2,2
10679,8,0.5637884576902256,0.3333333333333333,1,0.5423640154200348,0.3333333333333333,1,8,8
10839,25,0.27267015568947806,0.23529411764705882,0.14285714285714285,0.5392627447548765,0.35294117647058826,0.5,10,10
10841,21,0.1506856704508052,0.14285714285714285,0.125,0,0,0,10,10
10846,207,0,0,0,0.07336392209936005,0.0625,0.14285714285714285,10,10
10848,40,0,0,0,0,0,0,10,10
10851,1,0,0,0,0,0,0,1,1
10863,4,0.09478836436955078,0.0625,0.25,0.22009176629808014,0.0625,1,4,10
10874,19,0.370449705654333,0.25,0.3333333333333333,0.15274548932528484,0.0625,0.5,10,10
10893,17,0.5646170634173541,0.25,1,0.3347696763243422,0.1875,0.5,10,10
10922,6,0,0,0,0,0,0,6,10
10924,6,0.2666214314551734,0.125,0.5,0.2399465063283098,0.125,0.5,6,10
10991,7,0.39484136206016496,0.125,1,0.1979204851806171,0.125,0.25,7,10
11074,59,0.11004588314904007,0.03571428571428571,0.3333333333333333,0,0,0,10,10
11127,22,0.5774250016294136,0.4375,0.3333333333333333,0.7421246259355073,0.4375,1,10,10
11242,1,0,0,0,0,0,0,1,10
11243,11,0.6749481901460428,0.21052631578947367,0.5,0.8224597061601243,0.21052631578947367,1,10,10
11405,3,0.5698664345004878,0.1875,1,0.6903718214731495,0.3125,1,3,10
11442,4,0,0,0,0,0,0,4,10
11451,2,0.22009176629808014,0.0625,1,0.22009176629808014,0.0625,1,2,2
11470,121,0.0636207881989517,0.0625,0.1,0.3222722491219546,0.1875,0.5,10,10
11502,2,0.1388624438735545,0.0625,0.5,0.3062386434839551,0.25,0.25,2,10
11718,4,0.5513873350522642,0.25,1,0.8659250413543489,0.5833333333333334,1,4,10
11907,1,0.22009176629808014,0.0625,1,0.22009176629808014,0.0625,1,1,1
12045,50,0.5637884576902256,0.25,1,0.3125291152215463,0.1875,0.5,10,10
12199,493,0,0,0,0,0,0,10,10
12473,90,0,0,0,0.0636207881989517,0.0625,0.1,10,10
12597,31,0,0,0,0.09478836436955078,0.07692307692307693,0.25,10,10
12720,36,0,0,0,0.504130353618393,0.1282051282051282,1,10,10
12729,40,0.07336392209936005,0.0625,0.14285714285714285,0,0,0,10,10
12753,5,0.5637884576902256,0.26666666666666666,1,0.5541432109622957,0.26666666666666666,1,5,10
12864,21,0.35106842466815336,0.16129032258064516,0.16666666666666666,0.7975167679274937,0.25806451612903225,1,10,10
12952,18,0.0636207881989517,0.0625,0.1,0,0,0,10,10
13146,17,0.13268893656315017,0.125,0.1111111111111111,0.18336572915839486,0.125,0.3333333333333333,10,10
13149,1,0,0,0,0,0,0,1,10
13156,414,0,0,0,0,0,0,10,10
13159,5,0.08698786311329101,0.07142857142857142,0.2,0.11243018208286118,0.07142857142857142,0.3333333333333333,5,10
13165,3,0,0,0,0,0,0,3,3
13167,4,0.3799109563336586,0.15789473684210525,1,0.4143958143423548,0.15789473684210525,1,4,10
13170,8,0.06943122193677725,0.07692307692307693,0.125,0.09478836436955078,0.07692307692307693,0.25,8,7
13175,70,0.07839826897867533,0.0625,0.16666666666666666,0.07336392209936005,0.0625,0.14285714285714285,10,10
13321,51,0.42556413675309335,0.4375,0.25,0.28657896323986254,0.1875,1,10,10
13595,6,0.6489315753318465,0.3125,1,0.5072380780124417,0.3125,0.5,6,6
13863,3,0,0,0,0,0,0,3,3
13895,7,0.2240055615151755,0.125,0.5,0.3529461582433961,0.25,0.5,7,10
13988,5,0.6951116003271834,0.5,1,0.7662747656758899,0.5,1,5,10
14376,105,0.0636207881989517,0.03125,0.1,0,0,0,10,10
14380,22,0.12987501165334073,0.1111111111111111,0.1111111111111111,0.18340980524840012,0.1111111111111111,0.3333333333333333,10,10
14734,1,0,0,0,0,0,0,1,1
14804,1,0.18660113481564067,0.0625,1,0.2675108717549466,0.125,1,1,10
14862,15,0,0,0,0.45597401448695507,0.5,0.5,10,10
14879,11,0.7799082337019198,0.5625,0.5,0.96331803895032,0.625,1,10,10
15002,3,0.5698664345004878,0.1875,1,0.6466492297915689,0.25,1,3,10
15055,1597,0,0,0,0,0,0,10,10
15211,12,0.6410457898283652,0.5333333333333333,0.3333333333333333,0.8603818544462509,0.5333333333333333,1,10,10
15286,3,0.28678053204097154,0.125,0.5,0.5586390833216328,0.25,1,3,5
15292,60,0,0,0,0.06943122193677725,0.04,0.125,10,10
15296,60,0.1374086302940712,0.125,0.2,0.2824132895898864,0.1875,1,10,10
15299,28,0.2710884709729799,0.1875,0.3333333333333333,0.45374257454118544,0.1875,1,10,10
15392,72,0.866947989864271,0.5714285714285714,1,0.09478836436955078,0.07142857142857142,0.25,10,10
15599,1,0,0,0,0,0,0,1,1
15740,43,0,0,0,0,0,0,10,10
15863,18,0.8760549825231239,0.625,1,0.5868720866710773,0.375,1,10,10
15923,1,0,0,0,0,0,0,1,1
16081,155,0,0,0,0.0636207881989517,0.0625,0.1,10,10
16112,42,0,0,0,0,0,0,10,10
16175,5,0.08514311764162098,0.0625,0.2,0.227162174819248,0.1875,0.2,5,10
16625,7,0.35895421017163465,0.125,1,0.2240055615151755,0.125,0.5,7,7
16705,20,0.6469392751612076,0.35714285714285715,1,0.38135635100880655,0.2857142857142857,0.5,10,10
16708,1,0,0,0,0,0,0,1,1
16998,23,0.23047380976071705,0.21428571428571427,0.25,0.486471450249967,0.42857142857142855,0.3333333333333333,10,10
16999,8,0,0,0,0,0,0,8,10
17096,3,0.2357541930550393,0.0625,1,0.3488755592453615,0.1875,1,3,10
17161,4,0.6039094289265273,0.25,1,0.7898580325383667,0.4375,1,4,10
17176,2,0.22009176629808014,0.02857142857142857,1,0.17318663334822612,0.05714285714285714,0.25,2,10
17253,97,0,0,0,0,0,0,10,10
17283,2,0.45650001423154074,0.125,1,0.5286871870681225,0.1875,1,2,5
17526,2,0.39484136206016496,0.125,1,0.39484136206016496,0.125,1,2,6
17530,23,0.4451989745299881,0.5,0.5,0.43547474557506727,0.4,1,10,10
17635,91,0,0,0,0.06943122193677725,0.0625,0.125,10,10
17753,16,0.31691619230948354,0.26666666666666666,0.25,0.7155506487682609,0.4,1,10,10
17813,3,0.35895421017163465,0.13333333333333333,1,0.3301376494471202,0.13333333333333333,1,3,4
17836,16,1,0.625,1,1,0.625,1,10,10
17857,10,0,0,0,0.08009687781155747,0.0625,0.16666666666666666,10,10
17982,7,0.2527252368493217,0.25,0.25,0.38603065097980993,0.25,1,7,10
18243,10,1,0.625,1,1,0.625,1,10,10
18245,25,0.49296057120174336,0.1724137931034483,0.3333333333333333,0.9053206285482487,0.27586206896551724,1,10,10
18246,1,0,0,0,0,0,0,1,1
18553,29,0.17722149243865498,0.10714285714285714,0.125,0.22009176629808014,0.03571428571428571,1,10,10
18555,33,0.3819603371583235,0.25,0.5,0.35895421017163465,0.125,1,10,10
18614,1,0,0,0,0,0,0,1,1
18620,14,0,0,0,0.04416948230292602,0.06666666666666667,0.1111111111111111,10,10
18636,7,0.2575389154724167,0.0625,1,0.09962965242264374,0.0625,0.2,7,10
18639,15,0.504130353618393,0.18518518518518517,1,0.6082965289412681,0.2222222222222222,1,10,10
18645,21,0.27267015568947806,0.36363636363636365,0.14285714285714285,0.44402126632244265,0.36363636363636365,0.3333333333333333,10,10
18650,2,0,0,0,0,0,0,2,10
18653,6,0.2984900352767555,0.13333333333333333,1,0.2520649403266671,0.2,0.3333333333333333,6,10
18663,13,0.07205258390751174,0.0625,0.1,0.08308699565805434,0.0625,0.14285714285714285,10,10
18668,18,0,0,0,0.26808482822528873,0.14285714285714285,0.5,10,10
18672,4,0.37304340065400343,0.14285714285714285,0.5,0.5237025709915449,0.19047619047619047,1,4,10
18675,63,0,0,0,0.1388624438735545,0.06666666666666667,0.5,10,10
18679,10,0.7283729495983072,0.2608695652173913,1,0.4942922401771767,0.2608695652173913,0.3333333333333333,10,10
18682,52,0,0,0,0.13575193991271664,0.125,0.1111111111111111,10,10
18942,10,1,0.24390243902439024,1,1,0.24390243902439024,1,10,10
18943,23,0,0,0,0,0,0,10,10
18981,1,0.22486036416572236,0.05,1,0.5146467585917684,0.25,1,1,10
19146,227,0,0,0,0,0,0,10,10
19195,35,0.19886814482872153,0.3333333333333333,0.125,0.23458362368124827,0.3333333333333333,0.14285714285714285,10,10
19225,19,0.508547949955618,0.32,0.3333333333333333,0.8833444073495262,0.4,1,10,10
19369,14,0.6421867266689009,0.5,1,0.3789209523348389,0.25,1,10,10
19436,6,0.7790889382842405,0.375,1,0.9283729264144387,0.5625,1,6,10
19546,17,0.2291309393151476,0.3333333333333333,0.14285714285714285,0.5140528919626033,0.3333333333333333,1,10,10
19706,26,0,0,0,0.6228225474262747,0.1724137931034483,1,10,10
19720,1,0.2876598635185553,0.1111111111111111,1,0.5308971532459225,0.3333333333333333,0.2,1,10
19778,858,0,0,0,0,0,0,10,10
19788,7,0.22009176629808014,0.06666666666666667,1,0.11004588314904007,0.06666666666666667,0.3333333333333333,7,7
19854,53,0,0,0,0.22009176629808014,0.0625,1,10,10
19855,96,0,0,0,0.6843947077447106,0.20689655172413793,1,10,10
19859,55,0,0,0,0.2799382895342902,0.1875,0.5,10,10
19885,3,0.49144588610019957,0.4,1,0.5165270670366633,0.4,1,3,3
19886,2,0.436404375391927,0.25,1,0.436404375391927,0.25,1,2,2
19950,1,0.22009176629808014,0.06666666666666667,1,0.22009176629808014,0.06666666666666667,1,1,1
19952,115,0.12987501165334073,0.125,0.1111111111111111,0,0,0,10,10
19953,43,0,0,0,0.1515015134351386,0.15384615384615385,0.16666666666666666,10,10
19962,3,0,0,0,0.6167901587895762,0.25,1,3,10
19969,73,0,0,0,0,0,0,10,10
19983,1,0,0,0,0,0,0,1,10
19986,5,0,0,0,0.0945501996896157,0.125,0.125,5,10
20157,65,0,0,0,0,0,0,10,10
20184,5,0.6782961487391511,0.3333333333333333,1,0.6782961487391511,0.3333333333333333,1,5,5
20187,4,0.5637884576902256,0.26666666666666666,1,0.5637884576902256,0.26666666666666666,1,4,10
20224,5,0.24890832702259458,0.05128205128205128,0.5,0.2240055615151755,0.05128205128205128,0.5,5,8
20356,13,0.2895229882348574,0.125,1,0.21726071285222984,0.125,0.5,10,10
20541,2,0.46036983612151,0.25,1,0.635507325881215,0.5,1,2,4
20758,23,0.6410457898283652,0.1951219512195122,0.3333333333333333,0.933745776545611,0.21951219512195122,1,10,10
20775,5,0.662991591198965,0.3125,1,0.9323102855501914,0.5625,1,5,10
20776,1,0.29090940880133687,0.14285714285714285,1,0.29090940880133687,0.14285714285714285,1,1,1
20789,4,0,0,0,0,0,0,4,4
20954,5,0.6790547778771446,0.3125,1,0.9337374687550546,0.5625,1,5,10
21559,3,0,0,0,0,0,0,3,3
21639,9,0.9363792118010483,0.5625,1,0.9363792118010483,0.5625,1,9,10
21859,6,0.2849862911342571,0.1875,0.3333333333333333,0.23230120691461892,0.125,0.5,6,10
21860,4,0.524648928407747,0.3076923076923077,1,0.5164713667693395,0.3076923076923077,1,4,10
21862,8,0.5280943505768315,0.375,0.5,0.5673156061728815,0.375,1,8,10
21915,28,0,0,0,0,0,0,10,10
22173,1,0,0,0,0,0,0,1,8
22404,3,0.4690000933206747,0.1875,1,0.4690000933206747,0.1875,1,3,10
22413,27,0.6545739016750378,0.5333333333333333,0.3333333333333333,0.4800992288435083,0.4,0.3333333333333333,10,10
22414,15,0.38603065097980993,0.1875,1,0.3340911711506405,0.1875,1,10,10
22415,29,0.43621154230977444,0.375,0.2,0.8165901947515998,0.5,1,10,10
22422,451,0,0,0,0.05226551265245022,0.034482758620689655,0.16666666666666666,10,10
22423,235,0,0,0,0,0,0,10,10
22428,23,0.0636207881989517,0.0625,0.1,0.800693766409882,0.4375,1,10,10
22430,189,0,0,0,0.08069862424496003,0.0625,0.3333333333333333,10,10
22441,2,0,0,0,0.07858473101834644,0.06666666666666667,0.3333333333333333,2,10
22453,138,0,0,0,0.24890832702259458,0.125,0.5,10,10
22495,13,0.9008636626471189,0.625,1,0.9008636626471189,0.625,1,10,10
22525,5,0,0,0,0,0,0,5,5
22591,2,0.1388624438735545,0.07142857142857142,0.5,0.2895229882348574,0.14285714285714285,1,2,10
22791,4,0,0,0,0,0,0,4,1
23055,1,0,0,0,0,0,0,1,1
23179,33,0.35106842466815336,0.18518518518518517,0.16666666666666666,0.46582309483828654,0.14814814814814814,1,10,10
23189,1,0,0,0,0,0,0,1,10
23618,63,0,0,0,0.3570764765963919,0.1875,1,10,10
23622,2,0.45650001423154074,0.125,1,0.8310215325666566,0.4375,1,2,10
23632,21,0.92663607790064,0.5625,1,0.84860265890399,0.5,1,10,10
23636,360,0,0,0,0,0,0,10,10
24109,78,0,0,0,0.37183505243062803,0.25,0.5,10,10
24186,1,0.2575389154724167,0.0625,1,0.5487973376826973,0.1875,1,1,10
24233,4,0.6140472338590554,0.4444444444444444,1,0.5970962402916767,0.4444444444444444,1,4,10
24499,8,0.2802037743302085,0.19047619047619047,0.2,0.4771915264691213,0.19047619047619047,1,8,10
24501,4,0.3780584428859573,0.1875,0.5,0.5529054620833708,0.25,1,4,10
24504,6,0.5487973376826973,0.1875,1,0.530943853632104,0.1875,1,6,6
24690,1,0.22009176629808014,0.06666666666666667,1,0.22009176629808014,0.06666666666666667,1,1,10
24692,101,0.20904936749052636,0.23076923076923078,0.14285714285714285,0.08514311764162098,0.07692307692307693,0.2,10,10
24693,1,0.22009176629808014,0.0625,1,0.22009176629808014,0.0625,1,1,1
24697,30,0.1401206219163243,0.25,0.125,0,0,0,10,10
24702,1,0,0,0,0,0,0,1,1
24708,43,0.1427951440361373,0.16666666666666666,0.14285714285714285,0,0,0,10,10
24714,168,0,0,0,0,0,0,10,10
24726,139,0,0,0,0,0,0,10,10
24728,16,0,0,0,0,0,0,10,10
24799,1,0.2300510610426737,0.07142857142857142,1,0.5179325400767318,0.2857142857142857,1,1,10
24804,1,0.22009176629808014,0.02564102564102564,1,0.6308182950380662,0.1282051282051282,1,1,10
24806,6,0,0,0,0,0,0,6,6
24858,2,0.420027879946489,0.125,1,0.4717125056851344,0.1875,1,2,10
24964,2,0,0,0,0,0,0,2,10
25015,9,0.9363792118010483,0.5625,1,0.9363792118010483,0.5625,1,9,9
25024,3,0.5487973376826973,0.1875,1,0.6891610884215363,0.3125,1,3,10
25081,92,0,0,0,0,0,0,10,10
25119,8,0,0,0,0,0,0,8,10
25382,15,0.6623748292996336,0.6363636363636364,0.5,0.8774322487183986,0.7272727272727273,1,10,10
25403,2,0.2855902880722746,0.125,1,0.2855902880722746,0.125,1,2,10
25439,5,0.2283991101588521,0.125,0.3333333333333333,0.35385582954799627,0.1875,0.5,5,10
25456,2,0.1388624438735545,0.0625,0.5,0.38113435412201996,0.1875,1,2,10
26435,1,0.18660113481564067,0.0625,1,0.13865583818042593,0.125,0.2,1,10
26642,1,0.22009176629808014,0.0625,1,0.22009176629808014,0.0625,1,1,3
26792,58,0,0,0,0,0,0,10,10
26880,17,0.6410457898283652,0.42105263157894735,0.3333333333333333,0.9305687780632227,0.47368421052631576,1,10,10
26882,17,0.0636207881989517,0.0625,0.1,0.26845503571754253,0.1875,0.3333333333333333,10,10
27015,2,0.40652716006074996,0.125,1,0.6385085174798409,0.25,1,2,10
27166,47,0.3683756341388872,0.26666666666666666,0.3333333333333333,0,0,0,10,10
27633,1,0.22486036416572236,0.0625,1,0.292550078615531,0.125,1,1,10
27644,17,0.42302937529594087,0.3125,0.3333333333333333,0.4018554396429695,0.3125,0.5,10,10
27646,22,0,0,0,0,0,0,10,10
27650,11,0.8701249883466592,0.5,1,0.8318477135310891,0.5,1,10,10
27692,53,0.33169367308920716,0.25,0.25,0.17366667134799177,0.125,0.3333333333333333,10,10
27872,7,0.7517844850103086,0.4,1,0.8874699304014749,0.5333333333333333,1,7,10
27961,6,0.35895421017163465,0.16666666666666666,1,0.41153259956303256,0.4166666666666667,0.5,6,10
27966,36,0.08425880820666944,0.07142857142857142,0.1111111111111111,0.18919049619417855,0.14285714285714285,0.2,10,10
27969,185,0.43621154230977444,0.1935483870967742,0.2,0.06625422345438903,0.03225806451612903,0.1111111111111111,10,10
27981,1,0,0,0,0,0,0,1,10
27985,154,0,0,0,0,0,0,10,10
27987,6,0.7272970725056769,0.3125,1,0.6664582119640974,0.3125,1,6,6
27994,30,0,0,0,0.2816575879096918,0.2,0.5,10,10
28132,2,0.24926098697416302,0.0625,1,0.3892475305056779,0.1875,0.5,2,10
28134,183,0,0,0,0.206415932235089,0.08571428571428572,0.14285714285714285,10,10
28351,4036,0,0,0,0,0,0,10,10
28458,5,0.4690000933206747,0.1875,1,0.28997736516021183,0.1875,0.3333333333333333,5,5
28461,2,0.35895421017163465,0.125,1,0.5637884576902256,0.25,1,2,4
28603,65,0,0,0,0.3568362111833759,0.10810810810810811,1,10,10
28606,3,0.4690000933206747,0.1875,1,0.7019727018777484,0.375,1,3,10
28668,260,0,0,0,0.07336392209936005,0.06666666666666667,0.14285714285714285,10,10
28817,2,0.35895421017163465,0.05,1,0.54739836229935,0.1,1,2,10
28826,1283,0,0,0,0.07839826897867533,0.0625,0.16666666666666666,10,10
28895,6,0.727329844310522,0.375,1,1,0.625,1,6,10
28923,1,0.29740901205864334,0.0625,1,0.29740901205864334,0.0625,1,1,1
28951,21,0.646139248903572,0.6428571428571429,0.5,0.7829708859631895,0.42857142857142855,1,10,10
29111,2,0.1388624438735545,0.0625,0.5,0.1388624438735545,0.0625,0.5,2,2
29235,2,0.4361533373077281,0.13333333333333333,1,0.4361533373077281,0.13333333333333333,1,2,2
29244,54,0,0,0,0.654416412609013,0.18181818181818182,1,10,10
29246,1,0.2575389154724167,0.0625,1,0.5098826502464558,0.25,1,1,10
29250,77,0.07839826897867533,0.0625,0.16666666666666666,0,0,0,10,10
29421,22,1,0.625,1,1,0.625,1,10,10
29453,2,0,0,0,0,0,0,2,2
29515,23,0,0,0,0.3031595321740454,0.25,0.2,10,10
29583,28,0,0,0,0.13305201013572895,0.125,0.125,10,10
29659,5,0.7349358300248484,0.3125,1,0.7941282000420724,0.375,1,5,8
29777,10,0.39563617122131467,0.1875,1,0.33843226963443074,0.1875,1,10,10
29778,24,0.5774250016294136,0.4375,0.3333333333333333,0.5884674004369673,0.3125,1,10,10
29841,15,0.7799082337019198,0.24324324324324326,0.5,1,0.2702702702702703,1,10,10
29898,18,0,0,0,0.19518900079066107,0.125,0.3333333333333333,10,10
29906,211,0,0,0,0.44793214080335997,0.1111111111111111,1,10,10
29969,2,0.38591686939385267,0.125,1,0.4520077609624401,0.1875,1,2,10
30045,15,0.505419597706851,0.5454545454545454,0.3333333333333333,0.6053924782121216,0.5454545454545454,1,10,10
30048,22,0.35106842466815336,0.3125,0.16666666666666666,0.48571574856977245,0.3125,0.5,10,10
30050,8,0.7694837677910104,0.375,1,0.6577464690004298,0.4375,0.5,8,10
30054,23,0.7564477297898764,0.4375,1,0.4611143078171935,0.375,0.3333333333333333,10,10
30055,2,0.35895421017163465,0.15384615384615385,1,0.5861163849908827,0.38461538461538464,1,2,10
30101,88,0,0,0,0.4518648409659427,0.26666666666666666,1,10,10
30119,42,0,0,0,0,0,0,10,10
30235,650,0,0,0,0.07336392209936005,0.02,0.14285714285714285,10,10
30240,5,0.7138097836082222,0.3125,1,0.7138097836082222,0.3125,1,5,5
30294,1,0.22009176629808014,0.0625,1,0.22009176629808014,0.0625,1,1,1
30362,1,0.3154909520426466,0.1111111111111111,1,0.3154909520426466,0.1111111111111111,1,1,1
30457,81,0.6198388604287146,0.2,0.3333333333333333,0.7917267193679839,0.175,1,10,10
30671,8,0.15707136890760245,0.13333333333333333,0.14285714285714285,0.2354871540196445,0.2,0.16666666666666666,8,10
30684,12,0.9363792118010483,0.391304347826087,1,0.92663607790064,0.391304347826087,1,10,10
30685,8,0.857673669302587,0.4666666666666667,1,0.8305120323500993,0.4666666666666667,1,8,10
30689,50,0.6410457898283652,0.3076923076923077,0.3333333333333333,0.24309789328476902,0.11538461538461539,0.3333333333333333,10,10
30690,29,0.6410457898283652,0.34782608695652173,0.3333333333333333,0.7630946912803435,0.30434782608695654,1,10,10
30755,3,0.31654916311981024,0.125,0.5,0.45650001423154074,0.125,1,3,7
30764,8,0.20483424751859086,0.05263157894736842,0.3333333333333333,0.17366667134799177,0.05263157894736842,0.3333333333333333,8,10
30828,1,0.22009176629808014,0.029411764705882353,1,0.5466227484058985,0.14705882352941177,1,1,10
31238,3,0,0,0,0,0,0,3,3
31246,1,0,0,0,0,0,0,1,1
31282,9,0.2878557712823307,0.23076923076923078,0.2,0.3441464225904506,0.23076923076923078,0.3333333333333333,9,9
31325,1,0.22009176629808014,0.06666666666666667,1,0.22009176629808014,0.06666666666666667,1,1,10
31403,17,0.43621154230977444,0.375,0.2,0.6114735274236562,0.375,1,10,10
31436,35,0,0,0,0.46344641831779065,0.20833333333333334,0.5,10,10
31529,1,0,0,0,0.7104770117651424,0.5,0.5,1,10
31564,5,0.06319224291303384,0.02857142857142857,0.25,0.1467278441987201,0.02857142857142857,1,5,5
31657,2,0.279901702223461,0.07142857142857142,1,0.400448803935945,0.14285714285714285,1,2,10
31734,7,0.800693766409882,0.4375,1,0.9305687780632227,0.5625,1,7,10
31817,3,0.14514605925250643,0.0625,0.5,0.11502553052133685,0.0625,0.3333333333333333,3,10
31842,4,0.34369669139214537,0.21428571428571427,0.5,0.5572998242663683,0.35714285714285715,1,4,10
32100,2,0,0,0,0,0,0,2,2
32162,2,0.1388624438735545,0.06666666666666667,0.5,0.7917063341896682,0.5333333333333333,1,2,10
32232,68,0.0636207881989517,0.0625,0.1,0.07839826897867533,0.0625,0.16666666666666666,10,10
32233,3,0.31654916311981024,0.14285714285714285,0.5,0.700999928770653,0.42857142857142855,1,3,10
32236,7,0.9708936739074334,1,1,0.9913406646505248,1,1,7,10
32250,9,0.6386488249556554,0.375,0.5,0.7221577795380655,0.4375,1,9,10
32252,127,0,0,0,0.35895421017163465,0.06451612903225806,1,10,10
32296,2,0.35895421017163465,0.05405405405405406,1,0.35895421017163465,0.05405405405405406,1,2,3
32314,5,0.22009176629808014,0.0625,1,0.22009176629808014,0.0625,1,5,5
32330,6,0.1388624438735545,0.0625,0.5,0.09478836436955078,0.0625,0.25,6,6
32362,9,0.5448092506411101,0.4,0.3333333333333333,0.7573802649192929,0.4,1,9,10
32810,7,0,0,0,0.36995731885538535,0.35714285714285715,0.2,7,10
32812,9,0.44272934327532537,0.3333333333333333,0.5,0.6406843176444186,0.4,1,9,10
32816,7,0.4705561169627617,0.3125,0.5,0.5022037311331264,0.3125,0.5,7,10
32824,3,0.15274548932528484,0.0625,0.5,0.4651259871626346,0.3125,0.3333333333333333,3,10
32834,3,0.4098497305276306,0.15384615384615385,0.5,0.4098497305276306,0.15384615384615385,0.5,3,3
32841,3,0.44168491303869717,0.2727272727272727,1,0.758968070781661,0.5454545454545454,1,3,10
32843,15,0.09478836436955078,0.0625,0.25,0.15457433957839825,0.125,0.2,10,10
32848,10,0.5309999066793252,0.4375,0.25,0.725452110735279,0.4375,1,10,10
33014,3,0.20432765402666475,0,0,0.20432765402666475,0,0,3,3
33105,117,0,0,0,0,0,0,10,10
33108,35,0,0,0,0.0636207881989517,0.041666666666666664,0.1,10,10
33269,13,0.7193474492006153,0.6,1,0.5759059294346696,0.5,1,10,10
33289,1,0.2357541930550393,0.03571428571428571,1,0.2357541930550393,0.03571428571428571,1,1,1
33424,12,0.3975962549627275,0.3333333333333333,0.16666666666666666,0.42633711921994416,0.26666666666666666,0.5,10,10
33435,36,0.43621154230977444,0.375,0.2,0.4447551423209717,0.25,1,10,10
33454,3,0.5487973376826973,0.3,1,0.5487973376826973,0.3,1,3,3
33751,25,0.33169367308920716,0.25,0.3333333333333333,0.1389578466724768,0.125,0.25,10,10
33764,350,0,0,0,0.22009176629808014,0.0625,1,10,10
33779,36,0,0,0,0,0,0,10,10
33792,1,0,0,0,0.09478836436955078,0.0625,0.25,1,10
33804,9,0.24890832702259458,0.125,0.5,0.09478836436955078,0.0625,0.25,9,10
33807,11,0.7125523635307983,0.4,1,0.7885497208855956,0.4666666666666667,1,10,10
33831,58,0.13911732858229262,0.125,0.1111111111111111,0.1751795093577132,0.125,0.2,10,10
33839,15,0,0,0,0,0,0,10,10
33843,6,0.54739836229935,0.25,1,0.5388856921828065,0.25,1,6,6
34012,10,1,0.25,1,1,0.25,1,10,10
34042,23,0.06625422345438903,0.02564102564102564,0.1111111111111111,0.2240055615151755,0.05128205128205128,0.5,10,10
34043,5,0.6489315753318465,0.15151515151515152,1,0.7125523635307983,0.18181818181818182,1,5,10
34047,8,0,0,0,0,0,0,8,10
34188,25,0.0636207881989517,0.0625,0.1,0.5988751049740154,0.3125,1,10,10
34319,1,0,0,0,0,0,0,1,1
34358,1,0,0,0,0,0,0,1,1
34405,5,0,0,0,0,0,0,5,5
34416,1,0,0,0,0,0,0,1,7
34441,2,0,0,0,0,0,0,2,2
34467,1,0,0,0,0,0,0,1,1
34494,1,0,0,0,0,0,0,1,9
34557,1,0,0,0,0,0,0,1,1
34578,5,0,0,0,0,0,0,5,5
34963,6,0,0,0,0,0,0,6,10
35068,23,1,0.25,1,0.9768562593544076,0.25,1,10,10
35072,6,0.5072380780124417,0.1282051282051282,0.5,0.9216017310213247,0.23076923076923078,1,6,10
35117,10,0.9957688095209811,0.625,1,0.9988930800939724,0.625,1,10,10
35400,8,0.8701249883466592,0.5,1,0.9363792118010483,0.5625,1,8,10
35401,12,0.39379768351047323,0.15625,0.2,0.8146824772118209,0.21875,1,10,10
35614,1,0,0,0,0,0,0,1,10
35863,26,0.44173955623824723,0.3125,0.3333333333333333,0.5559026721867443,0.4375,0.3333333333333333,10,10
35867,7,0.8080922243267024,0.4375,1,0.7790889382842404,0.4375,1,7,10
36019,1,0.279901702223461,0.08333333333333333,1,0.279901702223461,0.08333333333333333,1,1,10
36052,1,0.2357541930550393,0.06666666666666667,1,0.2357541930550393,0.06666666666666667,1,1,1
36173,9,0.7135435513078728,0.3125,1,0.6990938915636028,0.3125,1,9,9
36179,13,0.29993088983163674,0.36363636363636365,0.14285714285714285,0.4009704321928816,0.45454545454545453,0.25,10,10
36226,46,0.12987501165334073,0.08,0.1111111111111111,0.2758471541718662,0.12,0.5,10,10
36385,5,0.24209587273488012,0.06666666666666667,1,0.24209587273488012,0.06666666666666667,1,5,5
36550,37,0.35106842466815336,0.3125,0.16666666666666666,0.5135285497500328,0.25,1,10,10
36584,4,0,0,0,0,0,0,4,4
36671,2,0.35895421017163465,0.125,1,0.8701249883466592,0.5,1,2,8
36686,3,0.5487973376826973,0.1875,1,0.6597133113683123,0.25,1,3,6
36688,1,0.24926098697416302,0.06666666666666667,1,0.4896141557188043,0.2,1,1,5
36876,11,0.716287445502968,0.8,0.5,0.933745776545611,0.9,1,10,10
37072,26,0.22979561007468535,0.1875,0.2,0.5513310624619329,0.3125,1,10,10
37133,41,0.49246059723271807,0.3125,0.5,0.3421013776262553,0.25,0.5,10,10
37251,13,0.6169596756918302,0.375,0.5,0.4473700932673728,0.25,0.16666666666666666,10,10
37364,1,0.07336392209936005,0,0,0.15176219107803537,0.04,0.16666666666666666,1,10
37385,5,0.5893002499675077,0.25,1,0.5893002499675077,0.25,1,5,5
37692,1,0.2357541930550393,0.09090909090909091,1,0.2357541930550393,0.09090909090909091,1,1,1
37777,7,0.3268151005443447,0.125,1,0.2961027938100009,0.125,1,7,7
37874,11,0.7366165631508061,0.3,0.5,0.9125388471459603,0.3,1,10,10
37979,1,0.29740901205864334,0.07142857142857142,1,0.9573043034488583,0.6428571428571429,1,1,10
38067,22,0.24952641504388562,0.3076923076923077,0.14285714285714285,0.5385600957221474,0.46153846153846156,0.5,10,10
38163,13,0.5676818677290052,0.6363636363636364,0.3333333333333333,0.7569021067152308,0.6363636363636364,1,10,10
38188,9,0.23344411357024486,0.125,0.5,0.22531295356067246,0.125,0.3333333333333333,9,10
38260,1,0.29740901205864334,0.06666666666666667,1,0.29740901205864334,0.06666666666666667,1,1,1
38403,21,0,0,0,0.5580759111248785,0.3125,1,10,10
38404,13,0.4690000933206747,0.1875,1,0.3312392961638527,0.25,0.3333333333333333,10,10
38439,23,0,0,0,0.5619107241149828,0.3125,1,10,10
38542,46,0,0,0,0.14874433492765377,0.0625,0.5,10,10
38660,17,1,0.625,1,0.914856882358379,0.5625,1,10,10
38692,67,0,0,0,0.13305201013572895,0.13333333333333333,0.125,10,10
39608,11,0.5460205614040002,0.3125,1,0.5524829902575931,0.3125,1,10,10
39857,20,0.7799082337019198,0.5625,0.5,0.7411902110103872,0.4375,1,10,10
39858,15,0.15176219107803537,0.13333333333333333,0.16666666666666666,0.31879392588472627,0.2,0.5,10,10
39972,10,0.9432379215722527,0.32142857142857145,1,0.9074250374176303,0.32142857142857145,1,10,10
39975,35,0.09467937145175134,0.06451612903225806,0.16666666666666666,0.3286261632941788,0.12903225806451613,0.3333333333333333,10,10
39976,270,0,0,0,0,0,0,10,10
39978,28,0.727329844310522,0.4,1,0.4393885407921626,0.3333333333333333,0.5,10,10
39979,4,0.11091597368561495,0.08333333333333333,0.25,0.21971983457905378,0.16666666666666666,0.5,4,10
39980,111,0,0,0,0.20483424751859086,0.125,0.3333333333333333,10,10
40042,7,0.42411536804228234,0.3125,0.5,0.5861115882738643,0.4375,1,7,10
40201,14,0.07311683844390994,0.125,0.1,0.36637716437781265,0.375,0.5,10,10
40247,15,0.0636207881989517,0.0625,0.1,0,0,0,10,10
40253,3,0.24890832702259458,0.13333333333333333,0.5,0.39375843764607193,0.2,1,3,10
40412,13,0.9363792118010483,0.32142857142857145,1,0.8454256604216017,0.2857142857142857,1,10,10
40789,4,0.5893002499675077,0.4,1,0.7481864907480902,0.5,1,4,10
40791,9,0.7998230467886542,0.5,1,0.7973791542685902,0.5714285714285714,1,9,10
40819,2,0,0,0,0,0,0,2,10
40820,2,0,0,0,0,0,0,2,10
40866,14,0.14162413776804902,0.2,0.25,0.17708139122632446,0.4,0.16666666666666666,10,10
40872,27,0,0,0,0.11004588314904007,0.0625,0.3333333333333333,10,10
40878,6,0.5776752382825491,0.4,1,0.7203102408640398,0.6,1,6,10
40972,2,0.5129861293403476,0.25,1,0.6179678057650548,0.5,1,2,10
40988,1,0,0,0,0,0,0,1,1
41204,10,0.6500332220485789,0.4375,0.5,0.6816604510406281,0.4375,1,10,10
41261,15,0.29993088983163674,0.3333333333333333,0.14285714285714285,0.5025785811698515,0.3333333333333333,1,10,10
41577,13,0.8532721558012798,0.6923076923076923,0.5,0.7870179323468908,0.6153846153846154,0.5,10,10
41580,21,0.19930623359011798,0.1875,0.125,0.7471589728148225,0.4375,1,10,10
41959,1,0,0,0,0.41136970102724035,0.3076923076923077,0.5,1,10
42053,10,1,0.625,1,1,0.625,1,10,10
42100,1,0.1467278441987201,0.0625,1,0.3126667288804499,0.1875,1,1,5
42101,4,0,0,0,0,0,0,4,4
42115,4,0.35895421017163465,0.125,1,0.31488013066763093,0.125,1,4,4
42119,1,0,0,0,0,0,0,1,1
42183,3914,0,0,0,0,0,0,10,10
42205,13,0.870553533632577,0.5714285714285714,1,0.8874699304014749,0.5714285714285714,1,10,10
42256,1,0,0,0,0.6763752477319801,0.3125,1,1,10
42332,3,0.4690000933206747,0.1875,1,0.4690000933206747,0.1875,1,3,3
42333,5,0.4440973278132556,0.1875,1,0.33405144466421555,0.1875,0.5,5,5
42356,4,0.5637884576902256,0.25,1,0.933745776545611,0.5625,1,4,10
42481,11,1,0.6666666666666666,1,1,0.6666666666666666,1,10,10
42482,2,0.3667314583167897,0.18181818181818182,1,0.7364715863021633,0.6363636363636364,1,2,10
42681,1,0.22009176629808014,0.0625,1,0.22009176629808014,0.0625,1,1,6
42883,2,0,0,0,0.11004588314904007,0.0625,0.3333333333333333,2,10
42885,2,0.4027985368648313,0.2222222222222222,1,0.370462188193058,0.2222222222222222,1,2,10
43005,178,0,0,0,0.0636207881989517,0.06666666666666667,0.1,10,10
43010,131,0,0,0,0.06625422345438903,0.03571428571428571,0.1111111111111111,10,10
43465,14,0.12987501165334073,0.125,0.1111111111111111,0.6371523797895855,0.3125,1,10,10
43473,23,0,0,0,0.40853591842579556,0.1875,1,10,10
43504,1,0,0,0,0.3301376494471202,0.125,1,1,10
43786,34,0.6410457898283652,0.5333333333333333,0.3333333333333333,0.6378891765242927,0.4666666666666667,0.5,10,10
43818,1,0.2300510610426737,0.02857142857142857,1,0.2300510610426737,0.02857142857142857,1,1,1
43888,4,0.368155235871488,0.1875,0.5,0.7810691138435806,0.5,1,4,10
44195,97,0,0,0,0,0,0,10,10
44405,37,0.2058717999579277,0.25,0.14285714285714285,0.45195028119189806,0.25,1,10,10
44473,11,0.32255539367638997,0.3333333333333333,0.2,0.4550608163715408,0.3333333333333333,0.5,10,10
44496,1,0.22009176629808014,0.05263157894736842,1,0.22009176629808014,0.05263157894736842,1,1,10
44507,5,0.6489315753318465,0.35714285714285715,1,0.7183627972686238,0.42857142857142855,1,5,10
44512,6,0,0,0,0.624951996417876,0.35714285714285715,1,6,10
44513,4,0.6039094289265273,0.25,1,0.7796986516078381,0.4375,1,4,10
44516,2,0,0,0,0,0,0,2,10
44521,11,0.40652716006074996,0.125,1,0.2863505756884293,0.1875,0.3333333333333333,10,10
44523,1,0.22009176629808014,0.0625,1,0.4152807670887412,0.1875,1,1,10
44525,16,0,0,0,0,0,0,10,10
44671,2,0.16872714292220853,0.0625,0.5,0.47874417360104127,0.375,0.5,2,10
44675,48,0,0,0,0,0,0,10,10
44680,11,0.35891986799348485,0.3333333333333333,0.5,0.29052025467820947,0.3333333333333333,0.3333333333333333,10,10
44700,9,0.7151857987862356,0.4,1,0.6785038377365555,0.4,1,9,10
44808,24,0.14925086418229114,0.125,0.125,0.25061916326026035,0.1875,0.25,10,10
44859,2,0.35895421017163465,0.07142857142857142,1,0.7013956778220831,0.25,1,2,10
44862,18,0.2514632262898275,0.14814814814814814,0.14285714285714285,0.8335263021225863,0.2962962962962963,1,10,10
44989,7,0.07495345472190745,0.0625,0.14285714285714285,0.09684208768602304,0.0625,0.25,7,10
45061,10,0.8104211075738648,0.4375,1,0.7284539586078217,0.4375,1,10,10
45137,1,0,0,0,0,0,0,1,1
45172,42,0.15176219107803537,0.08,0.16666666666666666,0,0,0,10,10
45321,2,0.2357541930550393,0.0625,1,0.5604875171442228,0.3125,1,2,10
45323,54,0,0,0,0.07336392209936005,0.038461538461538464,0.14285714285714285,10,10
45510,7,0.4690000933206747,0.1875,1,0.4690000933206747,0.1875,1,7,10
45514,2,0.6366824387328316,0.5,1,0.7495275800817669,0.75,1,2,10
45590,110,0,0,0,0.2300510610426737,0.06666666666666667,1,10,10
45692,1,0,0,0,0,0,0,1,10
45787,7,0.3222323633884045,0.3333333333333333,0.5,0.10907587228956231,0.1111111111111111,0.2,7,10
45791,33,0.5774250016294136,0.4375,0.3333333333333333,0.6313419460517601,0.375,1,10,10
45795,5,0.6489315753318465,0.3125,1,0.933745776545611,0.5625,1,5,10
46034,1,0.279901702223461,0.07142857142857142,1,0.8662776204276619,0.5714285714285714,1,1,10
46170,4,0.3511433639199516,0.13043478260869565,0.5,0.4635735460028128,0.13043478260869565,1,4,4
46222,118,0,0,0,0.0636207881989517,0.0625,0.1,10,10
46581,2,0.1388624438735545,0.06666666666666667,0.5,0.4000232483092519,0.2,1,2,10
46620,8,0.5111707781750245,0.4,0.3333333333333333,0.678049460811201,0.4,1,8,10
46653,1,0.22009176629808014,0.0625,1,0.6652907408280684,0.375,1,1,10
46701,1,0.22009176629808014,0.08333333333333333,1,0.7315449642824574,0.5833333333333334,1,1,9
46718,62,0,0,0,0,0,0,10,10
46739,2,0.1388624438735545,0.06666666666666667,0.5,0.1388624438735545,0.06666666666666667,0.5,2,10
46796,1,0,0,0,0,0,0,1,1
46799,7,0,0,0,0,0,0,7,10
46801,17,0.15652859824446247,0.14285714285714285,0.2,0.15704538953600836,0.14285714285714285,0.3333333333333333,10,10
46823,8,0.6500332220485789,0.4375,0.5,0.760079105197619,0.4375,1,8,10
46971,13,0.26088422068613937,0.1875,0.25,0.5438489442525178,0.25,1,10,10
46976,2,0,0,0,0,0,0,2,10
47280,2,0.2357541930550393,0.1,1,0.49146587366736993,0.5,1,2,10
47623,9,0.9363792118010483,0.34615384615384615,1,0.9363792118010483,0.34615384615384615,1,9,9
47846,105,0,0,0,0,0,0,10,10
47860,3,0.4396592698888862,0.3333333333333333,1,0.4396592698888862,0.3333333333333333,1,3,3
47873,1,0,0,0,0.3628476202104143,0.3125,0.2,1,10
48101,12,0.7799082337019198,0.6428571428571429,0.5,0.7819835854675756,0.5,1,10,10
48111,18,0.20483424751859086,0.125,0.3333333333333333,0.4690000933206747,0.1875,1,10,10
48508,273,0,0,0,0.22009176629808014,0.0625,1,10,10
48669,1,0.22009176629808014,0.02564102564102564,1,0.7400488378072296,0.1794871794871795,1,1,10
48676,14,0.25422617712535256,0.18181818181818182,0.5,0.07444544187113133,0.09090909090909091,0.1,10,10
48692,71,0,0,0,0.5834330535576521,0.20833333333333334,1,10,10
48747,4,0.5637884576902256,0.2857142857142857,1,0.5637884576902256,0.2857142857142857,1,4,10
48772,3,0.5498005816393611,0.2,1,0.742396244445991,0.4,1,3,10
48972,102,0,0,0,0,0,0,10,10
48977,5,0.42883980903376634,0.25,0.5,0.6581810421830973,0.375,1,5,10
48979,2,0.40652716006074996,0.125,1,0.6748300232896478,0.3125,1,2,10
48991,10,0.42302937529594087,0.3333333333333333,0.3333333333333333,0.5836175861945262,0.3333333333333333,1,10,10
49088,13,0.7799082337019198,0.23684210526315788,0.5,0.92663607790064,0.23684210526315788,1,10,10
49111,13,0.12987501165334073,0.125,0.1111111111111111,0.14465249243306438,0.125,0.16666666666666666,10,10
49222,1,0,0,0,0.44398731441451667,0.3125,0.5,1,10
49233,12,0.8249183259351954,0.5,1,0.7006903677841354,0.4375,1,10,10
49334,1,0,0,0,0,0,0,1,1
49371,7,0.16354138662029633,0.08695652173913043,0.2,0.3052348839397011,0.08695652173913043,1,7,7
49477,12,0.19705197571435282,0.1875,0.16666666666666666,0.4216659513531181,0.3125,0.25,10,10
49523,3,0.30962745624369853,0.08333333333333333,1,0.6322742410695598,0.5,0.5,3,10
49777,8,0.8328150197106309,0.5833333333333334,1,0.7792154226657965,0.5833333333333334,0.5,8,10
49904,16,0.6026867412632647,0.5,0.5,0.77523873680463,0.5833333333333334,1,10,10
49933,9,0.6489315753318465,0.3125,1,0.5645441593704201,0.3125,1,9,9
49939,27,0.96331803895032,0.2857142857142857,1,0.3570764765963919,0.08571428571428572,1,10,10
50062,12,0.19930623359011798,0.2,0.125,0.20829366581033176,0.13333333333333333,0.5,10,10
50068,1,0,0,0,0,0,0,1,1
50070,32,0,0,0,0.3913817611255761,0.3125,0.25,10,10
50085,1,0.17169261031494448,0.0625,1,0.6917316478222679,0.375,1,1,10
50086,9,0.9209653894559252,0.6428571428571429,1,0.9149829626822983,0.6428571428571429,1,9,9
50140,5,0.6489315753318465,0.35714285714285715,1,0.6489315753318465,0.35714285714285715,1,5,5
50323,88,0,0,0,0.0636207881989517,0.05,0.1,10,10
50324,15,0.3819603371583235,0.25,0.5,0.3570764765963919,0.1875,1,10,10
50393,15,1,0.625,1,1,0.625,1,10,10
50410,10,0.28145193632118826,0.25,0.2,0.27611634894908776,0.25,0.2,10,10
50536,27,0,0,0,0.6581810421830973,0.375,1,10,10
50630,6,0.24940176928689298,0.1875,0.25,0.475539986305125,0.1875,1,6,10
50662,2,0.35895421017163465,0.06896551724137931,1,0.7330743040680021,0.20689655172413793,1,2,10
50669,1,0.1982726747057622,0.07142857142857142,1,0.6556574762888142,0.42857142857142855,1,1,10
50817,1,0.22009176629808014,0.0625,1,0.615406227586239,0.375,1,1,10
50894,4,0.5637884576902256,0.2857142857142857,1,1,0.7142857142857143,1,4,10
50950,21,1,0.625,1,0.6698623505528797,0.5,0.5,10,10
51055,9,0.9363792118010483,0.5625,1,0.9363792118010483,0.5625,1,9,10
51120,5,0.6385085174798409,0.4,1,0.48567484305068537,0.4,0.5,5,5
51129,5,0.6489315753318465,0.3125,1,0.6489315753318465,0.3125,1,5,10
51134,53,0.16354138662029633,0.125,0.2,0.227162174819248,0.1875,0.2,10,10
51167,60,0,0,0,0.5795003533950693,0.3125,1,10,10
51171,32,0.7799082337019198,0.6,0.5,0.6316243658611127,0.4,1,10,10
51175,3,0.12876945773620835,0.0625,0.3333333333333333,0.4804509806857551,0.25,1,3,10
51179,31,0.12987501165334073,0.13333333333333333,0.1111111111111111,0.0636207881989517,0.06666666666666667,0.1,10,10
51184,10,0.35106842466815336,0.16129032258064516,0.16666666666666666,0.3301376494471202,0.06451612903225806,1,10,10
51260,38,0.4327725091963492,0.3125,0.3333333333333333,0.16421958630632802,0.125,0.25,10,10
51335,3,0,0,0,0,0,0,3,3
51479,6,0.4690000933206747,0.1875,1,0.5384313152574519,0.25,1,6,10
51480,6,0.47581654827313885,0.3125,0.5,0.569554082887391,0.3125,1,6,6
51482,15,0.43621154230977444,0.375,0.2,0.6851198693323689,0.5,0.5,10,10
51483,54,0,0,0,0.3844985279826931,0.125,1,10,10
51485,10,0.31618577826460453,0.2857142857142857,0.16666666666666666,0.5536451161329059,0.2857142857142857,1,10,10
51678,5,0.20483424751859086,0.125,0.3333333333333333,0.4825387500873842,0.375,0.3333333333333333,5,10
51695,129,0,0,0,0,0,0,10,10
51711,68,0,0,0,0,0,0,10,10
51718,8,0,0,0,0,0,0,8,10
51721,8,0,0,0,0,0,0,8,8
51726,8,0.5012723621835251,0.1875,1,0.3400724822828248,0.1875,0.5,8,10
51729,1,0.2300510610426737,0.0625,1,0.2300510610426737,0.0625,1,1,10
51743,102,0,0,0,0.4099509148465344,0.26666666666666666,0.5,10,10
51746,46,0.19930623359011798,0.1875,0.125,0.914856882358379,0.5625,1,10,10
51766,13,0.26742619438551957,0.0625,1,0.26742619438551957,0.0625,1,10,10
51782,169,0,0,0,0.7765472887251024,0.4375,1,10,10
51835,6,0.5072380780124417,0.3125,0.5,0.6975961695061491,0.4375,1,6,10
51839,9,0.6489315753318465,0.4166666666666667,1,0.70844095012329,0.5,1,9,10
51840,6,0.09970299801576629,0.0625,0.16666666666666666,0.37320226963128134,0.125,1,6,10
51863,9,0.6577735634109573,0.42857142857142855,1,0.661238781975958,0.42857142857142855,1,9,9
51871,12,0.611795237356812,0.3125,1,0.5360735436824436,0.3125,1,10,10
51911,23,0.0636207881989517,0.02857142857142857,0.1,0.41939799988819815,0.11428571428571428,1,10,10
51920,1,0,0,0,0,0,0,1,1
52087,1,0,0,0,0,0,0,1,1
52102,13,0.7799082337019198,0.5625,0.5,0.8611375561264454,0.5625,1,10,10
52139,22,0,0,0,0.3921578479840863,0.25,0.5,10,10
52147,1,0.33905102793220687,0.16666666666666666,1,0.33905102793220687,0.16666666666666666,1,1,3
52160,2,0.35895421017163465,0.125,1,0.35895421017163465,0.125,1,2,4
52167,14,0.24924199037643666,0,0,0.381768408209305,1,0.1,10,10
52175,15,0.16354138662029633,0.125,0.2,0.2240055615151755,0.125,0.5,10,10
52177,17,0.6030005832220916,0.5555555555555556,0.25,0.6200170080541401,0.5555555555555556,0.5,10,10
52230,5,0.28997736516021183,0.11538461538461539,0.3333333333333333,0.07336392209936005,0.038461538461538464,0.14285714285714285,5,10
52232,36,0.0636207881989517,0.08333333333333333,0.1,0,0,0,10,10
52243,150,0,0,0,0.07336392209936005,0.02631578947368421,0.14285714285714285,10,10
52257,40,0.08194584134522671,0.06666666666666667,0.16666666666666666,0.1789618233060585,0.13333333333333333,0.14285714285714285,10,10
52292,33,0.43621154230977444,0.15789473684210525,0.2,0.8091026734983537,0.18421052631578946,1,10,10
52559,1,0.22009176629808014,0.0625,1,0.6371523797895855,0.3125,1,1,10
52573,7,0.6289277421733354,0.45454545454545453,0.5,0.8165971834090969,0.5454545454545454,1,7,10
52623,2,0,0,0,0,0,0,2,2
52735,5,0.34613708563136125,0.10526315789473684,1,0.34268060441006465,0.15789473684210525,0.3333333333333333,5,7
52759,2,0.2575389154724167,0.07692307692307693,1,0.1624889644740723,0.07692307692307693,0.5,2,2
52774,1,0.13338308751554268,0,0,0.13338308751554268,0,0,1,1
52783,4,0.2604979528242145,0.14285714285714285,0.3333333333333333,0.400448803935945,0.14285714285714285,1,4,5
53314,8,0,0,0,0,0,0,8,8
53401,18,0,0,0,0.2134190485129175,0.2,0.3333333333333333,10,10
53402,3,0.14870450602932167,0.1,0.3333333333333333,0.27448142000487064,0.3,0.3333333333333333,3,10
53428,3,0.11004588314904007,0.07142857142857142,0.3333333333333333,0.2240055615151755,0.14285714285714285,0.5,3,8
53453,4,0.3048323220467864,0.2857142857142857,0.5,0.4396029924107639,0.2857142857142857,1,4,4
53462,3,0,0,0,0,0,0,3,10
53464,10,0.15432900606906177,0.09090909090909091,0.1,0.252800281760233,0.09090909090909091,0.5,10,10
53558,3,0,0,0,0,0,0,3,10
53643,78,0,0,0,0.07839826897867533,0.0625,0.16666666666666666,10,10
53651,23,0,0,0,0,0,0,10,10
53655,3,0.3240939777411194,0.25,0.5,0.4298595603099609,0.25,1,3,10
53657,7,0.45374257454118544,0.1875,1,0.24890832702259458,0.125,0.5,7,10
53697,1,0.22009176629808014,0.023809523809523808,1,0.727329844310522,0.14285714285714285,1,1,8
53708,1,0.22009176629808014,0.0625,1,0.22009176629808014,0.0625,1,1,10
53733,1,0.22009176629808014,0.07142857142857142,1,0.35895421017163465,0.14285714285714285,1,1,9
53809,1,0,0,0,0,0,0,1,8
54040,18,1,0.7692307692307693,1,0.5220328596374271,0.46153846153846156,0.5,10,10
54112,54,0,0,0,0.16815228646891084,0.125,0.25,10,10
54181,1,0,0,0,0,0,0,1,1
54194,1,0,0,0,0,0,0,1,1
54278,1,0,0,0,0,0,0,1,3
54611,98,0,0,0,0.39375843764607193,0.1875,1,10,10
54882,6,0,0,0,0.05242205769552898,0.0625,0.125,6,10
54943,22,0.7799082337019198,0.5625,0.5,0.523153411299647,0.3125,1,10,10
54989,41,0.6410457898283652,0.36363636363636365,0.3333333333333333,0.6843830725976617,0.2727272727272727,1,10,10
55018,19,0.7411902110103872,0.3181818181818182,1,0.35969100690634176,0.18181818181818182,0.5,10,10
55023,17,1,0.625,1,0.9363792118010483,0.5625,1,10,10
55024,25,0.7967610662472991,0.4375,1,0.466924741555019,0.3125,0.5,10,10
55143,19,0.0636207881989517,0.02564102564102564,0.1,0.44803002797583846,0.10256410256410256,1,10,10
55276,15,0.07444544187113133,0.06666666666666667,0.1,0.38759745778199706,0.2,0.3333333333333333,10,10
55280,13,0.49691034313488447,0.3333333333333333,0.5,0.5071942126859018,0.3333333333333333,0.2,10,10
55454,28,0.06499922211334154,0.0625,0.1,0.4476004111489959,0.25,1,10,10
55588,5,0.5018040483185394,0.25,0.5,0.5968539993168838,0.25,1,5,5
55608,91,0,0,0,0.06943122193677725,0.0625,0.125,10,10
55635,91,0,0,0,0.06943122193677725,0.0625,0.125,10,10
55696,4,0,0,0,0,0,0,4,4
55700,3,0,0,0,0,0,0,3,10
55734,1,0,0,0,0,0,0,1,1
55953,1,0,0,0,0,0,0,1,1
56040,17,0.35106842466815336,0.3125,0.16666666666666666,0.7542686714597935,0.4375,1,10,10
56134,2,0.2907688915384854,0.13333333333333333,1,0.2907688915384854,0.13333333333333333,1,2,10
56140,1,0.29740901205864334,0.06666666666666667,1,0.3634999036272307,0.13333333333333333,1,1,10
56219,3,0.3301376494471202,0.14285714285714285,1,0.24890832702259458,0.14285714285714285,0.5,3,3
56222,4,0.34369669139214537,0.1875,0.5,0.45374257454118544,0.1875,1,4,4
56223,31,0.20904936749052636,0.2,0.14285714285714285,0.0636207881989517,0.06666666666666667,0.1,10,10
56274,32,0.15513675128719195,0.0625,0.125,0.7631397605568102,0.1875,1,10,10
56281,7,0.7251241182247018,1,0.5,0.6130495754650974,0.8,0.5,7,5
56324,12,0.6500332220485789,0.4375,0.5,0.5766692999492189,0.375,0.5,10,10
56337,239,0,0,0,0,0,0,10,10
56365,73,0,0,0,0.2583297509898471,0.1875,0.25,10,10
56375,32,0.19930623359011798,0.21428571428571427,0.125,0.45374257454118544,0.21428571428571427,1,10,10
56582,2,0.3667314583167897,0.125,1,0.4140218230338122,0.1875,1,2,10
56674,41,0.22212782793993271,0.23076923076923078,0.2,0.16421958630632802,0.15384615384615385,0.25,10,10
56731,3,0.5487973376826973,0.25,1,0.5487973376826973,0.25,1,3,3
56732,1,0.22009176629808014,0.0625,1,0.22009176629808014,0.0625,1,1,1
56802,12,0.4329570418332233,0.3125,0.5,0.5193185983095427,0.3125,1,10,10
56803,4,0.5893002499675077,0.36363636363636365,1,0.6486308491486031,0.45454545454545453,1,4,10
56804,11,1,0.625,1,1,0.625,1,10,10
56810,1,0.2575389154724167,0.1,1,0.420027879946489,0.2,1,1,4
56923,7,0,0,0,0,0,0,7,10
56942,3,0.4690000933206747,0.21428571428571427,1,0.4690000933206747,0.21428571428571427,1,3,3
57006,22,0,0,0,0.07839826897867533,0.06666666666666667,0.16666666666666666,10,10
57068,1,0.22009176629808014,0.0625,1,0.22009176629808014,0.0625,1,1,1
57075,5,0.6489315753318465,0.13513513513513514,1,0.8763732492242692,0.24324324324324326,1,5,10
57104,13,0.3819603371583235,0.25,0.5,0.530263109944618,0.3125,1,10,10
57136,1,0,0,0,0,0,0,1,2
57142,7,0.7723127271960082,0.5384615384615384,1,0.7582013716223763,0.6153846153846154,1,7,10
57148,33,0.5309999066793252,0.4375,0.25,0.1356854453911663,0.125,0.125,10,10
57149,2,0.1388624438735545,0.02564102564102564,0.5,0.21560049214752727,0.07692307692307693,0.25,2,10
57154,4,0,0,0,0.17366530188280968,0.125,0.25,4,10
57197,2,0.45650001423154074,0.14285714285714285,1,0.8849613571928604,0.5714285714285714,1,2,10
57214,22,0.19930623359011798,0.2,0.125,0.6929852696575346,0.4666666666666667,1,10,10
57226,1,0,0,0,0.15274548932528484,0.06666666666666667,0.5,1,4
57289,6,0.09478836436955078,0.043478260869565216,0.25,0.07839826897867533,0.043478260869565216,0.16666666666666666,6,6
57291,75,0,0,0,0.17630010660342912,0.125,0.3333333333333333,10,10
57403,56,0,0,0,0.07336392209936005,0.0625,0.14285714285714285,10,10
57408,8,0,0,0,0,0,0,8,10
57481,7642,0,0,0,0,0,0,10,10
57574,1,0,0,0,0.33543700681409955,0.1875,0.5,1,10
57582,1,0,0,0,0,0,0,1,7
57628,5,0.1467278441987201,0.0625,1,0.11965140339054489,0.125,0.14285714285714285,5,10
57689,1,0.22009176629808014,0.02631578947368421,1,0.4243306218742112,0.07894736842105263,1,1,10
57919,2,0.40652716006074996,0.13333333333333333,1,0.3566118509061724,0.13333333333333333,1,2,10
57927,5,0,0,0,0.1799314820111718,0.125,0.25,5,10
58074,1,0.31388003468578163,0.16666666666666666,1,0.4353054072388516,0.3333333333333333,1,1,10
58396,2,0.18764419468809046,0.0625,0.5,0.29740901205864334,0.0625,1,2,2
58413,3,0.45650001423154074,0.125,1,0.48632121867903577,0.1875,1,3,10
58457,20,1,0.625,1,0.77523873680463,0.4375,1,10,10
58626,46,0,0,0,0.3227266260473091,0.25,0.25,10,10
58678,57,0,0,0,0,0,0,10,10
58687,20,0,0,0,0,0,0,10,10
58691,63,0,0,0,0,0,0,10,10
58693,6,0,0,0,0,0,0,6,10
58695,5,0.28997736516021183,0.1875,0.3333333333333333,0.424926013816671,0.1875,1,5,10
58698,14,0.12987501165334073,0.09090909090909091,0.1111111111111111,0.727329844310522,0.2727272727272727,1,10,10
58702,131,0,0,0,0.28634598975246917,0.09090909090909091,1,10,10
58731,2,0.4361533373077281,0.125,1,0.6466492297915689,0.25,1,2,10
58748,7,0.800693766409882,0.4666666666666667,1,0.800693766409882,0.4666666666666667,1,7,10
58750,19,0.07336392209936005,0.0625,0.14285714285714285,0.41939799988819815,0.25,1,10,10
58781,7,0.727329844310522,0.46153846153846156,1,0.92663607790064,0.6923076923076923,1,7,10
58785,1,0.22009176629808014,0.034482758620689655,1,0.35895421017163465,0.06896551724137931,1,1,2
58935,4,0.11091597368561495,0.1,0.25,0.12876945773620835,0.1,0.3333333333333333,4,10
58968,40,0.27267015568947806,0.25,0.14285714285714285,0.4420219760475999,0.3125,0.5,10,10
58973,112,0.0636207881989517,0.024390243902439025,0.1,0.14201905717762703,0.04878048780487805,0.16666666666666666,10,10
58977,5,0.11243018208286118,0.07142857142857142,0.3333333333333333,0.43934113237655087,0.35714285714285715,0.3333333333333333,5,10
59102,29,0.6894512701078088,0.5,0.5,0.2909322118241521,0.21428571428571427,0.2,10,10
59110,17,0.23047380976071705,0.1875,0.25,0.4530643748551538,0.25,1,10,10
59208,2,0.1879311110491123,0.06666666666666667,0.5,0.7531618044001636,0.4666666666666667,1,2,10
59227,12,0.945122729942778,0.7692307692307693,1,0.9476770833835723,0.7692307692307693,1,10,10
59511,69,0.6410457898283652,0.5,0.3333333333333333,0.3683756341388872,0.25,0.3333333333333333,10,10
59513,4,0,0,0,0,0,0,4,10
59518,26,0.19930623359011798,0.21428571428571427,0.125,0.6274092458891771,0.35714285714285715,1,10,10
59519,55,0,0,0,0.2771420908599996,0.25,0.2,10,10
59520,13,1,0.7692307692307693,1,0.8899541168509598,0.6923076923076923,1,10,10
59773,2,0,0,0,0,0,0,2,10
59947,38,0,0,0,0.07839826897867533,0.0625,0.16666666666666666,10,10
59963,31,0,0,0,0,0,0,10,10
60200,57,0,0,0,0.2644918786253648,0.08333333333333333,0.5,10,10
60512,4,0,0,0,0,0,0,4,10
60581,24,0.5072380780124417,0.3125,0.5,0.8133148727341112,0.5,1,10,10
60661,32,0.19930623359011798,0.1875,0.125,0.46081298306235335,0.3125,0.5,10,10
60684,14,0.5309999066793252,0.6363636363636364,0.25,0.5040610795300535,0.5454545454545454,0.3333333333333333,10,10
60809,10,0.3650131032855019,0.25,1,0.19508253909381212,0.25,0.2,10,10
60810,6,0.28256209831687623,0.14285714285714285,0.3333333333333333,0.6176977382247575,0.2857142857142857,1,6,8
61113,1,0.22009176629808014,0.0625,1,0.22009176629808014,0.0625,1,1,10
61221,5,0.5211204970478976,0.3076923076923077,1,0.601217374859455,0.38461538461538464,1,5,10
61223,31,0.27267015568947806,0.25,0.14285714285714285,0.37878333867593533,0.25,0.5,10,10
61227,12,0.8982550386867663,0.625,1,0.9768562593544076,0.625,1,10,10
61236,10,0,0,0,0.12987501165334073,0.2,0.1111111111111111,10,10
61237,287,0,0,0,0.31488013066763093,0.13333333333333333,1,10,10
61240,22,0,0,0,0,0,0,10,10
61251,1,0.279901702223461,0.0625,1,0.279901702223461,0.0625,1,1,10
61265,109,0,0,0,0,0,0,10,10
61271,6,0.26889882644308566,0.125,1,0.3233688044978225,0.125,1,6,6
61279,6,0.4494154031433234,0.25,0.5,0.63987206321287,0.3125,1,6,10
61281,9,0.424926013816671,0.1875,1,0.2735872697693364,0.1875,0.3333333333333333,9,10
61282,1,0.22009176629808014,0.0625,1,0.22009176629808014,0.0625,1,1,10
61309,7,0.42702243290923725,0.2,1,0.2476254271310945,0.2,0.2,7,10
61329,9,0.07336392209936005,0.0625,0.3333333333333333,0,0,0,9,10
61332,49,0,0,0,0.579782773204422,0.17857142857142858,1,10,10
61333,2,0.45650001423154074,0.125,1,0.7688211542947764,0.375,1,2,8
61335,1,0.22009176629808014,0.0625,1,0.6203974344166847,0.3125,1,1,10
61351,31,0,0,0,0.5399873388995389,0.3157894736842105,0.5,10,10
61352,17,0.43621154230977444,0.375,0.2,0.826333328652008,0.5,1,10,10
61378,53,0,0,0,0.2895229882348574,0.10526315789473684,1,10,10
61385,40,0,0,0,0,0,0,10,10
61387,63,0,0,0,0.2024832320725062,0.1,0.5,10,10
61397,7,0.81804192373243,0.4375,1,0.81804192373243,0.4375,1,7,10
61398,10,1,0.625,1,1,0.625,1,10,10
61490,8,0.7790889382842405,0.6,1,0.7702932475948268,0.7,1,8,10
61497,57,0,0,0,0.29922683201146255,0.25,0.2,10,10
61502,4,0.23871318183709045,0.13333333333333333,0.5,0.3667314583167897,0.13333333333333333,1,4,10
61513,18,0.5309999066793252,0.4375,0.25,0.7670273914429263,0.4375,1,10,10
61514,2,0.39484136206016496,0.125,1,0.5567789168399488,0.3125,1,2,10
61516,15,1,0.625,1,1,0.625,1,10,10
61776,1,0.24926098697416302,0.0625,1,0.24926098697416302,0.0625,1,1,1
61827,13,0.6968404678259544,0.375,1,0.7097402150304354,0.4375,1,10,10
61850,113,0,0,0,0.06499922211334154,0.07692307692307693,0.1,10,10
61853,2,0.279901702223461,0.06666666666666667,1,0.17659831200807974,0.06666666666666667,0.5,2,2
61857,1,0,0,0,0,0,0,1,1
61869,11,0.08935612182092248,0.09090909090909091,0.1111111111111111,0.10516644181076237,0.09090909090909091,0.1111111111111111,10,10
61893,199,0,0,0,0.11004588314904007,0.0625,0.3333333333333333,10,10
61910,9,0.9566671852577723,0.5625,1,0.9566671852577723,0.5625,1,9,9
62162,3,0.11243018208286118,0.0625,0.3333333333333333,0.11243018208286118,0.0625,0.3333333333333333,3,3
62180,6,0.16354138662029633,0.15384615384615385,0.2,0.26180807422707547,0.23076923076923078,0.3333333333333333,6,10
62181,6,0.550446117218316,0.4444444444444444,0.5,0.6310895684150645,0.4444444444444444,1,6,6
62193,4,0.24890832702259458,0.125,0.5,0.24890832702259458,0.125,0.5,4,4
62457,5,0.056762078427747324,0.0625,0.2,0.06319224291303384,0.0625,0.25,5,10
62489,3,0,0,0,0,0,0,3,10
62689,14,0.6595253670752207,0.5384615384615384,0.5,0.7018748147052698,0.5384615384615384,0.5,10,10
62736,3,0.4690000933206747,0.1875,1,0.843992232020434,0.5,1,3,10
62997,10,0.25050863349628444,0.1875,0.16666666666666666,0.3829956348615609,0.1875,0.5,10,10
63003,6,0.8000460734455755,0.375,1,0.8000460734455755,0.375,1,6,6
63237,6,0.7430884690105225,0.375,1,0.7430884690105225,0.375,1,6,6
63243,23,0.19930623359011798,0.1875,0.125,0.5676818677290052,0.4375,0.3333333333333333,10,10
63288,43,0,0,0,0.24309789328476902,0.1875,0.3333333333333333,10,10
63290,5,0.1624889644740723,0.0625,0.5,0.43342746460063764,0.3125,0.3333333333333333,5,10
63291,1,0.24926098697416302,0.0625,1,0.481242344393254,0.1875,1,1,10
63293,4,0.2677182916753111,0.2222222222222222,0.3333333333333333,0.4691530303207165,0.2222222222222222,1,4,10
63298,1,0.279901702223461,0.0625,1,0.279901702223461,0.0625,1,1,1
63306,32,0,0,0,0.15139734109601002,0.125,0.2,10,10
63324,61,0,0,0,0.11004588314904007,0.0625,0.3333333333333333,10,10
63326,123,0,0,0,0,0,0,10,10
63449,35,0.27267015568947806,0.25,0.14285714285714285,0.06943122193677725,0.0625,0.125,10,10
63563,1,0.27487633291429087,0.14285714285714285,1,0.4292486164007478,0.42857142857142855,0.5,1,10
63804,14,0.9305687780632227,0.5625,1,0.8553475075669357,0.5,1,10,10
64053,3,0.4361533373077281,0.125,1,0.7023422388252596,0.3125,1,3,10
64144,2,0,0,0,0,0,0,2,10
64311,5,0.20483424751859086,0.125,0.3333333333333333,0.2336508082431053,0.125,0.5,5,5
64401,14,0.2874476364692017,0.25,0.16666666666666666,0.2240055615151755,0.125,0.5,10,10
64405,33,0,0,0,0.07205258390751174,0.0625,0.1,10,10
64778,27,1,0.25,1,1,0.25,1,10,10
64811,129,0,0,0,0.1388624438735545,0.06666666666666667,0.5,10,10
64814,19,0.5806020001118017,0.375,0.5,0.6403089930936581,0.375,1,10,10
64815,11,0.12987501165334073,0.125,0.1111111111111111,0.206415932235089,0.1875,0.14285714285714285,10,10
65031,222,0,0,0,0,0,0,10,10
65034,3,0.7227265726449517,0.6,1,0.8435378753444458,0.8,1,3,10
65134,6,0.42883980903376634,0.25,0.5,0.5224955967919309,0.25,1,6,6
65158,271,0,0,0,0,0,0,10,10
65190,109,0,0,0,0.22009176629808014,0.043478260869565216,1,10,10
65196,1,0,0,0,0,0,0,1,10
65197,22,0,0,0,0.12401689426445893,0.125,0.3333333333333333,10,10
65198,2,0.4225051418507037,0.2,1,0.47981879812810785,0.3,1,2,10
65202,1,0.22009176629808014,0.09090909090909091,1,0.611795237356812,0.45454545454545453,1,1,10
65205,6,0,0,0,0.06943122193677725,0.0625,0.125,6,10
65790,1,0.279901702223461,0.07142857142857142,1,0.279901702223461,0.07142857142857142,1,1,10
65843,29,0.21703998647928882,0.16666666666666666,0.5,0.5249609063224338,0.4166666666666667,1,10,10
65894,2,0,0,0,0,0,0,2,2
65900,2,0.3667314583167897,0.14285714285714285,1,0.7362800346898314,0.5714285714285714,1,2,10
65936,4,0.688321032719925,0.5714285714285714,1,0.6373655601881327,0.5714285714285714,1,4,4
65941,1,0.2575389154724167,0.0625,1,0.2575389154724167,0.0625,1,1,1
65981,1,0,0,0,0,0,0,1,10
65988,5,0,0,0,0,0,0,5,5
65998,4,0.5637884576902256,0.25,1,0.5637884576902256,0.25,1,4,10
66023,11,1,0.2702702702702703,1,1,0.2702702702702703,1,10,10
66521,5,0.420027879946489,0.14285714285714285,1,0.420027879946489,0.14285714285714285,1,5,10
66525,4,0.40217439589589565,0.21428571428571427,0.5,0.530943853632104,0.21428571428571427,1,4,10
66605,13,0.05451379554009877,0,0,0.023143740645592423,0,0,10,10
66644,3,0.21682454887297484,0.125,0.5,0.536535391555884,0.375,1,3,10
66657,1,0.2958603580505538,0.1111111111111111,1,0.2958603580505538,0.1111111111111111,1,1,1
66782,20,0,0,0,0.4085842451295395,0.3076923076923077,0.3333333333333333,10,10
67013,16,1,0.625,1,1,0.625,1,10,10
67131,151,0,0,0,0,0,0,10,10
67153,260,0,0,0,0.07336392209936005,0.0625,0.14285714285714285,10,10
67210,12,0.12987501165334073,0.125,0.1111111111111111,0.13698471029831175,0.125,0.14285714285714285,10,10
67406,1,0.22009176629808014,0.0625,1,0.92663607790064,0.5625,1,1,10
67534,3,0.1388624438735545,0.0625,0.5,0.17366667134799177,0.125,0.3333333333333333,3,10
67550,12,0.09257496258236969,0.0625,0.5,0.046287481291184845,0.0625,0.125,10,10
67763,211,0,0,0,0,0,0,10,10
67810,28,0,0,0,0,0,0,10,10
68002,42,0,0,0,0,0,0,10,10
68069,9,0.2583297509898471,0.1875,0.25,0.4721567066247473,0.25,1,9,10
68120,1,0.22486036416572236,0.0625,1,0.22486036416572236,0.0625,1,1,1
68193,7,0.07495345472190745,0.06666666666666667,0.14285714285714285,0.18738363680476863,0.13333333333333333,0.3333333333333333,7,10
68506,70,0,0,0,0.4422195942380129,0.25,1,10,10
68507,4,0.5637884576902256,0.25,1,0.933745776545611,0.5625,1,4,10
68648,4,0.11004588314904007,0.045454545454545456,0.3333333333333333,0.4000232483092519,0.13636363636363635,1,4,10
68653,60,0,0,0,0.11004588314904007,0.0625,0.3333333333333333,10,10
68658,1,0,0,0,0,0,0,1,1
68670,113,0,0,0,0,0,0,10,10
68733,5,0,0,0,0,0,0,5,5
68773,9,0.24890832702259458,0.14285714285714285,0.5,0.22009176629808014,0.07142857142857142,1,9,10
68893,2,0.16872714292220853,0.07142857142857142,0.5,0.6538090820890275,0.42857142857142855,1,2,10
68908,134,0,0,0,0,0,0,10,10
68995,5,0.3825523277425815,0.13333333333333333,0.5,0.827554099444758,0.3,1,5,10
69038,14,0.6635714424526665,0.4375,1,0.306288493471633,0.3125,0.3333333333333333,10,10
69060,12,0.4230994411355037,0.42857142857142855,0.2,0.48781909130763673,0.2857142857142857,1,10,10
69174,4,0.5637884576902256,0.26666666666666666,1,0.5637884576902256,0.26666666666666666,1,4,10
69187,96,0,0,0,0.15457433957839825,0.125,0.2,10,10
69197,1,0,0,0,0.07336392209936005,0.07692307692307693,0.14285714285714285,1,10
69199,15,0.7276427210494696,0.5714285714285714,0.5,0.7821638463490821,0.5,1,10,10
69220,2,0,0,0,0,0,0,2,2
69238,13,0.7799082337019198,0.5625,0.5,0.9216017310213247,0.5625,1,10,10
69252,1,0.22009176629808014,0.07692307692307693,1,0.22009176629808014,0.07692307692307693,1,1,1
69256,2,0.22009176629808014,0.0625,1,0.22009176629808014,0.0625,1,2,2
69264,3,0,0,0,0,0,0,3,3
69468,20,0.11004588314904007,0.0625,0.3333333333333333,0.09478836436955078,0.0625,0.25,10,10
69773,22,0.7799082337019198,0.5625,0.5,0.5302442049991306,0.375,0.5,10,10
69835,1,0.32884106439783134,0.2,1,0.6358141260787616,0.2,1,1,10
69836,172,0,0,0,0.1388624438735545,0.0625,0.5,10,10
70246,33,0,0,0,0.2583297509898471,0.1875,0.25,10,10
70265,3,0.515889298427605,0.0967741935483871,1,0.6292414401942897,0.16129032258064516,1,3,10
70358,1,0,0,0,0.27520868097225953,0.21428571428571427,0.3333333333333333,1,10
70475,10,0.92663607790064,0.5625,1,0.9305687780632227,0.5625,1,10,10
70581,3,0,0,0,0,0,0,3,3
70905,150,0,0,0,0.19305797271250802,0.05263157894736842,0.5,10,10
70975,8,0.46922975416510015,0.8,0.3333333333333333,0.5031800947891368,0.8,0.5,8,10
70987,111,0,0,0,0,0,0,10,10
71028,2,0.18764419468809046,0.0625,0.5,0.29740901205864334,0.0625,1,2,2
71030,2,0.1388624438735545,0.0625,0.5,0.22009176629808014,0.0625,1,2,10
71051,2,0.5129861293403476,0.25,1,0.5129861293403476,0.25,1,2,10
71204,2,0,0,0,0,0,0,2,2
71297,10,0.0636207881989517,0.06666666666666667,0.1,0.06943122193677725,0.06666666666666667,0.125,10,10
71299,11,0.6332685416832102,0.5,0.3333333333333333,0.8490784463031535,0.5,1,10,10
71318,2,0.40652716006074996,0.13333333333333333,1,0.40652716006074996,0.13333333333333333,1,2,6
71325,10,0.8554764232313372,0.625,1,0.8768555980218291,0.625,1,10,10
71377,6,0.6421867266689009,0.19230769230769232,1,0.6037457407573941,0.23076923076923078,0.5,6,10
71381,22,0.5966951197831223,0.5,0.3333333333333333,0.8153851262445498,0.5,1,10,10
71400,6,0.5506181083910835,0.35714285714285715,0.5,0.7088500908446072,0.42857142857142855,1,6,10
71741,4,0.4964326674733105,0.25,1,0.6681876226645777,0.375,1,4,10
71743,5,0.2090792679281757,0.14285714285714285,0.3333333333333333,0.2666214314551734,0.14285714285714285,0.5,5,5
71813,2,0.35895421017163465,0.13333333333333333,1,0.35895421017163465,0.13333333333333333,1,2,8
71906,3,0.18764419468809046,0.06666666666666667,0.5,0.14870450602932167,0.06666666666666667,0.3333333333333333,3,10
72406,17,0.3385787102694085,0.14705882352941177,0.25,0.5759764879163157,0.23529411764705882,0.5,10,10
72418,4,0.4837465485362044,0.1875,1,0.5002172878101808,0.1875,1,4,4
72444,38,0,0,0,0.2103486323976718,0.13333333333333333,1,10,10
72445,61,0,0,0,0.20511666732794356,0.14285714285714285,0.5,10,10
72446,8,0.4011248950259844,0.3125,0.25,0.5884674004369673,0.3125,1,8,8
72580,4,0.5637884576902256,0.11428571428571428,1,0.6100759389814103,0.14285714285714285,1,4,10
72631,1,0.2357541930550393,0.06666666666666667,1,0.4702702224719015,0.3333333333333333,1,1,10
72733,12,1,0.8333333333333334,1,0.8611375561264454,0.75,1,10,10
72853,3,0.39563617122131467,0.1875,1,0.5908648984984007,0.3125,1,3,8
72854,3,0.490222650816517,0.1875,1,0.490222650816517,0.1875,1,3,3
72856,204,0.08939796409998145,0.043478260869565216,0.1111111111111111,0,0,0,10,10
72867,1,0,0,0,0.08514311764162098,0.06666666666666667,0.2,1,10
72889,44,0,0,0,0.4482145606127126,0.22727272727272727,0.5,10,10
72890,2,0,0,0,0.3062386434839551,0.26666666666666666,0.25,2,10
72894,4,0.6201543156208374,0.2857142857142857,1,0.6201543156208374,0.2857142857142857,1,4,4
72985,41,0.27267015568947806,0.3076923076923077,0.14285714285714285,0.30240383049385083,0.23076923076923078,0.5,10,10
73003,11,0.49463434952467333,0.2857142857142857,1,0.24161222524237388,0.21428571428571427,0.3333333333333333,10,10
73027,38,0.14465249243306438,0.08695652173913043,0.16666666666666666,0.7136540102475307,0.34782608695652173,0.5,10,10
73028,16,0.35106842466815336,0.3125,0.16666666666666666,0.716287445502968,0.5,0.5,10,10
73031,7,0.800693766409882,0.5,1,0.800693766409882,0.5,1,7,7
73074,19,0,0,0,0,0,0,10,10
73082,1,0,0,0,0,0,0,1,10
73098,9,0.1356854453911663,0.06896551724137931,0.125,0.19518900079066107,0.06896551724137931,0.3333333333333333,9,10
73104,91,0,0,0,0,0,0,10,10
73107,490,0,0,0,0,0,0,10,10
73108,2,0.4361533373077281,0.13333333333333333,1,0.7648028719396593,0.4666666666666667,1,2,10
73200,5,0.1799314820111718,0.125,0.25,0.2336508082431053,0.125,0.5,5,5
73267,27,0.3144451706510987,0.3125,0.16666666666666666,0.12835137326294574,0.125,0.3333333333333333,10,10
73367,8,0.6500332220485789,0.4375,0.5,0.7753366239771085,0.4375,1,8,10
73471,38,0.0699814014043856,0.07142857142857142,0.1,0.0728781195196487,0.07142857142857142,0.1111111111111111,10,10
73484,14,0.6969387913610549,0.5625,0.5,0.9716189607861262,0.625,1,10,10
73488,9,0.9566671852577723,0.5625,1,0.9566671852577723,0.5625,1,9,10
73523,5,0.16233525201675195,0.125,0.25,0.26265588208501417,0.1875,0.3333333333333333,5,10
73531,12,0.7318068210920499,0.6153846153846154,0.5,0.8889774708079637,0.6153846153846154,1,10,10
73532,158,0,0,0,0,0,0,10,10
73536,3,0.21222636597291455,0.125,0.5,0.44980987437860265,0.3125,0.5,3,10
73558,19,0.4011248950259844,0.3125,0.25,0.4789015552876929,0.25,1,10,10
73560,71,0,0,0,0,0,0,10,10
73563,27,0.43621154230977444,0.24,0.2,0.30308203017988256,0.12,0.5,10,10
73564,4,0.20483424751859086,0.125,0.3333333333333333,0.4323181322709947,0.1875,1,4,10
73567,316,0,0,0,0.1396181455537491,0.05555555555555555,0.14285714285714285,10,10
73586,96,0,0,0,0.06943122193677725,0.06666666666666667,0.125,10,10
73587,15,0,0,0,0,0,0,10,10
73604,9,0.15176219107803537,0.16666666666666666,0.16666666666666666,0.21222636597291455,0.16666666666666666,0.5,9,10
73628,2,0,0,0,0,0,0,2,10
73631,6,0.39724368757724937,0.2857142857142857,0.5,0.5175009763990407,0.2857142857142857,1,6,10
73645,1246,0,0,0,0,0,0,10,10
73649,30,0,0,0,0,0,0,10,10
73650,8,0,0,0,0,0,0,8,10
73653,630,0,0,0,0,0,0,10,10
73654,45,0,0,0,0,0,0,10,10
73669,2,0,0,0,0.4001599727580859,0.1875,1,2,10
73680,59,0,0,0,0.3621108234757072,0.2,1,10,10
73690,6,0.6306707225904512,0.42857142857142855,1,0.8030381290312976,0.6428571428571429,1,6,10
73691,1,0,0,0,0,0,0,1,10
73700,12,0.12987501165334073,0.14285714285714285,0.1111111111111111,0.206415932235089,0.21428571428571427,0.14285714285714285,10,10
73702,46,0,0,0,0.09684208768602304,0.06666666666666667,0.25,10,10
73737,4,0.6597133113683123,0.26666666666666666,1,0.6597133113683123,0.26666666666666666,1,4,4
73739,135,0,0,0,0.05379908282997335,0.0625,0.14285714285714285,10,10
73742,18,0.27267015568947806,0.2222222222222222,0.14285714285714285,0.9216017310213247,0.5,1,10,10
73746,25,0.17350563625627743,0.13333333333333333,0.14285714285714285,0.4361533373077281,0.13333333333333333,1,10,10
73750,1,0,0,0,0.05942804319678212,0.0625,0.14285714285714285,1,10
73773,3,0.4690000933206747,0.1875,1,1,0.625,1,3,10
73799,22,0.1396181455537491,0.13333333333333333,0.14285714285714285,0.3667028183788342,0.26666666666666666,0.5,10,10
73803,1,0.7039180890341347,0.5,1,0.7039180890341347,0.5,1,1,1
73826,54,0,0,0,0.933745776545611,0.6,1,10,10
73832,37,0,0,0,0.17171904689021833,0.5,0.14285714285714285,10,10
73862,294,0,0,0,0.2583297509898471,0.04477611940298507,0.25,10,10
73864,21,0,0,0,0,0,0,10,10
73887,9,0,0,0,0,0,0,9,10
73891,5,0,0,0,0,0,0,5,10
73892,80,0,0,0,0,0,0,10,10
73910,1,0,0,0,0,0,0,1,10
73911,41,0,0,0,0.17947710508581732,0.15384615384615385,0.3333333333333333,10,10
73912,1,0.24095440361649045,0.125,1,0.27554554135054954,0.125,1,1,10
73916,4,0.22009176629808014,0.1,1,0.5900490851534655,0.6,1,4,10
73929,16,0.9363792118010483,0.5625,1,0.9052116356304492,0.5625,1,10,10
73994,19,0.19930623359011798,0.1875,0.125,0.7183424120903081,0.4375,1,10,10
74006,39,0,0,0,0.4954588824701808,0.3125,0.5,10,10
74113,2,0,0,0,0.1624889644740723,0.0625,0.5,2,10
74140,18,0.9363792118010483,0.5625,1,0.43621154230977444,0.375,0.2,10,10
74144,2,0.4361533373077281,0.125,1,0.628057184829282,0.3125,1,2,10
74188,3,0.4690000933206747,0.2,1,0.4690000933206747,0.2,1,3,3
74190,3,0.5311576535478315,0.21428571428571427,1,0.5311576535478315,0.21428571428571427,1,3,3
74322,27,1,0.2857142857142857,1,0.9179380981781462,0.2857142857142857,1,10,10
74500,2,0.35895421017163465,0.125,1,0.51071640124967,0.25,1,2,8
74501,5,0.5541432109622957,0.25,1,0.5541432109622957,0.25,1,5,10
74537,21,0.6410457898283652,0.5,0.3333333333333333,0.8318477135310891,0.5,1,10,10
74570,11,0.44173955623824723,0.3125,0.3333333333333333,0.5298982599625927,0.3125,1,10,10
74584,1,0.29740901205864334,0.0625,1,0.29740901205864334,0.0625,1,1,10
74657,18,0.30865456586885226,0.13793103448275862,0.16666666666666666,0.6627919420317118,0.20689655172413793,1,10,10
74753,1,0,0,0,0,0,0,1,1
74848,3,0.4690000933206747,0.13043478260869565,1,0.4690000933206747,0.13043478260869565,1,3,3
74917,2,0.45650001423154074,0.13333333333333333,1,0.45650001423154074,0.13333333333333333,1,2,2
74966,2,0.1388624438735545,0.0625,0.5,0.45374257454118544,0.1875,1,2,10
74975,8,0.07336392209936005,0.07142857142857142,0.14285714285714285,0.22009176629808014,0.07142857142857142,1,8,8
75029,1,0.22009176629808014,0.02702702702702703,1,0.6934781102068425,0.1891891891891892,1,1,10
75077,21,0.430233510948509,0.18518518518518517,0.2,0.6160447007858458,0.2222222222222222,0.3333333333333333,10,10
75086,12,1,0.2777777777777778,1,1,0.2777777777777778,1,10,10
75205,13,0,0,0,0.11004588314904007,0.0625,0.3333333333333333,10,10
75303,1,0.22009176629808014,0.0625,1,0.9363792118010483,0.5625,1,1,10
75370,18,0.9305687780632227,0.5625,1,0.8611375561264454,0.5625,1,10,10
75372,22,0.06649967000454629,0.0625,0.1,0.28596727063820676,0.1875,0.3333333333333333,10,10
75401,1,0.22009176629808014,0.02631578947368421,1,0.5810820381115674,0.13157894736842105,1,1,10
75405,1,0.22009176629808014,0.0625,1,0.22009176629808014,0.0625,1,1,10
75409,3,0.4690000933206747,0.1875,1,0.4690000933206747,0.1875,1,3,10
75412,67,0.19930623359011798,0.125,0.125,0.23297260855707358,0.125,0.2,10,10
75439,40,0,0,0,0.2928895294526188,0.25,0.3333333333333333,10,10
75484,2,0.35895421017163465,0.125,1,0.5231737964779627,0.25,1,2,10
75532,12,1,0.45454545454545453,1,1,0.45454545454545453,1,10,10
75567,8,0.8701249883466592,0.6153846153846154,1,0.8701249883466592,0.6153846153846154,1,8,8
75724,2,0.4819024231716327,0.2857142857142857,1,0.616560651279837,0.42857142857142855,1,2,10
75774,32,0.04665426760292374,0.0625,0.1,0.3631438091023202,0.125,1,10,4
75822,2,0.40652716006074996,0.125,1,0.6385085174798409,0.25,1,2,10
75824,1,0.22009176629808014,0.0625,1,0.35895421017163465,0.125,1,1,10
75825,35,0,0,0,0,0,0,10,10
75888,1,0,0,0,0,0,0,1,10
76006,1,0.22009176629808014,0.041666666666666664,1,0.22009176629808014,0.041666666666666664,1,1,1
76059,24,0,0,0,0.20162682674331223,0.125,0.5,10,10
76071,4,0.22009176629808014,0.0625,1,0.1388624438735545,0.0625,0.5,4,7
76224,2,0.1388624438735545,0.0625,0.5,0.5658245193320781,0.375,0.5,2,10
76272,3,0.2864090071586398,0.25,0.5,0.2864090071586398,0.25,0.5,3,3
76273,9,0.6500332220485789,0.4666666666666667,0.5,0.6062415623539279,0.4666666666666667,0.5,9,9
76277,7,0,0,0,0,0,0,7,10
76278,2,0,0,0,0,0,0,2,4
76282,5,0.6489315753318465,0.3125,1,1,0.625,1,5,10
76398,9,0.716287445502968,0.5,0.5,0.826333328652008,0.5,1,9,10
76447,57,0,0,0,0.1860253413966884,0.125,0.3333333333333333,10,10
76451,30,0,0,0,0.36352581989644606,0.25,0.5,10,10
76460,92,0,0,0,0.06625422345438903,0.07692307692307693,0.1111111111111111,10,10
76660,1,0.29740901205864334,0.0625,1,0.5216414792035848,0.1875,1,1,10
76921,3,0.5023756245102127,0.1875,1,0.5023756245102127,0.1875,1,3,3
76965,8,0.8701249883466592,0.5,1,1,0.625,1,8,10
77000,3,0.4791616403996509,0.2,1,0.7602509257305925,0.4666666666666667,1,3,10
77380,181,0,0,0,0.22009176629808014,0.0625,1,10,10
77386,23,0.5384313152574519,0.15384615384615385,1,0.5067837010870873,0.15384615384615385,1,10,10
77418,18,0,0,0,0.793584067764911,0.4375,1,10,10
77419,9,0.6116964649298655,0.5333333333333333,0.5,0.8446322487426488,0.5333333333333333,1,9,10
77421,5,0.3448782512051085,0.1111111111111111,0.25,0.39941009089331597,0.2222222222222222,0.2,5,10
77426,1,0.22009176629808014,0.07142857142857142,1,0.22009176629808014,0.07142857142857142,1,1,10
77463,20,0.08514311764162098,0.0625,0.2,0.07336392209936005,0.0625,0.14285714285714285,10,10
77581,6,0.530190929041704,0.3333333333333333,0.5,0.8104211075738648,0.4666666666666667,1,6,10
77864,2,0.7244131064628505,0.5,1,1,1,1,2,7
78486,1,0,0,0,0,0,0,1,1
78574,7,0.8738100898801321,1,1,0.781651097425878,1,0.5,7,7
78814,8,0.6794476456821817,0.4375,0.5,0.832815019710631,0.4375,1,8,8
78848,13,0.9526603142741242,0.625,1,0.941233297798857,0.625,1,10,10
78851,1,0.09330056740782033,0,0,0.09330056740782033,0,0,1,1
78904,1,0,0,0,0,0,0,1,1
78909,1,0,0,0,0,0,0,1,1
78920,2,0,0,0,0,0,0,2,10
78924,15,0,0,0,0,0,0,10,10
78926,2,0.1388624438735545,0.06666666666666667,0.5,0.22009176629808014,0.06666666666666667,1,2,10
79309,6,0.727329844310522,0.375,1,0.793584067764911,0.4375,1,6,10
79352,25,0.5309999066793252,0.4375,0.25,0.8318477135310891,0.5,1,10,10
79424,2,0.39484136206016496,0.125,1,0.39484136206016496,0.125,1,2,6
79537,1,0,0,0,0,0,0,1,4
79691,6,0.8696762340896294,0.8333333333333334,1,0.8696762340896294,0.8333333333333334,1,6,6
79855,10,0.8701249883466592,0.5,1,0.9216017310213247,0.5625,1,10,10
80041,101,0,0,0,0.51071640124967,0.14814814814814814,1,10,10
80048,16,1,0.625,1,1,0.625,1,10,10
80052,1,0.22009176629808014,0.0625,1,0.22009176629808014,0.0625,1,1,10
80445,1,0.29740901205864334,0.0625,1,0.5078965349529868,0.1875,1,1,10
80449,5,0.24890832702259458,0.13333333333333333,0.5,0.35895421017163465,0.13333333333333333,1,5,10
80485,1,0.29740901205864334,0.0625,1,0.29740901205864334,0.0625,1,1,1
80948,5,0,0,0,0,0,0,5,10
80954,20,0.2336508082431053,0.125,0.5,0.09478836436955078,0.0625,0.25,10,10
81331,26,0,0,0,0.0636207881989517,0.05555555555555555,0.1,10,10
81334,103,0,0,0,0,0,0,10,10
81335,9,0.6608712740165161,0.4666666666666667,0.5,0.5899357269409825,0.4666666666666667,0.3333333333333333,9,10
81365,10,1,0.8333333333333334,1,1,0.8333333333333334,1,10,10
81604,1,0,0,0,0,0,0,1,10
81730,3,0.4690000933206747,0.1875,1,0.9216017310213247,0.5625,1,3,10
81741,1,0,0,0,0,0,0,1,10
81743,22,0,0,0,0.31298349214690074,0.25,0.25,10,10
81744,46,0,0,0,0.11004588314904007,0.0625,0.3333333333333333,10,10
81746,279,0,0,0,0.14465249243306438,0.037037037037037035,0.16666666666666666,10,10
81776,5,0.6489315753318465,0.3125,1,0.6489315753318465,0.3125,1,5,10
81796,1,0,0,0,0,0,0,1,10
81837,4,0.5887600430216148,0.4444444444444444,1,0.5887600430216148,0.4444444444444444,1,4,4
81842,2,0.420027879946489,0.14285714285714285,1,0.420027879946489,0.14285714285714285,1,2,9
81852,1,0.29839983777453066,0.2,1,0.3882271396459303,0.4,1,1,10
81875,10,0.3422005896226498,0.3,0.25,0.5666209497825362,0.3,1,10,10
81923,16,0.5708588662113934,0.375,0.5,0.3882251478215035,0.25,0.5,10,10
81924,73,0,0,0,0.2984900352767555,0.125,1,10,10
81960,166,0,0,0,0.1388624438735545,0.05555555555555555,0.5,10,10
82324,2,0.35895421017163465,0.09523809523809523,1,0.35895421017163465,0.09523809523809523,1,2,2
82649,21,0.5774250016294136,0.4375,0.3333333333333333,0.5328776402545679,0.375,0.5,10,10
82988,1,0,0,0,0,0,0,1,10
82992,2,0.35895421017163465,0.13333333333333333,1,1,0.6666666666666666,1,2,10
83355,4,0,0,0,0,0,0,4,7
83422,38,0,0,0,0,0,0,10,10
83445,10,0.5774250016294136,0.4375,0.3333333333333333,0.7569021067152308,0.4375,1,10,10
83599,5,0.36471135819960177,0.3,0.5,0.5989704028495795,0.5,1,5,10
84151,22,0,0,0,0,0,0,10,10
84228,4,0,0,0,0,0,0,4,10
84243,7,0.7486882144840218,0.4,1,0.3726703171229509,0.26666666666666666,0.5,7,10
84252,10,0,0,0,0,0,0,10,10
84255,57,0,0,0,0,0,0,10,10
84256,3,0,0,0,0.1356854453911663,0.14285714285714285,0.125,3,10
84257,95,0,0,0,0.07336392209936005,0.0625,0.14285714285714285,10,10
84288,6,0,0,0,0,0,0,6,6
84392,15,0.27267015568947806,0.25,0.14285714285714285,0.3301376494471202,0.125,1,10,10
84431,4,0.5637884576902256,0.25,1,0.914856882358379,0.5625,1,4,10
84480,38,0,0,0,0,0,0,10,10
84484,15,0.5309999066793252,0.4375,0.25,0.4735717030454861,0.3125,0.5,10,10
84485,13,0.7968060432053914,0.6,0.5,0.7318068210920499,0.5333333333333333,0.5,10,10
84725,41,1,0.2564102564102564,1,1,0.2564102564102564,1,10,10
84766,1,0.279901702223461,0.0625,1,0.6966339814581947,0.375,1,1,9
84768,71,0.10779027050187771,0.125,0.1111111111111111,0.6347548817281522,0.375,1,10,10
84769,54,0,0,0,0.3912447715027908,0.1875,1,10,10
84786,86,0,0,0,0.5695785062497354,0.3333333333333333,1,10,10
84865,21,0,0,0,0.1396181455537491,0.125,0.14285714285714285,10,10
84992,1,0.22009176629808014,0.0625,1,0.22009176629808014,0.0625,1,1,10
85058,4,0.254357085436337,0,0,0.4785379058241991,0.25,0.1,4,10
85065,3,0.5487973376826973,0.1875,1,0.7137487621889959,0.375,1,3,10
85154,8,0.35059876941223056,0.17647058823529413,0.5,0.3017012334098271,0.17647058823529413,0.5,8,8
85183,5,0,0,0,0.05968602240696155,0.07142857142857142,0.1111111111111111,5,10
85197,2,0.420027879946489,0.13333333333333333,1,0.420027879946489,0.13333333333333333,1,2,2
85308,3,0.11004588314904007,0.0625,0.3333333333333333,0.5333765831998211,0.3125,1,3,10
85314,10,0.8797953132200464,0.5625,1,0.9415695295595564,0.5625,1,10,10
85315,16,0.7537754773756947,0.225,0.5,0.7730810113299461,0.2,1,10,10
85327,2,0.3439261989517367,0.13333333333333333,1,0.5869178163188516,0.4666666666666667,0.5,2,10
85332,8,0.8701249883466592,0.21052631578947367,1,0.977915258848537,0.2631578947368421,1,8,10
85344,5,0.7138097836082222,0.38461538461538464,1,0.7138097836082222,0.38461538461538464,1,5,5
85433,6,0,0,0,0,0,0,6,10
85493,6,0.5072380780124417,0.3125,0.5,0.6421867266689009,0.3125,1,6,10
85597,8,0.857673669302587,0.4375,1,0.7561398648862724,0.375,1,8,7
85710,13,1,0.7692307692307693,1,0.9363792118010483,0.6923076923076923,1,10,10
85719,4,0.6039094289265273,0.26666666666666666,1,0.6039094289265273,0.26666666666666666,1,4,4
85724,10,0.32630327281963784,0.36363636363636365,0.2,0.5348342833068076,0.36363636363636365,1,10,10
85742,65,0,0,0,0.21726071285222984,0.125,0.5,10,10
85744,35,0,0,0,0.4074153667635756,0.25,0.5,10,10
85755,3,0.4690000933206747,0.1875,1,0.9052116356304492,0.5625,1,3,10
85786,17,0.8857316381822387,0.6153846153846154,1,0.7989263603878404,0.5384615384615384,1,10,10
85798,43,0,0,0,0.3372494567359742,0.23076923076923078,1,10,10
85802,43,0,0,0,0.21222636597291455,0.125,0.5,10,10
85811,10,0.617706912693028,0.4,0.5,0.6625355205838541,0.4,1,10,10
85823,1,0.07336392209936005,0,0,0.07336392209936005,0,0,1,10
85824,9,0.6308221815655695,0.2727272727272727,0.3333333333333333,0.7489872641080236,0.2727272727272727,1,9,10
85828,84,0,0,0,0.3667803203729971,0.15151515151515152,0.2,10,10
85883,2,0.37519712029518015,0.18181818181818182,1,0.633849110484978,0.45454545454545453,1,2,10
86131,6,0.6655842857013617,0.3125,1,0.8617580160085213,0.5,1,6,10
86335,22,0.08514311764162098,0.0625,0.2,0.0636207881989517,0.0625,0.1,10,10
86618,146,0,0,0,0,0,0,10,10
86625,12,0.0636207881989517,0.0625,0.1,0.24890832702259458,0.125,0.5,10,10
86628,15,0.2583297509898471,0.1875,0.25,0.1388624438735545,0.0625,0.5,10,10
86635,19,0,0,0,0,0,0,10,10
86722,17,0,0,0,0.14874433492765377,0.0625,0.5,10,10
86846,1,0,0,0,0,0,0,1,1
87073,10,0.6381526507309679,0.375,1,0.7064221401112313,0.375,1,10,10
87619,12,0.9363792118010483,0.34615384615384615,1,1,0.38461538461538464,1,10,10
87715,13,0,0,0,0,0,0,10,10
87724,3,0.11004588314904007,0.06666666666666667,0.3333333333333333,0.1388624438735545,0.06666666666666667,0.5,3,10
87726,9,0.2937830684076611,0.23076923076923078,0.3333333333333333,0.3033882389008914,0.23076923076923078,0.3333333333333333,9,10
87755,15,0.09725933453162744,0.125,0.14285714285714285,0.4177731292193501,0.25,1,10,10
87765,15,0.3319758569016297,0.45454545454545453,0.16666666666666666,0.43204561058038277,0.45454545454545453,0.5,10,10
87774,67,0,0,0,0,0,0,10,10
87847,12,0.977915258848537,0.2564102564102564,1,0.9716189607861262,0.2564102564102564,1,10,10
87906,1,0.22009176629808014,0.02631578947368421,1,0.22009176629808014,0.02631578947368421,1,1,1
87964,7,0.7762391257100952,0.3684210526315789,1,0.8881617143233601,0.47368421052631576,1,7,10
87992,11,0.5010983378942839,0.42857142857142855,0.2,0.7622589343474114,0.42857142857142855,1,10,10
88120,7,0.5177872827358966,0.46153846153846156,0.5,0.5830861865612867,0.5384615384615384,0.5,7,10
88147,11,0.1396181455537491,0.125,0.14285714285714285,0.1884441521277154,0.125,0.3333333333333333,10,10
88153,3,0.45279417953432816,0.2,1,0.5405772330636751,0.3333333333333333,1,3,8
88225,13,0.5328965452000554,0.25,1,0.36352581989644606,0.2,0.5,10,10
88229,10,0.15176219107803537,0.125,0.16666666666666666,0.2837125544970318,0.125,1,10,10
88237,1,0,0,0,0,0,0,1,1
88673,1,0,0,0,0,0,0,1,1
88911,22,0,0,0,0.4892776314752161,0.25,1,10,10
88912,26,0.0636207881989517,0.07692307692307693,0.1,0.35895421017163465,0.15384615384615385,1,10,10
88982,23,0,0,0,0.6745711375739727,0.375,1,10,10
88984,19,0.571614567891588,0.4375,0.3333333333333333,0.5264282969545138,0.3125,1,10,10
88991,20,0.19930623359011798,0.1875,0.125,0.48581363574225095,0.3125,0.5,10,10
89064,16,0.19930623359011798,0.1875,0.125,0.6149518506608846,0.375,1,10,10
89215,1,0,0,0,0,0,0,1,1
89357,21,0,0,0,0.4440973278132556,0.1875,1,10,10
89361,4,0.5637884576902256,0.25,1,0.5637884576902256,0.25,1,4,4
89399,6,0.5496117640865312,0.36363636363636365,1,0.5563566127494769,0.36363636363636365,1,6,6
89402,9,0.716287445502968,0.5,0.5,0.7799082337019198,0.5625,0.5,9,10
89403,3,0.33634870071741213,0.08333333333333333,0.5,0.33634870071741213,0.08333333333333333,0.5,3,10
89406,2,0.4361533373077281,0.13333333333333333,1,0.7452391511216636,0.4,1,2,10
89614,15,0.6900847436741163,0.5625,0.5,0.8332949387953538,0.625,1,10,10
89616,2,0.35895421017163465,0.125,1,0.35895421017163465,0.125,1,2,2
89684,23,0,0,0,0,0,0,10,10
89695,3,0.4791616403996509,0.21428571428571427,1,0.4791616403996509,0.21428571428571427,1,3,3
89707,2,0,0,0,0,0,0,2,2
89911,10,0.6386488249556554,0.375,0.5,0.7837911850126078,0.375,1,10,10
89927,33,0.07336392209936005,0.0625,0.14285714285714285,0.18340980524840012,0.125,0.3333333333333333,10,10
89945,3,0.12876945773620835,0.06666666666666667,0.3333333333333333,0.2575389154724167,0.06666666666666667,1,3,10
89948,94,0,0,0,0.15176219107803537,0.15384615384615385,0.16666666666666666,10,10
89953,8,0,0,0,0,0,0,8,8
89958,9,0,0,0,0,0,0,9,9
90189,6,0.7063906054581909,0.3125,1,0.6957810562523431,0.3125,1,6,6
90211,71,0,0,0,0.46318965958284924,0.12121212121212122,1,10,10
90213,94,0,0,0,0,0,0,10,10
90243,10,0.5309999066793252,0.4375,0.25,0.8389574121760601,0.5,1,10,10
90245,2,0.39484136206016496,0.125,1,0.39484136206016496,0.125,1,2,2
90246,2,0.16872714292220853,0.0625,0.5,0.16872714292220853,0.0625,0.5,2,2
90292,37,0,0,0,0.10117479405202358,0.05,0.16666666666666666,10,10
90309,1,0.279901702223461,0.0625,1,0.39763391022884753,0.125,1,1,10
90321,35,0,0,0,0,0,0,10,10
90340,36,0.13862526152534232,0.125,0.125,0.1774294041962027,0.125,0.3333333333333333,10,10
90352,4,0,0,0,0,0,0,4,10
90368,27,0,0,0,0.6055047656192208,0.25,1,10,10
90386,37,0.19930623359011798,0.07894736842105263,0.125,0.7880438512463933,0.18421052631578946,1,10,10
90426,15,0,0,0,0.22009176629808014,0.0625,1,10,10
90429,15,0,0,0,0.07336392209936005,0.07142857142857142,0.14285714285714285,10,10
90454,3,0.5487973376826973,0.1875,1,0.7411303320122756,0.375,1,3,10
90641,7,0,0,0,0,0,0,7,7
90711,7,0.4954588824701808,0.3125,0.5,0.5341769051617133,0.375,0.5,7,10
90880,4,0.4011392915782793,0.125,1,0.6028632011996191,0.25,1,4,10
90942,18,0.11004588314904007,0.0625,0.3333333333333333,0.2934556883974402,0.125,1,10,10
91064,18,0.9787930706003494,0.25,1,0.9716189607861262,0.25,1,10,10
91071,7,0.2906246349515899,0.15789473684210525,0.5,0.4694544702460292,0.21052631578947367,1,7,10
91095,6,0.31388789942377926,0.21428571428571427,0.25,0.6275868235595545,0.42857142857142855,1,6,10
91141,45,0,0,0,0,0,0,10,10
91152,7,0,0,0,0,0,0,7,10
91262,121,0,0,0,0,0,0,10,10
91308,22,0.12987501165334073,0.125,0.1111111111111111,0.92663607790064,0.5625,1,10,10
91309,6,0.727329844310522,0.375,1,0.9567083294488864,0.625,1,6,10
91376,60,0,0,0,0.8342490981200258,0.2,1,10,10
91402,1,0.2300510610426737,0.05263157894736842,1,0.2300510610426737,0.05263157894736842,1,1,1
91539,14,0.22886528886257437,0.375,0.14285714285714285,0.6390462311814838,0.625,1,10,10
91565,26,0.3986290146022699,0.21428571428571427,0.3333333333333333,0.29664731653078713,0.21428571428571427,0.25,10,10
91576,26,0,0,0,0.0636207881989517,0.0625,0.1,10,10
91578,1,0,0,0,0,0,0,1,1
91720,1,0.0991363373528811,0,0,0.0991363373528811,0,0,1,1
91842,29,0,0,0,0.28997736516021183,0.1875,0.3333333333333333,10,10
91847,8,0.7917267193679839,0.4666666666666667,1,0.7849818707050382,0.4666666666666667,1,8,8
91946,7,0.4617285568034221,0.3333333333333333,0.3333333333333333,0.7746434461674182,0.4666666666666667,1,7,10
91947,16,0.7799082337019198,0.5625,0.5,0.7015099647232445,0.5,0.5,10,10
91953,2,0.34701127251255487,0.13333333333333333,1,0.7171992496244552,0.4666666666666667,1,2,10
91954,19,0.3079033201523544,0.4,0.16666666666666666,0.5604044998628345,0.4,1,10,10
92218,7,0,0,0,0,0,0,7,7
92223,1,0,0,0,0,0,0,1,1
92227,2,0.09257496258236969,0.029411764705882353,0.5,0.20262084573140976,0.058823529411764705,0.5,2,10
92230,1,0,0,0,0,0,0,1,10
92325,26,0,0,0,0.5695785062497354,0.3125,1,10,10
92330,46,0.12987501165334073,0.0625,0.1111111111111111,0.29990503169749433,0.09375,0.5,10,10
92457,87,0,0,0,0.1388624438735545,0.02857142857142857,0.5,10,10
92519,4,0.20483424751859086,0.125,0.3333333333333333,0.3971921948634016,0.25,0.5,4,10
92563,40,0.2874476364692017,0.25,0.16666666666666666,0.2837125544970318,0.125,1,10,10
92564,2,0.40652716006074996,0.125,1,0.5668829577079255,0.25,1,2,7
92565,7,0.18864549372986197,0.13333333333333333,0.25,0.37320226963128134,0.13333333333333333,1,7,10
92739,114,0,0,0,0,0,0,10,10
92822,145,0,0,0,0.29098510172234016,0.25,0.16666666666666666,10,10
92875,56,0,0,0,0.1427951440361373,0.13333333333333333,0.14285714285714285,10,10
92914,1,0,0,0,0,0,0,1,4
93063,47,0.27267015568947806,0.25,0.14285714285714285,0.3953144612881589,0.3125,0.25,10,10
93152,10,0.6168295842361273,0.4166666666666667,1,0.5983950669742497,0.4166666666666667,1,10,10
93374,1,0.22009176629808014,0.06666666666666667,1,0.3585186886609939,0.13333333333333333,1,1,10
93621,3,0.2103273013617644,0.1111111111111111,1,0.13270175241752769,0.1111111111111111,0.5,3,10
93654,132,0,0,0,0,0,0,10,10
93663,103,0.06625422345438903,0.0625,0.1111111111111111,0,0,0,10,10
93964,1,0,0,0,0.06625422345438903,0.0625,0.1111111111111111,1,10
93983,68,0,0,0,0,0,0,10,10
93997,8,0.07336392209936005,0.07142857142857142,0.14285714285714285,0.06943122193677725,0.07142857142857142,0.125,8,10
94123,10,0.2920742270644659,0.25,0.14285714285714285,0.36742877334905977,0.25,0.3333333333333333,10,10
94215,28,0,0,0,0,0,0,10,10
94314,2,0.35895421017163465,0.14285714285714285,1,0.35895421017163465,0.14285714285714285,1,2,2
94441,6,0,0,0,0,0,0,6,6
94454,15,0,0,0,0.14876390584057267,0.125,0.2,10,10
94456,9,0.3725907541108227,0.1282051282051282,0.2,0.6546634730814677,0.15384615384615385,1,9,10
94992,9,0.40030566811860463,0.25,0.5,0.49367903606741653,0.25,1,9,10
95029,22,0,0,0,0.09382209734404523,0.0625,0.125,10,10
95042,33,0.4131279133289226,0.25,0.5,0.18340980524840012,0.125,0.3333333333333333,10,10
95135,5,0.34369669139214537,0.25,0.5,0.4011248950259844,0.4166666666666667,0.25,5,10
95302,157,0,0,0,0.08514311764162098,0.0625,0.2,10,10
95310,8,0.8701249883466592,0.23529411764705882,1,0.8701249883466592,0.23529411764705882,1,8,8
95333,269,0,0,0,0,0,0,10,10
95475,2,0.35895421017163465,0.125,1,0.8200685179888281,0.5,1,2,10
95543,35,0.15176219107803537,0.125,0.16666666666666666,0.3499667779514209,0.1875,1,10,10
95715,1,0.22009176629808014,0.0625,1,0.2837125544970318,0.125,1,1,10
95756,23,0.20904936749052636,0.08823529411764706,0.14285714285714285,0.34739931667632884,0.08823529411764706,1,10,10
95794,23,0,0,0,0.4919690319640038,0.25,1,10,10
96060,5,0.20478943046125,0.125,0.25,0.23409589913160483,0.125,0.3333333333333333,5,5
96088,2,0.09257496258236969,0.047619047619047616,0.5,0.09257496258236969,0.047619047619047616,0.5,2,2
96089,3,0.45650001423154074,0.13333333333333333,1,0.36960187743166634,0.2,0.5,3,10
96093,43,0,0,0,0.2024832320725062,0.125,0.5,10,10
96094,48,0.22119341301481263,0.1875,0.16666666666666666,0.0636207881989517,0.0625,0.1,10,10
96104,180,0,0,0,0.2934556883974402,0.125,1,10,10
96118,53,0,0,0,0.643090684664426,0.375,1,10,10
96160,26,0,0,0,0.4791616403996509,0.2,1,10,10
96183,3,0.1388624438735545,0.0625,0.5,0.1388624438735545,0.0625,0.5,3,10
96270,19,0.5309999066793252,0.4375,0.25,0.14782949091545258,0.125,0.16666666666666666,10,10
96274,38,0,0,0,0.08514311764162098,0.0625,0.2,10,10
96339,1,0,0,0,0.053397918541038314,0.0625,0.16666666666666666,1,10
96490,2,0.35895421017163465,0.04878048780487805,1,0.5637884576902256,0.0975609756097561,1,2,10
96493,6,0.34369669139214537,0.08571428571428572,0.5,0.28997736516021183,0.08571428571428572,0.3333333333333333,6,10
96500,27,1,0.625,1,0.6402900881481707,0.4375,0.5,10,10
96579,9,0.4330549290057018,0.3125,0.5,0.4705561169627617,0.3125,0.5,9,9
96586,15,0.7799082337019198,0.5625,0.5,1,0.625,1,10,10
96602,24,0.716287445502968,0.5333333333333333,0.5,0.7104770117651424,0.5333333333333333,0.5,10,10
96682,22,0.1610425878239398,0.14285714285714285,0.25,0.09478836436955078,0.07142857142857142,0.25,10,10
96686,3,0,0,0,0,0,0,3,10
96689,100,0,0,0,0.11004588314904007,0.0625,0.3333333333333333,10,4
96690,12,0.22119341301481263,0.1875,0.16666666666666666,0.16354138662029633,0.125,0.2,10,10
96812,48,0,0,0,0.23680742154717782,0.25,0.25,10,10
96819,8,0.35848513082853684,0.4444444444444444,0.25,0.6652104162612476,0.6666666666666666,1,8,10
96826,45,0,0,0,0,0,0,10,10
97572,1,0.24209587273488012,0.034482758620689655,1,0.40385174981968147,0.10344827586206896,1,1,10
97699,6,0.42883980903376634,0.25,0.5,0.5637884576902256,0.25,1,6,6
97717,2,0.35895421017163465,0.125,1,0.4884006765390575,0.25,1,2,10
97719,17,0.20904936749052636,0.14285714285714285,0.14285714285714285,0.6332196796270028,0.23809523809523808,1,10,10
97736,34,0.12987501165334073,0.09523809523809523,0.1111111111111111,0.3324958573847505,0.19047619047619047,0.5,10,10
97818,1,0.22486036416572236,0.03571428571428571,1,0.5036882912446857,0.14285714285714285,1,1,10
98013,3,0.5023756245102127,0.1875,1,0.5863529624672699,0.25,1,3,7
98015,19,0,0,0,0,0,0,10,10
98222,505,0,0,0,0,0,0,10,10
98238,18,0.27267015568947806,0.26666666666666666,0.14285714285714285,0.5239294981581574,0.3333333333333333,1,10,10
98276,9,0.9363792118010483,0.5625,1,0.9363792118010483,0.5625,1,9,9
98425,1,0.29740901205864334,0.1,1,0.29740901205864334,0.1,1,1,10
98699,33,0,0,0,0,0,0,10,10
98805,2,0.22009176629808014,0.025,1,0.1388624438735545,0.025,0.5,2,2
98831,10,0.3915823049101415,0.1875,0.5,0.5698664345004878,0.1875,1,10,10
99131,1,0.27636045420431316,0.125,1,0.27636045420431316,0.125,1,1,1
99182,1,0,0,0,0.4024697156876682,0.3125,0.5,1,10
99281,32,1,0.22727272727272727,1,1,0.22727272727272727,1,10,10
99471,1,0,0,0,0,0,0,1,10
99638,2,0.22870824380075022,0.14285714285714285,0.5,0.36249399002998095,0.14285714285714285,1,2,10
99640,78,0,0,0,0,0,0,10,10
99712,12,0,0,0,0,0,0,10,10
99782,65,0,0,0,0.24913449842026078,0.25,0.14285714285714285,10,10
99787,27,0,0,0,0.16421958630632802,0.08,0.25,10,10
100392,1,0.22009176629808014,0.025,1,0.22009176629808014,0.025,1,1,1
100539,44,0,0,0,0.6186764869122403,0.3125,1,10,10
100546,7,0.4880270375294321,0.3333333333333333,0.3333333333333333,0.6491433236125839,0.3333333333333333,1,7,7
100603,2,0.35895421017163465,0.125,1,0.35895421017163465,0.125,1,2,2
100800,18,0.6163668470816234,0.4375,0.5,0.6078421520159136,0.375,1,10,10
100807,8,0.7312625444731047,0.2,1,0.7827392871477701,0.22857142857142856,1,8,10
100878,3,0.420027879946489,0.2,1,0.4717125056851344,0.3,1,3,10
100921,12,0.1581220294860863,0.14285714285714285,0.14285714285714285,0.18238589776004135,0.14285714285714285,0.25,10,10
100929,1,0,0,0,0,0,0,1,10
100983,3,0.4690000933206747,0.1875,1,0.9363792118010483,0.5625,1,3,10
101016,1,0,0,0,0,0,0,1,1
101230,1,0.22009176629808014,0.06666666666666667,1,0.22009176629808014,0.06666666666666667,1,1,1
101281,8,0.22009176629808014,0.0625,1,0.06943122193677725,0.0625,0.125,8,8
101529,3,0.4791616403996509,0.2727272727272727,1,0.7857612278370889,0.6363636363636364,1,3,8
101658,10,0.3035593238776853,0.25,0.25,0.35571312846729725,0.25,0.5,10,10
101867,11,0.5309999066793252,0.4375,0.25,0.8603818544462509,0.5,1,10,10
101899,4,0.2336508082431053,0.13333333333333333,0.5,0.3301376494471202,0.13333333333333333,1,4,4
101904,1,0.22009176629808014,0.0625,1,0.22009176629808014,0.0625,1,1,1
101981,14,0.5467588651850904,0.6,0.25,0.6380039365826193,0.4,1,10,10
101983,11,0.7799082337019198,0.5625,0.5,0.9216017310213247,0.5625,1,10,10
101993,1,0,0,0,0,0,0,1,1
102260,4,0.20483424751859086,0.15384615384615385,0.3333333333333333,0.35895421017163465,0.15384615384615385,1,4,10
102265,1,0,0,0,0,0,0,1,1
102538,1,0.3546717849523194,0.2,1,0.3546717849523194,0.2,1,1,2
102699,5,0.1799314820111718,0.125,0.25,0.15850703974098104,0.125,0.2,5,10
102728,11237,0,0,0,0,0,0,10,10
102937,4,0.23968543142182333,0.13333333333333333,0.3333333333333333,0.3684548891580317,0.13333333333333333,1,4,4
102942,1,0.22009176629808014,0.08333333333333333,1,0.447029639070373,0.25,1,1,10
102979,5,0.7530215460689473,0.5555555555555556,1,0.7530215460689473,0.5555555555555556,1,5,5
102980,8,0.6500332220485789,0.30434782608695654,0.5,0.8651923663606461,0.34782608695652173,1,8,10
103029,9,0.9363792118010483,0.6,1,1,0.6666666666666666,1,9,10
103049,1,0,0,0,0,0,0,1,9
103138,28,0,0,0,0.4443070175133393,0.23809523809523808,0.3333333333333333,10,10
103154,5,0,0,0,0,0,0,5,5
103190,23,0,0,0,0,0,0,10,10
103233,82,0,0,0,0,0,0,10,10
103234,7,0,0,0,0,0,0,7,10
103401,1,0.22009176629808014,0.03571428571428571,1,0.22009176629808014,0.03571428571428571,1,1,1
103410,2,0.4554327452915171,0.2857142857142857,1,0.4554327452915171,0.2857142857142857,1,2,10
103443,74,0,0,0,0,0,0,10,10
103447,5,0.47171391087334197,0.25,0.5,0.7196548917423647,0.375,1,5,10
103801,47,0.2700193392678607,0.21428571428571427,0.25,0.31082564503837423,0.21428571428571427,0.5,10,10
103875,29,0.08069862424496003,0.0625,0.14285714285714285,0.08623628983735337,0.0625,0.16666666666666666,10,10
103952,1,0.22009176629808014,0.0625,1,0.5017289690294563,0.3125,1,1,10
103970,7,0.08514311764162098,0.09090909090909091,0.2,0.08514311764162098,0.09090909090909091,0.2,7,10
103983,9,0.32458397444423615,0.25,0.25,0.2874476364692017,0.25,0.16666666666666666,9,10
103984,9,0.1356854453911663,0.125,0.125,0.25967457165153096,0.1875,0.5,9,10
104003,3,0,0,0,0.06625422345438903,0.06666666666666667,0.1111111111111111,3,10
104238,4,0,0,0,0,0,0,4,4
104248,10,0.20483424751859086,0.13333333333333333,0.3333333333333333,0.3052348839397011,0.13333333333333333,1,10,10
104300,53,0,0,0,0.3063365306564336,0.36363636363636365,0.2,10,10
104329,5,0.6489315753318465,0.38461538461538464,1,0.6489315753318465,0.38461538461538464,1,5,5
104380,4,0.33882776425833894,0.3333333333333333,0.3333333333333333,0.5208608031906568,0.3333333333333333,1,4,4
104545,1,0,0,0,0,0,0,1,1
104557,1,0.22009176629808014,0.0625,1,0.22009176629808014,0.0625,1,1,1
104560,1,0.15716946203669288,0.1,1,0.15716946203669288,0.1,1,1,1
104585,1,0.22009176629808014,0.0625,1,0.22009176629808014,0.0625,1,1,10
104623,1,0,0,0,0,0,0,1,10
104658,64,0,0,0,0,0,0,10,10
104764,11,0.5422473813186844,0.4166666666666667,0.25,0.788554066778107,0.5,1,10,10
104861,11,1,0.6666666666666666,1,0.9537125187088151,0.6666666666666666,1,10,10
104875,36,0,0,0,0.27267015568947806,0.25,0.14285714285714285,10,10
104876,91,0,0,0,0,0,0,10,10
104881,112,0,0,0,0.22009176629808014,0.0625,1,10,10
105009,8,0,0,0,0,0,0,8,8
105084,22,0,0,0,0.5002875276852252,0.36363636363636365,1,10,10
105090,5,0.09478836436955078,0.06666666666666667,0.25,0.1388624438735545,0.06666666666666667,0.5,5,10
105142,2,0.45650001423154074,0.2,1,0.6301653161143503,0.4,1,2,4
105349,3,0.4690000933206747,0.075,1,0.9755453593002132,0.25,1,3,10
105471,2,0.35895421017163465,0.125,1,0.35895421017163465,0.125,1,2,4
105502,16,0.5097929772796745,0.4666666666666667,0.25,0.7027284035579429,0.4666666666666667,1,10,10
106028,2,0.3439261989517367,0.1,1,0.7136686080525688,0.35,1,2,10
106355,3,0,0,0,0,0,0,3,10
106375,6,0.19518900079066107,0.2,0.3333333333333333,0.14465249243306438,0.2,0.16666666666666666,6,10
106377,3,0,0,0,0,0,0,3,10
106443,3,0.4690000933206747,0.08571428571428572,1,0.5637884576902256,0.11428571428571428,1,3,4
106465,6,0.4110745015388912,0.2,1,0.5546943123419679,0.3333333333333333,1,6,10
106584,120,0,0,0,0,0,0,10,10
106612,5,0.470318793006252,0.2,1,0.5917430276315934,0.26666666666666666,1,5,10
106621,2,0.35895421017163465,0.14285714285714285,1,0.24890832702259458,0.14285714285714285,0.5,2,10
106644,2,0,0,0,0,0,0,2,10
106646,167,0,0,0,0.22009176629808014,0.06666666666666667,1,10,10
106653,1,0,0,0,0,0,0,1,10
106656,5,0,0,0,0,0,0,5,10
106661,62,0,0,0,0.22009176629808014,0.06666666666666667,1,10,10
106916,4,0.5637884576902256,0.25,1,0.5637884576902256,0.25,1,4,4
106942,3,0,0,0,0,0,0,3,3
106986,1,0,0,0,0,0,0,1,10
107014,1,0,0,0,0,0,0,1,4
107564,4,0.23968543142182333,0.125,0.3333333333333333,0.4675528554456613,0.1875,1,4,10
107602,16,1,0.625,1,1,0.625,1,10,10
107717,2,0.35895421017163465,0.125,1,0.35895421017163465,0.125,1,2,2
107750,1,0,0,0,0,0,0,1,1
107838,18,0.10779027050187771,0.05128205128205128,0.1111111111111111,0.2855902880722746,0.05128205128205128,1,10,10
107883,23,0,0,0,0,0,0,10,10
107891,143,0,0,0,0,0,0,10,10
107894,23,0,0,0,0,0,0,10,10
107898,1,0,0,0,0,0,0,1,1
107900,3,0,0,0,0.06625422345438903,0.06666666666666667,0.1111111111111111,3,10
108237,32,0.3816977467696756,0.25,0.2,0.9093618486635721,0.375,1,10,10
108240,1,0.36249399002998095,0.14285714285714285,1,0.36249399002998095,0.14285714285714285,1,1,1
108279,13,0.7799082337019198,0.5625,0.5,0.9216017310213247,0.5625,1,10,10
108285,1,0.22009176629808014,0.03571428571428571,1,0.20483424751859086,0.07142857142857142,0.3333333333333333,1,10
108513,2,0.35895421017163465,0.2,1,0.4440973278132556,0.3,1,2,5
108551,7,0.23690530871965637,0.21428571428571427,0.2,0.38363315291837646,0.21428571428571427,1,7,7
108657,4,0.6201543156208374,0.25,1,0.6201543156208374,0.25,1,4,4
108835,28,0.27267015568947806,0.10810810810810811,0.14285714285714285,0.2514632262898275,0.10810810810810811,0.14285714285714285,10,10
108985,16,0.46262768423667733,0.3157894736842105,0.25,0.7175867104101135,0.3157894736842105,1,10,10
109027,2,0,0,0,0,0,0,2,2
109109,4,0.5138780239927594,0.4,1,0.40986231418563485,0.4,1,4,10
109165,42,0,0,0,0.1884441521277154,0.125,0.3333333333333333,10,10
109166,4,0.5637884576902256,0.25,1,0.7614732800774204,0.4375,1,4,10
109173,1,0.26742619438551957,0.06666666666666667,1,0.3236685753595891,0.06666666666666667,1,1,10
109182,6,0,0,0,0,0,0,6,6
109238,22,0.12987501165334073,0.125,0.1111111111111111,0.32149616226344435,0.25,0.3333333333333333,10,10
109241,10,0.8899541168509598,0.5625,1,0.914856882358379,0.5625,1,10,10
109242,3,0.4198525533351915,0.16666666666666666,1,0.6090519215431118,0.3333333333333333,1,3,10
109243,2,0.4361533373077281,0.15384615384615385,1,0.4361533373077281,0.15384615384615385,1,2,2
109396,1,0.24926098697416302,0.0625,1,0.6245450711124516,0.3125,1,1,10
109634,37,0,0,0,0.5548989126424902,0.3125,1,10,10
109782,3,0.4690000933206747,0.1875,1,0.4690000933206747,0.1875,1,3,10
109843,274,0,0,0,0,0,0,10,10
109935,3,0,0,0,0.16933929492839028,0.2727272727272727,0.14285714285714285,3,10
110093,34,0,0,0,0.35895421017163465,0.125,1,10,10
110335,5,0,0,0,0.14782949091545258,0.18181818181818182,0.16666666666666666,5,10
110375,5,0.7138097836082222,0.3125,1,0.7138097836082222,0.3125,1,5,10
110385,1,0.2542008779489662,0.125,1,0.7647259933313354,0.75,1,1,10
110401,15,0.5009732673492617,0.25,1,0.2745478892647208,0.1875,0.5,10,10
110403,2,0.45650001423154074,0.14285714285714285,1,0.45650001423154074,0.14285714285714285,1,2,2
110618,2,0.1388624438735545,0.0625,0.5,0.22009176629808014,0.0625,1,2,2
110676,9,0.08514311764162098,0.0625,0.2,0.11004588314904007,0.0625,0.3333333333333333,9,10
110884,1,0.22009176629808014,0.0625,1,0.424926013816671,0.1875,1,1,10
111437,34,0,0,0,0.31488013066763093,0.125,1,10,10
111682,91,0,0,0,0.24573132854020638,0.1875,0.3333333333333333,10,10
111695,2,0.2300510610426737,0.0625,1,0.2996649302239864,0.1875,0.5,2,10
111697,1,0,0,0,0.21643353787186348,0.125,0.5,1,10
111739,9,0.46896257776537437,0.3125,0.3333333333333333,0.4487294900778422,0.3125,0.3333333333333333,9,9
111787,24,0.13698471029831175,0.0625,0.14285714285714285,0.3195496275649209,0.125,0.3333333333333333,10,10
112072,70,0,0,0,0.24787451257311421,0.1875,0.25,10,10
112198,61,0,0,0,0.19518900079066107,0.125,0.3333333333333333,10,10
112259,2,0.14514605925250643,0.07692307692307693,0.5,0.2300510610426737,0.07692307692307693,1,2,2
112566,2,0,0,0,0.39749351961824175,0.3125,0.3333333333333333,2,10
112574,67,0,0,0,0.1610425878239398,0.125,0.25,10,10
112665,12,0.11004588314904007,0.1,0.3333333333333333,0.08514311764162098,0.1,0.2,10,6
112818,1,0,0,0,0.2357541930550393,0.0625,1,1,10
112879,4,0.5637884576902256,0.25,1,0.6274092458891771,0.3125,1,4,10
112898,5,0.20483424751859086,0.125,0.3333333333333333,0.5009732673492617,0.25,1,5,10
112911,40,0,0,0,0,0,0,10,10
113038,22,0,0,0,0.3714891073940902,0.1875,1,10,10
113093,2,0,0,0,0,0,0,2,10
113115,509,0,0,0,0,0,0,10,10
113257,13,0.35106842466815336,0.3125,0.16666666666666666,0.486471450249967,0.375,0.3333333333333333,10,10
113274,183,0,0,0,0,0,0,10,10
113724,16,0.7799082337019198,0.5625,0.5,1,0.625,1,10,10
113996,4,0.14187109415106738,0.0625,0.5,0.06768971444980863,0.0625,0.1111111111111111,4,10
114107,1,0,0,0,0,0,0,1,1
114138,21,0,0,0,0,0,0,10,10
114139,1,0,0,0,0,0,0,1,1
114140,6,0,0,0,0,0,0,6,6
114395,1,0.29740901205864334,0.07692307692307693,1,0.45732200097127595,0.3076923076923077,1,1,10
114407,1,0,0,0,0,0,0,1,10
114486,7,0.3850547874749319,0.25,0.3333333333333333,0.6485555090237797,0.375,1,7,10
114689,1,0,0,0,0,0,0,1,1
114701,12,0.07839826897867533,0.0625,0.16666666666666666,0.22009176629808014,0.0625,1,10,10
114745,5,0.5903681847779133,0.3125,1,0.6090519215431118,0.3125,1,5,6
114941,57,0.06350608830737939,0.06666666666666667,0.16666666666666666,0,0,0,10,10
114963,1,0.2575389154724167,0.0625,1,0.3684548891580317,0.125,1,1,8
114973,113,0,0,0,0,0,0,10,10
115064,70,0,0,0,0.4451010873575096,0.3125,0.5,10,10
115078,9,0.716287445502968,0.5,0.5,0.92663607790064,0.5625,1,9,10
115079,1,0.18660113481564067,0.02564102564102564,1,0.7889672245867932,0.23076923076923078,1,1,10
115274,26,0,0,0,0.6563033086078546,0.4375,1,10,10
115302,1,0,0,0,0,0,0,1,10
115579,15,0.42885250070855385,0.25,0.1111111111111111,0.7105909741653426,0.5,1,10,10
115580,13,1,0.7142857142857143,1,1,0.7142857142857143,1,10,10
115581,3,0.5023756245102127,0.21428571428571427,1,0.824936733218368,0.5714285714285714,1,3,10
115714,338,0,0,0,0,0,0,10,10
115718,2,0,0,0,0.24703059344735182,0.1875,0.3333333333333333,2,10
115745,15,0.6410457898283652,0.5,0.3333333333333333,0.5711601909662336,0.375,1,10,10
115753,12,0.31297374272228967,0.26666666666666666,0.2,0.5620315878307343,0.4,0.5,10,10
115763,1,0.2300510610426737,0.045454545454545456,1,0.5632706182178141,0.18181818181818182,1,1,7
115794,10,0.7799082337019198,0.23076923076923078,0.5,0.9363792118010483,0.23076923076923078,1,10,10
115816,3,0.24009123728639692,0.07692307692307693,0.3333333333333333,0.7198057652225512,0.5384615384615384,0.3333333333333333,3,10
115858,3,0.4690000933206747,0.1875,1,0.4690000933206747,0.1875,1,3,3
115908,1,0.2357541930550393,0.07692307692307693,1,0.7790889382842405,0.46153846153846156,1,1,6
