qid,combined_count,residual_token_count,native_ndcg,native_recall,native_mrr,solr_ndcg,solr_recall,solr_mrr,native_hit_count,solr_hit_count
479,10,6,0.8043754776986981,0.5384615384615384,1,0.5022037311331264,0.3076923076923077,0.5,10,10
530,5,3,0,0,0,0,0,0,5,10
537,1,6,0.22009176629808014,0.06666666666666667,1,0.866947989864271,0.5333333333333333,1,1,10
539,2,3,0.35895421017163465,0.16666666666666666,1,0.4985723557253837,0.3333333333333333,1,2,10
553,1,6,0,0,0,0.4706076096766094,0.29411764705882354,0.5,1,10
605,3,3,0.1388624438735545,0.0625,0.5,0.11004588314904007,0.0625,0.3333333333333333,3,10
720,1,4,0,0,0,0,0,0,1,10
1179,84,3,1,0.6666666666666666,1,0.4886446891881012,0.26666666666666666,1,10,10
1198,6,5,0.4171972249899344,0.3076923076923077,0.3333333333333333,0.873650206202574,0.6153846153846154,1,6,10
1199,94,4,0,0,0,0,0,0,10,10
1213,2748,2,0,0,0,0.09478836436955078,0.0625,0.25,10,10
1219,121,3,0.4225051418507037,0.1875,1,0,0,0,10,10
1224,11,5,0.7108484438309631,0.4,1,0.6797786416500051,0.4,1,10,10
1226,30,7,0.27101810670716664,0.08695652173913043,1,0,0,0,10,10
1230,4,7,0.1388624438735545,0.029411764705882353,0.5,0.21222636597291455,0.08823529411764706,0.5,4,10
1231,17,4,0.11004588314904007,0.0625,0.3333333333333333,0,0,0,10,10
1236,18,3,0,0,0,0.09011733826062779,0.2,0.1,10,10
1242,57,4,0.9214535246064988,0.625,1,0.18660113481564067,0.0625,1,10,10
1266,3,5,0.4690000933206747,0.1875,1,0.5011665573206625,0.3125,1,3,10
1278,6,6,0.08036473447498932,0.043478260869565216,0.25,0,0,0,6,10
1286,31,4,0.2024832320725062,0.07142857142857142,0.5,0,0,0,10,10
1291,3,5,0.08727946987580751,0.1111111111111111,0.3333333333333333,0,0,0,3,10
1299,1,2,0,0,0,0,0,0,1,8
1304,3,4,0,0,0,0,0,0,3,10
1310,4,5,0,0,0,0,0,0,4,10
1318,9,5,0.716287445502968,0.5333333333333333,0.5,0.7695261902392829,0.4666666666666667,1,9,10
1330,10,5,0,0,0,0,0,0,10,10
1386,5294,3,0,0,0,0,0,0,10,10
1397,40,4,0,0,0,0,0,0,10,10
1402,145,4,0,0,0,0.1388624438735545,0.0625,0.5,10,10
1406,1711,3,0,0,0,0.06243697865825647,0.03225806451612903,0.2,10,10
1413,934,6,0,0,0,0,0,0,10,10
1414,10,5,0,0,0,0,0,0,10,10
1423,32,4,0,0,0,0.14514605925250643,0.0625,0.5,10,10
1435,4,7,0,0,0,0,0,0,4,10
1486,11,3,0.45833728241774596,0.125,0.5,0.4616496194586812,0.125,0.25,10,10
1503,1,4,0.17169261031494448,0.06666666666666667,1,0.29732121851066645,0.2,1,1,10
1509,56,4,0,0,0,0.20764239128505763,0.23076923076923078,0.3333333333333333,10,10
1521,1,8,0.29740901205864334,0.0625,1,0.3965453494115244,0.125,1,1,10
1530,2,5,0.35895421017163465,0.08695652173913043,1,0.579881577361546,0.21739130434782608,1,2,10
1553,5,3,0.4896141557188043,0.1875,1,0.3714752203410368,0.1875,1,5,10
1566,84,3,0,0,0,0.4447551423209717,0.25,1,10,10
1568,103,3,0,0,0,0.04241385879930114,0.043478260869565216,0.1,10,10
1574,12,2,0,0,0,0,0,0,10,10
1575,3,3,0.6309297535714574,1,0.5,0.6309297535714574,1,0.5,3,10
1593,30,2,0.2855902880722746,0.13333333333333333,1,0.19562452230130184,0.13333333333333333,0.5,10,10
1630,7,2,0.31488013066763093,0.125,1,0.20483424751859086,0.125,0.3333333333333333,7,10
1635,4,4,0,0,0,0,0,0,4,10
1656,2,4,0.1467278441987201,0.029411764705882353,1,0,0,0,2,10
1689,18,6,0,0,0,0,0,0,10,10
1693,90,4,0.36983468388564966,0.375,0.2,0.37413628243405833,0.25,1,10,10
1697,576,5,0,0,0,0.11004588314904007,0.06666666666666667,0.3333333333333333,10,10
1713,247,5,0,0,0,0,0,0,10,10
1742,55,4,0,0,0,0,0,0,10,10
1748,2,6,0,0,0,0.22754936414140298,0.25,0.3333333333333333,2,10
1750,3,5,0,0,0,0.06625422345438903,0.03225806451612903,0.1111111111111111,3,10
1778,7,4,0.5637884576902256,0.25,1,0.7315449642824574,0.4375,1,7,10
1783,382,3,0,0,0,0.25469837558210445,0.08333333333333333,0.3333333333333333,10,10
1796,42,3,0.20483424751859086,0.16666666666666666,0.3333333333333333,0.31204907722178066,0.25,0.5,10,10
1801,234,3,0.5635848382100195,0.4,0.5,0.647312626648793,0.4666666666666667,0.5,10,10
1810,1,5,0,0,0,0,0,0,1,10
1813,3,4,0,0,0,0.09478836436955078,0.0625,0.25,3,10
1823,27,4,0,0,0,0,0,0,10,10
1829,44,4,0.13147032541923082,0.07142857142857142,0.25,0.4152807670887412,0.21428571428571427,1,10,10
1834,14,5,0.7877736340270853,0.25,1,0.8466624462998462,0.25,1,10,10
1835,2,2,0.2542008779489662,0.125,1,0.2542008779489662,0.125,1,2,8
1837,19,4,0,0,0,0,0,0,10,10
1840,22,4,0,0,0,0,0,0,10,10
1847,32,4,0,0,0,0.06649967000454629,0.06666666666666667,0.1,10,10
1848,2,6,0.1388624438735545,0.0625,0.5,0.2984900352767555,0.125,1,2,10
1855,43,4,0,0,0,0.3227266260473091,0.07692307692307693,0.25,10,10
1867,16,2,1,0.625,1,1,0.625,1,10,10
1882,133,3,0,0,0,0.02208474115146301,0,0,10,10
1883,456,2,0,0,0,0,0,0,10,10
1886,36,3,1,0.25,1,1,0.25,1,10,10
1887,429,3,0,0,0,0,0,0,10,10
1891,442,3,0,0,0,0,0,0,10,10
1897,14,5,0.5553402604779506,0.4375,0.3333333333333333,0.6111145532972241,0.375,1,10,10
1900,19,4,0,0,0,0,0,0,10,10
1903,128,4,0,0,0,0,0,0,10,10
1904,228,5,0.10520454171280792,0.125,0.1111111111111111,0.28773683183059473,0.1875,0.25,10,10
1910,613,4,0.0636207881989517,0.0625,0.1,0.08514311764162098,0.0625,0.2,10,10
1926,12,3,0,0,0,0.14187109415106738,0.06666666666666667,0.5,10,10
1940,45,2,0.5321923362337085,0.25,1,0.247248106317892,0.1875,0.3333333333333333,10,10
1949,27,3,0.27267015568947806,0.13333333333333333,0.14285714285714285,0.8516541459565584,0.3,1,10,10
1957,1,2,0.2357541930550393,0.06666666666666667,1,0.31433892407338576,0.13333333333333333,1,1,10
1960,74,3,0.7508691783654043,0.375,1,0.1390726996307995,0.125,0.125,10,10
1962,56,2,0,0,0,0,0,0,10,10
1973,21,3,0.43079102833470506,0.2,1,0.4459440643687563,0.2,1,10,10
1977,51,3,0,0,0,0.490222650816517,0.2,1,10,10
1988,24,3,0.35895421017163465,0.13333333333333333,1,0,0,0,10,10
1992,77,3,0.6332196796270028,0.29411764705882354,1,0.2816575879096918,0.17647058823529413,0.5,10,10
2000,59,2,0,0,0,0,0,0,10,10
2006,145,2,0,0,0,0.38852647257634365,0.17391304347826086,0.5,10,10
2029,9,3,0,0,0,0,0,0,9,10
2042,13,4,0.06649967000454629,0.0625,0.1,0.29655073104721996,0.125,1,10,10
2054,35,2,0,0,0,0.40853591842579556,0.1875,1,10,10
2067,14,2,0.6901022151042964,0.375,1,0.7340725783853697,0.375,1,10,10
2068,154,4,0,0,0,0.866947989864271,0.21621621621621623,1,10,10
2076,63,4,0,0,0,0.2186287669627102,0.125,0.25,10,10
2082,26,4,0.5637884576902256,0.26666666666666666,1,0.7116179486056782,0.4,1,10,10
2090,384,4,0,0,0,0.3683756341388872,0.25,0.3333333333333333,10,10
2091,205,4,0,0,0,0.2837125544970318,0.05128205128205128,1,10,10
2104,16,4,0.2850086565531944,0.4,0.14285714285714285,0.49500112883755076,0.5,0.5,10,10
2110,27,3,0,0,0,0,0,0,10,10
2113,229,3,0.23690530871965637,0.1875,0.2,0,0,0,10,10
2139,14,3,1,0.625,1,0.8482378089219647,0.5,1,10,10
2144,23,1,1,0.625,1,0.4977962688668735,0.3125,1,10,10
2164,690,3,0,0,0,0,0,0,10,10
2173,3,4,0.22009176629808014,0.02857142857142857,1,0.1388624438735545,0.02857142857142857,0.5,3,10
2176,103,3,0.7799082337019198,0.5625,0.5,0.4472539411173282,0.25,1,10,10
2197,26,4,0,0,0,0.1584091525685025,0.05263157894736842,0.25,10,10
2215,10,2,0.8889774708079637,0.5,1,0.7928074501067555,0.5,1,10,10
2223,57,3,0,0,0,0.5481351590340572,0.375,0.5,10,10
2226,1,5,0.22009176629808014,0.06666666666666667,1,0.4789085315124158,0.26666666666666666,1,1,10
2234,949,3,0.43621154230977444,0.42857142857142855,0.2,0.4472539411173282,0.2857142857142857,1,10,10
2244,1,4,0.22009176629808014,0.027777777777777776,1,0.24890832702259458,0.05555555555555555,0.5,1,10
2251,661,4,0,0,0,0,0,0,10,10
2260,3,4,0,0,0,0,0,0,3,10
2261,48,2,0,0,0,0.09382209734404523,0.09090909090909091,0.125,10,10
2262,1398,2,0,0,0,0,0,0,10,10
2286,3,2,0.3301376494471202,0.1,1,0.24890832702259458,0.1,0.5,3,10
2292,402,3,0.48248384544606815,0.4375,0.3333333333333333,0.05379908282997335,0.0625,0.14285714285714285,10,10
2303,4,5,0,0,0,0.11004588314904007,0.03333333333333333,0.3333333333333333,4,10
2310,30,4,0.12987501165334073,0.05405405405405406,0.1111111111111111,0.92663607790064,0.24324324324324326,1,10,10
2328,44,6,0,0,0,0.5370079586075637,0.13157894736842105,1,10,10
2331,390,3,0.2502706666690119,0.14285714285714285,0.3333333333333333,0.2357541930550393,0.07142857142857142,1,10,10
2333,56,3,0.22009176629808014,0.0625,1,0.09478836436955078,0.0625,0.25,10,10
2351,20,4,0,0,0,0.28634598975246917,0.05263157894736842,1,10,10
2353,72,4,0,0,0,0,0,0,10,10
2355,245,3,0.6410457898283652,0.20512820512820512,0.3333333333333333,0.20511666732794356,0.05128205128205128,0.5,10,10
2393,1310,3,0,0,0,0,0,0,10,10
2394,8,3,0.8701249883466592,0.7272727272727273,1,0.9363792118010483,0.8181818181818182,1,8,10
2395,19,3,1,0.2777777777777778,1,0.9052116356304492,0.25,1,10,10
2414,111,3,0,0,0,0.07839826897867533,0.0625,0.16666666666666666,10,10
2431,14,2,0.6480786370851105,0.15789473684210525,1,0.7082209627553583,0.18421052631578946,1,10,10
2439,2,5,0.420027879946489,0.125,1,0.7349690220582439,0.375,1,2,10
2441,2,3,0.3141427378152049,0.125,1,0.7782052679592341,0.5,1,2,10
2459,953,2,0.07839826897867533,0.04,0.16666666666666666,0,0,0,10,10
2773,13,4,0.07394398245707663,0.06666666666666667,0.25,0,0,0,10,10
2774,10,5,0,0,0,0,0,0,10,10
2777,9,5,0.3913467369171712,0.1875,1,0.45679927708970486,0.1875,1,9,10
2784,22,4,0,0,0,0.44746651497614526,0.1875,1,10,10
2786,8,4,0.4690000933206747,0.1875,1,0.4690000933206747,0.1875,1,8,10
2787,6,6,0,0,0,0,0,0,6,10
2792,46,3,0,0,0,0.09523968061602288,0.058823529411764705,0.1111111111111111,10,10
2810,75,3,0,0,0,0,0,0,10,10
2817,104,4,0,0,0,0,0,0,10,10
2838,74,1,0,0,0,0,0,0,10,10
2847,8,3,0.7183627972686238,0.375,1,0.7125523635307983,0.375,1,8,10
2883,13,3,0.8630152897016881,0.6428571428571429,1,0.5994143399819541,0.5,0.5,10,10
2899,21,5,0.3266137839683667,0.16129032258064516,0.16666666666666666,0.797189611533217,0.25806451612903225,1,10,10
2915,34,4,0,0,0,0.933745776545611,0.6,1,10,10
2924,40,4,1,0.7142857142857143,1,0.6968404678259544,0.42857142857142855,1,10,10
2944,31,4,0.32986149526850284,0.14285714285714285,0.16666666666666666,0.72891152902702,0.2,1,10,10
2953,28,3,0.7967610662472991,0.4375,1,0.35266373843404347,0.25,0.3333333333333333,10,10
2966,5,1,0.2186287669627102,0.125,0.25,0.3024402401149683,0.125,0.5,5,5
2987,52,5,0,0,0,0.2336508082431053,0.05128205128205128,0.5,10,10
2989,2,5,0,0,0,0,0,0,2,10
3000,11,4,0.20904936749052636,0.1875,0.14285714285714285,0.1799314820111718,0.125,0.25,10,10
3006,30,4,0,0,0,0.1610425878239398,0.05128205128205128,0.25,10,10
3018,1,6,0,0,0,0.289883176024737,0.16666666666666666,0.5,1,10
3034,69,2,0.800693766409882,0.20588235294117646,1,0.514186364257749,0.14705882352941177,1,10,10
3038,3,3,0,0,0,0.06625422345438903,0.0625,0.1111111111111111,3,10
3044,107,4,0,0,0,0.46318965958284924,0.25,1,10,10
3048,14,4,0.8550956239938448,0.7777777777777778,1,0.7313676349198183,0.7777777777777778,1,10,10
3049,13,5,0.43621154230977444,0.17142857142857143,0.2,0.2777045025687933,0.11428571428571428,0.16666666666666666,10,10
3055,6,2,0.2583297509898471,0.08571428571428572,0.25,0.4440973278132556,0.08571428571428572,1,6,10
3085,2414,2,0,0,0,0.34369669139214537,0.1875,0.5,10,10
3088,3,4,0.28189666657366846,0.2,0.5,0.5336194105682829,0.4,1,3,10
3099,48,2,0.1427951440361373,0.125,0.14285714285714285,0,0,0,10,10
3101,19,2,0.8643145546088337,0.5,1,0.933745776545611,0.5625,1,10,10
3104,2,6,0.1388624438735545,0.0625,0.5,0.16815228646891084,0.125,0.25,2,10
3105,39,4,0,0,0,0.22009176629808014,0.05263157894736842,1,10,10
3107,3,2,0.5698664345004878,0.1875,1,0.7695833612957305,0.375,1,3,10
3108,316,3,0,0,0,0,0,0,10,10
3117,3,2,0.24890832702259458,0.125,0.5,0.49463965556280093,0.25,1,3,10
3128,20,2,0.2240055615151755,0.05,0.5,0.35895421017163465,0.05,1,10,10
3143,29,3,0,0,0,0,0,0,10,10
3146,109,3,0,0,0,0.14588900179744113,0.125,0.14285714285714285,10,10
3159,21,3,0.41761443305159,0.1875,0.5,0.5852832005322933,0.25,1,10,10
3162,138,2,0.26742619438551957,0.0625,1,0,0,0,10,10
3168,8,3,0.3915823049101415,0.2,1,0.34701127251255487,0.2,1,8,10
3172,452,2,0.3024402401149683,0.125,0.5,0.4902813563734525,0.1875,1,10,10
3176,36,2,0.4690000933206747,0.1875,1,0.1884441521277154,0.125,0.3333333333333333,10,10
3179,7,4,0.15176219107803537,0.13333333333333333,0.16666666666666666,0.5932711436208317,0.4,0.5,7,10
3190,184,3,0.6442227883107534,0.6363636363636364,0.5,0.6203974344166847,0.45454545454545453,1,10,10
3207,48,1,0.22009176629808014,0.0625,1,0.06943122193677725,0.0625,0.125,10,10
3222,16,4,0.08539139310228318,0.0625,0.25,0.14732849254514865,0.125,0.2,10,10
3223,2,5,0,0,0,0.640293831648171,1,0.5,2,10
3225,50,4,0,0,0,0.15176219107803537,0.125,0.16666666666666666,10,10
3251,406,2,0.0636207881989517,0.0625,0.1,0.06943122193677725,0.0625,0.125,10,10
3258,12,5,0.22009176629808014,0.02564102564102564,1,0,0,0,10,10
3268,24,2,0,0,0,0,0,0,10,10
3352,3,2,0,0,0,0,0,0,3,10
3567,32,4,0.716287445502968,0.5,0.5,0.21538297927698707,0.1875,0.16666666666666666,10,10
3574,1026,2,0,0,0,0.12301630188213636,0.125,0.2,10,10
3579,52,4,0.5637884576902256,0.25,1,0.19518900079066107,0.125,0.3333333333333333,10,10
3581,8,5,0,0,0,0,0,0,8,10
3602,9,3,0.16156892839789644,0.125,0.2,0.11502553052133685,0.0625,0.3333333333333333,9,10
3619,1,4,0.29740901205864334,0.0625,1,0.3828004051609265,0.125,1,1,10
3668,4,4,0,0,0,0.08514311764162098,0.07142857142857142,0.2,4,10
3673,121,3,0,0,0,0.48649183542828267,0.3125,0.5,10,10
3679,40,4,0.09684208768602304,0.0625,0.25,0.5501946573100127,0.3125,1,10,10
3682,57,5,0,0,0,0.08698786311329101,0.06666666666666667,0.2,10,10
3684,34,3,0,0,0,1,0.2702702702702703,1,10,10
3703,3,5,0.18764419468809046,0.06666666666666667,0.5,0.5301288977060752,0.26666666666666666,1,3,10
3714,29,3,0.6410457898283652,0.5,0.3333333333333333,0.7849818707050382,0.4375,1,10,10
3743,72,2,0.490222650816517,0.1875,1,0.4017016898199177,0.1875,1,10,10
3750,51,3,0,0,0,0.057313656277404236,0.0625,0.1,10,10
3762,41,3,0.42883980903376634,0.25,0.5,0.5957616317188125,0.3125,1,10,10
3764,42,5,0,0,0,0.1610425878239398,0.13333333333333333,0.25,10,10
3765,32,4,0,0,0,0.8611375561264454,0.23684210526315788,1,10,10
3770,37,4,0.6410457898283652,0.5,0.3333333333333333,0.39375843764607193,0.1875,1,10,10
3774,64,3,0,0,0,0,0,0,10,10
3782,200,5,0.0636207881989517,0.0625,0.1,0,0,0,10,10
3786,24,4,0.35106842466815336,0.3125,0.16666666666666666,1,0.625,1,10,10
3789,223,2,0,0,0,0.08514311764162098,0.0625,0.2,10,10
3795,82,2,0.5652120128307334,0.4666666666666667,0.3333333333333333,0.6027639586679572,0.4,0.5,10,10
3802,5,3,0.11004588314904007,0.0625,0.3333333333333333,0.2336508082431053,0.125,0.5,5,10
3803,44,2,0.8831268944789862,0.6,1,0.7058075148678526,0.4,1,10,10
3813,15,2,1,0.625,1,1,0.625,1,10,10
3814,5,6,0,0,0,0.04416948230292602,0.02702702702702703,0.1111111111111111,5,10
3821,1,3,0.18660113481564067,0.0625,1,0.18660113481564067,0.0625,1,1,10
3839,14,3,0.4361533373077281,0.13333333333333333,1,0.19871370648715753,0.13333333333333333,0.2,10,10
3844,34,3,1,0.25,1,0.716287445502968,0.2,0.5,10,10
3867,90,3,0.5023756245102127,0.1875,1,0.6039094289265273,0.25,1,10,10
3876,233,3,0,0,0,0.6570793954663647,0.46153846153846156,1,10,10
3877,111,3,0,0,0,0.24355227021012346,0.1875,0.25,10,10
3879,15,4,0.19930623359011798,0.23076923076923078,0.125,0.7791714369672127,0.5384615384615384,1,10,10
3895,241,2,0,0,0,0,0,0,10,10
3938,2,2,0.35895421017163465,0.125,1,0.7167674835027337,0.4375,1,2,10
3940,3,4,0.3222722491219546,0.14285714285714285,0.5,0.8347528992401554,0.6428571428571429,1,3,10
3954,54,3,0,0,0,0.34445239307233994,0.21052631578947367,0.3333333333333333,10,10
3972,265,2,0,0,0,0.1388624438735545,0.0625,0.5,10,10
3990,17,6,0.0636207881989517,0.025,0.1,0.18340980524840012,0.05,0.3333333333333333,10,10
3994,380,3,0.25430127623392856,0.18181818181818182,0.5,0.07495345472190745,0.09090909090909091,0.14285714285714285,10,10
4003,21,4,0.35106842466815336,0.125,0.16666666666666666,0.2793191675189575,0.1,0.2,10,10
4163,130,3,0,0,0,0,0,0,10,10
4169,386,3,0.07839826897867533,0.045454545454545456,0.16666666666666666,0,0,0,10,10
4183,3,6,0.14870450602932167,0.1,0.3333333333333333,0.6785008044950671,0.6,1,3,10
4192,11,4,0.967679081840876,1,1,0.6587628563364478,0.6666666666666666,0.3333333333333333,10,10
4200,96,2,0,0,0,0.6500332220485789,0.2692307692307692,0.5,10,10
4204,223,3,0,0,0,0.16421958630632802,0.1111111111111111,0.25,10,10
4212,17,2,0,0,0,0.21222636597291455,0.05,0.5,10,10
4225,3,4,0,0,0,0.4489265142892765,0.25,1,3,10
4241,404,2,0,0,0,0,0,0,10,10
4255,104,3,0,0,0,0,0,0,10,10
4274,7,3,0.746179970869783,0.4375,1,0.9547715182029446,0.625,1,7,10
4280,16,2,0,0,0,0.25505271647730476,0.14285714285714285,1,10,10
4295,1,1,0.29740901205864334,0.06666666666666667,1,0.29740901205864334,0.06666666666666667,1,1,1
4297,3,3,0,0,0,0.22009176629808014,0.0625,1,3,10
4300,2,3,0,0,0,0.048585413013099134,0.0625,0.1111111111111111,2,10
4301,1,3,0,0,0,0,0,0,1,10
4326,5,3,0.11502553052133685,0.0625,0.3333333333333333,0.1842778004295072,0.125,0.3333333333333333,5,10
4328,2,7,0.48252746084695286,0.2222222222222222,1,0.610496574679209,0.4444444444444444,1,2,10
4331,5,2,0,0,0,0,0,0,5,10
4340,1,4,0,0,0,0,0,0,1,10
4341,537,3,0,0,0,0,0,0,10,10
4353,229,3,0,0,0,0,0,0,10,10
4355,322,3,0.11091597368561495,0.06666666666666667,0.25,0.24833526963154454,0.13333333333333333,0.5,10,10
4375,2430,2,0,0,0,0,0,0,10,10
4380,254,2,0,0,0,0.08514311764162098,0.0625,0.2,10,10
4384,325,5,0.07839826897867533,0.0625,0.16666666666666666,0,0,0,10,10
4398,5,1,0,0,0,0,0,0,5,5
4413,5,3,0.3294762285921131,0.09090909090909091,0.5,0.48015139736843754,0.18181818181818182,1,5,10
4415,26,3,0.0636207881989517,0.02702702702702703,0.1,0.3312392961638527,0.10810810810810811,0.3333333333333333,10,10
4420,292,1,0.35106842466815336,0.3125,0.16666666666666666,0.2781981696179509,0.1875,0.3333333333333333,10,10
4422,5,2,0.6489315753318465,0.3125,1,0.5637884576902256,0.25,1,5,10
4429,1,2,0.22009176629808014,0.07142857142857142,1,0.2895229882348574,0.14285714285714285,1,1,10
4431,358,3,0,0,0,0,0,0,10,10
4433,131,2,0,0,0,0,0,0,10,10
4443,359,3,0.17616249294452554,0.21428571428571427,0.125,0.13698471029831175,0.14285714285714285,0.14285714285714285,10,10
4444,185,4,0.515889298427605,0.3,1,0.07637274466264242,0.1,0.125,10,10
4445,38,4,0.3799109563336586,0.15384615384615385,1,0.06350608830737939,0.07692307692307693,0.16666666666666666,10,10
4455,109,3,0.1388624438735545,0.0625,0.5,0.2735872697693364,0.1875,0.3333333333333333,10,10
4459,1,4,0,0,0,0.06625422345438903,0.0625,0.1111111111111111,1,10
4463,131,3,0.6489315753318465,0.3125,1,0.22009176629808014,0.0625,1,10,10
4477,77,6,0,0,0,0,0,0,10,10
4480,4,3,0,0,0,0,0,0,4,10
4588,23,1,0.12987501165334073,0.125,0.1111111111111111,0.4920062203073636,0.25,1,10,10
4589,19,2,0,0,0,0.3183191637810562,0.25,0.3333333333333333,10,10
4592,8,1,0.787291221417595,0.5,1,0.7425769714145167,0.5,1,8,8
4593,44,2,0,0,0,0.22009176629808014,0.0625,1,10,10
4594,27,2,0.3725907541108227,0.13513513513513514,0.2,0.5057958659478398,0.16216216216216217,0.5,10,10
4596,233,1,0,0,0,0,0,0,10,10
4618,4,4,0,0,0,0,0,0,4,10
4627,7,3,0.40652716006074996,0.13333333333333333,1,0.3278940735174565,0.13333333333333333,1,7,10
4628,31,4,0,0,0,0.2646202227274383,0.08823529411764706,0.3333333333333333,10,10
4635,278,4,0,0,0,0,0,0,10,10
4661,7,5,0.5931815595667076,0.46153846153846156,0.5,0.6761708295813625,0.46153846153846156,1,7,10
4668,251,2,0.3648553992629305,0.25,0.25,0.2841567750179705,0.1875,0.25,10,10
4676,23,4,0.22486036416572236,0.06666666666666667,1,0.4376670053923234,0.2,1,10,10
4680,66,2,0.20483424751859086,0.13333333333333333,0.3333333333333333,0.2735872697693364,0.2,0.3333333333333333,10,10
4690,47,3,0,0,0,0.34369669139214537,0.08571428571428572,0.5,10,10
4698,3,3,0.37519712029518015,0.18181818181818182,1,0.37519712029518015,0.18181818181818182,1,3,10
4704,225,4,0.16354138662029633,0.13333333333333333,0.2,0.1388624438735545,0.06666666666666667,0.5,10,10
4722,34,3,0,0,0,0.2710884709729799,0.2,0.3333333333333333,10,10
4729,3,3,0.5023756245102127,0.1875,1,0.45546761169581695,0.1875,1,3,10
4737,146,5,0,0,0,0.2578753740644927,0.1875,0.3333333333333333,10,10
4755,112,4,1,0.625,1,0.5727555047321237,0.3125,1,10,10
4771,5,3,0,0,0,0.07839826897867533,0.0625,0.16666666666666666,5,10
4772,15,4,0.6489315753318465,0.35714285714285715,1,0.21408371436984164,0.21428571428571427,0.16666666666666666,10,10
4774,6,3,0.7790889382842405,0.4,1,0.9462059914695958,0.6,1,6,10
4778,2,2,0.39484136206016496,0.14285714285714285,1,0.515889298427605,0.21428571428571427,1,2,10
4781,43,3,0,0,0,0.07336392209936005,0.0625,0.14285714285714285,10,10
4782,349,3,0.07839826897867533,0.07142857142857142,0.16666666666666666,0.06625422345438903,0.07142857142857142,0.1111111111111111,10,10
4787,41,3,0.13133578718544378,0.14285714285714285,0.25,0,0,0,10,10
4793,40,5,0.1388624438735545,0.0625,0.5,0.15176219107803537,0.125,0.16666666666666666,10,10
4799,3,3,0.4690000933206747,0.07692307692307693,1,0.613652585753739,0.1282051282051282,1,3,10
4802,68,5,0,0,0,0.22009176629808014,0.02631578947368421,1,10,10
4803,131,4,0.25430127623392856,0.15384615384615385,0.5,0.17693896549758054,0.15384615384615385,0.25,10,10
4806,1,3,0.34323912424252423,0.16666666666666666,1,0.47602214300847034,0.3333333333333333,1,1,10
4807,6,4,0.08009687781155747,0.08333333333333333,0.16666666666666666,0.5145180505781558,0.3333333333333333,1,6,10
4817,1,4,0.29740901205864334,0.0625,1,0.6812018507157487,0.375,1,1,10
4820,14,5,0.27267015568947806,0.125,0.14285714285714285,0.576323354912681,0.15625,1,10,10
4821,5,5,0,0,0,0,0,0,5,10
4864,1,2,0,0,0,0,0,0,1,10
4946,429,3,0,0,0,0,0,0,10,10
4954,379,4,0,0,0,0,0,0,10,10
4956,15,4,0.023656361237707955,0,0,0,0,0,10,10
4972,4,3,0.34369669139214537,0.1875,0.5,0.5388856921828065,0.25,1,4,10
4975,41,3,0,0,0,0,0,0,10,10
4978,3,3,0.3126667288804499,0.05555555555555555,1,0.14833536055465485,0.05555555555555555,0.25,3,10
5007,32,3,0.35895421017163465,0.125,1,0.16815228646891084,0.125,0.25,10,10
5021,75,2,0.1388624438735545,0.0625,0.5,0,0,0,10,10
5027,105,2,0.9787930706003494,0.625,1,0.5708588662113934,0.375,0.5,10,10
5031,11,2,0,0,0,0,0,0,10,10
5034,26,3,0,0,0,0.0636207881989517,0.0625,0.1,10,10
5043,1,3,0,0,0,0.3529461582433961,0.3076923076923077,0.5,1,10
5048,1,3,0.2300510610426737,0.06666666666666667,1,0.2893816602237692,0.13333333333333333,1,1,10
5066,107,3,0.35106842466815336,0.3125,0.16666666666666666,0.34685330469621795,0.25,0.3333333333333333,10,10
5069,1006,2,0,0,0,0.0636207881989517,0.0625,0.1,10,10
5072,7,5,0,0,0,0,0,0,7,10
5075,1,3,0,0,0,0,0,0,1,10
5080,3,3,0,0,0,0,0,0,3,10
5081,76,2,0,0,0,0,0,0,10,10
5085,6,6,0,0,0,0,0,0,6,10
5115,3,1,0,0,0,0,0,0,3,3
5141,62,4,0,0,0,0,0,0,10,10
5142,8,5,0,0,0,0,0,0,8,10
5155,2,2,0,0,0,0,0,0,2,10
5158,8,3,0.5637884576902256,0.25,1,0.4228506620510153,0.3125,0.3333333333333333,8,10
5166,5,5,0.6489315753318465,0.3125,1,0.5302442049991306,0.375,0.5,5,10
5168,11,4,0.3725907541108227,0.13513513513513514,0.2,0.5904583928023536,0.21621621621621623,0.3333333333333333,10,10
5205,11,4,0.7799082337019198,0.23684210526315788,0.5,1,0.2631578947368421,1,10,10
5210,14,2,1,0.625,1,1,0.625,1,10,10
5216,6,4,0.22009176629808014,0.0625,1,0.22009176629808014,0.0625,1,6,10
5220,50,3,0.33995465748352,0.3333333333333333,0.5,0.1803791308352019,0.3333333333333333,0.1,10,10
5230,3,3,0,0,0,0.10947972420421868,0.05128205128205128,0.25,3,10
5231,16,2,0.800693766409882,0.4375,1,0.67269340399873,0.4375,1,10,10
5233,4,3,0.49910637925339735,0.08333333333333333,1,0.515889298427605,0.08333333333333333,1,4,10
5318,26,3,0.4690000933206747,0.25,1,0.3932783996463063,0.25,1,10,10
5319,211,2,0.24952641504388562,0.26666666666666666,0.14285714285714285,0.4440973278132556,0.2,1,10,10
5321,3,4,0,0,0,0,0,0,3,10
5322,1,6,0.22009176629808014,0.03571428571428571,1,0.4437383536868235,0.14285714285714285,1,1,10
5338,12,5,0.4624273606967018,0.2857142857142857,1,0.178891322627579,0.14285714285714285,0.5,10,10
5339,1,2,0.26742619438551957,0.0625,1,0.26742619438551957,0.0625,1,1,10
5341,307,2,0,0,0,0.09010000865236768,0.125,0.16666666666666666,10,10
5347,8,4,0.9094987067248556,0.5,1,0.9556668866636359,0.5625,1,8,10
5354,10,4,0.5309999066793252,0.1794871794871795,0.25,1,0.2564102564102564,1,10,10
5365,118,3,0.0936554679873847,0.06666666666666667,0.2,0.24640095731266953,0.13333333333333333,0.5,10,10
5366,9,2,0,0,0,0,0,0,9,10
5383,16,3,0.3592491889248341,0.1875,0.5,0.540876706081048,0.25,1,10,10
5396,23,4,0.3631438091023202,0.125,1,0.24640095731266953,0.125,0.5,10,10
5420,4,2,0.4361533373077281,0.125,1,0.08914206479517318,0.0625,0.14285714285714285,4,10
5447,146,4,0.28686517213507123,0.1875,0.3333333333333333,0.3610443495636038,0.1875,0.5,10,10
5451,2,3,0,0,0,0.1388624438735545,0.0625,0.5,2,10
5454,186,4,0,0,0,0.06943122193677725,0.0625,0.125,10,10
5459,279,3,0,0,0,0.5231737964779627,0.26666666666666666,1,10,10
5488,10,4,0.04838201975083548,0.02702702702702703,0.125,0,0,0,10,10
5497,30,2,0.12307008976637314,0.125,0.1111111111111111,0.4372825864440191,0.25,0.5,10,10
5520,6,4,0.49367903606741653,0.25,1,0.7222954974312066,0.375,1,6,10
5524,90,2,0,0,0,0.2710884709729799,0.1875,0.3333333333333333,10,10
5526,2,5,0,0,0,0.24890832702259458,0.14285714285714285,0.5,2,10
5532,1,4,0.24095440361649045,0.125,1,0.6988950380856122,0.625,1,1,10
5538,7,2,0.4170606134915054,0.25,0.5,0.3683756341388872,0.25,0.3333333333333333,7,10
5549,1,3,0,0,0,0,0,0,1,10
5574,3,1,0.14870450602932167,0.07692307692307693,0.3333333333333333,0.29740901205864334,0.07692307692307693,1,3,3
5579,2,3,0.35895421017163465,0.06060606060606061,1,0.6716766153645817,0.18181818181818182,1,2,10
5580,173,3,0.4527242824723429,0.3125,0.5,0.3499667779514209,0.1875,1,10,10
5589,186,4,0,0,0,0.4351098955930419,0.25,1,10,10
5597,2,3,0.2300510610426737,0.0625,1,0.27621924098145395,0.125,1,2,10
5599,40,3,0.32986149526850284,0.35714285714285715,0.16666666666666666,0,0,0,10,10
5600,59,3,0,0,0,0.1073508639320094,0.07142857142857142,0.25,10,10
5741,16,6,0.1356854453911663,0.13333333333333333,0.125,0,0,0,10,10
5955,9,3,0.7519273013317529,0.4,1,0.8408436653657579,0.4666666666666667,1,9,10
5982,93,3,0,0,0,0.4283854321084119,0.075,1,10,10
6008,16,1,0,0,0,0.04878471535567601,0,0,10,10
6026,3930,2,0,0,0,0.31561692740233804,0.13793103448275862,0.25,10,10
6031,12,2,1,0.6666666666666666,1,1,0.6666666666666666,1,10,10
6036,2,2,0,0,0,0,0,0,2,10
6046,67,3,0,0,0,0.22119341301481263,0.1875,0.16666666666666666,10,10
6060,4,4,0.1388624438735545,0.0625,0.5,0.1388624438735545,0.0625,0.5,4,10
6087,82,4,0,0,0,0.1564262420075855,0.3333333333333333,0.14285714285714285,10,10
6091,73,4,0.3418552983611823,0,0,0.3417032884314207,0.3333333333333333,0.3333333333333333,10,10
6125,38,4,0,0,0,0.3706355185414171,0.25,0.5,10,10
6132,16,3,0.9738672436737749,0.2857142857142857,1,0.9454862044599011,0.2857142857142857,1,10,10
6136,1138,3,0,0,0,0,0,0,10,10
6149,723,3,0,0,0,0.07979453856244816,0.125,0.125,10,10
6154,18,3,0,0,0,0.1388624438735545,0.06666666666666667,0.5,10,10
6157,208,4,0,0,0,0.2520289596798838,0.2727272727272727,0.3333333333333333,10,10
6158,21,2,0,0,0,0,0,0,10,10
6163,20,4,0,0,0,0.08514311764162098,0.08333333333333333,0.2,10,10
6169,29,3,0.5541432109622957,0.25,1,0.6578986223737446,0.375,1,10,10
6172,81,2,0.4950940324881554,0.3125,0.5,0.11004588314904007,0.0625,0.3333333333333333,10,10
6177,87,2,0.9484752201405338,0.625,1,0.7547875090851738,0.5,1,10,10
6182,4,4,0.530943853632104,0.1875,1,0.5196575323691327,0.1875,1,4,10
6190,2378,2,0,0,0,0,0,0,10,10
6191,21,3,1,0.625,1,1,0.625,1,10,10
6225,68809,1,0,0,0,0,0,0,10,10
6232,2,5,0,0,0,0,0,0,2,10
6240,21,3,0.0636207881989517,0.0625,0.1,0.5519699720241614,0.375,0.5,10,10
6242,33,2,0.24890832702259458,0.125,0.5,0.1388624438735545,0.0625,0.5,10,10
6244,8,1,0.9094987067248556,0.6153846153846154,1,0.9094987067248556,0.6153846153846154,1,8,8
6247,999,2,0,0,0,0,0,0,10,10
6259,12,2,0.800693766409882,0.4375,1,0.7728378251807518,0.4375,1,10,10
6260,2,4,0.29177800359488226,0.15384615384615385,1,0.5880381364770575,0.38461538461538464,1,2,10
6261,13,3,0.7799082337019198,0.5625,0.5,0.800693766409882,0.4375,1,10,10
6296,87,1,0.2583297509898471,0.12,0.25,0,0,0,10,10
6316,5,3,0.09478836436955078,0.06666666666666667,0.25,0.4972338571580798,0.3333333333333333,1,5,10
6331,4,2,0.6039094289265273,0.25,1,0.44048341995406454,0.1875,1,4,10
6334,5,1,0.31488013066763093,0.125,1,0.35895421017163465,0.125,1,5,5
6340,4,4,0.22009176629808014,0.08333333333333333,1,0.24890832702259458,0.16666666666666666,0.5,4,10
6362,1,3,0.22009176629808014,0.06666666666666667,1,0.42333070005078094,0.26666666666666666,1,1,10
6370,1111,2,0,0,0,0.28634598975246917,0.125,1,10,10
6377,7,3,0.857673669302587,0.4375,1,1,0.625,1,7,10
6382,469,3,0.35106842466815336,0.3333333333333333,0.16666666666666666,0.20829366581033176,0.13333333333333333,0.5,10,10
6383,951,2,0,0,0,0,0,0,10,10
6387,34,3,0.35895421017163465,0.125,1,0.43810818083050457,0.25,1,10,10
6400,9,4,0,0,0,0.1374086302940712,0.06060606060606061,0.2,9,10
6409,744,3,0,0,0,0.456899187845258,0.12121212121212122,1,10,10
6411,61,4,0.19077341442306325,0.1875,0.125,0.49193913836103503,0.25,1,10,10
6416,1094,3,0,0,0,0,0,0,10,10
6426,934,2,0,0,0,0.059330599181095484,0.06666666666666667,0.2,10,10
6430,94,4,0,0,0,0.515889298427605,0.1875,1,10,10
6433,7,4,0.29740901205864334,0.0625,1,0.0660908915685874,0.0625,0.14285714285714285,7,10
6436,7,3,0,0,0,0,0,0,7,10
6440,2227,2,0,0,0,0,0,0,10,10
6477,13,2,0.32453355760896463,0.3076923076923077,0.5,0.3216587651945162,0.3076923076923077,0.3333333333333333,10,10
6485,8,4,0.34369669139214537,0.1875,0.5,0.24890832702259458,0.125,0.5,8,10
6508,374,1,0.4011248950259844,0.35714285714285715,0.25,0,0,0,10,10
6560,105,2,0.3262233225411704,0.1875,0.5,0.08899589877164323,0.0625,0.2,10,10
6565,5,5,0,0,0,0.3843483686763149,0.5,1,5,10
6572,1,2,0.22009176629808014,0.0625,1,0.2984900352767555,0.125,1,1,10
6586,1,2,1,1,1,1,1,1,1,10
6596,93,2,0.9363792118010483,0.5625,1,0.06943122193677725,0.0625,0.125,10,10
6597,93,2,0,0,0,0.17318663334822612,0.125,0.25,10,10
6613,159,4,0,0,0,0.20829366581033176,0.125,0.5,10,10
6619,647,2,0,0,0,0.06943122193677725,0.06666666666666667,0.125,10,10
6636,12,1,1,0.6666666666666666,1,1,0.6666666666666666,1,10,10
6637,2,3,0.40652716006074996,0.16666666666666666,1,0.3456882995191705,0.16666666666666666,1,2,10
6656,37,3,0.35895421017163465,0.14285714285714285,1,0,0,0,10,10
6663,15,4,0,0,0,0.0728781195196487,0.06666666666666667,0.1111111111111111,10,10
6665,6,3,0.4012479439685138,0.2222222222222222,1,0.26238458908655027,0.2222222222222222,0.3333333333333333,6,10
6683,78,2,0,0,0,0,0,0,10,10
6685,8,2,0.15862952835945127,0.13333333333333333,0.16666666666666666,0,0,0,8,10
6690,1,4,0.22009176629808014,0.02702702702702703,1,0.6809047493604334,0.16216216216216217,1,1,10
6699,20,3,0,0,0,0,0,0,10,10
6725,35,3,0,0,0,0,0,0,10,10
6727,13,3,0.25617367829355947,0.2857142857142857,0.5,0.546216915252498,0.42857142857142855,1,10,10
6742,50,2,0.35106842466815336,0.3333333333333333,0.16666666666666666,0.1388624438735545,0.06666666666666667,0.5,10,10
6750,20,2,0.27267015568947806,0.09523809523809523,0.14285714285714285,0.22009176629808014,0.023809523809523808,1,10,10
6756,7,4,0.8369256770986023,0.4375,1,0.8369256770986023,0.4375,1,7,10
6757,2,2,0,0,0,0,0,0,2,10
6759,11,2,0.9363792118010483,0.5625,1,0.7788065869851873,0.4375,1,10,10
6771,10,2,0.9363792118010483,0.5625,1,0.92663607790064,0.5625,1,10,10
6786,2,3,0.2357541930550393,0.07142857142857142,1,0.3372879974713539,0.14285714285714285,1,2,10
6787,20,3,0.3605861604796221,0.3076923076923077,0.3333333333333333,0.14867326849560983,0.15384615384615385,0.2,10,10
6793,65,2,0,0,0,0,0,0,10,10
6794,7,2,0.07336392209936005,0.06666666666666667,0.14285714285714285,0.1388624438735545,0.06666666666666667,0.5,7,10
6813,1,4,0.22009176629808014,0.0625,1,0.933745776545611,0.5625,1,1,10
6816,5,3,0.09478836436955078,0.06666666666666667,0.25,0.5037854158496246,0.4,0.5,5,10
6832,265,2,0,0,0,0.0636207881989517,0.03333333333333333,0.1,10,10
6839,50,2,0.40771565088588685,0.4,0.3333333333333333,0.12224381943892991,0.1,0.14285714285714285,10,10
6843,265,2,0,0,0,0.18340980524840012,0.125,0.3333333333333333,10,10
6865,1,3,0.2300510610426737,0.02702702702702703,1,0.38834533445695124,0.10810810810810811,1,1,10
6901,10,4,0.4283854321084119,0.23076923076923078,1,0.2984900352767555,0.15384615384615385,1,10,10
7001,19,4,0.5541432109622957,0.26666666666666666,1,0.4283854321084119,0.2,1,10,10
7013,219,3,0.4163824138054737,0.45454545454545453,0.3333333333333333,0.2685529228900211,0.2727272727272727,0.3333333333333333,10,10
7016,19,4,0.3324191850375721,0.2857142857142857,1,0.0883766089040905,0.14285714285714285,0.1,10,10
7023,4,3,0.647939623894138,0.5,1,1,1,1,4,10
7035,12,3,0.5045411175298192,0.3125,1,0.38504814933911535,0.25,0.5,10,10
7050,81,1,0.8701249883466592,0.5,1,0.26367168298336585,0.1875,0.16666666666666666,10,10
7062,2,5,0,0,0,0.14606834984270645,0.2,0.25,2,10
7079,14,3,0.2898595862790639,0.09523809523809523,1,0.3097279100965646,0.19047619047619047,0.2,10,10
7094,10,3,0.37519712029518015,0.14285714285714285,1,0.37519712029518015,0.14285714285714285,1,10,10
7095,23,3,0,0,0,0.2583297509898471,0.1875,0.25,10,10
7106,11,4,1,0.25,1,1,0.25,1,10,10
7108,17,3,0.800693766409882,0.4375,1,0.4228506620510153,0.3125,0.3333333333333333,10,10
7120,22,3,0.14471087797820217,0.1,0.3333333333333333,0.5028068227581621,0.3,1,10,10
7127,1,2,0.279901702223461,0.0625,1,0.279901702223461,0.0625,1,1,10
7132,6,2,0.6914517226210658,0.625,0.5,0.6891451314068769,0.625,0.25,6,10
7154,24,4,0.2770900353227135,0.25,0.16666666666666666,0.7588132970477612,0.4375,1,10,10
7158,562,1,0,0,0,0.16354138662029633,0.13333333333333333,0.2,10,10
7169,4,1,0.22009176629808014,0.06666666666666667,1,0.8611375561264454,0.6,1,4,10
7171,78,2,0.9716189607861262,0.38461538461538464,1,0.5743371894486218,0.19230769230769232,1,10,10
7175,1,4,0.3368164256333635,0.14285714285714285,1,0.7107366686735749,0.5714285714285714,1,1,10
7195,18,5,0.5309999066793252,0.4375,0.25,1,0.625,1,10,10
7203,2,2,0,0,0,0,0,0,2,10
7207,29,2,0.5712992121116572,0.25,1,0.6301653161143503,0.25,1,10,10
7210,1,2,0,0,0,0,0,0,1,10
7211,5,3,1,1,1,1,1,1,5,10
7238,23,2,1,0.625,1,0.800693766409882,0.4375,1,10,10
7240,22,4,0.12562943475181026,0.125,0.16666666666666666,0.2742848206396422,0.1875,1,10,10
7244,14,5,0,0,0,0.09478836436955078,0.0625,0.25,10,10
7250,148,2,0,0,0,0,0,0,10,10
7253,254,3,0.6410457898283652,0.5,0.3333333333333333,1,0.625,1,10,10
7255,9,4,0.41335851702437354,0.35714285714285715,0.3333333333333333,0.3339138310053121,0.2857142857142857,0.5,9,10
7256,28,3,0.22009176629808014,0.0625,1,0.11004588314904007,0.0625,0.3333333333333333,10,10
7258,77,3,0.5806020001118017,0.2608695652173913,0.5,0.5388856921828065,0.17391304347826086,1,10,10
7268,3,5,0.45279417953432816,0.1875,1,0.9154119198746465,0.625,1,3,10
7270,29,5,0,0,0,0,0,0,10,10
7274,37,4,0,0,0,0,0,0,10,10
7278,450,4,0.0636207881989517,0.08333333333333333,0.1,0.22009176629808014,0.08333333333333333,1,10,10
7301,7,4,0.28997736516021183,0.1875,0.3333333333333333,0.6371523797895855,0.3125,1,7,10
7303,4,4,0,0,0,0,0,0,4,10
7305,26,4,0.07336392209936005,0.0625,0.14285714285714285,0,0,0,10,10
7316,25,2,0,0,0,0.1810234404962175,0.125,0.25,10,10
7318,303,3,0,0,0,0.07336392209936005,0.043478260869565216,0.14285714285714285,10,10
7319,4,6,0.34369669139214537,0.1875,0.5,0.3995688713838975,0.1875,1,4,10
7320,2,4,0.22009176629808014,0.08333333333333333,1,0.4690000933206747,0.25,1,2,10
7328,235,2,0,0,0,0,0,0,10,10
7340,14,4,0,0,0,0.09330056740782033,0.0625,0.3333333333333333,10,10
7347,187,2,0,0,0,0.20511666732794356,0.13333333333333333,0.5,10,10
7388,869,2,0,0,0,0.24397230367837971,0.05357142857142857,0.5,10,10
7415,160,3,0,0,0,0,0,0,10,10
7417,4294,3,0,0,0,0.8539316501572934,0.8,1,10,10
7425,2,2,0.266379247589265,0.07142857142857142,1,0.5423247252962317,0.35714285714285715,0.5,2,10
7427,20,2,0,0,0,0.09478836436955078,0.07692307692307693,0.25,10,10
7434,27,1,0.19930623359011798,0.21428571428571427,0.125,0.22009176629808014,0.07142857142857142,1,10,10
7436,16,2,0,0,0,0,0,0,10,10
7442,1,2,0,0,0,0,0,0,1,10
7443,13,3,0.8579809428223729,0.5333333333333333,1,0.9216017310213247,0.6,1,10,10
7456,3,2,0.5698664345004878,0.2,1,0.41761443305159,0.2,0.5,3,10
7478,315,2,0,0,0,0.12681303111198555,0.125,0.25,10,10
7483,36,3,0,0,0,0,0,0,10,10
7505,323,2,0,0,0,0,0,0,10,10
7511,16,3,0.6468562235661908,0.4375,0.5,0.1388624438735545,0.0625,0.5,10,10
7541,682,2,0,0,0,0.15139734109601002,0.08,0.2,10,10
7581,44,4,0,0,0,0.6496872770120411,0.5,1,10,10
7583,29,4,0,0,0,0.5631102580041938,0.3125,1,10,10
7587,2162,2,0,0,0,0,0,0,10,10
7594,3,4,0,0,0,0,0,0,3,10
7596,1,1,0,0,0,0,0,0,1,1
7602,7,3,0,0,0,0,0,0,7,10
7609,181,2,0.07839826897867533,0.04,0.16666666666666666,0.4000232483092519,0.12,1,10,10
7612,181,2,0,0,0,0,0,0,10,10
7621,54,2,0.4673791184803735,0.24,0.25,0.0636207881989517,0.04,0.1,10,10
7636,1,3,0.29740901205864334,0.08333333333333333,1,0.7383062449225429,0.5,1,1,10
7642,5,1,0.576003728085674,0.21052631578947367,1,0.5211204970478976,0.21052631578947367,1,5,6
7663,2,2,0.35895421017163465,0.05555555555555555,1,0.727329844310522,0.16666666666666666,1,2,10
7675,11,3,0.20194363541036792,0.13333333333333333,0.14285714285714285,0.4089773158351054,0.3333333333333333,0.25,10,10
7689,2,3,0.45650001423154074,0.125,1,0.45650001423154074,0.125,1,2,10
7729,2,4,0.354105102365221,0.125,1,0.7406373893926299,0.375,1,2,10
7732,3,2,0.420027879946489,0.125,1,0.3863083732086251,0.125,1,3,3
7740,5531,1,0,0,0,0,0,0,10,10
7741,257,2,0,0,0,0,0,0,10,10
7742,1876,2,0,0,0,0,0,0,10,10
7746,50,4,0.35895421017163465,0.125,1,0,0,0,10,10
7751,320,3,0,0,0,0,0,0,10,10
7752,576,3,0,0,0,0.06625422345438903,0.030303030303030304,0.1111111111111111,10,10
7756,30,4,0,0,0,0.07336392209936005,0.0625,0.14285714285714285,10,10
7808,1,4,0,0,0,0.0843142342558857,0.125,0.14285714285714285,1,10
7812,644,2,0,0,0,0.1388624438735545,0.06666666666666667,0.5,10,10
7828,17,2,1,0.625,1,0.9216017310213247,0.5625,1,10,10
7839,8,3,0.30316623557495187,0,0,0.3696659055794982,0.058823529411764705,0.1,8,10
7844,10,1,0.13721326005400028,0.09090909090909091,0.16666666666666666,0.34010470860978487,0.09090909090909091,1,10,10
7854,145,1,0.22119341301481263,0.12,0.16666666666666666,0,0,0,10,10
7864,11,2,1,0.625,1,1,0.625,1,10,10
7873,3563,1,0,0,0,0.0636207881989517,0.021739130434782608,0.1,10,10
7876,1783,2,0,0,0,0,0,0,10,10
7886,22,3,0,0,0,0.324296020802195,0.14285714285714285,1,10,10
7890,60,2,0.41516539852036716,0.36363636363636365,0.5,0.5114239979829408,0.5454545454545454,0.3333333333333333,10,10
7892,173,2,0,0,0,1,1,1,10,10
7897,4,3,0.34369669139214537,0.1875,0.5,0.35895421017163465,0.125,1,4,10
7905,388,2,0.023084089969390112,0,0,0.09891756949871809,0.07142857142857142,0.1111111111111111,10,10
7910,5,2,0.424926013816671,0.2727272727272727,1,0.33405144466421555,0.2727272727272727,0.5,5,10
7922,10,2,1,0.625,1,1,0.625,1,10,10
7995,45,3,0.727329844310522,0.4,1,0.11004588314904007,0.06666666666666667,0.3333333333333333,10,10
7996,7,3,0.7358926676172787,0.5384615384615384,1,0.37519712029518015,0.15384615384615385,1,7,10
8018,119,2,0,0,0,0.14782949091545258,0.125,0.16666666666666666,10,10
8019,19,2,0,0,0,0.06943122193677725,0.07142857142857142,0.125,10,10
8023,8,1,0.6502642889708732,0.21428571428571427,1,0.7270361529727652,0.21428571428571427,1,8,8
8043,9,3,0.27084579279758897,0.1111111111111111,0.2,0.521265605973125,0.1111111111111111,1,9,10
8045,1,6,0.2357541930550393,0.09090909090909091,1,0.5761572470314522,0.45454545454545453,1,1,10
8155,12,3,0.7799082337019198,0.5625,0.5,0.9216017310213247,0.5625,1,10,10
8159,22,2,0.0636207881989517,0.1,0.1,0.5619107241149828,0.5,1,10,10
8173,19,3,0.39401519638101345,0.38461538461538464,0.25,0.6207622843987101,0.38461538461538464,1,10,10
8177,155,2,0,0,0,0,0,0,10,10
8181,7,3,0.23690530871965637,0.1875,0.2,0.8200685179888281,0.5,1,7,10
8185,41,3,0.5309999066793252,0.4375,0.25,0.933745776545611,0.5625,1,10,10
8229,1,1,0,0,0,0,0,0,1,1
8241,42,1,0.7136540102475307,0.5,0.5,0.1356854453911663,0.125,0.125,10,10
8253,4097,1,0,0,0,0,0,0,10,10
8259,521,3,0,0,0,0.2685529228900211,0.11538461538461539,0.3333333333333333,10,10
8260,12,7,0.3005260969186081,0.25,0.2,0.4323181322709947,0.1875,1,10,10
8265,18,4,0,0,0,0.09643499495537623,0.08695652173913043,0.16666666666666666,10,10
8267,9,2,0.5637884576902256,0.25,1,0.4690000933206747,0.1875,1,9,10
8274,8,3,0.637983319073831,0.5,0.5,0.523764870123389,0.125,1,8,10
8317,2,2,0.35895421017163465,0.11764705882352941,1,0.6621137423456801,0.35294117647058826,1,2,10
8327,7,3,0,0,0,0.09684208768602304,0.06666666666666667,0.25,7,10
8431,22,1,0.2785779383605913,0.25,0.14285714285714285,0.390700267063723,0.25,0.5,10,10
8448,4943,1,0,0,0,0,0,0,10,10
8454,33,2,0.6468562235661908,0.4375,0.5,0.24655055544758617,0.1875,0.25,10,10
8462,5,3,0.5018040483185394,0.4,0.5,0.6597133113683123,0.4,1,5,10
8515,5,2,0.7138097836082222,0.3125,1,0.771300643499791,0.375,1,5,10
8539,58,2,0,0,0,0.11004588314904007,0.07142857142857142,0.14285714285714285,10,10
8540,64,2,0,0,0,0,0,0,10,10
8545,1,1,0.30260241349881345,0.16666666666666666,1,0.30260241349881345,0.16666666666666666,1,1,1
8558,17,2,0,0,0,0,0,0,10,10
8573,11,1,0,0,0,0,0,0,10,10
8609,13,2,0,0,0,0,0,0,10,10
8620,229,1,0,0,0,0.07839826897867533,0.043478260869565216,0.16666666666666666,10,10
8706,47,4,0,0,0,0.3301376494471202,0.125,1,10,10
8724,47,1,0,0,0,0.7542686714597935,0.4375,1,10,10
8726,14,2,0.6410457898283652,0.5,0.3333333333333333,0.7799082337019198,0.5625,0.5,10,10
8733,1,2,0.2300510610426737,0.08333333333333333,1,0.2300510610426737,0.08333333333333333,1,1,10
8743,30,3,0.5774250016294136,0.4375,0.3333333333333333,0.31879392588472627,0.1875,0.5,10,10
8744,11597,1,0,0,0,0.06625422345438903,0.0625,0.1111111111111111,10,10
8752,53,3,1,0.8333333333333334,1,1,0.8333333333333334,1,10,10
8760,37,2,0.4756419565559247,0.3125,0.5,0.07839826897867533,0.0625,0.16666666666666666,10,10
8776,1,3,0,0,0,0.857673669302587,0.4375,1,1,10
8786,1,1,0,0,0,0,0,0,1,1
8788,2,1,0,0,0,0,0,0,2,2
8792,37,4,0,0,0,0.7849818707050382,0.175,1,10,10
8794,47,1,0,0,0,0.09478836436955078,0.043478260869565216,0.25,10,10
8816,28,4,0,0,0,0.2300510610426737,0.07142857142857142,1,10,10
8820,12,3,0.3974688052190698,0.42857142857142855,0.2,0.4816899038611916,0.42857142857142855,0.16666666666666666,10,10
8822,18,2,0.8701249883466592,0.5333333333333333,1,0.9125388471459603,0.6,1,10,10
8844,4,4,0.1399508511117305,0.0625,0.3333333333333333,0.24823161036660316,0.125,0.3333333333333333,4,10
8857,60,4,0.5309999066793252,0.4375,0.25,0.3052348839397011,0.125,1,10,10
8871,996,2,0,0,0,0.5637884576902256,0.12903225806451613,1,10,10
8884,19,2,0.6039094289265273,0.26666666666666666,1,0.5023756245102127,0.2,1,10,10
8889,1,1,0.24926098697416302,0.09090909090909091,1,0.24926098697416302,0.09090909090909091,1,1,1
8892,6,2,0.5676648326913505,0.8,0.3333333333333333,0.8051628502199796,0.8,1,6,10
8893,187,2,0.5289797972304711,0.6363636363636364,0.25,0.7164198112122201,0.5454545454545454,1,10,10
8899,11,4,0.2514632262898275,0.26666666666666666,0.14285714285714285,0.4557670841989305,0.26666666666666666,1,10,10
8924,13,3,1,0.625,1,1,0.625,1,10,10
8935,8,1,0.8701249883466592,0.6666666666666666,1,1,0.8333333333333334,1,8,10
8944,2,6,0.34701127251255487,0.125,1,0.6286658127890671,0.3125,1,2,10
8951,1,2,0.15716946203669288,0.0625,1,0.5236158565649857,0.25,1,1,10
8956,16,3,0,0,0,0.07437216746382688,0.08333333333333333,0.125,10,10
8957,39,2,0,0,0,0.6230158589111029,0.4666666666666667,0.5,10,10
8972,7,3,0.37185395737611554,0.1875,1,0.4152807670887412,0.1875,1,7,10
8978,8,3,0.8587319333039418,0.75,1,0.9267995871640471,0.875,1,8,10
9003,48,1,0.04241385879930114,0.06666666666666667,0.1,0.6698623505528797,0.5333333333333333,0.5,10,10
9011,8,3,0.2639268286108715,0.075,0.25,0.4791616403996509,0.075,1,8,10
9043,13,2,0.6410457898283652,0.5,0.3333333333333333,1,0.625,1,10,10
9050,4303,2,0,0,0,0,0,0,10,10
9053,137,6,0,0,0,0.07839826897867533,0.0625,0.16666666666666666,10,10
9059,178,4,0.08514311764162098,0.06666666666666667,0.2,0.1610425878239398,0.13333333333333333,0.25,10,10
9064,536,2,0,0,0,0.1799314820111718,0.07692307692307693,0.25,10,10
9066,12,4,0,0,0,0,0,0,10,10
9073,518,3,0,0,0,0,0,0,10,10
9076,1,4,0.24209587273488012,0.06666666666666667,1,0.9745424184457858,0.6666666666666666,1,1,10
9079,5,2,0.5279755735356032,0.3333333333333333,1,0.4396173736513389,0.25,1,5,10
9093,609,2,0,0,0,0.16421958630632802,0.13333333333333333,0.25,10,10
9096,9,2,0,0,0,0,0,0,9,10
9101,14,3,1,0.625,1,1,0.625,1,10,10
9105,359,2,0,0,0,0.6807147163911592,0.5,1,10,10
9108,359,2,0,0,0,0,0,0,10,10
9118,180,2,0,0,0,0,0,0,10,10
9120,258,2,0,0,0,0,0,0,10,10
9128,27,2,0.27267015568947806,0.25,0.14285714285714285,0.6306637463657283,0.375,1,10,10
9190,1,2,0.22009176629808014,0.025,1,0.22009176629808014,0.025,1,1,7
9203,9,5,0.5877949735823799,0.3125,1,0.4982710309705436,0.3125,0.5,9,10
9207,42,2,0.64047192428373,0.5,0.5,0.35899799674353866,0.2857142857142857,0.5,10,10
9210,43,3,0,0,0,0,0,0,10,10
9211,21,2,0,0,0,0.2336508082431053,0.125,0.5,10,10
9215,1,3,0,0,0,0,0,0,1,10
9222,3,3,0.22009176629808014,0.0625,1,0.1388624438735545,0.0625,0.5,3,10
9226,138,2,0.2920742270644659,0.25,0.14285714285714285,0.09120217140065603,0.0625,0.2,10,10
9251,23,3,0.39401519638101345,0.3125,0.25,0.47293279348325756,0.25,1,10,10
9254,1,2,0.2575389154724167,0.06666666666666667,1,0.2575389154724167,0.06666666666666667,1,1,1
9259,14,4,0.1396181455537491,0.125,0.14285714285714285,0.27191445400928344,0.1875,0.5,10,10
9270,19,2,0.7318068210920499,0.5333333333333333,0.5,0.8447274418735332,0.5333333333333333,1,10,10
9287,57,4,0,0,0,0,0,0,10,10
9290,153,3,0,0,0,0.11004588314904007,0.08333333333333333,0.3333333333333333,10,10
9295,22,3,1,0.625,1,0.8899541168509598,0.5625,1,10,10
9313,2,2,0,0,0,0.12342969255378516,0.125,0.16666666666666666,2,10
9320,7,4,0.6421867266689009,0.3125,1,0.6489315753318465,0.3125,1,7,10
9335,7,4,0.6199462085736674,0.25,1,0.7007249908422912,0.375,1,7,10
9359,2,1,0.35895421017163465,0.06060606060606061,1,0.35895421017163465,0.06060606060606061,1,2,2
9362,30,3,0,0,0,0,0,0,10,10
9363,19,2,0.9061141373634359,0.625,1,0.9032467383434785,0.625,1,10,10
9368,72,2,0.6126647506144917,0.5,0.3333333333333333,0.4323181322709947,0.1875,1,10,10
9370,14,4,0.5017493542077719,0.25,1,0.7058075148678526,0.375,1,10,10
9372,105,1,0.37941405415148566,0.25,1,0.07311683844390994,0.125,0.1,10,10
9385,142,5,0,0,0,0.07336392209936005,0.06666666666666667,0.14285714285714285,10,10
9388,2,4,0.2855902880722746,0.125,1,0.7028752036107351,0.4375,1,2,10
9396,575,4,0,0,0,0,0,0,10,10
9398,71,3,0.2601715897738433,0.125,0.5,0.2300510610426737,0.0625,1,10,10
9402,21,4,0.4361533373077281,0.15384615384615385,1,0.5698664345004878,0.23076923076923078,1,10,10
9415,413,3,0.09478836436955078,0.06666666666666667,0.25,0,0,0,10,10
9416,17,4,0.45213257382854516,0.25,0.5,0.632732683945411,0.3125,1,10,10
9418,110,3,0,0,0,0.6332196796270028,0.35714285714285715,1,10,10
9419,5,3,0,0,0,0,0,0,5,10
9421,128,2,0,0,0,0,0,0,10,10
9423,14,3,0.933745776545611,0.5625,1,0.5363559634917963,0.375,0.5,10,10
9427,206,3,0,0,0,0.7791714369672127,0.20588235294117646,1,10,10
9436,141,3,0.35106842466815336,0.1282051282051282,0.16666666666666666,0.9052116356304492,0.23076923076923078,1,10,10
9437,4,3,0.14514605925250643,0.0625,0.5,0.2300510610426737,0.0625,1,4,10
9451,66,2,0.6489315753318465,0.3125,1,0,0,0,10,10
9485,534,1,0,0,0,0.3647442587311445,0.1875,1,10,10
9494,3,2,0.45738167255234885,0.15384615384615385,1,0.6648682786593287,0.3076923076923077,1,3,10
9496,10,2,1,0.625,1,0.9363792118010483,0.5625,1,10,10
9503,274,1,0,0,0,0.7948833326720564,0.5333333333333333,1,10,10
9506,63,2,0.6117492835406687,0.42857142857142855,0.5,0.5128801457364098,0.35714285714285715,0.5,10,10
9513,3,2,0.24890832702259458,0.05555555555555555,0.5,0.5736308419865447,0.2777777777777778,0.3333333333333333,3,10
9515,1,1,0.279901702223461,0.0625,1,0.279901702223461,0.0625,1,1,1
9520,4,4,0.5637884576902256,0.25,1,0.7948833326720564,0.5,1,4,10
9553,5,2,0.12054710171248399,0.0625,0.25,0.34210208049534124,0.125,1,5,10
9555,1,3,0.22009176629808014,0.0625,1,0.40853591842579556,0.1875,1,1,10
9578,2,2,0,0,0,0,0,0,2,10
9597,57,2,0.6410457898283652,0.5,0.3333333333333333,0.1668079615767874,0.125,0.3333333333333333,10,10
9598,4,3,0.45650001423154074,0.14285714285714285,1,0.5104398388577447,0.21428571428571427,1,4,10
9610,12,3,0.6918328048031814,0.5714285714285714,0.5,0.933745776545611,0.6428571428571429,1,10,10
9612,163,4,0,0,0,0.21726071285222984,0.05128205128205128,0.5,10,10
9614,289,2,0,0,0,0.15850703974098104,0.125,0.2,10,10
9939,1,3,0,0,0,0.45568466553999154,0.35,0.5,1,10
9950,5,2,0,0,0,0,0,0,5,10
9957,139,3,0.08514311764162098,0.0625,0.2,0,0,0,10,10
9958,3679,1,0,0,0,0,0,0,10,10
9962,2,4,0.40652716006074996,0.13333333333333333,1,0.7629310775045389,0.4666666666666667,1,2,10
9990,8,2,0.8701249883466592,0.21621621621621623,1,0.955830517697074,0.24324324324324326,1,8,10
10010,10,1,0.7745610100836567,0.3684210526315789,1,0.7745610100836567,0.3684210526315789,1,10,10
10016,7,2,0.8369256770986023,0.4666666666666667,1,0.8267416600889241,0.4666666666666667,1,7,10
10020,15,3,0.4319964223378389,0.38461538461538464,0.3333333333333333,0.7222954974312066,0.46153846153846156,1,10,10
10025,67,4,0,0,0,0.2792998163346834,0.3,0.25,10,10
10028,388,2,0.07336392209936005,0.0625,0.14285714285714285,0,0,0,10,10
10042,163,3,0.15176219107803537,0.13333333333333333,0.16666666666666666,0.1356854453911663,0.13333333333333333,0.125,10,10
10043,595,2,0,0,0,0.1610425878239398,0.125,0.25,10,10
10044,1,3,0.29740901205864334,0.06666666666666667,1,0.29740901205864334,0.06666666666666667,1,1,10
10051,28,4,0,0,0,0.09478836436955078,0.07142857142857142,0.25,10,10
10054,8,2,0.48605496134822973,0.2,1,0.4189765203646354,0.26666666666666666,0.5,8,10
10071,9,3,0.800693766409882,0.4375,1,0.6489315753318465,0.3125,1,9,10
10083,4,3,0.5321923362337085,0.14814814814814814,1,0.4985723557253837,0.14814814814814814,1,4,10
10114,10,2,0.6300426811446145,0.3125,1,0.5516478257283838,0.4375,0.3333333333333333,10,10
10121,8,4,0.8701249883466592,0.5,1,0.866947989864271,0.5,1,8,10
10122,211,2,1,0.625,1,0.2399208948023808,0.1875,0.3333333333333333,10,10
10124,11,3,0.727329844310522,0.375,1,0.6180396628416763,0.375,1,10,10
10131,55,3,0,0,0,0.28955799767785434,0.25,0.16666666666666666,10,10
10133,7,1,0.8361655353465287,0.4666666666666667,1,0.8348088230847216,0.4666666666666667,1,7,7
10140,5,3,0.5637884576902256,0.10810810810810811,1,0.7774274486106366,0.1891891891891892,1,5,10
10152,279,2,0,0,0,0.31604547268825595,0.16,0.2,10,10
10158,28,2,0,0,0,0.4527281414903876,0.3,1,10,10
10171,12,4,1,0.625,1,1,0.625,1,10,10
10186,60,1,0,0,0,0.28997736516021183,0.1875,0.3333333333333333,10,10
10189,415,1,0,0,0,0,0,0,10,10
10193,15,2,0.9504120313864756,0.7692307692307693,1,0.6382733776905922,0.46153846153846156,1,10,10
10195,18,2,0.35106842466815336,0.3333333333333333,0.16666666666666666,0.8512360941594272,0.5333333333333333,1,10,10
10198,63,2,0.24204079197948783,0.25,0.16666666666666666,0.2860460468289663,0.25,0.2,10,10
10226,13,2,0.7840792241898119,0.5714285714285714,1,0.6614022999318018,0.5,1,10,10
10232,85,2,0.4150046129101238,0.375,0.2,0.4977962688668735,0.3125,1,10,10
10235,34,5,0,0,0,0.6691345919034244,0.35714285714285715,1,10,10
10241,7,3,0.800693766409882,0.19444444444444445,1,1,0.2777777777777778,1,7,10
10288,14,4,0.8776136289192545,0.6,1,0.9771741273130831,0.6666666666666666,1,10,10
10289,11,3,0.8415908474314975,0.8,1,0.8579809428223729,0.8,1,10,10
10300,9,1,0.6928885599606714,0.4666666666666667,0.5,0.8175037781061659,0.4666666666666667,1,9,9
10307,1,3,0.279901702223461,0.06666666666666667,1,0.45650001423154074,0.13333333333333333,1,1,3
10312,10,4,0.08514311764162098,0.037037037037037035,0.2,0.21287242412937254,0.07407407407407407,0.5,10,10
10323,364,2,0.3077395036012659,0.25,0.16666666666666666,0.5714988010115336,0.25,1,10,10
10368,151,2,0,0,0,0,0,0,10,10
10370,14,3,0.5352543167750637,0.4,1,0.6083169141195837,0.5,1,10,10
10396,2,2,0.22009176629808014,0.07142857142857142,1,0.09478836436955078,0.07142857142857142,0.25,2,5
10409,61,2,0,0,0,0.7909506325094736,0.4666666666666667,1,10,10
10435,28,3,1,0.2857142857142857,1,1,0.2857142857142857,1,10,10
10438,18,1,0.5311839578473406,0.3333333333333333,0.2,0.4481609901571236,0.3333333333333333,0.2,10,10
10462,146,3,0.1751795093577132,0.13333333333333333,0.2,0.303902437924208,0.13333333333333333,1,10,10
10469,78,3,0.06254806489603015,0.0625,0.125,0,0,0,10,10
10489,1643,2,0,0,0,0.3647442587311445,0.1875,1,10,10
10499,69,2,0.43621154230977444,0.375,0.2,0.6785038377365555,0.375,1,10,10
10518,9,1,0.9363792118010483,0.5625,1,1,0.625,1,9,10
10530,71,2,0.6371523797895855,0.3125,1,0.11004588314904007,0.0625,0.3333333333333333,10,10
10532,5,2,0.7039180890341348,0.6666666666666666,1,0.7653606369886218,0.6666666666666666,1,5,10
10557,16,4,0,0,0,0.06943122193677725,0.06666666666666667,0.125,10,10
10560,1,3,0,0,0,0,0,0,1,10
10561,2,3,0.10484411539105797,0.0625,0.5,0.20530122902492812,0.125,0.5,2,10
10563,800,3,0,0,0,0,0,0,10,10
10573,310,2,0.35106842466815336,0.3125,0.16666666666666666,0.22082856303278728,0.1875,0.2,10,10
10611,555,3,0,0,0,0,0,0,10,10
10618,2,3,0.45650001423154074,0.13333333333333333,1,0.45650001423154074,0.13333333333333333,1,2,10
10636,7,2,0.9512312000626859,1,1,0.9182162519778517,1,1,7,10
10638,7,4,0.3270995815576296,0.1875,0.5,0.4090307868171935,0.1875,1,7,10
10645,2,1,0.2575389154724167,0.0625,1,0.2575389154724167,0.0625,1,2,2
10648,9,2,0.44485302949345024,0.10526315789473684,1,0.2520649403266671,0.07894736842105263,0.3333333333333333,9,10
10656,578,2,0,0,0,0,0,0,10,10
10679,8,1,0.5637884576902256,0.3333333333333333,1,0.5423640154200348,0.3333333333333333,1,8,8
10706,54,2,0,0,0,0.3796047002392273,0.125,1,10,10
10753,1,4,0.29740901205864334,0.07692307692307693,1,0.8071397609596849,0.5384615384615384,1,1,10
10769,2,2,0,0,0,0,0,0,2,10
10810,8,3,0.6901935063354874,0.375,1,0.7510916729774053,0.5,1,8,10
10815,43,3,0.6172839611614817,0.45454545454545453,1,0.4701017400374072,0.45454545454545453,0.5,10,10
10839,25,2,0.27267015568947806,0.23529411764705882,0.14285714285714285,0.5392627447548765,0.35294117647058826,0.5,10,10
10841,21,1,0.1506856704508052,0.14285714285714285,0.125,0,0,0,10,10
10846,207,3,0,0,0,0.07336392209936005,0.0625,0.14285714285714285,10,10
10848,40,2,0,0,0,0,0,0,10,10
10851,1,1,0,0,0,0,0,0,1,1
10863,4,3,0.09478836436955078,0.0625,0.25,0.22009176629808014,0.0625,1,4,10
10874,19,3,0.370449705654333,0.25,0.3333333333333333,0.15274548932528484,0.0625,0.5,10,10
10893,17,1,0.5646170634173541,0.25,1,0.3347696763243422,0.1875,0.5,10,10
10922,6,2,0,0,0,0,0,0,6,10
10924,6,2,0.2666214314551734,0.125,0.5,0.2399465063283098,0.125,0.5,6,10
10931,3,2,0.497223749750845,0.6666666666666666,0.5,0.4396592698888862,0.3333333333333333,1,3,10
10940,2,4,0.1388624438735545,0.07142857142857142,0.5,0,0,0,2,10
10942,10,3,0.36952877356946745,0.13513513513513514,0.25,0.5029066772370018,0.16216216216216217,0.5,10,10
10991,7,3,0.39484136206016496,0.125,1,0.1979204851806171,0.125,0.25,7,10
11009,15,1,1,0.625,1,0.7510916729774053,0.5,1,10,10
11021,103,2,0.5023756245102127,0.23076923076923078,1,0.42126533542841105,0.23076923076923078,1,10,10
11038,83,2,0.37642556710092695,0.5,0.25,0.23690530871965637,0.3,0.2,10,10
11052,6,4,0.4791616403996509,0.2,1,0.7890459693613329,0.4666666666666667,1,6,10
11067,1,3,0.26758011768212336,0.125,1,0.2187546037776888,0.25,0.25,1,10
11069,24,4,0,0,0,0.7655934900767001,0.18421052631578946,1,10,10
11074,59,1,0.11004588314904007,0.03571428571428571,0.3333333333333333,0,0,0,10,10
11085,8,4,0,0,0,0,0,0,8,10
11098,11,3,0,0,0,0,0,0,10,10
11123,18,2,0.5931815595667076,0.46153846153846156,0.5,0.7379450459208725,0.46153846153846156,1,10,10
11124,2,6,0.4361533373077281,0.18181818181818182,1,0.5252954021029013,0.2727272727272727,1,2,10
11127,22,2,0.5774250016294136,0.4375,0.3333333333333333,0.7421246259355073,0.4375,1,10,10
11222,9,3,0.800693766409882,0.4375,1,0.725452110735279,0.4375,1,9,10
11229,1,2,0.4692787260227565,0.3333333333333333,1,0.9674679834891694,1,1,1,10
11230,12,2,0.8521705090845474,0.6666666666666666,1,0.6627919420317118,0.5,1,10,10
11232,5,5,0.28390133585883026,0.125,0.5,0.5341019007572799,0.25,1,5,10
11235,63,3,0.1388624438735545,0.06666666666666667,0.5,0.11004588314904007,0.06666666666666667,0.3333333333333333,10,10
11242,1,2,0,0,0,0,0,0,1,10
11243,11,2,0.6749481901460428,0.21052631578947367,0.5,0.8224597061601243,0.21052631578947367,1,10,10
11251,764,1,0,0,0,0.49276192198755825,0.3125,1,10,10
11256,7,3,0.34128913934721955,0.2727272727272727,0.5,0.5182281048448001,0.45454545454545453,0.5,7,10
11279,38,5,0.727329844310522,0.375,1,0.23690530871965637,0.1875,0.2,10,10
11284,9,3,0.1388624438735545,0.07142857142857142,0.5,0.3714891073940902,0.21428571428571427,1,9,10
11317,338,2,0.12987501165334073,0.13333333333333333,0.1111111111111111,0.22009176629808014,0.06666666666666667,1,10,10
11328,1,4,0,0,0,0.19572228152938376,0.125,0.5,1,10
11330,55,4,0.17366667134799177,0.13333333333333333,0.3333333333333333,0.17630010660342912,0.13333333333333333,0.3333333333333333,10,10
11345,9,4,0,0,0,0,0,0,9,10
11348,3,4,0,0,0,0.4827320268242777,0.25,1,3,10
11354,248,3,0,0,0,0.15621769124173895,0.125,0.16666666666666666,10,10
11358,142,3,0,0,0,0.3600558568883671,0.25,0.5,10,10
11374,1103,2,0,0,0,0.06943122193677725,0.0625,0.125,10,10
11405,3,3,0.5698664345004878,0.1875,1,0.6903718214731495,0.3125,1,3,10
11442,4,2,0,0,0,0,0,0,4,10
11451,2,1,0.22009176629808014,0.0625,1,0.22009176629808014,0.0625,1,2,2
11457,3,1,0.31654916311981024,0.125,0.5,0.45650001423154074,0.125,1,3,3
11470,121,1,0.0636207881989517,0.0625,0.1,0.3222722491219546,0.1875,0.5,10,10
11478,8,2,0.8701249883466592,0.5,1,1,0.625,1,8,10
11481,4,2,0.5,1,0.3333333333333333,1,1,1,4,10
11482,6,2,0.7790889382842405,0.46153846153846156,1,0.7790889382842405,0.46153846153846156,1,6,10
11495,13,2,1,0.7142857142857143,1,1,0.7142857142857143,1,10,10
11502,2,4,0.1388624438735545,0.0625,0.5,0.3062386434839551,0.25,0.25,2,10
11507,23,2,0,0,0,0.4963932973953009,0.5,0.3333333333333333,10,10
11508,37,2,0.7799082337019198,0.5625,0.5,0.6364741801035538,0.375,1,10,10
11665,287,3,0.19930623359011798,0.1875,0.125,0.3757677525932109,0.25,0.5,10,10
11676,45,2,0.06943122193677725,0.041666666666666664,0.125,0.4458567890377042,0.25,0.25,10,10
11677,2,3,0.3844985279826931,0.13333333333333333,1,0.3844985279826931,0.13333333333333333,1,2,10
11694,6,2,1,1,1,1,1,1,6,10
11704,13,1,0.9363792118010483,0.6,1,1,0.6666666666666666,1,10,10
11718,4,4,0.5513873350522642,0.25,1,0.8659250413543489,0.5833333333333334,1,4,10
11725,17,4,0.6325414799409711,0.3125,1,0.552265477387053,0.3125,1,10,10
11726,29,3,0.293416398273637,0.25,0.2,0.466924741555019,0.3125,0.5,10,10
11734,5,4,0.11004588314904007,0.0625,0.3333333333333333,0.2984900352767555,0.125,1,5,10
11742,469,3,0,0,0,0.09478836436955078,0.0625,0.25,10,10
11746,2789,2,0,0,0,0,0,0,10,10
11764,1709,2,0,0,0,0,0,0,10,10
11776,1123,2,0,0,0,0,0,0,10,10
11781,409,2,0.1427951440361373,0.125,0.14285714285714285,0,0,0,10,10
11789,1840,2,0,0,0,0,0,0,10,10
11794,799,2,0,0,0,0.22009176629808014,0.0625,1,10,10
11835,104,2,0.2578692077173817,0.06666666666666667,0.5,0.34472970081842347,0.13333333333333333,1,10,10
11839,982,2,0,0,0,0.07839826897867533,0.0625,0.16666666666666666,10,10
11845,767,2,0,0,0,0.514186364257749,0.1111111111111111,1,10,10
11851,104,3,0,0,0,0,0,0,10,10
11854,231,3,0,0,0,0.6203974344166847,0.20833333333333334,1,10,10
11869,377,2,0,0,0,0,0,0,10,10
11875,20,4,0.08308699565805434,0.08333333333333333,0.3333333333333333,0,0,0,10,10
11882,37,4,0,0,0,0.4806509447608622,0.10256410256410256,1,10,10
11887,15,4,0,0,0,0,0,0,10,10
11889,445,3,0,0,0,0,0,0,10,10
11890,457,3,0,0,0,0.2375835084056881,0.21428571428571427,0.25,10,10
11895,4,3,0,0,0,0,0,0,4,10
11903,778,4,0,0,0,0,0,0,10,10
11907,1,2,0.22009176629808014,0.0625,1,0.22009176629808014,0.0625,1,1,1
11913,10,3,0.1427951440361373,0.13333333333333333,0.14285714285714285,0,0,0,10,10
11914,96,5,0.33369096710308904,0.3125,0.25,0.3551169128079742,0.25,1,10,10
11915,3523,2,0,0,0,0,0,0,10,10
11925,144,3,0,0,0,0.1388624438735545,0.027777777777777776,0.5,10,10
11941,217,2,0,0,0,0,0,0,10,10
11949,175,3,0,0,0,0.16354138662029633,0.15384615384615385,0.2,10,10
11954,848,3,0,0,0,0.4694544702460292,0.2857142857142857,1,10,10
11958,280,3,0,0,0,0,0,0,10,10
12008,1122,2,0,0,0,0.40030566811860463,0.18181818181818182,0.5,10,10
12020,973,3,0,0,0,0,0,0,10,10
12030,223,3,0,0,0,0.2357541930550393,0.08333333333333333,1,10,10
12036,8,3,0.35895421017163465,0.125,1,0.21726071285222984,0.125,0.5,8,10
12037,5,3,0,0,0,0,0,0,5,10
12045,50,1,0.5637884576902256,0.25,1,0.3125291152215463,0.1875,0.5,10,10
12051,182,4,0,0,0,0.06943122193677725,0.06666666666666667,0.125,10,10
12070,455,3,0,0,0,0,0,0,10,10
12073,270,4,0,0,0,0.2934556883974402,0.09090909090909091,1,10,10
12084,88,3,0,0,0,0,0,0,10,10
12087,422,3,0,0,0,0.14876390584057267,0.16666666666666666,0.2,10,10
12088,125,3,0.16421958630632802,0.125,0.25,0,0,0,10,10
12094,143,4,0,0,0,0.4168305386131061,0.1111111111111111,1,10,10
12095,2880,2,0,0,0,0,0,0,10,10
12100,848,3,0,0,0,0.07336392209936005,0.0625,0.14285714285714285,10,10
12108,86,4,0,0,0,0.07839826897867533,0.0625,0.16666666666666666,10,10
12125,349,3,0,0,0,0,0,0,10,10
12129,214,3,0,0,0,0,0,0,10,10
12132,1,3,0,0,0,0.11004588314904007,0.0625,0.3333333333333333,1,10
12133,217,3,0.15416868446868615,0.2,0.2,0,0,0,10,10
12136,92,4,0,0,0,0.14782949091545258,0.125,0.16666666666666666,10,10
12138,48,3,0.4170606134915054,0.25,0.5,0.14876390584057267,0.125,0.2,10,10
12139,344,2,0,0,0,0.8454256604216017,0.5,1,10,10
12176,3030,3,0,0,0,0,0,0,10,10
12182,108,3,0.5490439624155399,0.4375,0.3333333333333333,0.4999481184859641,0.375,0.5,10,10
12186,23,2,0,0,0,0.6922451327859637,0.375,1,10,10
12187,149,3,0,0,0,0,0,0,10,10
12188,8,4,0.5705421029449425,0.14285714285714285,1,0.6435411750622771,0.17857142857142858,1,8,10
12192,142,3,0.2583297509898471,0.1875,0.25,0.20483424751859086,0.125,0.3333333333333333,10,10
12199,493,2,0,0,0,0,0,0,10,10
12202,30,3,0,0,0,0.22009176629808014,0.09090909090909091,1,10,10
12220,783,4,0,0,0,0,0,0,10,10
12240,247,2,0,0,0,0.5289638450374726,0.3125,1,10,10
12241,1359,2,0,0,0,0.20483424751859086,0.125,0.3333333333333333,10,10
12247,26,3,0.17187555068389032,0.125,0.16666666666666666,0.3566118509061724,0.125,1,10,10
12263,42,3,0.9363792118010483,0.6428571428571429,1,0.5750739861833288,0.5,0.5,10,10
12269,245,4,0,0,0,0.08514311764162098,0.0625,0.2,10,10
12288,26,3,0.27267015568947806,0.25,0.14285714285714285,0.6032621820619527,0.375,1,10,10
12289,9,4,0,0,0,0.06943122193677725,0.06666666666666667,0.125,9,10
12312,7,1,0,0,0,0,0,0,7,7
12318,1,4,0,0,0,0.2378186856365716,0.2,0.14285714285714285,1,10
12336,1,4,0.0991363373528811,0,0,0.4910598139450406,0.18181818181818182,0.5,1,10
12352,950,2,0,0,0,0,0,0,10,10
12354,2450,2,0,0,0,0.2934556883974402,0.09090909090909091,1,10,10
12366,830,3,0,0,0,0,0,0,10,10
12369,411,2,0,0,0,0.09478836436955078,0.0625,0.25,10,10
12379,1318,2,0,0,0,0.14369764576912414,0.05714285714285714,0.25,10,10
12386,41,4,0,0,0,0,0,0,10,10
12388,1377,2,0,0,0,0,0,0,10,10
12390,235,3,0,0,0,0.1542153654519661,0.125,0.3333333333333333,10,10
12412,9,3,0,0,0,0,0,0,9,10
12423,5,4,0.24890832702259458,0.125,0.5,0.4440973278132556,0.1875,1,5,10
12431,304,4,0,0,0,0,0,0,10,10
12432,107,2,0.07336392209936005,0.06666666666666667,0.3333333333333333,0,0,0,10,10
12435,291,2,0.19930623359011798,0.1875,0.125,0.16815228646891084,0.125,0.25,10,10
12439,16521,1,0,0,0,0,0,0,10,10
12448,243,3,0.09478836436955078,0.0625,0.25,0.19518900079066107,0.125,0.3333333333333333,10,10
12449,3,3,0.08914206479517318,0.1,0.3333333333333333,0,0,0,3,10
12466,24,3,0.4950940324881554,0.3125,0.5,0.643768411385399,0.375,1,10,10
12473,90,1,0,0,0,0.0636207881989517,0.0625,0.1,10,10
12475,490,4,0,0,0,0.07839826897867533,0.0625,0.16666666666666666,10,10
12484,991,2,0,0,0,0,0,0,10,10
12488,4,3,0.1982726747057622,0.0625,1,0,0,0,4,10
12497,1571,2,0,0,0,0.39639187290150923,0.1875,1,10,10
12509,478,2,0,0,0,0.35895421017163465,0.125,1,10,10
12515,65,2,0.6989488050966481,0.375,1,0.6653861436269907,0.4375,1,10,10
12524,65,2,0,0,0,0,0,0,10,10
12534,7,4,0.7048399801203631,0.4666666666666667,1,0.7124974099777536,0.4666666666666667,1,7,10
12535,13,2,0.35895421017163465,0.125,1,0.35895421017163465,0.125,1,10,10
12538,11,4,0.5774250016294136,0.4666666666666667,0.3333333333333333,0.6835381846158708,0.4,1,10,10
12539,4,3,0.6201543156208374,0.25,1,0.6825912942790938,0.3125,1,4,10
12556,39,2,0.19930623359011798,0.08333333333333333,0.125,0.52129606290272,0.1388888888888889,1,10,10
12557,5,2,0.3759146559728801,0.3333333333333333,0.5,0.5129639392738107,0.3333333333333333,1,5,10
12571,585,3,0.0636207881989517,0.08333333333333333,0.1,0.1610425878239398,0.16666666666666666,0.25,10,10
12578,145,2,0.43813122703324264,0.26666666666666666,0.5,0,0,0,10,10
12581,23,4,0,0,0,0,0,0,10,10
12597,31,2,0,0,0,0.09478836436955078,0.07692307692307693,0.25,10,10
12601,3,4,0.6123081261630569,0.6,1,0.8050402880943358,0.8,1,3,10
12613,13,4,0.5309999066793252,0.4375,0.25,0.8532721558012798,0.5625,1,10,10
12616,11,3,0.3505060129593597,0.125,0.2,0.576970624704059,0.125,1,10,10
12628,17,3,0.34369669139214537,0.2,0.5,0.2906246349515899,0.2,0.5,10,10
12637,1,2,0.3368164256333634,0.125,1,0.5653536817684621,0.375,1,1,6
12640,267,2,0.21410312967232764,0.125,0.3333333333333333,0,0,0,10,10
12641,2,4,0.35895421017163465,0.125,1,0.5009732673492617,0.25,1,2,10
12650,64,2,0.5072380780124417,0.3333333333333333,0.5,0.5695785062497354,0.3333333333333333,1,10,10
12655,1,3,0,0,0,0,0,0,1,10
12658,19,4,0,0,0,0,0,0,10,10
12665,29,3,0,0,0,0,0,0,10,10
12666,829,2,0,0,0,0.09478836436955078,0.038461538461538464,0.25,10,10
12669,77,3,0.20483424751859086,0.125,0.3333333333333333,0.24890832702259458,0.125,0.5,10,10
12681,12,2,0.54739836229935,0.26666666666666666,1,0.4440973278132556,0.2,1,10,10
12682,749,2,0,0,0,0,0,0,10,10
12686,2,3,0,0,0,0,0,0,2,10
12697,24,3,0.8630152897016883,0.5,1,0.7695261902392829,0.4375,1,10,10
12702,30,2,0.7799082337019198,0.5625,0.5,0.7123736502858727,0.4375,1,10,10
12706,176,3,0.3586748161721488,0.3125,0.16666666666666666,0,0,0,10,10
12720,36,3,0,0,0,0.504130353618393,0.1282051282051282,1,10,10
12725,1,3,0.26742619438551957,0.1,1,0.5698664345004878,0.3,1,1,10
12729,40,1,0.07336392209936005,0.0625,0.14285714285714285,0,0,0,10,10
12734,13,2,0.3725907541108227,0.3125,0.2,0.6122496142821665,0.3125,1,10,10
12753,5,2,0.5637884576902256,0.26666666666666666,1,0.5541432109622957,0.26666666666666666,1,5,10
12779,33,3,0.2784805894273036,0.1875,0.5,0.3932783996463063,0.1875,1,10,10
12780,18,4,0.35895421017163465,0.125,1,0.40350157154648025,0.1875,1,10,10
12782,205,3,0.07839826897867533,0.0625,0.16666666666666666,0.07839826897867533,0.0625,0.16666666666666666,10,10
12783,69,3,0,0,0,0.09257496258236969,0.07142857142857142,0.5,10,10
12785,3,2,0.22009176629808014,0.06666666666666667,1,0.0636207881989517,0.06666666666666667,0.1,3,10
12794,229,1,0,0,0,0.06625422345438903,0.043478260869565216,0.1111111111111111,10,10
12795,15,3,0,0,0,0,0,0,10,10
12796,587,2,0,0,0,0,0,0,10,10
12800,85,3,0.5544692437855766,0.375,0.5,0.22009176629808014,0.0625,1,10,10
12802,22,2,0.933745776545611,0.6,1,0.7534494445524137,0.4666666666666667,1,10,10
12803,593,2,0,0,0,0.6969383549984329,0.2222222222222222,1,10,10
12804,81,2,0.16897846743334347,0.21428571428571427,0.125,0.45380644903329387,0.2857142857142857,1,10,10
12809,45,2,0,0,0,0.15965170467483322,0.2222222222222222,0.125,10,10
12813,583,3,0,0,0,0,0,0,10,10
12839,20,1,0.35106842466815336,0.35714285714285715,0.16666666666666666,0.8415908474314975,0.5714285714285714,1,10,10
12841,5,3,0.08514311764162098,0.0625,0.2,0.22009176629808014,0.0625,1,5,10
12844,11,4,0.8701249883466592,0.5333333333333333,1,0.7788065869851873,0.4666666666666667,1,10,10
12864,21,1,0.35106842466815336,0.16129032258064516,0.16666666666666666,0.7975167679274937,0.25806451612903225,1,10,10
12934,2745,2,0,0,0,0,0,0,10,10
12942,22,3,0,0,0,0,0,0,10,10
12951,89,3,0,0,0,0.760079105197619,0.17073170731707318,1,10,10
12952,18,1,0.0636207881989517,0.0625,0.1,0,0,0,10,10
12955,25,1,0,0,0,0,0,0,10,10
12969,4,2,0.5893002499675077,0.25,1,0.9758089901245822,0.625,1,4,10
12999,16,3,0.5072380780124417,0.3125,0.5,0.48068140169045714,0.3125,0.5,10,10
13012,17,2,0.727329844310522,0.375,1,0.6212166613240646,0.375,1,10,10
13020,3,4,0.22009176629808014,0.0625,1,0.6165911491285786,0.5,0.3333333333333333,3,10
13033,40,1,0.4311133298907132,0.36363636363636365,0.5,0.188073497922634,0.18181818181818182,0.25,10,10
13042,3,3,0.11004588314904007,0.0625,0.3333333333333333,0.45374257454118544,0.1875,1,3,10
13045,2,2,0.4361533373077281,0.14285714285714285,1,0.09525913246106908,0.07142857142857142,0.16666666666666666,2,10
13067,430,4,0,0,0,0.11004588314904007,0.0625,0.3333333333333333,10,10
13086,10,4,0.41286532294027467,0.17142857142857143,0.25,0.44671912792164425,0.11428571428571428,1,10,10
13089,496,2,0,0,0,0.33778119313783245,0.10526315789473684,0.5,10,10
13094,4,3,0.21222636597291455,0.037037037037037035,0.5,0.5020288654851893,0.18518518518518517,0.5,4,10
13123,62,2,0.43621154230977444,0.375,0.2,0,0,0,10,10
13130,170,2,0,0,0,0,0,0,10,10
13133,21,3,1,0.25,1,1,0.25,1,10,10
13137,232,2,0,0,0,0.1427951440361373,0.125,0.14285714285714285,10,10
13146,17,1,0.13268893656315017,0.125,0.1111111111111111,0.18336572915839486,0.125,0.3333333333333333,10,10
13149,1,3,0,0,0,0,0,0,1,10
13156,414,1,0,0,0,0,0,0,10,10
13159,5,2,0.08698786311329101,0.07142857142857142,0.2,0.11243018208286118,0.07142857142857142,0.3333333333333333,5,10
13165,3,1,0,0,0,0,0,0,3,3
13167,4,2,0.3799109563336586,0.15789473684210525,1,0.4143958143423548,0.15789473684210525,1,4,10
13170,8,1,0.06943122193677725,0.07692307692307693,0.125,0.09478836436955078,0.07692307692307693,0.25,8,7
13175,70,1,0.07839826897867533,0.0625,0.16666666666666666,0.07336392209936005,0.0625,0.14285714285714285,10,10
13213,134,2,0,0,0,0.20927226976888424,0.2,0.3333333333333333,10,10
13235,5,2,0.17659831200807974,0.0625,0.5,0.279901702223461,0.0625,1,5,10
13238,396,1,0,0,0,0.2890648263178878,1,0.1,10,10
13240,675,2,0,0,0,0.0636207881989517,0.043478260869565216,0.1,10,10
13243,173,4,0,0,0,0.09478836436955078,0.0625,0.25,10,10
13244,100,5,0,0,0,0,0,0,10,10
13247,20,3,0,0,0,0,0,0,10,10
13289,40,3,0.1749059317236278,0.2,0.16666666666666666,0.5686052916990006,0.4,1,10,10
13294,5,2,0,0,0,0,0,0,5,10
13296,18,3,0.3780584428859573,0.1875,0.5,0.12104793636744006,0.0625,0.3333333333333333,10,10
13304,5,3,0.6489315753318465,0.3125,1,0.6489315753318465,0.3125,1,5,10
13318,17,2,0.6410457898283652,0.5,0.3333333333333333,0.8611375561264454,0.5625,1,10,10
13321,51,1,0.42556413675309335,0.4375,0.25,0.28657896323986254,0.1875,1,10,10
13345,1072,2,0,0,0,0.31488013066763093,0.125,1,10,10
13355,2361,2,0,0,0,0.06625422345438903,0.09090909090909091,0.1111111111111111,10,10
13398,1,4,0,0,0,0.2895229882348574,0.125,1,1,10
13425,43,4,0.1799314820111718,0.15384615384615385,0.25,0.20827328063201606,0.23076923076923078,0.16666666666666666,10,10
13427,1025,2,0,0,0,0.06625422345438903,0.0625,0.1111111111111111,10,10
13463,737,2,0,0,0,0,0,0,10,10
13465,942,2,0,0,0,0.22009176629808014,0.0625,1,10,10
13471,47,3,0,0,0,0.45228487443419896,0.16,1,10,10
13485,543,1,0,0,0,0,0,0,10,10
13487,117,2,0,0,0,0.11004588314904007,0.0625,0.3333333333333333,10,10
13498,2129,1,0,0,0,0,0,0,10,10
13582,12,4,0.41353896380229244,0.1875,1,0.4258926996953355,0.1875,1,10,10
13595,6,1,0.6489315753318465,0.3125,1,0.5072380780124417,0.3125,0.5,6,6
13613,1496,2,0,0,0,0.21222636597291455,0.06060606060606061,0.5,10,10
13619,280,3,0,0,0,0,0,0,10,10
13623,27,3,0.5309999066793252,0.5384615384615384,0.25,0.9363792118010483,0.6923076923076923,1,10,10
13624,10,4,0.21726071285222984,0.05714285714285714,0.5,0.6177639991612474,0.14285714285714285,1,10,10
13627,75,4,0.06499922211334154,0.034482758620689655,0.1,0.37380854915041295,0.20689655172413793,0.3333333333333333,10,10
13647,726,2,0,0,0,0.07839826897867533,0.06666666666666667,0.16666666666666666,10,10
13650,480,3,0,0,0,0.2984900352767555,0.125,1,10,10
13659,1,4,0,0,0,0.09120217140065603,0.0625,0.2,1,10
13663,54,4,1,0.2564102564102564,1,0.5711601909662336,0.15384615384615385,1,10,10
13665,15,3,0.4690000933206747,0.1875,1,0.5384109300791363,0.3125,1,10,10
13669,16,3,0.6851198693323689,0.2,0.5,0.6163668470816234,0.175,0.5,10,10
13679,1329,3,0,0,0,0,0,0,10,10
13690,285,3,0,0,0,0,0,0,10,10
13693,2614,2,0,0,0,0,0,0,10,10
13695,857,3,0,0,0,0,0,0,10,10
13706,51,3,0,0,0,0,0,0,10,10
13708,8572,2,0,0,0,0,0,0,10,10
13721,158,3,0,0,0,0.3746661058764784,0.1875,1,10,10
13724,1339,2,0,0,0,0,0,0,10,10
13726,405,2,0,0,0,0,0,0,10,10
13735,114,3,0,0,0,0.3222722491219546,0.1875,0.5,10,10
13742,147,3,0,0,0,0,0,0,10,10
13758,181,3,0,0,0,0.15245974194834122,0.05,0.3333333333333333,10,10
13761,24,3,0.800693766409882,0.4375,1,0.6489315753318465,0.3125,1,10,10
13762,1373,2,0,0,0,0.07839826897867533,0.022222222222222223,0.16666666666666666,10,10
13773,47,6,0,0,0,0,0,0,10,10
13782,6408,2,0,0,0,0.08514311764162098,0.0625,0.2,10,10
13785,2378,3,0,0,0,0,0,0,10,10
13792,14,4,0.22009176629808014,0.1,1,0.2934556883974402,0.2,1,10,10
13796,353,3,0,0,0,0.22009176629808014,0.06666666666666667,1,10,10
13801,245,4,0,0,0,0,0,0,10,10
13805,16,2,0.800693766409882,0.4375,1,0.4440973278132556,0.1875,1,10,10
13818,7,4,0.5072380780124417,0.3125,0.5,0.42883980903376634,0.25,0.5,7,10
13824,45,3,0.5512922453031884,0.5833333333333334,0.3333333333333333,0.41320541532308547,0.4166666666666667,0.3333333333333333,10,10
13863,3,1,0,0,0,0,0,0,3,3
13885,3930,2,0,0,0,0.15457433957839825,0.125,0.2,10,10
13890,12744,2,0,0,0,0,0,0,10,10
13895,7,3,0.2240055615151755,0.125,0.5,0.3529461582433961,0.25,0.5,7,10
13919,1,2,0,0,0,0,0,0,1,10
13934,4,4,0.09478836436955078,0.0625,0.25,0.3052348839397011,0.125,1,4,10
13936,1930,3,0,0,0,0.07839826897867533,0.0625,0.16666666666666666,10,10
13945,7037,2,0,0,0,0,0,0,10,10
13949,28,4,0,0,0,0.31328481690174087,0.25,0.3333333333333333,10,10
13951,399,3,0,0,0,0.09478836436955078,0.047619047619047616,0.25,10,10
13954,44,4,0.44173955623824723,0.3333333333333333,0.3333333333333333,0.3301376494471202,0.13333333333333333,1,10,10
13964,1,4,0,0,0,0,0,0,1,10
13970,67,3,0.35895421017163465,0.125,1,0.4422195942380129,0.25,1,10,10
13988,5,2,0.6951116003271834,0.5,1,0.7662747656758899,0.5,1,5,10
14010,4,1,0.5637884576902256,0.2857142857142857,1,0.5637884576902256,0.2857142857142857,1,4,4
14066,19,4,0.727329844310522,0.3157894736842105,1,0.6168295842361273,0.2631578947368421,1,10,10
14068,139,2,0,0,0,0,0,0,10,10
14074,312,2,0,0,0,0.47842151728792726,0.2857142857142857,1,10,10
14082,30,3,0,0,0,0.4636440365082036,0.26666666666666666,1,10,10
14083,28,3,0.43621154230977444,0.1875,0.2,0.47938213678331165,0.15625,0.5,10,10
14088,397,1,0,0,0,0.1388624438735545,0.0625,0.5,10,10
14092,124,2,0,0,0,0.35895421017163465,0.125,1,10,10
14096,3,3,0,0,0,0.2745478892647208,0.13043478260869565,0.5,3,10
14124,21,3,0,0,0,0.4152807670887412,0.1875,1,10,10
14130,6549,4,0,0,0,0,0,0,10,10
14146,64,3,0,0,0,0.41153259956303256,0.3125,0.5,10,10
14161,752,3,0,0,0,0,0,0,10,10
14163,28,3,0.6410457898283652,0.21052631578947367,0.3333333333333333,0.3183191637810562,0.10526315789473684,0.3333333333333333,10,10
14169,14,4,0,0,0,0,0,0,10,10
14178,7,4,0.11004588314904007,0.0625,0.3333333333333333,0,0,0,7,10
14180,1007,2,0,0,0,0,0,0,10,10
14191,1346,2,0,0,0,0.31879392588472627,0.12,0.5,10,10
14195,1333,3,0,0,0,0.38431135260440824,0.1875,1,10,10
14211,686,2,0,0,0,0.4950940324881554,0.3125,0.5,10,10
14213,28,3,0.27267015568947806,0.26666666666666666,0.14285714285714285,0.7151857987862356,0.4,1,10,10
14215,493,2,0,0,0,0.28997736516021183,0.1875,0.3333333333333333,10,10
14227,235,2,0,0,0,0.07839826897867533,0.0625,0.16666666666666666,10,10
14234,322,2,0,0,0,0,0,0,10,10
14240,83,2,0.33169367308920716,0.25,0.25,0.3995688713838975,0.1875,1,10,10
14244,394,3,0,0,0,0,0,0,10,10
14249,160,4,0,0,0,0,0,0,10,10
14250,47,4,0.11004588314904007,0.0625,0.3333333333333333,0,0,0,10,10
14251,1,3,0,0,0,0,0,0,1,10
14267,338,2,0.0636207881989517,0.0625,0.1,0,0,0,10,10
14298,147,3,0,0,0,0.17942561237196952,0.058823529411764705,0.16666666666666666,10,10
14299,555,2,0,0,0,0.06625422345438903,0.0625,0.1111111111111111,10,10
14302,38,3,0.3341815747890168,0.13333333333333333,0.5,0.3239586837541792,0.2,1,10,10
14306,165,3,0,0,0,0.12463049348708151,0.06666666666666667,0.3333333333333333,10,10
14315,101,2,0.33169367308920716,0.25,0.25,0.5220328596374271,0.375,0.5,10,10
14316,13,5,0.4283854321084119,0.2,1,0.2246633760228915,0.2,0.25,10,10
14333,98,2,0.5309999066793252,0.4375,0.25,0.4220949603708207,0.25,0.5,10,10
14345,9,4,0.9566671852577723,0.6,1,0.9566671852577723,0.6,1,9,10
14346,3,2,0.22009176629808014,0.08333333333333333,1,0.22009176629808014,0.08333333333333333,1,3,10
14353,271,2,0,0,0,0,0,0,10,10
14367,32,2,1,0.625,1,0.8603818544462509,0.5,1,10,10
14376,105,1,0.0636207881989517,0.03125,0.1,0,0,0,10,10
14380,22,1,0.12987501165334073,0.1111111111111111,0.1111111111111111,0.18340980524840012,0.1111111111111111,0.3333333333333333,10,10
14406,12,4,0.43621154230977444,0.375,0.2,0.8572048559638626,0.5,1,10,10
14418,107,4,0,0,0,0.2240055615151755,0.125,0.5,10,10
14456,4,6,0.5893002499675077,0.4,1,0.655799919972054,0.5,1,4,10
14462,19,4,0.22870824380075022,0.14285714285714285,0.5,0.36249399002998095,0.14285714285714285,1,10,10
14469,286,2,0.12987501165334073,0.13333333333333333,0.1111111111111111,0.1356854453911663,0.13333333333333333,0.125,10,10
14475,553,3,0,0,0,0,0,0,10,10
14476,108,4,0,0,0,0.40642895671305834,0.18181818181818182,1,10,10
14482,3743,2,0,0,0,0,0,0,10,10
14484,1223,3,0,0,0,0,0,0,10,10
14488,121,4,0,0,0,0.1388624438735545,0.0625,0.5,10,10
14495,1015,3,0,0,0,0,0,0,10,10
14513,47,5,0,0,0,0.06625422345438903,0.03571428571428571,0.1111111111111111,10,10
14516,1946,2,0,0,0,0.09478836436955078,0.0625,0.25,10,10
14522,27,4,0,0,0,0.41057198006764817,0.3125,0.3333333333333333,10,10
14550,658,3,0,0,0,0,0,0,10,10
14554,4,3,0,0,0,0,0,0,4,10
14558,522,2,0,0,0,0.3301376494471202,0.125,1,10,10
14573,156,5,0.3063365306564336,0.25,0.2,0,0,0,10,10
14578,14,4,1,0.625,1,1,0.625,1,10,10
14581,3,6,0,0,0,0,0,0,3,10
14587,1054,3,0,0,0,0,0,0,10,10
14594,1,3,0.279901702223461,0.09090909090909091,1,0.45650001423154074,0.18181818181818182,1,1,10
14597,419,3,0,0,0,0,0,0,10,10
14599,1694,2,0,0,0,0,0,0,10,10
14612,2558,2,0,0,0,0,0,0,10,10
14618,256,1,0,0,0,0,0,0,10,10
14619,177,2,0,0,0,0.1388624438735545,0.0625,0.5,10,10
14621,57,2,0.44173955623824723,0.3333333333333333,0.3333333333333333,0.6203974344166847,0.3333333333333333,1,10,10
14623,56,2,0.09478836436955078,0.0625,0.25,0.09478836436955078,0.0625,0.25,10,10
14625,45,4,0.3063365306564336,0.25,0.2,0.1388624438735545,0.0625,0.5,10,10
14626,17,3,0.1388624438735545,0.0625,0.5,0.07839826897867533,0.0625,0.16666666666666666,10,10
14631,105,2,0,0,0,0.22495301099425682,0.25,0.16666666666666666,10,10
14639,30,2,0,0,0,0.5365986151394594,0.2,1,10,10
14654,20,3,0.5117650925977693,0.1875,1,0.5487973376826973,0.1875,1,10,10
14663,11,2,0.33405144466421555,0.2,0.5,0.5017493542077719,0.26666666666666666,1,10,10
14665,1,2,0,0,0,0,0,0,1,10
14667,94,2,0.24890832702259458,0.14285714285714285,0.5,0.16421958630632802,0.14285714285714285,0.25,10,10
14672,107,3,0.15176219107803537,0.125,0.16666666666666666,0.20483424751859086,0.125,0.3333333333333333,10,10
14685,1619,2,0,0,0,0.1799314820111718,0.14285714285714285,0.25,10,10
14687,139,2,0,0,0,0.21726071285222984,0.125,0.5,10,10
14692,24,4,0.20483424751859086,0.18181818181818182,0.3333333333333333,0.2934556883974402,0.18181818181818182,1,10,10
14695,1142,1,0,0,0,0.4440973278132556,0.1875,1,10,10
14707,33,3,0.12987501165334073,0.05128205128205128,0.1111111111111111,0.6840182226156364,0.15384615384615385,1,10,10
14711,6,7,0.26742619438551957,0.0625,1,0.3236685753595891,0.125,1,6,10
14721,16,1,1,0.625,1,1,0.625,1,10,10
14724,4,2,0.5904068488174995,0.25,1,0.5575071649963957,0.25,1,4,10
14734,1,1,0,0,0,0,0,0,1,1
14767,65,4,0.43621154230977444,0.375,0.2,0.49118023727106,0.25,1,10,10
14804,1,2,0.18660113481564067,0.0625,1,0.2675108717549466,0.125,1,1,10
14834,14,6,0.6410457898283652,0.21621621621621623,0.3333333333333333,0.9119245711012616,0.24324324324324326,1,10,10
14838,31,3,0.20783128667201856,0.3333333333333333,0.14285714285714285,0,0,0,10,10
14841,3,3,0,0,0,0,0,0,3,10
14845,70,4,0,0,0,0.31160588419703505,0.16666666666666666,1,10,10
14847,139,2,0,0,0,0.27218171694829696,0.125,0.5,10,10
14850,3,3,0.29740901205864334,0.0625,1,0.29740901205864334,0.0625,1,3,10
14861,1473,3,0,0,0,0,0,0,10,10
14862,15,2,0,0,0,0.45597401448695507,0.5,0.5,10,10
14863,45,2,0.1388624438735545,0.06666666666666667,0.5,0.22009176629808014,0.06666666666666667,1,10,10
14865,108,3,0.27267015568947806,0.10256410256410256,0.14285714285714285,0.689828656353462,0.15384615384615385,1,10,10
14873,23,3,0,0,0,0.0636207881989517,0.02631578947368421,0.1,10,10
14879,11,2,0.7799082337019198,0.5625,0.5,0.96331803895032,0.625,1,10,10
14891,4,4,0.5893002499675077,0.3076923076923077,1,0.7324836069862786,0.46153846153846156,1,4,10
14904,397,2,0,0,0,0.08514311764162098,0.02857142857142857,0.2,10,10
14905,94,3,0,0,0,0.32776097292662437,0.25,0.25,10,10
14932,11,2,0.796761066247299,0.5,1,0.6421867266689009,0.3125,1,10,10
14934,1,3,0.26742619438551957,0.09090909090909091,1,0.5933931644230691,0.2727272727272727,1,1,10
14975,4,3,0.4256723449865606,0.25,1,0.4256723449865606,0.25,1,4,10
14978,2,4,0.3667314583167897,0.125,1,0.9034474378625221,0.625,1,2,10
14983,37,1,0,0,0,0.7097402150304354,0.4375,1,10,10
14988,14,2,0.19930623359011798,0.21428571428571427,0.125,0.4422195942380129,0.2857142857142857,1,10,10
14992,8,7,0.2885824834094243,0.14814814814814814,0.2,0.5508734094066416,0.18518518518518517,1,8,10
14995,296,3,0,0,0,0,0,0,10,10
15002,3,2,0.5698664345004878,0.1875,1,0.6466492297915689,0.25,1,3,10
15004,62,1,0.35106842466815336,0.3125,0.16666666666666666,0.12987501165334073,0.125,0.1111111111111111,10,10
15005,2,2,0.3667314583167897,0.125,1,0.3667314583167897,0.125,1,2,10
15028,108,4,0,0,0,0.14201905717762703,0.125,0.16666666666666666,10,10
15041,117,4,0,0,0,0,0,0,10,10
15053,36,3,0.26845503571754253,0.1875,0.3333333333333333,0.6212166613240646,0.375,1,10,10
15055,1597,2,0,0,0,0,0,0,10,10
15059,7,3,0.31488013066763093,0.18181818181818182,1,0.2024832320725062,0.18181818181818182,0.5,7,10
15067,537,2,0,0,0,0,0,0,10,10
15070,18,4,0,0,0,0.13305201013572895,0.125,0.125,10,10
15081,55,3,0.2615963259463382,0.2,0.3333333333333333,0.20784473534609824,0.2,0.25,10,10
15088,9,6,0,0,0,0,0,0,9,10
15092,63,3,0,0,0,0.07839826897867533,0.0625,0.16666666666666666,10,10
15116,1,3,0,0,0,0,0,0,1,10
15118,20,4,0.28634598975246917,0.125,1,0.35687885840597894,0.25,0.5,10,10
15129,8,2,0.9094987067248556,0.5,1,0.9900582235857265,0.625,1,8,10
15132,16,4,0.4673791184803735,0.15,0.25,0.606439180544341,0.15,1,10,10
15133,54,5,0,0,0,0.33405144466421555,0.17647058823529413,0.5,10,10
15136,60,4,0.08514311764162098,0.0625,0.2,0.2837125544970318,0.125,1,10,10
15149,64,4,0.11004588314904007,0.0625,0.3333333333333333,0.06625422345438903,0.0625,0.1111111111111111,10,10
15154,1316,2,0,0,0,0,0,0,10,10
15158,2,3,0,0,0,0,0,0,2,10
15161,9,4,0.11502553052133685,0.07142857142857142,0.3333333333333333,0.3190469598143169,0.14285714285714285,1,9,10
15162,87,3,0,0,0,0.12054710171248399,0.0625,0.25,10,10
15164,37,4,0,0,0,0.22311650239148062,0.125,0.5,10,10
15170,72,3,0,0,0,0.22009176629808014,0.0625,1,10,10
15178,38,3,0.22009176629808014,0.0625,1,0.5370079586075637,0.3125,1,10,10
15184,95,5,0,0,0,0,0,0,10,10
15192,72,4,0.08514311764162098,0.0625,0.2,0.15139734109601002,0.125,0.2,10,10
15194,142,4,0,0,0,0.31204907722178066,0.08571428571428572,0.5,10,10
15197,319,4,0,0,0,0,0,0,10,10
15202,599,3,0,0,0,0,0,0,10,10
15205,47,3,0,0,0,0.1388624438735545,0.0625,0.5,10,10
15211,12,1,0.6410457898283652,0.5333333333333333,0.3333333333333333,0.8603818544462509,0.5333333333333333,1,10,10
15226,2,2,0.23930280678108978,0.125,1,0.23930280678108978,0.125,1,2,10
15234,5,3,0.42883980903376634,0.3333333333333333,0.5,0.42883980903376634,0.3333333333333333,0.5,5,10
15243,11,4,0.7846170207230129,0.4666666666666667,1,0.800693766409882,0.4666666666666667,1,10,10
15246,8,1,0.5181145298602742,0.16666666666666666,0.125,0.5894203236940796,0.16666666666666666,0.5,8,8
15255,6,4,0.28686517213507123,0.23076923076923078,0.3333333333333333,0.43079102833470506,0.23076923076923078,1,6,10
15262,16,1,1,0.625,1,1,0.625,1,10,10
15265,321,2,0,0,0,0,0,0,10,10
15270,3,2,0.24890832702259458,0.13333333333333333,0.5,0.22009176629808014,0.06666666666666667,1,3,10
15286,3,2,0.28678053204097154,0.125,0.5,0.5586390833216328,0.25,1,3,5
15292,60,1,0,0,0,0.06943122193677725,0.04,0.125,10,10
15296,60,1,0.1374086302940712,0.125,0.2,0.2824132895898864,0.1875,1,10,10
15299,28,2,0.2710884709729799,0.1875,0.3333333333333333,0.45374257454118544,0.1875,1,10,10
15318,87,2,0.43621154230977444,0.5,0.2,0.8202860308593684,0.6666666666666666,1,10,10
15339,10,2,0.464427382499123,0.375,0.2,0.44670637333560487,0.3125,0.3333333333333333,10,10
15343,9,4,0.70844095012329,0.4,1,0.5999767516907479,0.4666666666666667,0.5,9,10
15373,86,2,0.06943122193677725,0.0625,0.125,0,0,0,10,10
15386,40,2,0,0,0,0.70937536504841,0.4375,1,10,10
15392,72,2,0.866947989864271,0.5714285714285714,1,0.09478836436955078,0.07142857142857142,0.25,10,10
15394,21,3,0.7432262726522397,0.5625,0.5,0.9363792118010483,0.5625,1,10,10
15521,117,3,0,0,0,0.20827328063201606,0.0967741935483871,0.16666666666666666,10,10
15528,14,2,0.5423640154200348,0.2857142857142857,1,0.34181895781690264,0.2857142857142857,0.3333333333333333,10,10
15537,2,1,0.6131471927654584,0.5,1,0.6131471927654584,0.5,1,2,2
15548,120,3,0,0,0,0,0,0,10,10
15549,28,3,0.09478836436955078,0.0625,0.25,0.35895421017163465,0.125,1,10,10
15550,105,8,0,0,0,0,0,0,10,10
15555,70,4,0,0,0,0,0,0,10,10
15557,18,5,0,0,0,0.1073508639320094,0.0625,0.25,10,10
15561,12,3,0,0,0,0,0,0,10,10
15562,159,4,0.08514311764162098,0.0625,0.2,0,0,0,10,10
15566,177,4,0,0,0,0.6332196796270028,0.18518518518518517,1,10,10
15567,3,8,0.2666214314551734,0.125,0.5,0.4661983155060986,0.3125,0.5,3,10
15573,60,4,0.10426501719323238,0.0625,0.25,0.0728781195196487,0.0625,0.1111111111111111,10,10
15575,51,4,0.07336392209936005,0.02631578947368421,0.14285714285714285,0.4690000933206747,0.07894736842105263,1,10,10
15578,182,2,0,0,0,0,0,0,10,10
15579,49,3,0,0,0,0.07336392209936005,0.0625,0.14285714285714285,10,10
15583,1,6,0.30062664428567865,0.16666666666666666,1,0.7011818227475894,0.6666666666666666,1,1,10
15597,191,3,0,0,0,0,0,0,10,10
15599,1,1,0,0,0,0,0,0,1,1
15605,17,5,0.250585414538015,0.11428571428571428,0.14285714285714285,0.8034666743172154,0.22857142857142856,1,10,10
15615,101,2,0,0,0,0,0,0,10,10
15618,89,3,0,0,0,0.2816575879096918,0.075,0.5,10,10
15630,10,4,0,0,0,0.4472539411173282,0.25,1,10,10
15636,842,2,0,0,0,0,0,0,10,10
15668,17,4,0.27267015568947806,0.2857142857142857,0.14285714285714285,0.3195496275649209,0.2857142857142857,0.25,10,10
15693,221,3,0,0,0,0,0,0,10,10
15707,15,4,0.9076130202193858,0.5625,1,0.7432262726522397,0.5625,0.5,10,10
15708,48,2,0,0,0,0.06625422345438903,0.0625,0.1111111111111111,10,10
15713,352,3,0,0,0,0,0,0,10,10
15728,6,2,0.08069862424496003,0.0625,0.3333333333333333,0.10183032621685657,0.0625,0.5,6,10
15729,17,1,0.6957337228540049,0.46153846153846156,1,0.4652979968535429,0.3076923076923077,1,10,10
15736,143,3,0.16354138662029633,0.125,0.2,0.11004588314904007,0.0625,0.3333333333333333,10,10
15740,43,1,0,0,0,0,0,0,10,10
15743,17,4,0,0,0,0.3135358057755075,0.1875,1,10,10
15759,42,3,0.2974092101009605,0.1875,0.5,0,0,0,10,10
15777,90,4,0,0,0,0.12987501165334073,0.15384615384615385,0.1111111111111111,10,10
15781,362,3,0,0,0,0.5766882048947064,0.3125,1,10,10
15783,273,3,0,0,0,0,0,0,10,10
15784,219,2,0,0,0,0.14201905717762703,0.13333333333333333,0.16666666666666666,10,10
15788,117,4,0,0,0,0.36398855705095,0.10810810810810811,1,10,10
15791,757,2,0,0,0,0.11834050333635061,0.125,0.14285714285714285,10,10
15802,353,4,0,0,0,0.23047380976071705,0.11538461538461539,0.25,10,10
15806,59,3,0,0,0,0.28511149356360854,0.21428571428571427,0.5,10,10
15811,436,2,0,0,0,0,0,0,10,10
15813,578,3,0,0,0,0.09684208768602304,0.0625,0.25,10,10
15819,3658,1,0,0,0,0,0,0,10,10
15835,482,3,0,0,0,0,0,0,10,10
15844,18,3,0.1388624438735545,0.0625,0.5,0.4943572357534483,0.25,1,10,10
15845,18,3,1,0.625,1,1,0.625,1,10,10
15846,4,2,0.49801788861082363,0.42857142857142855,0.5,0.6795830221343223,0.42857142857142855,1,4,10
15857,16,3,1,0.625,1,1,0.625,1,10,10
15863,18,2,0.8760549825231239,0.625,1,0.5868720866710773,0.375,1,10,10
15865,1,2,0.4692787260227565,0.3333333333333333,1,0.7928654229965443,1,1,1,10
15872,1,2,0.24209587273488012,0.0625,1,0.3141427378152049,0.125,1,1,10
15877,4,3,0.3301376494471202,0.10526315789473684,1,0.42214645308466847,0.15789473684210525,1,4,10
15887,12,2,0.45650001423154074,0.13333333333333333,1,0.38818246147833363,0.13333333333333333,1,10,10
15888,6,3,0.727329844310522,0.5454545454545454,1,0.933745776545611,0.8181818181818182,1,6,10
15893,3,2,0.40652716006074996,0.125,1,0.24926098697416302,0.0625,1,3,10
15896,81,2,0.6410457898283652,0.3076923076923077,0.3333333333333333,0.37202041156735177,0.11538461538461539,0.5,10,10
15899,1234,3,0,0,0,0,0,0,10,10
15909,97,2,0,0,0,0,0,0,10,10
15910,100,2,0,0,0,0.26742619438551957,0.0625,1,10,10
15923,1,1,0,0,0,0,0,0,1,1
15933,677,1,0,0,0,0.3976722328631673,0.09302325581395349,0.5,10,10
15945,227,2,0,0,0,0.35388057316851623,0.11764705882352941,0.5,10,10
15954,3,2,0.5487973376826973,0.2727272727272727,1,0.9901095028504737,0.9090909090909091,1,3,10
15977,30,1,1,0.4166666666666667,1,1,0.4166666666666667,1,10,10
15990,4,3,0.424926013816671,0.1875,1,0.5173633627401372,0.25,1,4,10
15994,2,2,0.3667314583167897,0.125,1,0.5066841351520387,0.25,1,2,10
16003,36,2,0.0636207881989517,0.06666666666666667,0.1,0.5914640815742043,0.4666666666666667,0.5,10,10
16006,72,2,0,0,0,0.16200618451914695,0.06666666666666667,0.5,10,10
16030,36,3,0.38035721185842725,0.14285714285714285,1,0.09962965242264374,0.07142857142857142,0.2,10,10
16037,4,2,0.6201543156208374,0.26666666666666666,1,0.6201543156208374,0.26666666666666666,1,4,10
16044,210,2,0,0,0,0.22979561007468535,0.1875,0.2,10,10
16048,7,2,0.07336392209936005,0.0625,0.14285714285714285,0.17630010660342912,0.125,0.3333333333333333,7,10
16049,290,2,0,0,0,0,0,0,10,10
16064,17,2,0.6410457898283652,0.5,0.3333333333333333,0.5388856921828065,0.25,1,10,10
16072,6,3,0.8051628502199796,0.8,1,0.6548086577531306,0.6,1,6,10
16081,155,1,0,0,0,0.0636207881989517,0.0625,0.1,10,10
16091,24,3,0.07668368701422457,0.1,0.14285714285714285,0.07668368701422457,0.1,0.14285714285714285,10,10
16112,42,3,0,0,0,0,0,0,10,10
16141,183,3,0,0,0,0.5224955967919309,0.36363636363636365,1,10,10
16163,65,1,0.19930623359011798,0.21428571428571427,0.125,1,0.7142857142857143,1,10,10
16175,5,5,0.08514311764162098,0.0625,0.2,0.227162174819248,0.1875,0.2,5,10
16189,5,3,0.6489315753318465,0.3125,1,0.6594803070902429,0.375,1,5,10
16192,165,2,0,0,0,0.6781440935739185,0.1320754716981132,1,10,10
16195,5,3,0.11505351121173782,0.07692307692307693,0.2,0.21125257092535185,0.15384615384615385,0.3333333333333333,5,10
16207,51,2,0,0,0,0.5684579545875155,0.4,0.5,10,10
16208,47,3,0,0,0,0.4602636499742276,0.10810810810810811,1,10,10
16213,19,2,0.7799082337019198,0.5625,0.5,0.7909506325094736,0.4375,1,10,10
16625,7,1,0.35895421017163465,0.125,1,0.2240055615151755,0.125,0.5,7,7
16705,20,2,0.6469392751612076,0.35714285714285715,1,0.38135635100880655,0.2857142857142857,0.5,10,10
16708,1,2,0,0,0,0,0,0,1,1
16950,5,2,0.6951116003271834,0.35714285714285715,1,0.3349170830068085,0.14285714285714285,1,5,10
16968,297,1,0,0,0,0,0,0,10,10
16971,29,1,0.22009176629808014,0.05,1,0.07336392209936005,0.05,0.14285714285714285,10,10
16992,2,5,0.420027879946489,0.125,1,0.807550100294038,0.4375,1,2,10
16994,38,1,0,0,0,0.465619421248317,0.6666666666666666,0.5,10,10
16998,23,1,0.23047380976071705,0.21428571428571427,0.25,0.486471450249967,0.42857142857142855,0.3333333333333333,10,10
16999,8,2,0,0,0,0,0,0,8,10
17006,24,3,1,0.625,1,0.7542686714597935,0.4375,1,10,10
17023,23,5,0.5022037311331264,0.3125,0.5,0.5009732673492617,0.25,1,10,10
17030,10,3,0.537776958606861,0.5333333333333333,0.3333333333333333,0.686316482485402,0.5333333333333333,1,10,10
17035,9372,1,0,0,0,0,0,0,10,10
17040,751,3,0,0,0,0,0,0,10,10
17041,60,2,0,0,0,0.6275071330616557,0.3125,1,10,10
17044,463,2,0,0,0,0.420217226795578,0.16666666666666666,0.3333333333333333,10,10
17059,11,4,0,0,0,0.20511666732794356,0.125,0.5,10,10
17064,1176,2,0,0,0,0,0,0,10,10
17079,613,2,0,0,0,0.6729606673352074,0.3125,1,10,10
17084,2,3,0.38591686939385267,0.125,1,0.38591686939385267,0.125,1,2,10
17096,3,2,0.2357541930550393,0.0625,1,0.3488755592453615,0.1875,1,3,10
17104,22,2,0.4624273606967018,0.2857142857142857,1,0.4624273606967018,0.2857142857142857,1,10,10
17110,3,3,0.14870450602932167,0.0625,0.3333333333333333,0.29740901205864334,0.0625,1,3,10
17111,62,2,0.43621154230977444,0.42857142857142855,0.2,1,0.7142857142857143,1,10,10
17131,13,4,0.22009176629808014,0.07142857142857142,1,0.11004588314904007,0.07142857142857142,0.3333333333333333,10,10
17143,1052,1,0,0,0,0.33405144466421555,0.12,0.5,10,10
17152,116,2,0.27770865225888025,0.2857142857142857,0.2,0.2127812625407982,0.14285714285714285,0.14285714285714285,10,10
17161,4,2,0.6039094289265273,0.25,1,0.7898580325383667,0.4375,1,4,10
17165,1,2,0,0,0,0.32898368351669033,0.3125,0.16666666666666666,1,10
17167,1,4,0.07668368701422457,0,0,0.4880533880414649,0.26666666666666666,0.5,1,10
17176,2,3,0.22009176629808014,0.02857142857142857,1,0.17318663334822612,0.05714285714285714,0.25,2,10
17182,129,4,0,0,0,0.2837125544970318,0.125,1,10,10
17185,631,2,0,0,0,0.2336508082431053,0.15384615384615385,0.5,10,10
17186,31,4,0,0,0,0.07839826897867533,0.02702702702702703,0.16666666666666666,10,10
17191,167,2,0,0,0,0.5321408435198608,0.25,1,10,10
17215,84,4,0,0,0,0.11004588314904007,0.07142857142857142,0.3333333333333333,10,10
17223,30,4,0,0,0,0.4615686847425479,0.375,0.25,10,10
17251,2336,2,0,0,0,0,0,0,10,10
17253,97,3,0,0,0,0,0,0,10,10
17262,144,3,0.07336392209936005,0.0625,0.14285714285714285,0,0,0,10,10
17264,185,2,0,0,0,0.2572021963064698,0.25,0.3333333333333333,10,10
17276,625,2,0,0,0,0.5572998242663683,0.3125,1,10,10
17283,2,2,0.45650001423154074,0.125,1,0.5286871870681225,0.1875,1,2,5
17526,2,2,0.39484136206016496,0.125,1,0.39484136206016496,0.125,1,2,6
17530,23,2,0.4451989745299881,0.5,0.5,0.43547474557506727,0.4,1,10,10
17540,79,2,0,0,0,0.800693766409882,0.4375,1,10,10
17542,7,2,0.47317514131989385,0.4166666666666667,0.3333333333333333,0.6039094289265273,0.3333333333333333,1,7,10
17547,16062,1,0,0,0,0,0,0,10,10
17554,25,3,0,0,0,0,0,0,10,10
17558,37,3,0.12987501165334073,0.125,0.1111111111111111,0.5174612499126157,0.25,1,10,10
17566,1173,2,0,0,0,0.08514311764162098,0.0625,0.2,10,10
17574,1089,2,0,0,0,0.07336392209936005,0.038461538461538464,0.14285714285714285,10,10
17578,131,4,0,0,0,0,0,0,10,10
17594,91,3,0.2785779383605913,0.36363636363636365,0.14285714285714285,0.43813122703324264,0.36363636363636365,0.5,10,10
17605,216,3,0,0,0,0.08514311764162098,0.0625,0.2,10,10
17607,96,5,0,0,0,0.0636207881989517,0.038461538461538464,0.1,10,10
17609,138,4,0,0,0,0,0,0,10,10
17614,5141,2,0,0,0,0,0,0,10,10
17624,153,3,0,0,0,0.22009176629808014,0.0625,1,10,10
17630,32,3,0,0,0,0,0,0,10,10
17635,91,2,0,0,0,0.06943122193677725,0.0625,0.125,10,10
17658,6,2,0.5487973376826973,0.1875,1,0.7213493377132232,0.375,1,6,10
17701,12,2,0.6020941629041773,0.4444444444444444,1,0.6020941629041773,0.4444444444444444,1,10,10
17702,83,6,0.5072380780124417,0.125,0.5,0.1356854453911663,0.05,0.125,10,10
17740,195,2,0,0,0,0.08514311764162098,0.0625,0.2,10,10
17742,1,3,0.22009176629808014,0.07142857142857142,1,0.22009176629808014,0.07142857142857142,1,1,10
17747,25,5,0.9266360779006398,0.6666666666666666,1,0.8105763729621863,0.5333333333333333,1,10,10
17748,22,3,0.7799082337019198,0.5625,0.5,0.7506372960520508,0.4375,1,10,10
17750,8,4,0.6957810562523431,0.4,1,0.6989180530399564,0.4,1,8,10
17753,16,2,0.31691619230948354,0.26666666666666666,0.25,0.7155506487682609,0.4,1,10,10
17762,1983,2,0,0,0,0,0,0,10,10
17766,875,3,0,0,0,0,0,0,10,10
17771,912,2,0,0,0,0,0,0,10,10
17775,218,2,0,0,0,0,0,0,10,10
17777,28,3,0.42883980903376634,0.26666666666666666,0.5,0.5423640154200348,0.26666666666666666,1,10,10
17781,241,2,0,0,0,0,0,0,10,10
17785,1,4,0.22009176629808014,0.0625,1,0.2344065099232999,0.1875,0.25,1,10
17803,23,3,0.19930623359011798,0.075,0.125,0.5755676532324865,0.125,1,10,10
17810,3,3,0,0,0,0.6489315753318465,0.3125,1,3,10
17813,3,2,0.35895421017163465,0.13333333333333333,1,0.3301376494471202,0.13333333333333333,1,3,4
17833,1,2,0,0,0,0,0,0,1,10
17836,16,4,1,0.625,1,1,0.625,1,10,10
17842,8,3,0.800693766409882,0.4375,1,0.7585235179181541,0.5,1,8,10
17855,9,2,0.23690530871965637,0.1875,0.2,0.2832325164972662,0.1875,0.3333333333333333,9,10
17857,10,3,0,0,0,0.08009687781155747,0.0625,0.16666666666666666,10,10
17866,20,5,0.6489315753318465,0.3125,1,0.2336508082431053,0.125,0.5,10,10
17883,35,4,0,0,0,0.6523706084452716,0.23076923076923078,1,10,10
17888,3926,2,0,0,0,0.18011989653266983,0.15384615384615385,0.3333333333333333,10,10
17892,1724,2,0,0,0,0.35895421017163465,0.125,1,10,10
17901,46,2,0.2583297509898471,0.23076923076923078,0.25,0,0,0,10,10
17903,161,4,0,0,0,0,0,0,10,10
17904,169,3,0,0,0,0.11004588314904007,0.06666666666666667,0.3333333333333333,10,10
17909,233,3,0,0,0,0.06625422345438903,0.0625,0.1111111111111111,10,10
17916,134,5,0,0,0,0,0,0,10,10
17919,164,3,0.12987501165334073,0.125,0.1111111111111111,0.2578753740644927,0.1875,0.3333333333333333,10,10
17924,21,4,0.4361533373077281,0.13333333333333333,1,0.4361533373077281,0.13333333333333333,1,10,10
17925,537,4,0,0,0,0,0,0,10,10
17935,235,5,0.06943122193677725,0.0625,0.125,0,0,0,10,10
17936,23,5,0,0,0,0,0,0,10,10
17940,2093,3,0,0,0,0,0,0,10,10
17955,7,4,0.727329844310522,0.46153846153846156,1,0.9305687780632227,0.6923076923076923,1,7,10
17962,1030,4,0,0,0,0,0,0,10,10
17970,15,2,0,0,0,0,0,0,10,10
17972,4546,1,0,0,0,0,0,0,10,10
17973,1973,2,0,0,0,0,0,0,10,10
17982,7,2,0.2527252368493217,0.25,0.25,0.38603065097980993,0.25,1,7,10
17987,80,3,0.07336392209936005,0.06666666666666667,0.14285714285714285,0,0,0,10,10
17992,278,2,0,0,0,0.11004588314904007,0.07142857142857142,0.3333333333333333,10,10
18012,1351,3,0,0,0,0.1388624438735545,0.0625,0.5,10,10
18013,388,5,0,0,0,0,0,0,10,10
18014,902,3,0,0,0,0,0,0,10,10
18016,75,3,0,0,0,0.3746661058764784,0.075,1,10,10
18020,119,3,0,0,0,0,0,0,10,10
18021,13,3,0.19845012420769512,0.125,0.5,0.09468477226124836,0.125,0.1111111111111111,10,10
18023,73,3,0,0,0,0.056762078427747324,0.02631578947368421,0.2,10,10
18025,179,3,0.0636207881989517,0.08333333333333333,0.1,0.2934556883974402,0.16666666666666666,1,10,10
18034,223,4,0,0,0,0.06943122193677725,0.05,0.125,10,10
18046,50,4,0,0,0,0.6961622681399229,0.13636363636363635,1,10,10
18052,27,1,0.7751482523375255,0.6666666666666666,1,0.19092086617893464,0.16666666666666666,0.5,10,10
18189,216,2,0.3725907541108227,0.3125,0.2,0.5009732673492617,0.25,1,10,10
18190,126,3,0,0,0,0.16354138662029633,0.125,0.2,10,10
18216,292,3,0,0,0,0,0,0,10,10
18243,10,1,1,0.625,1,1,0.625,1,10,10
18245,25,2,0.49296057120174336,0.1724137931034483,0.3333333333333333,0.9053206285482487,0.27586206896551724,1,10,10
18246,1,1,0,0,0,0,0,0,1,1
18264,10,2,0.8824348743685742,0.5714285714285714,1,0.9347975894469938,0.5714285714285714,1,10,10
18265,2,4,0,0,0,0.4698315228180992,0.17647058823529413,0.3333333333333333,2,10
18269,109,1,0,0,0,0,0,0,10,10
18279,3,3,0,0,0,0,0,0,3,10
18315,49,3,0,0,0,0.09455896350156812,0.16666666666666666,0.1,10,10
18324,2,2,0,0,0,0.5267976535709284,0.5,0.5,2,10
18339,37,3,0,0,0,0,0,0,10,10
18340,5,3,0,0,0,0,0,0,5,10
18352,157,2,0,0,0,0.3151625504769836,0.1875,0.5,10,10
18356,2,3,0.15978354423569305,0.125,0.5,0.681141919314888,0.75,0.5,2,10
18360,31,2,0.43813122703324264,0.26666666666666666,0.5,0.537834106888012,0.3333333333333333,1,10,10
18362,12,4,1,0.6666666666666666,1,1,0.6666666666666666,1,10,10
18364,47,4,0,0,0,0,0,0,10,10
18377,806,4,0,0,0,0.35346390919500803,0.1875,0.5,10,10
18381,30,4,0.20483424751859086,0.125,0.3333333333333333,0.08514311764162098,0.0625,0.2,10,10
18395,154,1,0,0,0,0,0,0,10,10
18398,16553,1,0,0,0,0,0,0,10,10
18401,3,3,0,0,0,0,0,0,3,10
18416,1,7,0,0,0,0,0,0,1,10
18420,3,4,0,0,0,0,0,0,3,10
18428,4,4,0.22009176629808014,0.0625,1,0.4220949603708207,0.25,0.5,4,10
18429,189,3,0,0,0,0,0,0,10,10
18439,5,2,0.2575389154724167,0.07142857142857142,1,0.53993998608224,0.2857142857142857,1,5,10
18453,7,4,0.1875919614811825,0.06666666666666667,0.25,0.4144176008056297,0.1,1,7,10
18458,35,2,0,0,0,0.21290635257621482,0.14285714285714285,0.16666666666666666,10,10
18465,100,1,0,0,0,0.7685829787223915,0.4117647058823529,1,10,10
18471,31,2,0,0,0,0.1388624438735545,0.0625,0.5,10,10
18473,2,4,0,0,0,0,0,0,2,10
18480,26,3,0.4517111969459372,0.23076923076923078,1,0.35462505620917695,0.23076923076923078,1,10,10
18481,107,3,0,0,0,0,0,0,10,10
18483,195,2,0,0,0,0,0,0,10,10
18485,24,2,0.24271182999942054,0,0,0.27552322866839213,0,0,10,10
18489,31,3,0.3792230354060494,0.3,0.5,0.3309322826928989,0.2,1,10,10
18496,146,3,0,0,0,0.10866808225369018,0.125,0.1111111111111111,10,10
18500,23,3,0,0,0,0.2575389154724167,0.14285714285714285,1,10,10
18503,1,4,0.31388003468578163,0.16666666666666666,1,0.4185067129143755,0.3333333333333333,1,1,10
18506,598,2,0,0,0,0.06943122193677725,0.0625,0.125,10,10
18513,28,2,0.5806020001118017,0.375,0.5,0.6620158551732015,0.375,1,10,10
18523,87,3,0,0,0,0.11004588314904007,0.0625,0.3333333333333333,10,10
18529,3195,2,0,0,0,0,0,0,10,10
18532,346,3,0,0,0,0.07839826897867533,0.02040816326530612,0.16666666666666666,10,10
18538,87,3,0,0,0,0,0,0,10,10
18541,281,4,0,0,0,0,0,0,10,10
18543,32,3,0.1597902876145489,0.07692307692307693,0.3333333333333333,0.30046206805115283,0.07692307692307693,1,10,10
18553,29,3,0.17722149243865498,0.10714285714285714,0.125,0.22009176629808014,0.03571428571428571,1,10,10
18555,33,2,0.3819603371583235,0.25,0.5,0.35895421017163465,0.125,1,10,10
18565,1,2,0,0,0,0,0,0,1,10
18568,8,3,0.8701249883466592,0.5,1,0.8701249883466592,0.5,1,8,10
18569,93,1,0,0,0,0.14465249243306438,0.125,0.16666666666666666,10,10
18614,1,1,0,0,0,0,0,0,1,1
18620,14,1,0,0,0,0.04416948230292602,0.06666666666666667,0.1111111111111111,10,10
18636,7,2,0.2575389154724167,0.0625,1,0.09962965242264374,0.0625,0.2,7,10
18639,15,1,0.504130353618393,0.18518518518518517,1,0.6082965289412681,0.2222222222222222,1,10,10
18645,21,1,0.27267015568947806,0.36363636363636365,0.14285714285714285,0.44402126632244265,0.36363636363636365,0.3333333333333333,10,10
18650,2,3,0,0,0,0,0,0,2,10
18653,6,5,0.2984900352767555,0.13333333333333333,1,0.2520649403266671,0.2,0.3333333333333333,6,10
18663,13,2,0.07205258390751174,0.0625,0.1,0.08308699565805434,0.0625,0.14285714285714285,10,10
18668,18,1,0,0,0,0.26808482822528873,0.14285714285714285,0.5,10,10
18672,4,2,0.37304340065400343,0.14285714285714285,0.5,0.5237025709915449,0.19047619047619047,1,4,10
18675,63,2,0,0,0,0.1388624438735545,0.06666666666666667,0.5,10,10
18679,10,1,0.7283729495983072,0.2608695652173913,1,0.4942922401771767,0.2608695652173913,0.3333333333333333,10,10
18682,52,2,0,0,0,0.13575193991271664,0.125,0.1111111111111111,10,10
18706,9,3,0.8701249883466592,0.5,1,0.7967610662472991,0.4375,1,9,10
18710,4,3,0.4244819887312452,0.2,1,0.6231993985273889,0.4,1,4,10
18894,3777,2,0,0,0,0,0,0,10,10
18899,820,2,0,0,0,0.07839826897867533,0.0625,0.16666666666666666,10,10
18902,646,2,0,0,0,0,0,0,10,10
18903,36,3,0.15360828714734928,0.25,0.3333333333333333,0.30721657429469856,0.25,1,10,10
18909,5,4,0.3171337995888994,0.23076923076923078,0.5,0.3757128651759366,0.46153846153846156,0.25,5,10
18913,36,3,0,0,0,0.3597099118518292,0.1875,1,10,10
18922,81,4,0,0,0,0.5388856921828065,0.25,1,10,10
18927,8,3,0.800693766409882,0.4375,1,1,0.625,1,8,10
18929,98,4,0.4690000933206747,0.1875,1,0.38148029915855786,0.25,0.5,10,10
18930,5,3,0.5712992121116572,0.25,1,0.39763391022884753,0.125,1,5,10
18932,4,6,0.2974092101009605,0.21428571428571427,0.5,0.7778721720600672,0.5714285714285714,1,4,10
18933,24,3,0.15301875229893316,0.14285714285714285,0.1111111111111111,0.21222636597291455,0.14285714285714285,0.5,10,10
18942,10,3,1,0.24390243902439024,1,1,0.24390243902439024,1,10,10
18943,23,2,0,0,0,0,0,0,10,10
18953,166,3,0,0,0,0,0,0,10,10
18954,209,2,0,0,0,0,0,0,10,10
18957,8558,1,0,0,0,0,0,0,10,10
18970,6,3,0.6385085174798409,0.4,1,0.7215955131378952,0.5,1,6,10
18971,3,4,0.515889298427605,0.3,1,0.8111937978033509,0.6,1,3,10
18974,6,3,0.5637884576902256,0.25,1,1,0.625,1,6,10
18981,1,3,0.22486036416572236,0.05,1,0.5146467585917684,0.25,1,1,10
18986,22,5,0.39186087226453137,0.15,0.2,0.6969387913610549,0.225,0.5,10,10
18995,2,3,0.38591686939385267,0.125,1,0.4225051418507037,0.125,1,2,10
19007,1267,2,0,0,0,0.07839826897867533,0.0625,0.16666666666666666,10,10
19020,15,4,0.5637884576902256,0.25,1,0.8603818544462509,0.5,1,10,10
19021,526,3,0,0,0,0,0,0,10,10
19023,81,3,0.17449799748839534,0.1875,0.125,0.05242205769552898,0.0625,0.125,10,10
19033,285,2,0,0,0,0.1427951440361373,0.13333333333333333,0.14285714285714285,10,10
19045,11,2,0.6606807146234185,0.3333333333333333,0.5,0.6569514169150849,0.3333333333333333,0.5,10,10
19053,297,3,0,0,0,0,0,0,10,10
19064,2,3,0.35895421017163465,0.14285714285714285,1,0.4252084336260237,0.21428571428571427,1,2,10
19070,13,3,0.6421867266689009,0.4166666666666667,1,0.31879392588472627,0.25,0.5,10,10
19076,121,4,0,0,0,0.28634598975246917,0.125,1,10,10
19078,9,3,0.16250998563927663,0.2,0.14285714285714285,0.23930280678108978,0.13333333333333333,1,9,10
19083,27,3,1,0.3448275862068966,1,1,0.3448275862068966,1,10,10
19129,392,2,0,0,0,0.4017993296633029,0.1875,1,10,10
19131,2558,2,0,0,0,0,0,0,10,10
19132,198,3,0,0,0,0.07839826897867533,0.0625,0.16666666666666666,10,10
19134,474,3,0,0,0,0.06646866534384419,0.06666666666666667,0.16666666666666666,10,10
19136,2,1,0.3844985279826931,0.14285714285714285,1,0.3844985279826931,0.14285714285714285,1,2,2
19138,38571,1,0,0,0,0,0,0,10,10
19146,227,1,0,0,0,0,0,0,10,10
19192,154,3,0,0,0,0,0,0,10,10
19195,35,3,0.19886814482872153,0.3333333333333333,0.125,0.23458362368124827,0.3333333333333333,0.14285714285714285,10,10
19200,118,3,0,0,0,0,0,0,10,10
19212,182,2,0,0,0,0.11004588314904007,0.0625,0.3333333333333333,10,10
19214,18,4,0,0,0,0.15850703974098104,0.14285714285714285,0.2,10,10
19218,618,4,0,0,0,0,0,0,10,10
19225,19,2,0.508547949955618,0.32,0.3333333333333333,0.8833444073495262,0.4,1,10,10
19230,5,3,0,0,0,0,0,0,5,10
19237,225,4,0,0,0,0.6122496142821665,0.09433962264150944,1,10,10
19240,14,4,0.35106842466815336,0.3333333333333333,0.16666666666666666,0.6281649475693718,0.4,1,10,10
19254,221,3,0.1388624438735545,0.0625,0.5,0,0,0,10,10
19257,55,4,0.28997736516021183,0.1875,0.3333333333333333,0.16815228646891084,0.125,0.25,10,10
19260,987,3,0,0,0,0.14874433492765377,0.06666666666666667,0.5,10,10
19261,82,3,0,0,0,0.31488013066763093,0.125,1,10,10
19279,16,4,0.07839826897867533,0.0625,0.16666666666666666,0.20483424751859086,0.125,0.3333333333333333,10,10
19298,95,5,0,0,0,0,0,0,10,10
19305,8,2,0,0,0,0,0,0,8,10
19306,533,2,0,0,0,0,0,0,10,10
19312,3,3,0,0,0,0,0,0,3,10
19313,734,2,0,0,0,0.06943122193677725,0.07692307692307693,0.125,10,10
19317,751,3,0,0,0,0,0,0,10,10
19322,171,3,0,0,0,0.09045696359411086,0.125,0.125,10,10
19335,2,5,0.35895421017163465,0.125,1,0.8701249883466592,0.5,1,2,10
19340,966,5,0,0,0,0.1584091525685025,0.125,0.25,10,10
19351,1820,2,0,0,0,0,0,0,10,10
19360,1015,2,0,0,0,0.06943122193677725,0.02564102564102564,0.125,10,10
19362,34,3,0.27267015568947806,0.25,0.14285714285714285,0.6243301345792676,0.375,1,10,10
19363,9705,1,0,0,0,0,0,0,10,10
19369,14,2,0.6421867266689009,0.5,1,0.3789209523348389,0.25,1,10,10
19380,1522,1,0,0,0,0,0,0,10,10
19383,1,2,0,0,0,0,0,0,1,10
19395,166,3,0.5309999066793252,0.4375,0.25,0.18340980524840012,0.125,0.3333333333333333,10,10
19424,48,3,0,0,0,0.6086182388744238,0.3125,1,10,10
19426,33,3,0,0,0,0.686596474384843,0.4375,1,10,10
19434,171,2,0,0,0,0,0,0,10,10
19436,6,2,0.7790889382842405,0.375,1,0.9283729264144387,0.5625,1,6,10
19451,169,2,0,0,0,0,0,0,10,10
19456,1074,2,0,0,0,0,0,0,10,10
19465,1968,1,0,0,0,0,0,0,10,10
19472,110,1,0,0,0,0,0,0,10,10
19494,1708,2,0,0,0,0,0,0,10,10
19502,90,1,0,0,0,0.5517854393872873,0.3333333333333333,1,10,10
19503,1,2,0.22009176629808014,0.0625,1,0.5548010254700118,0.3125,1,1,10
19546,17,1,0.2291309393151476,0.3333333333333333,0.14285714285714285,0.5140528919626033,0.3333333333333333,1,10,10
19582,36,4,0.7799082337019198,0.5625,0.5,0.4721567066247473,0.25,1,10,10
19583,2,3,0.39484136206016496,0.18181818181818182,1,0.39484136206016496,0.18181818181818182,1,2,10
19584,161,2,0.42231451104454315,0.3125,0.3333333333333333,0.5742065914746152,0.3125,1,10,10
19585,32,2,0.9547715182029446,0.625,1,0.9216017310213247,0.5625,1,10,10
19597,414,2,0,0,0,0.22119341301481263,0.08571428571428572,0.16666666666666666,10,10
19609,326,2,0.1356854453911663,0.125,0.125,0.32149616226344435,0.25,0.3333333333333333,10,10
19619,5,4,0.6131471927654584,0.5,1,0.3868528072345416,0.5,0.5,5,10
19625,21,4,1,0.625,1,0.34695119186869644,0.25,0.3333333333333333,10,10
19628,15,8,0.9170305576591351,0.3225806451612903,1,0.977915258848537,0.3225806451612903,1,10,10
19632,2,3,0.14187109415106738,0.1,0.5,0,0,0,2,10
19635,118,3,0,0,0,0,0,0,10,10
19636,6,3,0,0,0,0,0,0,6,10
19649,266,2,0,0,0,0.3037755876119577,0.1875,0.5,10,10
19657,65,3,0.16815228646891084,0.14285714285714285,0.25,0.24355227021012346,0.21428571428571427,0.25,10,10
19659,155,2,0,0,0,0.2816575879096918,0.1875,0.5,10,10
19665,205,4,0,0,0,0.15274548932528484,0.07142857142857142,0.5,10,10
19667,1231,4,0,0,0,0,0,0,10,10
19677,2,3,0.3667314583167897,0.14285714285714285,1,0.9191904578968186,0.6428571428571429,1,2,10
19679,3,2,0.3844985279826931,0.125,1,0.5023756245102127,0.1875,1,3,10
19706,26,2,0,0,0,0.6228225474262747,0.1724137931034483,1,10,10
19720,1,3,0.2876598635185553,0.1111111111111111,1,0.5308971532459225,0.3333333333333333,0.2,1,10
19728,2,2,0.35895421017163465,0.18181818181818182,1,0.35895421017163465,0.18181818181818182,1,2,10
19732,10,2,0.9094987067248556,0.5,1,0.8181587460398391,0.5,1,10,10
19733,26,1,0.15601456303900443,0.1875,0.125,0.9061141373634359,0.5625,1,10,10
19756,87,3,0,0,0,0,0,0,10,10
19761,1437,3,0,0,0,0,0,0,10,10
19762,6,6,0.3683756341388872,0.25,0.3333333333333333,0.7534494445524137,0.4375,1,6,10
19778,858,2,0,0,0,0,0,0,10,10
19782,14,2,0.5637884576902256,0.25,1,0.5637884576902256,0.25,1,10,10
19788,7,2,0.22009176629808014,0.06666666666666667,1,0.11004588314904007,0.06666666666666667,0.3333333333333333,7,7
19792,101,2,0,0,0,0.08514311764162098,0.05,0.2,10,10
19817,34,3,0,0,0,0.5999767516907479,0.175,0.5,10,10
19818,15,2,1,0.7142857142857143,1,1,0.7142857142857143,1,10,10
19820,34,4,0.24558375609259142,0.12121212121212122,0.3333333333333333,0.5406661891915078,0.18181818181818182,1,10,10
19854,53,3,0,0,0,0.22009176629808014,0.0625,1,10,10
19855,96,2,0,0,0,0.6843947077447106,0.20689655172413793,1,10,10
19859,55,2,0,0,0,0.2799382895342902,0.1875,0.5,10,10
19872,16,1,1,0.625,1,1,0.625,1,10,10
19878,6,2,0.35895421017163465,0.13333333333333333,1,0.35895421017163465,0.13333333333333333,1,6,10
19882,5,3,0.4690000933206747,0.1875,1,0.7721596254947202,0.4375,1,5,10
19885,3,1,0.49144588610019957,0.4,1,0.5165270670366633,0.4,1,3,3
19886,2,1,0.436404375391927,0.25,1,0.436404375391927,0.25,1,2,2
19903,86,2,0.11856681441748473,0.125,0.1111111111111111,0.751876256597784,0.4375,1,10,10
19937,224,2,0.2514632262898275,0.26666666666666666,0.14285714285714285,0.20827328063201606,0.2,0.16666666666666666,10,10
19941,4,2,0.14791567934343203,0.1111111111111111,0.3333333333333333,0.2681468708661515,0.1111111111111111,1,4,10
19944,32,2,0.6410457898283652,0.5333333333333333,0.3333333333333333,0.3557772116892464,0.2,1,10,10
19950,1,1,0.22009176629808014,0.06666666666666667,1,0.22009176629808014,0.06666666666666667,1,1,1
19952,115,1,0.12987501165334073,0.125,0.1111111111111111,0,0,0,10,10
19953,43,3,0,0,0,0.1515015134351386,0.15384615384615385,0.16666666666666666,10,10
19962,3,2,0,0,0,0.6167901587895762,0.25,1,3,10
19969,73,2,0,0,0,0,0,0,10,10
19971,5,2,0.4690000933206747,0.2,1,0.4690000933206747,0.2,1,5,10
19972,1,4,0.22009176629808014,0.0625,1,0.35895421017163465,0.125,1,1,10
19983,1,2,0,0,0,0,0,0,1,10
19986,5,3,0,0,0,0.0945501996896157,0.125,0.125,5,10
20019,33,2,0,0,0,0,0,0,10,10
20020,150,2,0.4011248950259844,0.3125,0.25,0.753814294534439,0.4375,1,10,10
20021,275,2,0,0,0,0.06625422345438903,0.0625,0.1111111111111111,10,10
20022,58,3,0.24890832702259458,0.125,0.5,0.19518900079066107,0.125,0.3333333333333333,10,10
20024,2,3,0.1388624438735545,0.025,0.5,0.8268133666517737,0.2,1,2,10
20125,2,1,0.4876123082921368,0.3333333333333333,1,0.4453858589027682,0.3333333333333333,1,2,2
20149,51,2,0.28337214813807765,0.2,0.3333333333333333,0.10413794181167323,0.1,0.1,10,10
20151,445,2,0,0,0,0.09552434673554687,0.125,0.3333333333333333,10,10
20157,65,2,0,0,0,0,0,0,10,10
20170,1437,2,0,0,0,0,0,0,10,10
20171,41,1,0.9363792118010483,0.5625,1,0.46582309483828654,0.25,1,10,10
20184,5,1,0.6782961487391511,0.3333333333333333,1,0.6782961487391511,0.3333333333333333,1,5,5
20187,4,2,0.5637884576902256,0.26666666666666666,1,0.5637884576902256,0.26666666666666666,1,4,10
20199,16,2,0.9363792118010483,0.5625,1,0.4943572357534483,0.25,1,10,10
20215,3,4,0.35895421017163465,0.15384615384615385,1,0.3570764765963919,0.23076923076923078,1,3,10
20224,5,2,0.24890832702259458,0.05128205128205128,0.5,0.2240055615151755,0.05128205128205128,0.5,5,8
20225,480,2,0,0,0,0.20511666732794356,0.15384615384615385,0.5,10,10
20248,116,2,0,0,0,0.38363315291837646,0.1875,1,10,10
20256,264,2,0,0,0,0.800693766409882,0.4375,1,10,10
20261,26,1,0.22009176629808014,0.0625,1,0.2240055615151755,0.125,0.5,10,10
20281,1,3,0.22009176629808014,0.030303030303030304,1,0,0,0,1,10
20283,5,3,0.10153380441631457,0.1,0.25,0,0,0,5,10
20290,3,4,0.490222650816517,0.08333333333333333,1,0.7348589827487977,0.2222222222222222,1,3,10
20294,1,5,0.24209587273488012,0.0625,1,0.7932888264612302,0.5625,1,1,10
20307,10,1,0.6276740030453991,0.8,0.5,0.5599069317497283,0.8,0.3333333333333333,10,10
20310,77,2,0,0,0,0.7007731679885373,0.375,1,10,10
20316,1,2,0.27487633291429087,0.14285714285714285,1,0.4639590352498407,0.42857142857142855,1,1,10
20356,13,1,0.2895229882348574,0.125,1,0.21726071285222984,0.125,0.5,10,10
20378,5,4,0,0,0,0,0,0,5,10
20385,118,3,0.08036473447498932,0.06666666666666667,0.25,0,0,0,10,10
20393,95,4,0,0,0,0.36792125721353275,0.1875,1,10,10
20403,530,1,0,0,0,0.06943122193677725,0.08333333333333333,0.125,10,10
20407,156,2,0,0,0,0.5701406500739014,0.3333333333333333,1,10,10
20408,2,3,0.25633235198846205,0.125,1,0.6797786416500051,0.4375,1,2,10
20432,1817,2,0,0,0,0,0,0,10,10
20434,3,4,0.19519002499605084,0.25,0.3333333333333333,0.3903800499921017,0.25,1,3,10
20436,177,3,0,0,0,0.37850091886658266,0.1875,1,10,10
20438,17,5,0.1610425878239398,0.14285714285714285,0.25,0,0,0,10,10
20441,6,4,0.16354138662029633,0.13333333333333333,0.2,0.4440973278132556,0.2,1,6,10
20442,1,5,0.4692787260227565,0.3333333333333333,1,0.4692787260227565,0.3333333333333333,1,1,10
20456,2,3,0,0,0,0.09478836436955078,0.0625,0.25,2,10
20460,20,3,0.5774250016294136,0.175,0.3333333333333333,0.6025064803817581,0.125,1,10,10
20478,30,3,0,0,0,0.2837125544970318,0.125,1,10,10
20482,2,4,0,0,0,0.15139734109601002,0.125,0.2,2,10
20484,76,2,0.357813273331099,0.13513513513513514,0.2,0.2583297509898471,0.08108108108108109,0.25,10,10
20500,309,2,0,0,0,0,0,0,10,10
20504,3,4,0,0,0,0,0,0,3,10
20513,52,4,0.6410457898283652,0.32,0.3333333333333333,0.3667028183788342,0.16,0.5,10,10
20514,236,3,0,0,0,0.14514605925250643,0.0625,0.5,10,10
20523,2,2,0,0,0,0,0,0,2,10
20528,281,3,0.0636207881989517,0.06666666666666667,0.1,0.24655055544758617,0.2,0.25,10,10
20532,2,3,0.35895421017163465,0.125,1,0.4690000933206747,0.1875,1,2,10
20535,55,3,0.39517944739177036,0.375,0.25,0.12562860819572197,0.125,0.25,10,10
20541,2,2,0.46036983612151,0.25,1,0.635507325881215,0.5,1,2,4
20551,55,4,0,0,0,0.3077190703891861,0.25,0.3333333333333333,10,10
20574,24,4,0.20483424751859086,0.125,0.3333333333333333,0.35969100690634176,0.25,0.5,10,10
20578,21,4,0,0,0,0,0,0,10,10
20579,2097,1,0,0,0,0.1427951440361373,0.125,0.14285714285714285,10,10
20583,120,2,0.0636207881989517,0.0625,0.1,0.06625422345438903,0.0625,0.1111111111111111,10,10
20599,8,4,0.3121005699356284,0.1875,0.5,0.1542153654519661,0.125,0.3333333333333333,8,10
20604,9,6,0.7557171845920446,0.7142857142857143,1,0.5772946858559946,0.7142857142857143,0.5,9,10
20611,36,3,0.11004588314904007,0.06666666666666667,0.3333333333333333,0,0,0,10,10
20630,164,2,0,0,0,0,0,0,10,10
20633,28,3,0,0,0,0.3038377318600771,0.26666666666666666,0.25,10,10
20634,9,3,0.35895421017163465,0.125,1,0.4690000933206747,0.1875,1,9,10
20657,16,2,0,0,0,0,0,0,10,10
20698,2,5,0.35895421017163465,0.15384615384615385,1,1,0.7692307692307693,1,2,10
20700,8,4,0.6374181473717221,0.22580645161290322,0.5,0.7707515590154075,0.22580645161290322,1,8,10
20701,200,4,0,0,0,0.15726617308658694,0.0625,0.5,10,10
20705,216,4,0,0,0,0.37185395737611554,0.08333333333333333,1,10,10
20708,7,4,0.6489315753318465,0.3125,1,0.5321408435198608,0.25,1,7,10
20709,180,3,0,0,0,0.06943122193677725,0.07692307692307693,0.125,10,10
20723,83,2,0,0,0,0.4736695902179647,0.1282051282051282,0.5,10,10
20728,9,3,0.20904936749052636,0.1875,0.14285714285714285,0.2375835084056881,0.1875,0.25,9,10
20730,24,2,0.7909506325094736,0.4666666666666667,1,0.5684579545875155,0.4,0.5,10,10
20742,3,4,0.26322757470677666,0.125,1,0.26322757470677666,0.125,1,3,10
20756,14,4,1,0.6666666666666666,1,1,0.6666666666666666,1,10,10
20758,23,1,0.6410457898283652,0.1951219512195122,0.3333333333333333,0.933745776545611,0.21951219512195122,1,10,10
20775,5,2,0.662991591198965,0.3125,1,0.9323102855501914,0.5625,1,5,10
20776,1,1,0.29090940880133687,0.14285714285714285,1,0.29090940880133687,0.14285714285714285,1,1,1
20788,205,2,0.29594748604660376,0.3333333333333333,0.16666666666666666,0.16172008220134781,0.16666666666666666,0.14285714285714285,10,10
20789,4,1,0,0,0,0,0,0,4,4
20808,180,2,0,0,0,0.41515053773713506,0.6666666666666666,0.3333333333333333,10,10
20809,150,3,0,0,0,0,0,0,10,10
20810,2,8,0.35895421017163465,0.07407407407407407,1,0.9363792118010483,0.3333333333333333,1,2,10
20822,62,3,0.20832496953896984,0.15,0.125,0.5893002499675077,0.2,1,10,10
20828,4,2,0.5543279839506428,0.25,1,0.5700648274544224,0.25,1,4,10
20831,801,3,0,0,0,0,0,0,10,10
20832,14,3,0.3953144612881589,0.3333333333333333,0.25,0.3044909386107646,0.13333333333333333,1,10,10
20833,96,2,0,0,0,0.06943122193677725,0.02631578947368421,0.125,10,10
20836,12,3,0,0,0,0,0,0,10,10
20843,7974,1,0,0,0,0,0,0,10,10
20850,123,3,0.0636207881989517,0.0625,0.1,0,0,0,10,10
20852,163,2,0.0636207881989517,0.0625,0.1,0.40067051810063,0.25,0.5,10,10
20856,57,2,0,0,0,0.7846170207230129,0.4375,1,10,10
20894,19,3,0.23082810897923836,0.1875,0.25,0.35175469990298025,0.25,0.5,10,10
20904,176,3,0,0,0,0.16815228646891084,0.125,0.25,10,10
20916,366,2,0,0,0,0.1584091525685025,0.125,0.25,10,10
20919,55,2,0.6489315753318465,0.3333333333333333,1,0.3633412872595719,0.26666666666666666,0.3333333333333333,10,10
20923,1199,3,0,0,0,0.11004588314904007,0.0625,0.3333333333333333,10,10
20946,8,1,0.8701249883466592,0.38095238095238093,1,0.8701249883466592,0.38095238095238093,1,8,8
20954,5,2,0.6790547778771446,0.3125,1,0.9337374687550546,0.5625,1,5,10
20965,26,3,0.12987501165334073,0.125,0.1111111111111111,1,0.625,1,10,10
20968,1,3,0.279901702223461,0.0625,1,0.45650001423154074,0.125,1,1,10
21029,21,3,0.9363792118010483,0.5625,1,0.9363792118010483,0.5625,1,10,10
21033,2,3,0,0,0,0.22882786096735666,0.14285714285714285,0.25,2,10
21034,52,1,0,0,0,0.6020521034564037,0.3125,1,10,10
21061,89,3,0,0,0,0.6468562235661908,0.4666666666666667,0.5,10,10
21062,12,3,0,0,0,0,0,0,10,10
21070,11498,1,0,0,0,0,0,0,10,10
21075,46,3,0.4673791184803735,0.4,0.25,0.727329844310522,0.4,1,10,10
21079,1138,2,0,0,0,0.06625422345438903,0.0625,0.1111111111111111,10,10
21085,446,2,0,0,0,0.3301376494471202,0.125,1,10,10
21088,908,2,0,0,0,0,0,0,10,10
21090,95,4,0,0,0,0.1884441521277154,0.125,0.3333333333333333,10,10
21093,31,5,0,0,0,0.7155506487682609,0.375,1,10,10
21097,2698,2,0,0,0,0,0,0,10,10
21101,6,4,0.29501171203952714,0.09090909090909091,0.25,0.497258080057219,0.15151515151515152,0.5,6,10
21105,1207,2,0,0,0,0,0,0,10,10
21106,15,2,0,0,0,0,0,0,10,10
21122,1147,2,0,0,0,0.17318663334822612,0.06451612903225806,0.25,10,10
21142,13,3,0.5637884576902256,0.25,1,0.4690000933206747,0.1875,1,10,10
21166,506,2,0,0,0,0.12987501165334073,0.125,0.1111111111111111,10,10
21169,2,4,0,0,0,0.07336392209936005,0.06666666666666667,0.14285714285714285,2,10
21175,9759,2,0,0,0,0,0,0,10,10
21187,17,4,0.7799082337019198,0.5625,0.5,0.9755453593002132,0.625,1,10,10
21198,704,2,0,0,0,0.5637884576902256,0.25,1,10,10
21214,1,2,0,0,0,0,0,0,1,10
21236,323,1,0,0,0,0.36159016140841055,0.2857142857142857,1,10,10
21305,53,3,0,0,0,0,0,0,10,10
21314,3,2,0.12647135138382856,0.125,0.3333333333333333,0.12647135138382856,0.125,0.3333333333333333,3,4
21385,229,3,0,0,0,0.17947710508581732,0.125,0.3333333333333333,10,10
21388,6,3,0.11004588314904007,0.06666666666666667,0.3333333333333333,0.34369669139214537,0.2,0.5,6,10
21389,29,2,0.28997736516021183,0.1875,0.3333333333333333,0.16354138662029633,0.125,0.2,10,10
21391,334,3,0,0,0,0,0,0,10,10
21396,48,3,0.07336392209936005,0.0625,0.14285714285714285,0.23944085680261518,0.1875,0.25,10,10
21401,483,2,0,0,0,0.07336392209936005,0.047619047619047616,0.14285714285714285,10,10
21402,37,5,0,0,0,0.1388624438735545,0.0625,0.5,10,10
21418,1818,2,0,0,0,0.08514311764162098,0.0625,0.2,10,10
21421,1,4,0.26283513968788724,0.16666666666666666,1,0.39425270953183084,0.3333333333333333,1,1,10
21422,1211,2,0,0,0,0,0,0,10,10
21477,243,2,0,0,0,0.5637884576902256,0.25,1,10,10
21481,3,3,0,0,0,0,0,0,3,10
21482,41,3,0,0,0,0.2781981696179509,0.15789473684210525,0.3333333333333333,10,10
21483,104,2,0.6500332220485789,0.4375,0.5,0.5388856921828065,0.25,1,10,10
21485,131,3,0,0,0,0.14465249243306438,0.05,0.16666666666666666,10,10
21488,21,4,0.17828412959034637,0.0625,1,0.08914206479517318,0.0625,0.14285714285714285,10,10
21492,1052,2,0,0,0,0.08514311764162098,0.0625,0.2,10,10
21503,5,3,0.42883980903376634,0.25,0.5,0.7065836017263628,0.375,1,5,10
21554,78,1,0.0636207881989517,0.06666666666666667,0.1,0.22009176629808014,0.06666666666666667,1,10,10
21559,3,1,0,0,0,0,0,0,3,3
21599,5,3,0.6489315753318465,0.3125,1,0.7222954974312066,0.375,1,5,10
21609,71,3,0,0,0,0.6177639991612474,0.3125,1,10,10
21610,11,3,0.5110386068122093,0.36363636363636365,0.5,0.5002067341422897,0.2727272727272727,0.5,10,10
21626,78,4,0,0,0,0.3250640124440018,0.14814814814814814,0.3333333333333333,10,10
21631,5,4,0.1388624438735545,0.07692307692307693,0.5,0.3005260969186081,0.3076923076923077,0.2,5,10
21639,9,2,0.9363792118010483,0.5625,1,0.9363792118010483,0.5625,1,9,10
21644,46,2,0.27267015568947806,0.25,0.14285714285714285,0.6168295842361273,0.3125,1,10,10
21645,84,3,0,0,0,0.1427951440361373,0.15384615384615385,0.14285714285714285,10,10
21652,3,3,0,0,0,0,0,0,3,10
21653,262,3,0,0,0,0,0,0,10,10
21654,128,4,0.0636207881989517,0.07142857142857142,0.1,0.09478836436955078,0.07142857142857142,0.25,10,10
21655,28,3,0.20483424751859086,0.13333333333333333,0.3333333333333333,0.34301849170611365,0.26666666666666666,0.3333333333333333,10,10
21660,167,2,0,0,0,0.5701406500739014,0.3333333333333333,1,10,10
21846,10,3,0.6500332220485789,0.25925925925925924,0.5,0.8238375070554744,0.25925925925925924,1,10,10
21859,6,5,0.2849862911342571,0.1875,0.3333333333333333,0.23230120691461892,0.125,0.5,6,10
21860,4,4,0.524648928407747,0.3076923076923077,1,0.5164713667693395,0.3076923076923077,1,4,10
21862,8,4,0.5280943505768315,0.375,0.5,0.5673156061728815,0.375,1,8,10
21864,15,3,1,0.625,1,1,0.625,1,10,10
21865,61,3,0,0,0,0.6188656458779799,0.4666666666666667,0.5,10,10
21869,50,1,0,0,0,0,0,0,10,10
21871,1815,2,0,0,0,0,0,0,10,10
21872,7,2,0,0,0,0,0,0,7,10
21878,1,4,0,0,0,0,0,0,1,10
21894,287,3,0,0,0,0.14201905717762703,0.125,0.16666666666666666,10,10
21910,1761,2,0,0,0,0.07839826897867533,0.0625,0.16666666666666666,10,10
21911,79,3,0,0,0,0.07336392209936005,0.06666666666666667,0.14285714285714285,10,10
21915,28,3,0,0,0,0,0,0,10,10
21917,901,3,0,0,0,0.06943122193677725,0.02702702702702703,0.125,10,10
21919,761,2,0,0,0,0,0,0,10,10
21922,3,3,0.1479301790252769,0.1111111111111111,0.3333333333333333,0.40485567243364934,0.3333333333333333,0.5,3,10
22102,233,2,0,0,0,0,0,0,10,10
22105,19,3,0.8643145546088337,0.5,1,0.8165901947515998,0.5,1,10,10
22106,273,2,0,0,0,0,0,0,10,10
22109,8,4,0.6794476456821817,0.4375,0.5,0.8870024779577587,0.5,1,8,10
22127,3,3,0.3222722491219546,0.09090909090909091,0.5,0.4712134951078559,0.13636363636363635,1,3,10
22156,471,2,0,0,0,0.17947710508581732,0.05263157894736842,0.3333333333333333,10,10
22166,911,2,0,0,0,0,0,0,10,10
22168,2572,2,0,0,0,0,0,0,10,10
22171,1,5,0.22009176629808014,0.0625,1,0.9363792118010483,0.5625,1,1,10
22173,1,3,0,0,0,0,0,0,1,8
22174,379,2,0,0,0,0.1396181455537491,0.125,0.14285714285714285,10,10
22176,408,4,0,0,0,0.1356854453911663,0.125,0.125,10,10
22181,979,2,0,0,0,0.14876390584057267,0.125,0.2,10,10
22183,50,3,0.42883980903376634,0.25,0.5,0.3633412872595719,0.25,0.3333333333333333,10,10
22188,605,2,0,0,0,0.06625422345438903,0.041666666666666664,0.1111111111111111,10,10
22189,1300,2,0,0,0,0,0,0,10,10
22191,1357,2,0,0,0,0.14187109415106738,0.0625,0.5,10,10
22211,25,4,0.08914206479517318,0.09090909090909091,0.3333333333333333,0.056242380974069514,0.09090909090909091,0.125,10,10
22213,15456,2,0,0,0,0.20511666732794356,0.13333333333333333,0.5,10,10
22214,179,2,0.0636207881989517,0.043478260869565216,0.1,0.06625422345438903,0.043478260869565216,0.1111111111111111,10,10
22215,10,5,0.46004481483427734,0.21212121212121213,0.3333333333333333,0.561239500653674,0.18181818181818182,1,10,10
22233,10,3,0.716287445502968,0.5,0.5,0.13305201013572895,0.125,0.125,10,10
22235,13,2,0.6500332220485789,0.5833333333333334,0.5,0.7183627972686238,0.5,1,10,10
22243,5,3,0.7792005621238406,0.625,1,0.8940486227053975,0.875,1,5,10
22266,13,2,1,0.625,1,1,0.625,1,10,10
22268,117,3,0,0,0,0.15257263817623895,0.09090909090909091,0.5,10,10
22271,172,2,0.12987501165334073,0.125,0.1111111111111111,0.11004588314904007,0.0625,0.3333333333333333,10,10
22273,29,4,0.800693766409882,0.4375,1,0.3005260969186081,0.25,0.2,10,10
22281,293,2,0.19930623359011798,0.13043478260869565,0.125,0.4124497136428909,0.17391304347826086,0.5,10,10
22282,15,3,1,0.625,1,1,0.625,1,10,10
22287,5221,1,0,0,0,0,0,0,10,10
22291,289,2,0,0,0,0,0,0,10,10
22316,610,2,0,0,0,0.2837125544970318,0.125,1,10,10
22318,656,2,0,0,0,0,0,0,10,10
22327,42,3,0.11243018208286118,0.0625,0.3333333333333333,0.25430127623392856,0.125,0.5,10,10
22330,55,4,0,0,0,0.6961622681399229,0.375,1,10,10
22336,19,1,0.27267015568947806,0.25,0.14285714285714285,0.7759944384848244,0.5,1,10,10
22342,9,4,0.22119341301481263,0.2,0.16666666666666666,0.21801641453242443,0.2,0.16666666666666666,9,10
22349,23,1,0.800693766409882,0.4666666666666667,1,0.06625422345438903,0.06666666666666667,0.1111111111111111,10,10
22356,85,2,0.06625422345438903,0.0625,0.1111111111111111,0.1356854453911663,0.125,0.125,10,10
22364,53,2,0,0,0,0.11004588314904007,0.0625,0.3333333333333333,10,10
22397,219,1,0.29993088983163674,0.25,0.14285714285714285,0.17002821265002713,0.125,0.2,10,10
22404,3,2,0.4690000933206747,0.1875,1,0.4690000933206747,0.1875,1,3,10
22413,27,3,0.6545739016750378,0.5333333333333333,0.3333333333333333,0.4800992288435083,0.4,0.3333333333333333,10,10
22414,15,3,0.38603065097980993,0.1875,1,0.3340911711506405,0.1875,1,10,10
22415,29,1,0.43621154230977444,0.375,0.2,0.8165901947515998,0.5,1,10,10
22422,451,1,0,0,0,0.05226551265245022,0.034482758620689655,0.16666666666666666,10,10
22423,235,2,0,0,0,0,0,0,10,10
22428,23,1,0.0636207881989517,0.0625,0.1,0.800693766409882,0.4375,1,10,10
22430,189,2,0,0,0,0.08069862424496003,0.0625,0.3333333333333333,10,10
22441,2,4,0,0,0,0.07858473101834644,0.06666666666666667,0.3333333333333333,2,10
22453,138,2,0,0,0,0.24890832702259458,0.125,0.5,10,10
22495,13,4,0.9008636626471189,0.625,1,0.9008636626471189,0.625,1,10,10
22499,3987,1,0,0,0,0,0,0,10,10
22501,30,4,0,0,0,0.37859880603906115,0.1875,1,10,10
22502,194,2,0,0,0,0.2745478892647208,0.1875,0.5,10,10
22518,4,2,0.5637884576902256,0.25,1,0.5637884576902256,0.25,1,4,10
22525,5,1,0,0,0,0,0,0,5,5
22528,3855,2,0,0,0,0.07336392209936005,0.0625,0.14285714285714285,10,10
22534,103,3,0,0,0,0.08514311764162098,0.0625,0.2,10,10
22536,11,3,1,0.625,1,1,0.625,1,10,10
22547,1002,2,0,0,0,0,0,0,10,10
22548,7,6,0,0,0,0,0,0,7,10
22549,299,3,0,0,0,0,0,0,10,10
22552,47,3,0.1427951440361373,0.125,0.14285714285714285,0.21726071285222984,0.125,0.5,10,10
22553,904,3,0,0,0,0.14201905717762703,0.125,0.16666666666666666,10,10
22554,175,4,0,0,0,0.05886610400269325,0.0625,0.125,10,10
22556,2361,5,0,0,0,0,0,0,10,10
22566,11,3,0.13305201013572895,0.125,0.125,0.31833954895937183,0.1875,0.5,10,10
22587,10,4,0.7799082337019198,0.5625,0.5,0.9216017310213247,0.5625,1,10,10
22591,2,3,0.1388624438735545,0.07142857142857142,0.5,0.2895229882348574,0.14285714285714285,1,2,10
22612,18,2,0.5705181411261642,0.125,1,0.47007777821862895,0.08333333333333333,0.5,10,10
22628,29,4,0.5637884576902256,0.25,1,0.2874476364692017,0.25,0.16666666666666666,10,10
22634,30,3,0,0,0,0.6489315753318465,0.3333333333333333,1,10,10
22637,20,4,0.6410457898283652,0.6666666666666666,0.3333333333333333,0.5957616317188125,0.4166666666666667,1,10,10
22639,3,4,0.37485318001944856,0.2222222222222222,1,0.37485318001944856,0.2222222222222222,1,3,10
22649,3,3,0.3222722491219546,0.05263157894736842,0.5,0.6836641631277255,0.15789473684210525,1,3,10
22658,933,3,0,0,0,0,0,0,10,10
22666,2489,2,0,0,0,0,0,0,10,10
22667,356,3,0,0,0,0.09478836436955078,0.06666666666666667,0.25,10,10
22670,163,4,0,0,0,0.06625422345438903,0.0625,0.1111111111111111,10,10
22679,66,4,0.1427951440361373,0.125,0.14285714285714285,0.24890832702259458,0.125,0.5,10,10
22687,186,3,0,0,0,0.42333070005078094,0.25,1,10,10
22691,257,5,0,0,0,0.2984900352767555,0.125,1,10,10
22696,2468,3,0,0,0,0.21726071285222984,0.125,0.5,10,10
22697,418,3,0,0,0,0.5357086937004183,0.3125,1,10,10
22698,143,2,0,0,0,0.31488013066763093,0.125,1,10,10
22708,25,4,0.35895421017163465,0.15384615384615385,1,0.06943122193677725,0.07692307692307693,0.125,10,10
22712,1316,3,0,0,0,0,0,0,10,10
22719,1179,3,0,0,0,0,0,0,10,10
22724,61,4,0,0,0,0.4000232483092519,0.1875,1,10,10
22734,745,2,0,0,0,0.44803002797583846,0.25,1,10,10
22745,4610,2,0,0,0,0,0,0,10,10
22750,909,2,0,0,0,0.0636207881989517,0.06666666666666667,0.1,10,10
22753,103,4,0,0,0,0,0,0,10,10
22760,36,3,0,0,0,0.3600558568883671,0.10810810810810811,0.5,10,10
22762,917,2,0,0,0,0,0,0,10,10
22773,136,3,0,0,0,0.3301376494471202,0.125,1,10,10
22782,1830,3,0,0,0,0,0,0,10,10
22788,240,3,0,0,0,1,0.29411764705882354,1,10,10
22791,4,1,0,0,0,0,0,0,4,1
22792,104,3,0,0,0,0.0636207881989517,0.0625,0.1,10,10
22796,799,3,0,0,0,0.4440973278132556,0.1875,1,10,10
22801,10,4,0.4728434286208059,0.3333333333333333,1,0.31666273561641245,0.2222222222222222,1,10,10
22805,1938,3,0,0,0,0,0,0,10,10
22810,11,4,0.3477040326766507,0.21428571428571427,0.5,0.2500954329163329,0.21428571428571427,0.2,10,10
22838,17,4,0,0,0,0.34576235996098154,0.2857142857142857,0.5,10,10
22841,601,3,0,0,0,0,0,0,10,10
22843,2463,2,0,0,0,0,0,0,10,10
22845,2463,3,0,0,0,0,0,0,10,10
22863,67,2,0.32324129227828263,0.36363636363636365,0.25,0.31470279052230243,0.36363636363636365,0.5,10,10
22866,131,4,0,0,0,0.6496872770120411,0.375,1,10,10
22870,1146,3,0,0,0,0,0,0,10,10
22874,215,3,0,0,0,0.3628869103342175,0.1875,1,10,10
22878,1498,2,0,0,0,0.3667028183788342,0.17391304347826086,0.5,10,10
22881,179,3,0,0,0,0.16815228646891084,0.125,0.25,10,10
22886,165,3,0,0,0,0,0,0,10,10
22889,105,5,0.28997736516021183,0.1875,0.3333333333333333,0.08514311764162098,0.0625,0.2,10,10
22890,12,5,0.31488013066763093,0.125,1,0.26180807422707547,0.1875,0.3333333333333333,10,10
22892,2434,3,0,0,0,0.3628869103342175,0.1111111111111111,1,10,10
22936,114,2,0.6807322964748713,0.5833333333333334,0.5,0.12468575026986017,0.08333333333333333,0.16666666666666666,10,10
22969,4,3,0.4537855225363716,0.3333333333333333,1,0.7050743585559002,0.5833333333333334,1,4,10
22993,340,2,0,0,0,0.38852647257634365,0.2857142857142857,0.5,10,10
22996,343,3,0,0,0,0.08514311764162098,0.0625,0.2,10,10
23013,1742,2,0,0,0,0,0,0,10,10
23017,1941,2,0,0,0,0,0,0,10,10
23020,128,3,0,0,0,0.11004588314904007,0.0625,0.3333333333333333,10,10
23021,11,3,0,0,0,0,0,0,10,10
23024,10,3,0.4323181322709947,0.2,1,0.3714891073940902,0.2,1,10,10
23030,14,2,0.9454862044599011,0.625,1,0.9305755731226613,0.625,1,10,10
23033,16,4,0.7015099647232445,0.25806451612903225,0.5,0.8724430235590779,0.25806451612903225,1,10,10
23046,140,3,0,0,0,0,0,0,10,10
23055,1,2,0,0,0,0,0,0,1,1
23084,18167,2,0,0,0,0.14876390584057267,0.125,0.2,10,10
23152,170,3,0,0,0,0.06625422345438903,0.07692307692307693,0.1111111111111111,10,10
23153,257,2,0,0,0,0.24703059344735182,0.1875,0.3333333333333333,10,10
23157,781,3,0,0,0,0,0,0,10,10
23164,474,3,0,0,0,0,0,0,10,10
23179,33,1,0.35106842466815336,0.18518518518518517,0.16666666666666666,0.46582309483828654,0.14814814814814814,1,10,10
23189,1,2,0,0,0,0,0,0,1,10
23234,12,2,0.9432379215722527,0.47368421052631576,1,0.9575861412006988,0.47368421052631576,1,10,10
23250,11,2,0,0,0,0,0,0,10,10
23251,5,3,0,0,0,0,0,0,5,10
23259,408,1,0,0,0,0.06625422345438903,0.06666666666666667,0.1111111111111111,10,10
23260,1,2,0.22009176629808014,0.0625,1,0.22009176629808014,0.0625,1,1,10
23270,36,2,0,0,0,0.5637884576902256,0.25,1,10,10
23295,14,5,0.0636207881989517,0.0625,0.1,0.7183627972686238,0.375,1,10,10
23311,6,7,0.39220575643906785,0.25,0.3333333333333333,0.7052682158426169,0.375,1,6,10
23335,3,2,0.4690000933206747,0.1875,1,0.727329844310522,0.375,1,3,10
23337,2,3,0.45650001423154074,0.13333333333333333,1,0.45650001423154074,0.13333333333333333,1,2,10
23386,8,3,0.09478836436955078,0.0625,0.25,0.28634598975246917,0.125,1,8,10
23396,1376,2,0,0,0,0,0,0,10,10
23397,1376,2,0,0,0,0,0,0,10,10
23433,10,2,0,0,0,0.06625422345438903,0.0625,0.1111111111111111,10,10
23446,3,4,0.18764419468809046,0.0625,0.5,0,0,0,3,10
23448,240,2,0,0,0,0.2781981696179509,0.1875,0.3333333333333333,10,10
23455,139,2,0,0,0,0,0,0,10,10
23478,6,3,0.727329844310522,0.4,1,0.8409305485502252,0.5333333333333333,1,6,10
23588,14,3,0.1829332226242266,0.2222222222222222,0.14285714285714285,0,0,0,10,10
23598,40,5,1,0.25,1,1,0.25,1,10,10
23601,20,2,0.3063365306564336,0.25,0.2,0.38589303732090635,0.25,0.5,10,10
23603,1,3,0.29740901205864334,0.07692307692307693,1,0.3828004051609265,0.15384615384615385,1,1,10
23604,5,3,0.45374257454118544,0.1875,1,0.5423640154200348,0.25,1,5,10
23605,29,3,0,0,0,0.3468135782097929,0.15625,0.2,10,10
23606,40,3,0,0,0,0.5040610795300535,0.4,0.3333333333333333,10,10
23612,1,3,0,0,0,0.943473299121064,1,1,1,10
23618,63,1,0,0,0,0.3570764765963919,0.1875,1,10,10
23622,2,4,0.45650001423154074,0.125,1,0.8310215325666566,0.4375,1,2,10
23632,21,2,0.92663607790064,0.5625,1,0.84860265890399,0.5,1,10,10
23636,360,1,0,0,0,0,0,0,10,10
23656,6,3,0.5637884576902256,0.25,1,0.4847119890255185,0.25,1,6,10
23657,73,2,0,0,0,0.933745776545611,0.5625,1,10,10
23660,652,1,0,0,0,0.1806351992735502,0.125,0.5,10,10
23661,14,3,0.3038377318600771,0.3076923076923077,0.25,0.5224955967919309,0.3076923076923077,1,10,10
23692,6,3,0.5867052721108456,0.3125,1,0.5888495084902053,0.3125,1,6,10
23694,62,4,0,0,0,0.05226551265245022,0.045454545454545456,0.16666666666666666,10,10
23697,1,3,0.1661739913161087,0.07142857142857142,1,0.338049541999999,0.21428571428571427,1,1,10
23704,3,2,0.5857421563596757,0.42857142857142855,1,0.5857421563596757,0.42857142857142855,1,3,10
23719,1078,4,0,0,0,0,0,0,10,10
23722,1047,4,0,0,0,0,0,0,10,10
23723,3,6,0.5487973376826973,0.2,1,0.4296130309255519,0.2,1,3,10
23729,997,4,0,0,0,0.22009176629808014,0.02564102564102564,1,10,10
23933,13,2,0.06625422345438903,0.0625,0.1111111111111111,0,0,0,10,10
23936,16,2,0.4319964223378389,0.3125,0.3333333333333333,0.35895421017163465,0.125,1,10,10
23957,50,3,1,0.2631578947368421,1,0.5774250016294136,0.18421052631578946,0.3333333333333333,10,10
23960,1,5,0.3154909520426466,0.1111111111111111,1,0.4206546027235288,0.2222222222222222,1,1,10
23967,12,4,0.4225749983705864,0.2,1,0.06943122193677725,0.06666666666666667,0.125,10,10
23981,2,6,0.35895421017163465,0.125,1,0.968403878543483,0.625,1,2,10
23986,9,3,0.727329844310522,0.375,1,0.6421867266689009,0.3125,1,9,10
23998,3,2,0,0,0,0,0,0,3,10
24002,11,3,0.1388624438735545,0.0625,0.5,0,0,0,10,10
24008,37,2,0.08197492226094985,0.125,0.125,0.2598543555662749,0.125,1,10,10
24011,16,1,0.41761443305159,0.1875,0.5,0.4963984240393484,0.1875,1,10,10
24024,4,2,0.5487973376826973,0.3,1,0.5487973376826973,0.3,1,4,10
24025,37,2,0.31297374272228967,0.3333333333333333,0.2,0.3714021184002407,0.3333333333333333,0.5,10,10
24065,3,3,0,0,0,0,0,0,3,10
24077,69,2,0,0,0,0.19850016276707141,0.0392156862745098,0.125,10,10
24080,36,4,0,0,0,0,0,0,10,10
24082,6,2,0,0,0,0,0,0,6,10
24091,78,1,0.42883980903376634,0.25,0.5,0.4690000933206747,0.1875,1,10,10
24094,28,2,0,0,0,0.3052348839397011,0.08333333333333333,1,10,10
24097,5,3,0,0,0,0.05968602240696155,0.07142857142857142,0.1111111111111111,5,10
24109,78,2,0,0,0,0.37183505243062803,0.25,0.5,10,10
24141,4,4,0.35895421017163465,0.08823529411764706,1,0.3502177668251875,0.08823529411764706,1,4,10
24144,4,2,0.24890832702259458,0.11764705882352941,0.5,0.3301376494471202,0.11764705882352941,1,4,10
24186,1,2,0.2575389154724167,0.0625,1,0.5487973376826973,0.1875,1,1,10
24190,6,5,0.11004588314904007,0.06666666666666667,0.3333333333333333,0.45374257454118544,0.2,1,6,10
24194,528,3,0,0,0,0,0,0,10,10
24196,86,3,0,0,0,0,0,0,10,10
24204,160,3,0.19930623359011798,0.1875,0.125,0.2895229882348574,0.125,1,10,10
24218,60,2,0.6410457898283652,0.5,0.3333333333333333,0.933745776545611,0.5625,1,10,10
24225,405,1,0,0,0,0.2816372027313761,0.18181818181818182,0.16666666666666666,10,10
24226,99,2,0,0,0,0.5953135069111801,0.46153846153846156,0.5,10,10
24230,1,3,0.22009176629808014,0.07142857142857142,1,0.3052348839397011,0.14285714285714285,1,1,10
24233,4,2,0.6140472338590554,0.4444444444444444,1,0.5970962402916767,0.4444444444444444,1,4,10
24237,107,3,0,0,0,0,0,0,10,10
24238,4,5,0,0,0,0.30064162802869593,0.2727272727272727,0.5,4,10
24247,637,4,0,0,0,0,0,0,10,10
24254,1906,3,0,0,0,0,0,0,10,10
24258,2442,3,0,0,0,0,0,0,10,10
24267,153,4,0,0,0,0,0,0,10,10
24272,55,6,0,0,0,0.11004588314904007,0.06666666666666667,0.3333333333333333,10,10
24281,10,1,1,0.7692307692307693,1,0.9363792118010483,0.6923076923076923,1,10,9
24285,132,3,0,0,0,0.09478836436955078,0.0625,0.25,10,10
24286,3832,1,0,0,0,0,0,0,10,10
24298,2,2,0.4830975190252157,0.25,1,0.7410045836645278,0.75,1,2,10
24312,73,2,0.2583297509898471,0.2,0.25,0.467122359745432,0.26666666666666666,1,10,10
24313,1,3,0,0,0,0,0,0,1,10
24316,2,3,0.26742619438551957,0.07692307692307693,1,0.16872714292220853,0.07692307692307693,0.5,2,10
24317,7,2,0.830812904991609,0.7142857142857143,1,0.7940561506177144,0.7142857142857143,1,7,10
24324,174,3,0,0,0,0.22009176629808014,0.0625,1,10,10
24326,3,2,0,0,0,0,0,0,3,10
24339,3,3,0.1399508511117305,0.07692307692307693,0.3333333333333333,0.2698988794159001,0.15384615384615385,0.5,3,10
24377,1,4,0,0,0,0,0,0,1,10
24380,3,4,0.45279417953432816,0.1875,1,0.8910871834629928,0.5625,1,3,10
24390,76,3,0,0,0,0,0,0,10,10
24394,46,4,0,0,0,0.14465249243306438,0.125,0.16666666666666666,10,10
24396,481,2,0,0,0,0,0,0,10,10
24398,57,3,0,0,0,0.7125523635307983,0.13636363636363635,1,10,10
24402,793,2,0,0,0,0,0,0,10,10
24405,6,5,0.4498329045894398,0.3076923076923077,0.5,0.6865435734181821,0.38461538461538464,1,6,10
24430,1991,1,0,0,0,0.24890832702259458,0.08695652173913043,0.5,10,10
24445,22,2,1,0.625,1,0.9305687780632227,0.5625,1,10,10
24465,97,3,0,0,0,0.06943122193677725,0.06666666666666667,0.125,10,10
24499,8,2,0.2802037743302085,0.19047619047619047,0.2,0.4771915264691213,0.19047619047619047,1,8,10
24501,4,2,0.3780584428859573,0.1875,0.5,0.5529054620833708,0.25,1,4,10
24504,6,1,0.5487973376826973,0.1875,1,0.530943853632104,0.1875,1,6,6
24523,4,3,0.5637884576902256,0.25,1,0.6936634693435663,0.375,1,4,10
24524,15,3,1,0.625,1,1,0.625,1,10,10
24539,34,2,0.21780466625168715,0.1875,0.25,0,0,0,10,10
24543,77,4,0.9363792118010483,0.5625,1,0.7059054020403311,0.375,1,10,10
24565,189,3,0,0,0,0.866947989864271,0.5,1,10,10
24567,657,2,0,0,0,0,0,0,10,10
24571,195,2,0,0,0,0,0,0,10,10
24579,23,3,0.33169367308920716,0.2857142857142857,0.25,0.686715183098259,0.42857142857142855,1,10,10
24584,2791,3,0,0,0,0,0,0,10,10
24590,65,4,0.07839826897867533,0.0625,0.16666666666666666,0.11004588314904007,0.0625,0.3333333333333333,10,10
24591,483,4,0,0,0,0.44092032933086744,0.14814814814814814,1,10,10
24593,1274,3,0,0,0,0,0,0,10,10
24595,187,4,0,0,0,0.07839826897867533,0.0625,0.16666666666666666,10,10
24598,239,3,0.27267015568947806,0.25,0.14285714285714285,0.1356854453911663,0.125,0.125,10,10
24612,10,3,0,0,0,0,0,0,10,10
24617,6962,1,0,0,0,0.06625422345438903,0.029411764705882353,0.1111111111111111,10,10
24620,74,3,0,0,0,0.1073508639320094,0.0625,0.25,10,10
24621,440,2,0,0,0,0,0,0,10,10
24657,1,2,0.22009176629808014,0.0625,1,0.6300029546581896,0.375,1,1,10
24660,231,2,0,0,0,0.1388624438735545,0.0625,0.5,10,10
24690,1,2,0.22009176629808014,0.06666666666666667,1,0.22009176629808014,0.06666666666666667,1,1,10
24692,101,1,0.20904936749052636,0.23076923076923078,0.14285714285714285,0.08514311764162098,0.07692307692307693,0.2,10,10
24693,1,1,0.22009176629808014,0.0625,1,0.22009176629808014,0.0625,1,1,1
24697,30,2,0.1401206219163243,0.25,0.125,0,0,0,10,10
24702,1,1,0,0,0,0,0,0,1,1
24708,43,5,0.1427951440361373,0.16666666666666666,0.14285714285714285,0,0,0,10,10
24714,168,2,0,0,0,0,0,0,10,10
24726,139,1,0,0,0,0,0,0,10,10
24728,16,2,0,0,0,0,0,0,10,10
24733,3,2,0.5698664345004878,0.1875,1,0.5698664345004878,0.1875,1,3,10
24795,106,1,0,0,0,0.35517551357284516,0.5,0.25,10,10
24799,1,4,0.2300510610426737,0.07142857142857142,1,0.5179325400767318,0.2857142857142857,1,1,10
24804,1,3,0.22009176629808014,0.02564102564102564,1,0.6308182950380662,0.1282051282051282,1,1,10
24806,6,1,0,0,0,0,0,0,6,6
24831,1279,2,0,0,0,0.24863810980328654,0.14285714285714285,0.25,10,10
24858,2,3,0.420027879946489,0.125,1,0.4717125056851344,0.1875,1,2,10
24927,2,2,0.3667314583167897,0.16666666666666666,1,0.3667314583167897,0.16666666666666666,1,2,10
24952,8,4,0.09478836436955078,0.0625,0.25,0.1388624438735545,0.0625,0.5,8,10
24953,292,3,0,0,0,0.26434653549591564,0.125,0.5,10,10
24958,8970,2,0,0,0,0,0,0,10,10
24959,572,3,0,0,0,0,0,0,10,10
24964,2,3,0,0,0,0,0,0,2,10
24982,4,3,0.22009176629808014,0.0625,1,0.22009176629808014,0.0625,1,4,10
25015,9,2,0.9363792118010483,0.5625,1,0.9363792118010483,0.5625,1,9,9
25024,3,3,0.5487973376826973,0.1875,1,0.6891610884215363,0.3125,1,3,10
25031,137,2,0,0,0,0,0,0,10,10
25032,749,3,0,0,0,0,0,0,10,10
25040,1,3,0,0,0,0.13539213147917573,0.3333333333333333,0.16666666666666666,1,10
25043,2,2,0.22009176629808014,0.0625,1,0.41939799988819815,0.25,1,2,10
25044,23,1,1,0.6666666666666666,1,0.8701249883466592,0.5333333333333333,1,10,10
25045,5,2,0.4522276255121044,0.5,0.3333333333333333,0.7314184624382051,0.5,1,5,10
25051,9,3,0,0,0,0.25469837558210445,0.1875,0.3333333333333333,9,10
25056,13,3,0,0,0,0,0,0,10,10
25064,17,4,0,0,0,0,0,0,10,10
25068,39,3,0,0,0,0.06625422345438903,0.0625,0.1111111111111111,10,10
25072,23,3,0,0,0,0,0,0,10,10
25081,92,3,0,0,0,0,0,0,10,10
25088,6,4,0,0,0,0,0,0,6,10
25103,138,2,0,0,0,0,0,0,10,10
25119,8,4,0,0,0,0,0,0,8,10
25136,122,3,0,0,0,0,0,0,10,10
25156,25,4,1,0.625,1,0.8482378089219647,0.5,1,10,10
25167,16,2,0.7799082337019198,0.6428571428571429,0.5,1,0.7142857142857143,1,10,10
25193,235,2,0,0,0,0.1610425878239398,0.125,0.25,10,10
25197,2,4,0,0,0,0.06625422345438903,0.043478260869565216,0.1111111111111111,2,10
25204,52,2,0.305560916762982,0.25,0.25,0.7151857987862356,0.375,1,10,10
25205,7,3,0.6371523797895855,0.3125,1,0.3301376494471202,0.125,1,7,10
25222,57,3,0,0,0,0,0,0,10,10
25229,59,3,0,0,0,0,0,0,10,10
25230,3,3,0.2242324671449414,0.125,0.5,0.3233688044978225,0.125,1,3,10
25238,33,3,0.3077767541170398,0.3125,0.16666666666666666,0.791576543701221,0.5625,1,10,10
25239,16,3,0.9363792118010483,0.6,1,0.9305687780632227,0.6,1,10,10
25240,51,2,0,0,0,0.22009176629808014,0.0625,1,10,10
25242,22,3,0.15197238047909936,0.125,0.1111111111111111,0.4944733218176204,0.1875,1,10,10
25288,4,5,0.5256551794030138,0.25,1,0.9231653643076375,0.625,1,4,10
25289,108,3,0,0,0,0.2895229882348574,0.13333333333333333,1,10,10
25293,27,3,0.22009176629808014,0.09090909090909091,1,0,0,0,10,10
25335,18,3,0.43621154230977444,0.375,0.2,1,0.625,1,10,10
25361,3,4,0.5311576535478315,0.21428571428571427,1,0.7815934716551027,0.5,1,3,10
25367,6,3,0.22009176629808014,0.0625,1,0.6961622681399229,0.375,1,6,10
25368,3,3,0.40652716006074996,0.13333333333333333,1,0.37389148046124454,0.13333333333333333,1,3,10
25370,1,4,0.11070698891966783,0,0,0.4573227944565616,0.2,1,1,10
25382,15,2,0.6623748292996336,0.6363636363636364,0.5,0.8774322487183986,0.7272727272727273,1,10,10
25385,23,3,0.2781778433585695,0.1111111111111111,1,0.14813441156982743,0.1111111111111111,0.125,10,10
25391,2,3,0.3667314583167897,0.15384615384615385,1,0.44168491303869717,0.23076923076923078,1,2,10
25394,4,2,0.24209587273488012,0.08333333333333333,1,0.24209587273488012,0.08333333333333333,1,4,10
25399,20,2,0.6410457898283652,0.5333333333333333,0.3333333333333333,0.7788065869851873,0.4666666666666667,1,10,10
25403,2,2,0.2855902880722746,0.125,1,0.2855902880722746,0.125,1,2,10
25439,5,4,0.2283991101588521,0.125,0.3333333333333333,0.35385582954799627,0.1875,0.5,5,10
25456,2,3,0.1388624438735545,0.0625,0.5,0.38113435412201996,0.1875,1,2,10
25503,596,3,0,0,0,0,0,0,10,10
25506,45,4,0.15707136890760245,0.125,0.14285714285714285,0.08069862424496003,0.0625,0.14285714285714285,10,10
25514,2,3,0.1388624438735545,0.0625,0.5,0.43621154230977444,0.375,0.2,2,10
25534,53,3,0.19930623359011798,0.2,0.125,0.12987501165334073,0.13333333333333333,0.1111111111111111,10,10
25551,114,3,0.07839826897867533,0.0625,0.16666666666666666,0.19930623359011798,0.1875,0.125,10,10
25554,459,3,0,0,0,0.08514311764162098,0.0625,0.2,10,10
25555,1,3,0.22009176629808014,0.04,1,0.22009176629808014,0.04,1,1,10
25566,5,5,0.289954599244702,0.4,0.25,0.5784447668310352,0.4,1,5,10
25593,1,4,0,0,0,0,0,0,1,10
25596,10,3,0,0,0,0,0,0,10,10
25599,267,2,0,0,0,0,0,0,10,10
25605,42,2,0,0,0,0,0,0,10,10
25612,5,3,0,0,0,0,0,0,5,10
25613,2,4,0,0,0,0.2677764962132402,0.1875,0.25,2,10
25614,1,3,0,0,0,0,0,0,1,10
25625,2,1,0.4361533373077281,0.08695652173913043,1,0.4361533373077281,0.08695652173913043,1,2,2
25626,1,2,0,0,0,0.04416948230292602,0.047619047619047616,0.1111111111111111,1,10
25633,5,4,0.6489315753318465,0.3125,1,0.866947989864271,0.5,1,5,10
25635,4,5,0.2575389154724167,0.1,1,0.24001590308204032,0.2,0.5,4,10
25638,9,4,0.5384313152574519,0.25,1,0.3301376494471202,0.125,1,9,10
25640,288,2,0,0,0,0.1388624438735545,0.0625,0.5,10,10
25644,4029,1,0,0,0,0.0636207881989517,0.06666666666666667,0.1,10,10
25646,50,2,0.5309999066793252,0.2916666666666667,0.25,0.7289512555134451,0.2916666666666667,1,10,10
25650,41,2,0.07495345472190745,0.06666666666666667,0.3333333333333333,0.1499069094438149,0.06666666666666667,1,10,10
25651,6,3,0.42883980903376634,0.25,0.5,0.7753366239771085,0.4375,1,6,10
25656,3,3,0,0,0,0,0,0,3,10
25660,104,3,0,0,0,0,0,0,10,10
25663,3,4,0,0,0,0,0,0,3,10
25674,1182,2,0,0,0,0,0,0,10,10
25678,59,2,0.35106842466815336,0.3125,0.16666666666666666,0.933745776545611,0.5625,1,10,10
25693,91,1,0.5309999066793252,0.4375,0.25,0.7682269253321374,0.4375,1,10,10
25694,8,3,0.8701249883466592,0.26666666666666666,1,0.9363792118010483,0.3,1,8,10
25699,1,3,0,0,0,0.1604863288406216,0.125,0.2,1,10
25701,102,2,0,0,0,0.21222636597291455,0.125,0.5,10,10
25770,160,2,0,0,0,0.13305201013572895,0.125,0.125,10,10
25794,4,2,0.6597133113683123,0.25,1,0.7750344412938567,0.375,1,4,10
25820,5,3,0.2855902880722746,0.125,1,0.2001769532113456,0.1875,0.25,5,10
25826,128,2,0.04241385879930114,0.0625,0.1,0,0,0,10,10
25831,72,2,0,0,0,0.420027879946489,0.16666666666666666,1,10,10
26130,1951,1,0,0,0,0,0,0,10,10
26135,36,2,0,0,0,0,0,0,10,10
26171,23,3,0,0,0,0.1388624438735545,0.045454545454545456,0.5,10,10
26176,52,2,0,0,0,0.14782949091545258,0.13333333333333333,0.16666666666666666,10,10
26177,3,3,0.5487973376826973,0.23076923076923078,1,0.8871572324938345,0.6153846153846154,1,3,10
26180,2,4,0.2357541930550393,0.07142857142857142,1,0.3983162620304429,0.21428571428571427,1,2,10
26194,73,3,0,0,0,0.6601585067762744,0.15384615384615385,1,10,10
26196,257,4,0,0,0,0,0,0,10,10
26201,178,4,0,0,0,0.28533563803092393,0.125,1,10,10
26227,11,3,0.92757976238259,0.7142857142857143,1,0.9787930706003494,0.7142857142857143,1,10,10
26301,93,4,0,0,0,0.914856882358379,0.23076923076923078,1,10,10
26303,14,4,0.30045482789387484,0.26666666666666666,0.16666666666666666,0.6685926961194013,0.4,1,10,10
26306,5,3,0.09257496258236969,0.07142857142857142,0.5,0,0,0,5,10
26308,4,3,0,0,0,0,0,0,4,10
26310,1,4,0.29740901205864334,0.06666666666666667,1,0.29740901205864334,0.06666666666666667,1,1,10
26375,1,2,0.22009176629808014,0.027777777777777776,1,0.30308203017988256,0.08333333333333333,0.5,1,10
26377,5,3,0,0,0,0.3328465151387793,0.36363636363636365,0.2,5,10
26379,92,3,0,0,0,0,0,0,10,10
26394,50,4,0.188073497922634,0.125,0.25,0.3542214864534539,0.25,0.3333333333333333,10,10
26397,3,3,0,0,0,0,0,0,3,10
26409,72,2,0.2583297509898471,0.1875,0.25,0.5017493542077719,0.25,1,10,10
26410,64,2,0,0,0,0.21222636597291455,0.125,0.5,10,10
26411,67,3,0,0,0,0.5352543167750637,0.25,1,10,10
26435,1,4,0.18660113481564067,0.0625,1,0.13865583818042593,0.125,0.2,1,10
26445,205,1,0,0,0,0.7353797772725617,0.4375,1,10,10
26451,89,2,0,0,0,0.4162845266329952,0.3125,0.3333333333333333,10,10
26453,56,3,0.12987501165334073,0.125,0.1111111111111111,0.20511666732794356,0.125,0.5,10,10
26476,12,3,0.866947989864271,0.5,1,0.7917063341896682,0.5,1,10,10
26496,17,2,0.6410457898283652,0.5,0.3333333333333333,0.7951657524814091,0.5,1,10,10
26512,12,3,0.7570263721910747,0.4375,1,0.6353393696356001,0.375,1,10,10
26520,5,4,0.34369669139214537,0.1875,0.5,0.7421246259355073,0.4375,1,5,10
26541,2,4,0,0,0,0,0,0,2,10
26554,16,5,0.5309999066793252,0.5384615384615384,0.25,0.4163824138054737,0.38461538461538464,0.3333333333333333,10,10
26559,499,2,0,0,0,0,0,0,10,10
26586,198,2,0,0,0,0.06649967000454629,0.07142857142857142,0.1,10,10
26591,152,2,0,0,0,0.51071640124967,0.25,1,10,10
26592,32,3,0.42883980903376634,0.25,0.5,0.5423640154200348,0.25,1,10,10
26596,1577,2,0,0,0,0,0,0,10,10
26605,25,4,0.18340980524840012,0.125,0.3333333333333333,0.49118023727106,0.25,1,10,10
26606,165,2,0,0,0,0.06625422345438903,0.0625,0.1111111111111111,10,10
26607,1904,2,0,0,0,0,0,0,10,10
26609,21,2,0,0,0,0.3844985279826931,0.125,1,10,10
26610,72,3,0,0,0,0,0,0,10,10
26639,2,2,0.1388624438735545,0.0625,0.5,0.22009176629808014,0.0625,1,2,10
26642,1,3,0.22009176629808014,0.0625,1,0.22009176629808014,0.0625,1,1,3
26672,169,2,0,0,0,0.9363792118010483,0.5625,1,10,10
26792,58,3,0,0,0,0,0,0,10,10
26794,29,4,0,0,0,0.22009176629808014,0.06666666666666667,1,10,10
26797,145,4,0,0,0,0,0,0,10,10
26805,8,3,0.08514311764162098,0.023809523809523808,0.2,0.1388624438735545,0.023809523809523808,0.5,8,10
26806,5,3,0,0,0,0.11753340440228607,0.05,0.14285714285714285,5,10
26809,173,1,0,0,0,0.4697557950008693,0.26666666666666666,1,10,10
26814,12,2,1,0.625,1,0.92663607790064,0.5625,1,10,10
26825,4,2,0.6385085174798409,0.2,1,0.6385085174798409,0.2,1,4,10
26834,46,2,0,0,0,0.34323912424252423,0.16666666666666666,1,10,10
26838,28899,1,0,0,0,0,0,0,10,10
26843,226,2,0,0,0,0.424926013816671,0.1875,1,10,10
26871,35,4,0.47819685582315763,0.19444444444444445,0.25,0.4322788421471916,0.1388888888888889,0.5,10,10
26880,17,1,0.6410457898283652,0.42105263157894735,0.3333333333333333,0.9305687780632227,0.47368421052631576,1,10,10
26882,17,1,0.0636207881989517,0.0625,0.1,0.26845503571754253,0.1875,0.3333333333333333,10,10
26894,189,3,0,0,0,0,0,0,10,10
26897,74,4,0.3249356683419283,0.3125,0.16666666666666666,0.44092032933086744,0.25,1,10,10
26898,11,5,0.4323181322709947,0.1875,1,0.2973694836145355,0.1875,0.5,10,10
26909,25,3,0.0636207881989517,0.06666666666666667,0.1,0.32730659600126993,0.2,0.5,10,10
26924,13,2,0.6489315753318465,0.3125,1,0.5617131059245698,0.375,0.5,10,10
26932,4,2,0.22009176629808014,0.0625,1,0,0,0,4,10
26934,23,3,0,0,0,0,0,0,10,10
26939,19,2,0,0,0,0,0,0,10,10
26943,10,2,0.6489315753318465,0.3125,1,0.34369669139214537,0.1875,0.5,10,10
26948,967,2,0,0,0,0.40554109547404177,0.1875,1,10,10
26949,197,3,0,0,0,0.1746776072456024,0.125,0.5,10,10
26957,2,3,0.436404375391927,0.25,1,0.436404375391927,0.25,1,2,10
26959,40,3,0,0,0,0,0,0,10,10
26970,17,2,1,0.2857142857142857,1,1,0.2857142857142857,1,10,10
26986,4456,2,0,0,0,0,0,0,10,10
26988,1,3,0,0,0,0,0,0,1,10
26994,38,3,0,0,0,0,0,0,10,10
27003,747,2,0,0,0,0.1388624438735545,0.0625,0.5,10,10
27005,386,4,0,0,0,0.22009176629808014,0.0625,1,10,10
27008,1251,2,0,0,0,0,0,0,10,10
27015,2,2,0.40652716006074996,0.125,1,0.6385085174798409,0.25,1,2,10
27031,42,3,0,0,0,0.5430029249822633,0.375,0.5,10,10
27039,9,4,0.18866537096332345,0.13333333333333333,0.3333333333333333,0.25318321944548505,0.13333333333333333,0.5,9,10
27041,870,2,0,0,0,0,0,0,10,10
27042,87,3,0,0,0,0,0,0,10,10
27050,207,3,0,0,0,0.11004588314904007,0.07142857142857142,0.3333333333333333,10,10
27060,1202,3,0,0,0,0,0,0,10,10
27063,141,3,0,0,0,0.31488013066763093,0.125,1,10,10
27078,10,3,0.41149566562215273,0.26666666666666666,0.3333333333333333,0.46130011441318963,0.26666666666666666,0.5,10,10
27080,2825,1,0,0,0,0.0636207881989517,0.07142857142857142,0.1,10,10
27099,93,2,0,0,0,0.54739836229935,0.3333333333333333,1,10,10
27102,189,2,0,0,0,0,0,0,10,10
27105,61,2,0,0,0,0.06625422345438903,0.06666666666666667,0.1111111111111111,10,10
27106,1056,3,0,0,0,0,0,0,10,10
27109,3,4,0.22009176629808014,0.0625,1,0.22009176629808014,0.0625,1,3,10
27129,4,2,0.25430127623392856,0.13333333333333333,0.5,0.8738798151097478,0.5333333333333333,1,4,10
27138,17,2,0.1670907873945084,0.15384615384615385,0.14285714285714285,0.5196575323691327,0.23076923076923078,1,10,10
27150,2,3,0.18764419468809046,0.0625,0.5,0.41440869074300907,0.1875,1,2,10
27166,47,1,0.3683756341388872,0.26666666666666666,0.3333333333333333,0,0,0,10,10
27181,67,3,0.10345457402608846,0.0625,0.2,0.16166707789400817,0.125,0.125,10,10
27196,913,2,0,0,0,0,0,0,10,10
27198,22,4,0,0,0,0.22009176629808014,0.05263157894736842,1,10,10
27200,533,2,0,0,0,0,0,0,10,10
27206,14,3,0.23344411357024486,0.13333333333333333,0.5,0.146354146067028,0.13333333333333333,0.125,10,10
27208,47,3,0,0,0,0.5338601418952625,0.3125,1,10,10
27210,12,4,0,0,0,0.33359563288523814,0.1875,1,10,10
27240,1,3,0.29740901205864334,0.06666666666666667,1,0.47207331052714424,0.13333333333333333,1,1,10
27270,2,2,0.35895421017163465,0.16666666666666666,1,0.4690000933206747,0.25,1,2,10
27287,10312,1,0,0,0,0,0,0,10,10
27293,16,3,0.5309999066793252,0.4375,0.25,1,0.625,1,10,10
27298,11,3,0.39348195055621416,0.625,0.16666666666666666,0.6484998230041159,0.5,1,10,10
27302,112,2,0,0,0,0.4389937356356982,0.3333333333333333,1,10,10
27347,13,2,1,1,1,0.4883505467692416,0.375,1,10,10
27462,221,3,0,0,0,0,0,0,10,10
27464,7,2,0.3727675043780305,0.3333333333333333,0.3333333333333333,0.5263092885518598,0.3333333333333333,1,7,10
27475,55,3,0,0,0,0.29343678345195273,0.1875,0.5,10,10
27485,1,2,0.2357541930550393,0.07142857142857142,1,0.07437216746382688,0.07142857142857142,0.125,1,10
27488,40,3,0,0,0,0.17630010660342912,0.125,0.3333333333333333,10,10
27489,8,3,0.796761066247299,0.4666666666666667,1,0.7605591431973847,0.4666666666666667,1,8,10
27490,118,2,0,0,0,0.4283854321084119,0.1875,1,10,10
27500,20,4,0.5111707781750245,0.15,0.3333333333333333,0.6242322474067891,0.15,1,10,10
27502,33,3,0,0,0,0.5637884576902256,0.25,1,10,10
27541,1,2,0.22009176629808014,0.0625,1,0.8454256604216017,0.5,1,1,10
27583,115,2,0.19930623359011798,0.1875,0.125,0.3628869103342175,0.1875,1,10,10
27599,43,3,0,0,0,0.2344065099232999,0.1875,0.25,10,10
27601,6,5,0.36564756612073246,0.1,0.5,0.6117133000104058,0.2,0.5,6,10
27609,3,3,0,0,0,0.4229457085356897,0.3076923076923077,0.5,3,10
27616,23,4,0,0,0,0.0636207881989517,0.06666666666666667,0.1,10,10
27633,1,3,0.22486036416572236,0.0625,1,0.292550078615531,0.125,1,1,10
27644,17,2,0.42302937529594087,0.3125,0.3333333333333333,0.4018554396429695,0.3125,0.5,10,10
27646,22,1,0,0,0,0,0,0,10,10
27650,11,2,0.8701249883466592,0.5,1,0.8318477135310891,0.5,1,10,10
27662,33,2,0.968403878543483,0.625,1,0.7788065869851873,0.4375,1,10,10
27692,53,1,0.33169367308920716,0.25,0.25,0.17366667134799177,0.125,0.3333333333333333,10,10
27697,2728,1,0,0,0,0.0636207881989517,0.0625,0.1,10,10
27700,494,2,0,0,0,0.06943122193677725,0.025,0.125,10,10
27704,330,2,0,0,0,0.43447685454500645,0.25,1,10,10
27707,1,2,0,0,0,0,0,0,1,10
27709,3,3,0.35895421017163465,0.125,1,0.5677211578528083,0.3125,1,3,10
27711,296,2,0,0,0,0.2837125544970318,0.125,1,10,10
27715,6,5,0.28997736516021183,0.1875,0.3333333333333333,0.5166851630541055,0.3125,1,6,10
27726,7097,2,0,0,0,0,0,0,10,10
27745,3,2,0,0,0,0,0,0,3,10
27751,1205,2,0,0,0,0,0,0,10,10
27767,5,5,0.6489315753318465,0.3125,1,0.7917267193679839,0.4375,1,5,10
27771,1896,2,0,0,0,0,0,0,10,10
27778,629,2,0,0,0,0,0,0,10,10
27782,19,2,0,0,0,0,0,0,10,10
27784,40,5,0.227162174819248,0.1875,0.2,0.21538297927698707,0.1875,0.16666666666666666,10,10
27789,1770,3,0,0,0,0.44412286644879784,0.5,0.5,10,10
27795,33,2,0.3894507266655181,0.3125,0.2,0.6853112798801142,0.4375,1,10,10
27870,12,4,1,0.625,1,0.826333328652008,0.5,1,10,10
27872,7,2,0.7517844850103086,0.4,1,0.8874699304014749,0.5333333333333333,1,7,10
27943,2517,3,0,0,0,0,0,0,10,10
27961,6,3,0.35895421017163465,0.16666666666666666,1,0.41153259956303256,0.4166666666666667,0.5,6,10
27966,36,1,0.08425880820666944,0.07142857142857142,0.1111111111111111,0.18919049619417855,0.14285714285714285,0.2,10,10
27969,185,2,0.43621154230977444,0.1935483870967742,0.2,0.06625422345438903,0.03225806451612903,0.1111111111111111,10,10
27981,1,2,0,0,0,0,0,0,1,10
27985,154,1,0,0,0,0,0,0,10,10
27987,6,1,0.7272970725056769,0.3125,1,0.6664582119640974,0.3125,1,6,6
27994,30,3,0,0,0,0.2816575879096918,0.2,0.5,10,10
28019,7,2,0.2522709646130906,0.1111111111111111,1,0.10443687828759902,0.1111111111111111,0.2,7,10
28022,1,3,0.29740901205864334,0.0625,1,0.7015985544451778,0.375,1,1,10
28028,110,3,0.23690530871965637,0.1875,0.2,0.6055047656192208,0.3125,1,10,10
28031,4022,2,0,0,0,0,0,0,10,10
28066,533,3,0,0,0,0.2532954041105318,0.1875,0.25,10,10
28067,1388,4,0,0,0,0,0,0,10,10
28068,1354,3,0,0,0,0,0,0,10,10
28070,719,3,0,0,0,0,0,0,10,10
28071,3731,1,0,0,0,0,0,0,10,10
28085,343,2,0,0,0,0.11004588314904007,0.0625,0.3333333333333333,10,10
28087,37,3,0.3825523277425815,0.2857142857142857,0.5,0.1388624438735545,0.07142857142857142,0.5,10,10
28088,185,2,0,0,0,0.22009176629808014,0.0625,1,10,10
28089,115,4,0,0,0,0.11004588314904007,0.030303030303030304,0.3333333333333333,10,10
28098,874,2,0,0,0,0,0,0,10,10
28102,10,4,0.44173955623824723,0.1388888888888889,0.3333333333333333,0.4569970750177365,0.1111111111111111,1,10,10
28103,5,3,0.37217192514325476,0.21428571428571427,0.5,0.6070328723058679,0.2857142857142857,1,5,10
28107,138,2,0,0,0,0.22009176629808014,0.0625,1,10,10
28109,2,1,0.35895421017163465,0.125,1,0.35895421017163465,0.125,1,2,2
28132,2,3,0.24926098697416302,0.0625,1,0.3892475305056779,0.1875,0.5,2,10
28134,183,1,0,0,0,0.206415932235089,0.08571428571428572,0.14285714285714285,10,10
28140,2,4,0.3667314583167897,0.05263157894736842,1,0.5801131738954023,0.15789473684210525,1,2,10
28141,75,3,0,0,0,0,0,0,10,10
28149,14,4,0.24890832702259458,0.14285714285714285,0.5,0.3052348839397011,0.14285714285714285,1,10,10
28152,115,3,0.1427951440361373,0.13333333333333333,0.14285714285714285,0.3190952506395664,0.26666666666666666,0.3333333333333333,10,10
28154,4,3,0,0,0,0,0,0,4,10
28164,155,1,0,0,0,0.4886446891881012,0.25,1,10,10
28191,2699,2,0,0,0,0.32730659600126993,0.1875,0.5,10,10
28198,366,2,0,0,0,0,0,0,10,10
28205,13,3,0,0,0,0.06625422345438903,0.0625,0.1111111111111111,10,10
28219,14,2,1,0.625,1,1,0.625,1,10,10
28225,324,2,0,0,0,0.35895421017163465,0.125,1,10,10
28226,41,4,0.5637884576902256,0.25,1,0.1388624438735545,0.0625,0.5,10,10
28227,1,3,0.17828412959034637,0.07692307692307693,1,0.7130735217068546,0.5384615384615384,1,1,10
28230,65,4,0.23690530871965637,0.1875,0.2,0.601572065456638,0.3125,1,10,10
28242,57,4,0,0,0,0.11004588314904007,0.0625,0.3333333333333333,10,10
28244,423,2,0,0,0,0,0,0,10,10
28257,193,2,0,0,0,0.14876390584057267,0.07692307692307693,0.2,10,10
28284,14,2,0,0,0,0,0,0,10,10
28288,86,3,0,0,0,0.4690000933206747,0.1875,1,10,10
28292,10,3,0.3562315886146009,0.25,0.3333333333333333,0.6621137423456801,0.375,1,10,10
28303,691,4,0,0,0,0.06943122193677725,0.02857142857142857,0.125,10,10
28315,107,2,0,0,0,0.4518808073094047,0.3,1,10,10
28323,28650,1,0,0,0,0,0,0,10,10
28326,2828,2,0,0,0,0,0,0,10,10
28331,2317,2,0,0,0,0,0,0,10,10
28343,830,2,0,0,0,0,0,0,10,10
28344,96,4,0,0,0,0.08899589877164323,0.09090909090909091,0.2,10,10
28346,2,3,0,0,0,0,0,0,2,10
28347,4036,2,0,0,0,0,0,0,10,10
28351,4036,2,0,0,0,0,0,0,10,10
28355,962,2,0,0,0,0.09478836436955078,0.07142857142857142,0.25,10,10
28363,471,3,0,0,0,0,0,0,10,10
28375,2283,2,0,0,0,0.07336392209936005,0.05,0.14285714285714285,10,10
28376,155,5,0,0,0,0.3971921948634016,0.25,0.5,10,10
28384,136,4,0,0,0,0.1584091525685025,0.125,0.25,10,10
28385,293,2,0,0,0,0.13305201013572895,0.125,0.125,10,10
28387,101,3,0,0,0,0,0,0,10,10
28391,225,3,0,0,0,0,0,0,10,10
28394,257,4,0,0,0,0.29922683201146255,0.25,0.2,10,10
28417,8,3,0.8701249883466592,0.5,1,0.933564588803294,0.625,1,8,10
28422,159,3,0,0,0,0.424926013816671,0.1875,1,10,10
28426,1,3,0,0,0,0.18536141555674632,0.125,0.25,1,10
28432,96,3,0,0,0,0,0,0,10,10
28440,106,2,0,0,0,0.35217054434994455,0.25,0.5,10,10
28454,13,2,0.4690000933206747,0.1875,1,0.17318663334822612,0.125,0.25,10,10
28455,55,3,0.1388624438735545,0.0625,0.5,0.576323354912681,0.3125,1,10,10
28458,5,1,0.4690000933206747,0.1875,1,0.28997736516021183,0.1875,0.3333333333333333,5,5
28461,2,2,0.35895421017163465,0.125,1,0.5637884576902256,0.25,1,2,4
28464,15,3,0.7799082337019198,0.5625,0.5,0.9363792118010483,0.5625,1,10,10
28496,10,3,0.14195578371863898,0.2,0.16666666666666666,0.3985202681370658,0.2,1,10,10
28498,4,2,0,0,0,0,0,0,4,10
28526,15,1,1,0.6666666666666666,1,1,0.6666666666666666,1,10,10
28532,660,1,0,0,0,0.06625422345438903,0.07142857142857142,0.1111111111111111,10,10
28544,420,3,0,0,0,0,0,0,10,10
28546,5,2,0.30381241198626585,0.25,0.5,0.7954385317141976,0.6666666666666666,1,5,10
28548,4,3,0.6201543156208374,0.25,1,0.7138097836082222,0.3125,1,4,10
28551,188,4,0,0,0,0.45056557605879727,0.26666666666666666,1,10,10
28561,5,3,0.4440973278132556,0.21428571428571427,1,0.2336508082431053,0.14285714285714285,0.5,5,10
28565,3339,2,0,0,0,0.1383894684803379,0,0,10,10
28577,69,2,0,0,0,0.16240629124113456,0.25,0.3333333333333333,10,10
28584,16,2,0.29462379026151503,0.23076923076923078,0.2,0.6499836977542844,0.3076923076923077,1,10,10
28588,15,3,1,0.625,1,1,0.625,1,10,10
28589,4,4,0.5958985626419364,0.2,1,0.8564040606416516,0.4666666666666667,1,4,10
28603,65,1,0,0,0,0.3568362111833759,0.10810810810810811,1,10,10
28606,3,5,0.4690000933206747,0.1875,1,0.7019727018777484,0.375,1,3,10
28625,1810,2,0,0,0,0.07839826897867533,0.0625,0.16666666666666666,10,10
28629,848,2,0,0,0,0.07668368701422457,0.0625,0.14285714285714285,10,10
28632,750,2,0,0,0,0.06625422345438903,0.05,0.1111111111111111,10,10
28638,30,1,0,0,0,0,0,0,10,10
28648,6360,2,0,0,0,0,0,0,10,10
28668,260,1,0,0,0,0.07336392209936005,0.06666666666666667,0.14285714285714285,10,10
28692,34,3,0.28997736516021183,0.3,0.3333333333333333,0.046287481291184845,0,0,10,10
28701,5,3,0.22009176629808014,0.0625,1,0.28634598975246917,0.125,1,5,10
28713,85,2,0,0,0,0,0,0,10,10
28716,12,3,0.09478836436955078,0.0625,0.25,0.1884441521277154,0.125,0.3333333333333333,10,10
28728,235,3,0,0,0,0.42836504693009625,0.26666666666666666,1,10,10
28749,38,3,0,0,0,0.2781981696179509,0.1,0.3333333333333333,10,10
28750,2,3,0.27532709989326903,0.14285714285714285,1,0.4129906498399036,0.2857142857142857,1,2,10
28752,1165,2,0,0,0,0.467122359745432,0.2857142857142857,1,10,10
28780,594,3,0,0,0,0,0,0,10,10
28789,20,3,0,0,0,0.466924741555019,0.3125,0.5,10,10
28796,399,3,0,0,0,0,0,0,10,10
28802,1044,3,0,0,0,0.1356854453911663,0.125,0.125,10,10
28808,70,2,0,0,0,0,0,0,10,10
28812,209,4,0,0,0,0,0,0,10,10
28817,2,2,0.35895421017163465,0.05,1,0.54739836229935,0.1,1,2,10
28826,1283,2,0,0,0,0.07839826897867533,0.0625,0.16666666666666666,10,10
28827,3,3,0.5023756245102127,0.2727272727272727,1,0.6173775499298383,0.45454545454545453,1,3,10
28836,13,2,0.4248739643003322,0.4444444444444444,0.3333333333333333,0.5790294800346425,0.4444444444444444,1,10,10
28856,187,2,0,0,0,0.06625422345438903,0.0625,0.1111111111111111,10,10
28859,230,2,0,0,0,0,0,0,10,10
28863,12,4,0.24355227021012346,0.1875,0.25,0.3347092591719316,0.25,0.3333333333333333,10,10
28865,31,3,0,0,0,0.15176219107803537,0.125,0.16666666666666666,10,10
28866,67,3,0,0,0,0.6421867266689009,0.3125,1,10,10
28878,5,3,0.12204856045479598,0.1111111111111111,0.2,0.1990526286262915,0.1111111111111111,0.5,5,10
28881,63,3,0,0,0,0.4818998405251556,0.25,1,10,10
28882,9,3,0.716287445502968,0.20512820512820512,0.5,0.5384313152574519,0.10256410256410256,1,9,10
28884,79,3,0,0,0,0.5173633627401372,0.25,1,10,10
28895,6,2,0.727329844310522,0.375,1,1,0.625,1,6,10
28898,11,2,0.9363792118010483,0.5625,1,0.9363792118010483,0.5625,1,10,10
28903,4,3,0.11004588314904007,0.06666666666666667,0.3333333333333333,0.1388624438735545,0.06666666666666667,0.5,4,10
28923,1,1,0.29740901205864334,0.0625,1,0.29740901205864334,0.0625,1,1,1
28951,21,1,0.646139248903572,0.6428571428571429,0.5,0.7829708859631895,0.42857142857142855,1,10,10
28966,569,2,0,0,0,0.0636207881989517,0.0625,0.1,10,10
28970,19,2,0.6422419821566139,0.3125,1,0.6280232025048696,0.4375,0.5,10,10
28996,1,2,0,0,0,0,0,0,1,10
29000,59,3,0.16815228646891084,0.125,0.25,0.6275071330616557,0.3125,1,10,10
29001,310,3,0,0,0,0,0,0,10,10
29015,21,2,0,0,0,0,0,0,10,10
29028,28,3,0,0,0,0.3222722491219546,0.1875,0.5,10,10
29031,3,2,0,0,0,0,0,0,3,10
29032,487,2,0,0,0,0.3381686774636725,0.10256410256410256,0.5,10,10
29047,733,2,0,0,0,0,0,0,10,10
29048,8,3,0.5153661182342341,0.1875,1,0.5153661182342341,0.1875,1,8,10
29087,2,3,0.1982726747057622,0.06666666666666667,1,0.41255744601652045,0.26666666666666666,0.5,2,10
29111,2,1,0.1388624438735545,0.0625,0.5,0.1388624438735545,0.0625,0.5,2,2
29114,330,1,0,0,0,0.5541432109622957,0.25,1,10,10
29128,8,3,0.8238375070554744,0.5,1,0.8212157069470859,0.5,1,8,10
29132,157,2,0,0,0,0.4642913062995817,0.3125,0.5,10,10
29136,10,7,0.09970299801576629,0.0625,0.16666666666666666,0.23879869027995992,0.125,0.5,10,10
29137,989,2,0,0,0,0.1610425878239398,0.034482758620689655,0.25,10,10
29141,10,3,0,0,0,0.22009176629808014,0.06666666666666667,1,10,10
29235,2,1,0.4361533373077281,0.13333333333333333,1,0.4361533373077281,0.13333333333333333,1,2,2
29244,54,1,0,0,0,0.654416412609013,0.18181818181818182,1,10,10
29246,1,3,0.2575389154724167,0.0625,1,0.5098826502464558,0.25,1,1,10
29250,77,1,0.07839826897867533,0.0625,0.16666666666666666,0,0,0,10,10
29341,7,4,0.81804192373243,0.5833333333333334,1,0.6902720899034352,0.5,1,7,10
29342,5,4,0.6489315753318465,0.3125,1,1,0.625,1,5,10
29366,27,3,0.16354138662029633,0.125,0.2,0.4000232483092519,0.1875,1,10,10
29368,1822,2,0,0,0,0,0,0,10,10
29373,214,1,0,0,0,0.28634598975246917,0.14285714285714285,1,10,10
29388,1089,2,0,0,0,0,0,0,10,10
29396,4494,2,0,0,0,0.07839826897867533,0.0625,0.16666666666666666,10,10
29399,238,2,0,0,0,0.3628869103342175,0.2,1,10,10
29402,6681,2,0,0,0,0,0,0,10,10
29406,635,3,0,0,0,0,0,0,10,10
29410,558,3,0,0,0,0,0,0,10,10
29415,1624,2,0,0,0,0,0,0,10,10
29421,22,1,1,0.625,1,1,0.625,1,10,10
29453,2,1,0,0,0,0,0,0,2,2
29515,23,2,0,0,0,0.3031595321740454,0.25,0.2,10,10
29524,3170,2,0,0,0,0.09478836436955078,0.0625,0.25,10,10
29526,55,4,0.23690530871965637,0.1875,0.2,0,0,0,10,10
29531,3232,2,0,0,0,0,0,0,10,10
29533,1659,2,0,0,0,0.07839826897867533,0.02857142857142857,0.16666666666666666,10,10
29538,330,2,0,0,0,0.22009176629808014,0.02857142857142857,1,10,10
29562,273,3,0,0,0,0,0,0,10,10
29566,14,4,0,0,0,0,0,0,10,10
29567,253,2,0,0,0,0.025918374141179628,0,0,10,10
29578,105,2,0,0,0,0,0,0,10,10
29583,28,2,0,0,0,0.13305201013572895,0.125,0.125,10,10
29586,51,2,0.11004588314904007,0.0625,0.3333333333333333,0.09478836436955078,0.0625,0.25,10,10
29591,62,4,0,0,0,0.16872714292220853,0.0625,0.5,10,10
29592,22,4,0,0,0,0.17947710508581732,0.125,0.3333333333333333,10,10
29596,1,2,0,0,0,0,0,0,1,10
29600,2,3,0.45650001423154074,0.125,1,0.45650001423154074,0.125,1,2,10
29615,16,3,0.5253246979081808,0.25,1,0.5213965118880093,0.3125,1,10,10
29617,6,2,0.4306765580733931,1,0.25,1,1,1,6,10
29620,9,4,0.4181026215085559,0.24,0.25,0.6109803333395574,0.24,0.5,9,10
29624,47,1,0,0,0,0.8553475075669357,0.5,1,10,10
29626,19,3,0.5531464700081437,0.4,1,0.6992148198508501,0.6,1,10,10
29639,144,3,0,0,0,0.22009176629808014,0.06666666666666667,1,10,10
29659,5,3,0.7349358300248484,0.3125,1,0.7941282000420724,0.375,1,5,8
29693,17,5,0,0,0,0.31833954895937183,0.2727272727272727,0.5,10,10
29696,4,3,0.20483424751859086,0.16666666666666666,0.3333333333333333,0.19518900079066107,0.16666666666666666,0.3333333333333333,4,10
29705,9,3,0.800693766409882,0.5833333333333334,1,0.7846170207230129,0.5833333333333334,1,9,10
29710,8,4,0,0,0,0,0,0,8,10
29717,24,3,0,0,0,0,0,0,10,10
29722,11,2,0.7799082337019198,0.5625,0.5,0.933745776545611,0.5625,1,10,10
29729,12,2,0.43813122703324264,0.25,0.5,0.5592585182112084,0.25,1,10,10
29731,144,5,0,0,0,0.1550476315389704,0.14285714285714285,0.25,10,10
29737,5,7,0.11091597368561495,0.0625,0.25,0.3684548891580317,0.125,1,5,10
29738,4,2,0.31654916311981024,0.125,0.5,0.400448803935945,0.125,1,4,10
29739,1652,2,0,0,0,0,0,0,10,10
29742,312,3,0,0,0,0.1388624438735545,0.06666666666666667,0.5,10,10
29749,58,5,0,0,0,0.5541432109622957,0.25,1,10,10
29759,77,3,0,0,0,0.06560688985543606,0,0,10,10
29764,101,2,0,0,0,0.7778721720600672,0.4375,1,10,10
29777,10,2,0.39563617122131467,0.1875,1,0.33843226963443074,0.1875,1,10,10
29778,24,3,0.5774250016294136,0.4375,0.3333333333333333,0.5884674004369673,0.3125,1,10,10
29791,3,3,0.5375847613405781,0.1875,1,0.5375847613405781,0.1875,1,3,10
29792,24,2,1,0.625,1,1,0.625,1,10,10
29804,86,2,0.22119341301481263,0.2,0.16666666666666666,0.1388624438735545,0.06666666666666667,0.5,10,10
29835,822,2,0,0,0,0,0,0,10,10
29841,15,2,0.7799082337019198,0.24324324324324326,0.5,1,0.2702702702702703,1,10,10
29868,31,3,0.1388624438735545,0.1,0.5,0.22009176629808014,0.1,1,10,10
29890,11,1,1,0.6666666666666666,1,1,0.6666666666666666,1,10,10
29898,18,3,0,0,0,0.19518900079066107,0.125,0.3333333333333333,10,10
29906,211,1,0,0,0,0.44793214080335997,0.1111111111111111,1,10,10
29918,10,2,0.33169367308920716,0.10810810810810811,0.25,0.5637884576902256,0.10810810810810811,1,10,10
29926,8,4,0,0,0,0.21771908887875965,0.18181818181818182,0.5,8,10
29928,22,3,0,0,0,0.5029544726057574,0.25,1,10,10
29961,66,3,0.2233873085653067,0.26666666666666666,0.16666666666666666,0.3837592210904823,0.2,1,10,10
29969,2,4,0.38591686939385267,0.125,1,0.4520077609624401,0.1875,1,2,10
29988,41,2,0.35106842466815336,0.2,0.16666666666666666,0.5431008121547419,0.24,0.5,10,10
30014,133,3,0,0,0,0.23177307466786254,0.1875,0.25,10,10
30031,32,2,0.2874476364692017,0.23529411764705882,0.16666666666666666,0.43780685607566444,0.29411764705882354,0.3333333333333333,10,10
30037,28,2,0.5796250073295744,0.5333333333333333,0.3333333333333333,0.8383865342971616,0.6666666666666666,1,10,10
30045,15,2,0.505419597706851,0.5454545454545454,0.3333333333333333,0.6053924782121216,0.5454545454545454,1,10,10
30048,22,2,0.35106842466815336,0.3125,0.16666666666666666,0.48571574856977245,0.3125,0.5,10,10
30050,8,3,0.7694837677910104,0.375,1,0.6577464690004298,0.4375,0.5,8,10
30054,23,1,0.7564477297898764,0.4375,1,0.4611143078171935,0.375,0.3333333333333333,10,10
30055,2,3,0.35895421017163465,0.15384615384615385,1,0.5861163849908827,0.38461538461538464,1,2,10
30059,50,3,0,0,0,0.24936270394794904,0.1875,0.25,10,10
30060,2254,2,0,0,0,0,0,0,10,10
30079,169,3,0,0,0,0,0,0,10,10
30081,408,2,0,0,0,0.5321408435198608,0.14285714285714285,1,10,10
30085,38,3,0,0,0,0,0,0,10,10
30092,934,1,0,0,0,0.45464239847480037,0.5,0.5,10,10
30101,88,1,0,0,0,0.4518648409659427,0.26666666666666666,1,10,10
30119,42,2,0,0,0,0,0,0,10,10
30131,42,2,0,0,0,0.7963266453996554,0.6,1,10,10
30162,1,2,0,0,0,0,0,0,1,10
30163,54,2,0.45595039667006443,0.5,0.2,0.07257302962625321,0.08333333333333333,0.125,10,10
30168,3,4,0.39484136206016496,0.18181818181818182,1,0.2335490544512916,0.2727272727272727,0.3333333333333333,3,10
30183,25,2,0,0,0,0.11004588314904007,0.09090909090909091,0.3333333333333333,10,10
30205,298,2,0,0,0,0,0,0,10,10
30218,28,1,0.0636207881989517,0.038461538461538464,0.1,0.2832325164972662,0.11538461538461539,0.3333333333333333,10,10
30235,650,1,0,0,0,0.07336392209936005,0.02,0.14285714285714285,10,10
30240,5,1,0.7138097836082222,0.3125,1,0.7138097836082222,0.3125,1,5,5
30289,218,3,0,0,0,0,0,0,10,10
30290,298,2,0,0,0,0.07839826897867533,0.041666666666666664,0.16666666666666666,10,10
30294,1,3,0.22009176629808014,0.0625,1,0.22009176629808014,0.0625,1,1,1
30336,19,4,0.12987501165334073,0.05,0.1111111111111111,0.2784805894273036,0.075,0.5,10,10
30339,106,2,0,0,0,0.09478836436955078,0.06666666666666667,0.25,10,10
30340,60,2,0,0,0,0.29990503169749433,0.1875,0.5,10,10
30341,10,3,0.17525890277647624,0.23076923076923078,0.25,0.19417228147352045,0.15384615384615385,0.5,10,10
30345,7,2,0,0,0,0.07839826897867533,0.0625,0.16666666666666666,7,10
30347,39,3,0,0,0,0,0,0,10,10
30348,564,2,0,0,0,0,0,0,10,10
30349,55,3,0.16354138662029633,0.125,0.2,0.07336392209936005,0.0625,0.14285714285714285,10,10
30358,13,2,0,0,0,0,0,0,10,10
30362,1,1,0.3154909520426466,0.1111111111111111,1,0.3154909520426466,0.1111111111111111,1,1,1
30363,1462,2,0,0,0,0,0,0,10,10
30365,149,2,0,0,0,0.5568114266916201,0.42857142857142855,1,10,10
30369,107,2,0,0,0,0.388244052766991,0.1875,1,10,10
30372,2,2,0.41303447008158656,0.25,1,0.5590523256699665,0.5,1,2,10
30378,49,4,0.14514605925250643,0.09090909090909091,0.5,0,0,0,10,10
30382,3,5,0.11004588314904007,0.0625,0.3333333333333333,0.1388624438735545,0.0625,0.5,3,10
30385,201,3,0,0,0,0.2045915693431999,0.1875,0.2,10,10
30391,4,2,0.8318724637288825,0.75,1,0.8318724637288825,0.75,1,4,10
30395,16,3,1,0.2702702702702703,1,1,0.2702702702702703,1,10,10
30411,29,1,0,0,0,0,0,0,10,10
30455,3854,1,0,0,0,0,0,0,10,10
30457,81,3,0.6198388604287146,0.2,0.3333333333333333,0.7917267193679839,0.175,1,10,10
30462,832,1,0,0,0,0,0,0,10,10
30469,6,1,0.3562071871080222,1,0.16666666666666666,1,1,1,6,6
30478,26,2,0.6189610486769023,0.23529411764705882,0.3333333333333333,0.9052116356304492,0.2647058823529412,1,10,10
30533,3,7,0.5023756245102127,0.3,1,0.45516509399887356,0.3,1,3,10
30542,13,2,0,0,0,0.39484136206016496,0.125,1,10,10
30546,201,2,0,0,0,0.19930623359011798,0.1875,0.125,10,10
30549,165,6,0,0,0,0.08623628983735337,0.0625,0.16666666666666666,10,10
30576,5,4,0.3667314583167897,0.13333333333333333,1,0.25430127623392856,0.13333333333333333,0.5,5,10
30590,15,2,0,0,0,0.11004588314904007,0.0625,0.3333333333333333,10,10
30619,5,2,0.7261330796500748,0.3125,1,0.7261330796500748,0.3125,1,5,10
30620,33,2,0,0,0,0.29740901205864334,0.0625,1,10,10
30622,9,3,0.5806020001118017,0.375,0.5,0.6364741801035538,0.375,1,9,10
30659,9,4,0.07839826897867533,0.0625,0.16666666666666666,0,0,0,9,10
30664,102,2,0,0,0,0.3803389259554004,0.11428571428571428,0.5,10,10
30671,8,4,0.15707136890760245,0.13333333333333333,0.14285714285714285,0.2354871540196445,0.2,0.16666666666666666,8,10
30684,12,2,0.9363792118010483,0.391304347826087,1,0.92663607790064,0.391304347826087,1,10,10
30685,8,2,0.857673669302587,0.4666666666666667,1,0.8305120323500993,0.4666666666666667,1,8,10
30689,50,1,0.6410457898283652,0.3076923076923077,0.3333333333333333,0.24309789328476902,0.11538461538461539,0.3333333333333333,10,10
30690,29,2,0.6410457898283652,0.34782608695652173,0.3333333333333333,0.7630946912803435,0.30434782608695654,1,10,10
30707,4,3,0.5637884576902256,0.25,1,0.9363792118010483,0.5625,1,4,10
30708,10,3,1,0.625,1,1,0.625,1,10,10
30730,4905,2,0,0,0,0,0,0,10,10
30732,404,4,0,0,0,0.07336392209936005,0.0625,0.14285714285714285,10,10
30750,446,2,0,0,0,0.1427951440361373,0.125,0.14285714285714285,10,10
30751,932,2,0,0,0,0,0,0,10,10
30755,3,2,0.31654916311981024,0.125,0.5,0.45650001423154074,0.125,1,3,7
30757,7,2,0.22009176629808014,0.0625,1,0.22009176629808014,0.0625,1,7,10
30764,8,3,0.20483424751859086,0.05263157894736842,0.3333333333333333,0.17366667134799177,0.05263157894736842,0.3333333333333333,8,10
30767,2,3,0.22009176629808014,0.0625,1,0.5517854393872873,0.3125,1,2,10
30773,3,4,0.4690000933206747,0.1875,1,0.8553475075669357,0.5,1,3,10
30784,304,2,0,0,0,0.31488013066763093,0.125,1,10,10
30794,297,2,0,0,0,0.24890832702259458,0.08695652173913043,0.5,10,10
30796,4696,1,0,0,0,0.07336392209936005,0.08333333333333333,0.14285714285714285,10,10
30804,60,3,0.06943122193677725,0.0625,0.125,0.07839826897867533,0.0625,0.16666666666666666,10,10
30806,1287,3,0,0,0,0,0,0,10,10
30820,15,2,0.8701249883466592,0.5,1,0.9363792118010483,0.5625,1,10,10
30822,5,3,0.4673804978444397,0.25,1,0.5908007884372638,0.375,1,5,10
30828,1,2,0.22009176629808014,0.029411764705882353,1,0.5466227484058985,0.14705882352941177,1,1,10
30851,4,4,0.24209587273488012,0.0625,1,0.24209587273488012,0.0625,1,4,10
30852,96,4,0,0,0,0.22009176629808014,0.029411764705882353,1,10,10
30857,260,2,0,0,0,0,0,0,10,10
30858,39,4,0,0,0,0.07336392209936005,0.02702702702702703,0.14285714285714285,10,10
30862,249,4,0,0,0,0,0,0,10,10
30867,2895,2,0,0,0,0,0,0,10,10
30875,193,2,0,0,0,0.1388624438735545,0.034482758620689655,0.5,10,10
30876,1392,2,0,0,0,0,0,0,10,10
30883,511,2,0,0,0,0.1396181455537491,0.05128205128205128,0.14285714285714285,10,10
30888,1,5,0,0,0,0.18781814548719272,0.125,0.2,1,10
30891,53,4,0,0,0,0.45374257454118544,0.07894736842105263,1,10,10
30894,180,4,0,0,0,0,0,0,10,10
30895,2,5,0,0,0,0,0,0,2,10
30901,2,5,0.22009176629808014,0.0625,1,0.5541432109622957,0.25,1,2,10
30931,684,2,0,0,0,0.21222636597291455,0.125,0.5,10,10
30934,482,2,0,0,0,0.16421958630632802,0.125,0.25,10,10
30951,42,3,0,0,0,0.20829366581033176,0.125,0.5,10,10
30970,877,4,0,0,0,0.45374257454118544,0.21428571428571427,1,10,10
30986,107,3,0.0728781195196487,0.0625,0.1111111111111111,0.06243697865825647,0.0625,0.2,10,10
30997,536,3,0,0,0,0,0,0,10,10
31001,374,3,0,0,0,0,0,0,10,10
31024,223,4,0,0,0,0,0,0,10,10
31030,26,3,0,0,0,0.08514311764162098,0.06666666666666667,0.2,10,10
31033,101,3,0,0,0,0,0,0,10,10
31036,168,5,0,0,0,0.07839826897867533,0.0625,0.16666666666666666,10,10
31042,283,3,0,0,0,0,0,0,10,10
31046,43,3,0.16354138662029633,0.125,0.2,0.1884441521277154,0.125,0.3333333333333333,10,10
31053,99,4,0,0,0,0.2625056250973813,0.0625,1,10,10
31056,165,2,0,0,0,0.3052348839397011,0.125,1,10,10
31057,608,2,0,0,0,0.2837125544970318,0.125,1,10,10
31071,3459,3,0,0,0,0,0,0,10,10
31072,269,3,0,0,0,0.31488013066763093,0.05,1,10,10
31082,66,4,0,0,0,0.07336392209936005,0.0625,0.14285714285714285,10,10
31084,678,3,0,0,0,0,0,0,10,10
31090,53,3,0,0,0,0,0,0,10,10
31100,1005,3,0,0,0,0,0,0,10,10
31104,330,3,0,0,0,0.09478836436955078,0.02702702702702703,0.25,10,10
31119,2,5,0.16440987227706777,0.125,0.5,0,0,0,2,10
31135,845,2,0,0,0,0.1388624438735545,0.04,0.5,10,10
31138,126,5,0,0,0,0.15457433957839825,0.125,0.2,10,10
31153,14,2,0.3763736380244572,0.15384615384615385,1,0.3051833912258533,0.23076923076923078,0.3333333333333333,10,10
31161,2,1,0.30260241349881345,0.16666666666666666,1,0.30260241349881345,0.16666666666666666,1,2,2
31177,11860,1,0,0,0,0,0,0,10,10
31195,7,2,0.8296812233169012,0.4666666666666667,1,0.8810602039390227,0.5333333333333333,1,7,10
31196,2,3,0.45650001423154074,0.125,1,0.5375847613405781,0.1875,1,2,10
31207,370,4,0,0,0,0,0,0,10,10
31238,3,1,0,0,0,0,0,0,3,3
31246,1,1,0,0,0,0,0,0,1,1
31282,9,1,0.2878557712823307,0.23076923076923078,0.2,0.3441464225904506,0.23076923076923078,0.3333333333333333,9,9
31284,21,2,0,0,0,0.17925288237829218,0.125,0.3333333333333333,10,10
31286,18,3,0.31061307234449026,0.1875,0.3333333333333333,0.14874433492765377,0.0625,0.5,10,10
31295,6,2,0,0,0,0,0,0,6,10
31306,7,4,0.7081188038275122,0.46153846153846156,1,0.744495553594849,0.46153846153846156,1,7,10
31323,16,5,1,0.45454545454545453,1,1,0.45454545454545453,1,10,10
31325,1,3,0.22009176629808014,0.06666666666666667,1,0.22009176629808014,0.06666666666666667,1,1,10
31336,27,1,1,0.7692307692307693,1,0.4666234168001788,0.38461538461538464,0.5,10,10
31366,29,4,0.34369669139214537,0.1875,0.5,0.3052348839397011,0.125,1,10,10
31373,14,4,0,0,0,0.35716856789506046,0.125,1,10,10
31403,17,1,0.43621154230977444,0.375,0.2,0.6114735274236562,0.375,1,10,10
31436,35,1,0,0,0,0.46344641831779065,0.20833333333333334,0.5,10,10
31446,3,2,0.1388624438735545,0.0625,0.5,0.1388624438735545,0.0625,0.5,3,10
31454,1,3,0.26742619438551957,0.0625,1,0.549694085722707,0.25,1,1,10
31467,950,2,0,0,0,0,0,0,10,10
31486,5,3,0.45650001423154074,0.125,1,0.400448803935945,0.125,1,5,10
31509,9,2,0.9363792118010483,0.5625,1,0.9363792118010483,0.5625,1,9,10
31523,13,2,0,0,0,0,0,0,10,10
31529,1,2,0,0,0,0.7104770117651424,0.5,0.5,1,10
31564,5,1,0.06319224291303384,0.02857142857142857,0.25,0.1467278441987201,0.02857142857142857,1,5,5
31634,20,3,0.3825523277425815,0.2857142857142857,0.5,0.31879392588472627,0.21428571428571427,0.5,10,10
31657,2,3,0.279901702223461,0.07142857142857142,1,0.400448803935945,0.14285714285714285,1,2,10
31667,88,2,0,0,0,0.06943122193677725,0.0625,0.125,10,10
31672,42,2,0,0,0,0.2705965427607045,0.1875,0.5,10,10
31680,39,3,0,0,0,0.14195578371863898,0.2,0.16666666666666666,10,10
31717,1,2,0.4441718626302019,0.25,1,0.7244131064628505,0.5,1,1,10
31718,8,3,0.6489315753318465,0.3125,1,0.6489315753318465,0.3125,1,8,10
31722,6,3,0.5292773135401876,0.3333333333333333,1,0.5974255584093564,0.4166666666666667,1,6,10
31734,7,2,0.800693766409882,0.4375,1,0.9305687780632227,0.5625,1,7,10
31755,88,4,0,0,0,0.20728422620479342,0.15384615384615385,0.3333333333333333,10,10
31757,115,3,0,0,0,0.5439871919485241,0.26666666666666666,1,10,10
31758,36,4,0.3063365306564336,0.25,0.2,0.11004588314904007,0.0625,0.3333333333333333,10,10
31765,377,1,0,0,0,0.19518900079066107,0.125,0.3333333333333333,10,10
31766,2,4,0,0,0,0,0,0,2,10
31767,151,3,0,0,0,0.4888292218249754,0.25,1,10,10
31772,5,2,0,0,0,0,0,0,5,10
31782,16,1,1,0.625,1,1,0.625,1,10,10
31790,2,2,1,1,1,1,1,1,2,10
31793,44,3,0.3054068545687161,0.1282051282051282,0.16666666666666666,0.96331803895032,0.2564102564102564,1,10,10
31805,2,2,0,0,0,0,0,0,2,10
31817,3,4,0.14514605925250643,0.0625,0.5,0.11502553052133685,0.0625,0.3333333333333333,3,10
31842,4,2,0.34369669139214537,0.21428571428571427,0.5,0.5572998242663683,0.35714285714285715,1,4,10
31855,1,1,0.22009176629808014,0.037037037037037035,1,0.22009176629808014,0.037037037037037035,1,1,1
31856,1,2,0.22009176629808014,0.07692307692307693,1,0.22009176629808014,0.07692307692307693,1,1,10
31863,2621,1,0,0,0,0,0,0,10,10
31881,3,3,0.24890832702259458,0.15384615384615385,0.5,0.35895421017163465,0.15384615384615385,1,3,10
31882,6,4,0.1319469901204114,0.125,0.25,0.3123165332860762,0.1875,1,6,10
31883,33,4,0,0,0,0.11360070423970328,0.125,0.125,10,10
31890,13,2,1,0.625,1,1,0.625,1,10,10
31899,4,2,0.5023756245102127,0.1875,1,0.5700096703560649,0.25,1,4,10
31913,12,4,0.8630152897016883,0.5,1,0.7885497208855956,0.4375,1,10,10
31918,16,4,0.44359737518447123,0.375,0.2,0.8210090538209458,0.4375,1,10,10
31936,8,3,0.7222954974312066,0.375,1,0.9216017310213247,0.5625,1,8,10
31945,6,1,0.727329844310522,0.15384615384615385,1,0.727329844310522,0.15384615384615385,1,6,6
31962,2,2,0.1388624438735545,0.08333333333333333,0.5,0.6172839611614817,0.4166666666666667,1,2,10
31967,1,3,0,0,0,0.04890928139957336,0.06666666666666667,0.14285714285714285,1,10
31970,24,4,0,0,0,0,0,0,10,10
31971,7,3,0.4690000933206747,0.2,1,0.4690000933206747,0.2,1,7,10
31978,17,2,0,0,0,0.25909036127391766,0.3333333333333333,0.3333333333333333,10,10
31985,23,3,0,0,0,0,0,0,10,10
31986,9,3,0.3168010196799339,0.25,0.5,0.056242380974069514,0.08333333333333333,0.125,9,10
32035,13260,2,0,0,0,0,0,0,10,10
32038,28,3,0.43621154230977444,0.375,0.2,0.11004588314904007,0.0625,0.3333333333333333,10,10
32076,1,6,0.2575389154724167,0.0625,1,0.5117650925977693,0.1875,1,1,10
32080,8,3,0.6641171066422412,0.7,0.5,0.7211998360464069,0.6,1,8,10
32095,710,3,0,0,0,0,0,0,10,10
32100,2,1,0,0,0,0,0,0,2,2
32102,20,4,1,0.625,1,1,0.625,1,10,10
32108,227,4,0,0,0,0.0636207881989517,0.0625,0.1,10,10
32109,450,4,0,0,0,0.22009176629808014,0.0625,1,10,10
32111,132,2,0,0,0,0.21726071285222984,0.15384615384615385,0.5,10,10
32117,66,3,0,0,0,0.5618918191694953,0.375,0.5,10,10
32120,9,4,0,0,0,0.08514311764162098,0.0625,0.2,9,10
32156,27,3,0.1388624438735545,0.06666666666666667,0.5,0.06625422345438903,0.06666666666666667,0.1111111111111111,10,10
32158,37,1,0.066435411196706,0,0,0.6073683743755113,0.35294117647058826,0.5,10,10
32162,2,2,0.1388624438735545,0.06666666666666667,0.5,0.7917063341896682,0.5333333333333333,1,2,10
32177,136,2,0,0,0,0.20904936749052636,0.1875,0.14285714285714285,10,10
32180,65,2,0,0,0,0.41939799988819815,0.25,1,10,10
32183,8,3,0.05886610400269325,0.0625,0.125,0.34304711585889186,0.1875,1,8,10
32192,1,2,0.22009176629808014,0.07142857142857142,1,0.0636207881989517,0.07142857142857142,0.1,1,10
32201,3,4,0.4690000933206747,0.21428571428571427,1,0.6489315753318465,0.35714285714285715,1,3,10
32211,2,6,0.5891080693087111,0.6666666666666666,1,0.7477429786202894,0.6666666666666666,1,2,10
32223,2,4,0.22009176629808014,0.0625,1,0.7065836017263628,0.375,1,2,10
32232,68,2,0.0636207881989517,0.0625,0.1,0.07839826897867533,0.0625,0.16666666666666666,10,10
32233,3,4,0.31654916311981024,0.14285714285714285,0.5,0.700999928770653,0.42857142857142855,1,3,10
32236,7,2,0.9708936739074334,1,1,0.9913406646505248,1,1,7,10
32250,9,2,0.6386488249556554,0.375,0.5,0.7221577795380655,0.4375,1,9,10
32252,127,1,0,0,0,0.35895421017163465,0.06451612903225806,1,10,10
32269,17,1,0.19930623359011798,0.23076923076923078,0.125,0.4283854321084119,0.23076923076923078,1,10,10
32276,1,3,0.24926098697416302,0.0625,1,0.24926098697416302,0.0625,1,1,10
32296,2,2,0.35895421017163465,0.05405405405405406,1,0.35895421017163465,0.05405405405405406,1,2,3
32311,5,2,0.08514311764162098,0.09090909090909091,0.2,0.22009176629808014,0.09090909090909091,1,5,10
32314,5,1,0.22009176629808014,0.0625,1,0.22009176629808014,0.0625,1,5,5
32321,175,2,0,0,0,0.4818998405251556,0.16,1,10,10
32325,7,3,0.800693766409882,0.4375,1,0.4690000933206747,0.1875,1,7,10
32330,6,1,0.1388624438735545,0.0625,0.5,0.09478836436955078,0.0625,0.25,6,6
32333,14,2,1,0.625,1,1,0.625,1,10,10
32351,2,3,0.420027879946489,0.16666666666666666,1,0.5487973376826973,0.25,1,2,10
32353,12,2,0.6761268859640989,0.4375,0.5,0.7646478469606983,0.4375,1,10,10
32362,9,2,0.5448092506411101,0.4,0.3333333333333333,0.7573802649192929,0.4,1,9,10
32366,181,3,0,0,0,0.2658123069450553,0.1875,0.2,10,10
32375,10,3,0.6189610486769023,0.20512820512820512,0.3333333333333333,0.6810423630193371,0.15384615384615385,1,10,10
32378,1,3,0,0,0,0,0,0,1,10
32379,12,4,0.5418732872033113,0.4,0.5,0.5597227398521276,0.4,1,10,10
32383,322,2,0,0,0,0.5326208815196265,0.2857142857142857,1,10,10
32386,15,2,0.7799082337019198,0.5625,0.5,0.835780413693672,0.5,1,10,10
32391,7,3,0.800693766409882,0.6363636363636364,1,0.800693766409882,0.6363636363636364,1,7,10
32400,20,3,0.06625422345438903,0.0625,0.1111111111111111,0.388244052766991,0.1875,1,10,10
32402,100,2,0,0,0,0,0,0,10,10
32407,32,2,0,0,0,0.06625422345438903,0.047619047619047616,0.1111111111111111,10,10
32411,21,4,0.35106842466815336,0.3125,0.16666666666666666,0.6994739030813918,0.375,1,10,10
32418,3,1,0,0,0,0,0,0,3,3
32429,94,3,0,0,0,0.22009176629808014,0.0625,1,10,10
32466,13,3,1,0.625,1,1,0.625,1,10,10
32479,4,2,0.30777635948556337,0.125,0.25,0.37231455319994966,0.25,0.5,4,10
32507,10,2,0,0,0,0,0,0,10,10
32536,7833,2,0,0,0,0,0,0,10,10
32537,1642,2,0,0,0,0,0,0,10,10
32542,299085,2,0,0,0,0,0,0,10,10
32545,2,4,0,0,0,0,0,0,2,10
32547,9550,1,0,0,0,0,0,0,10,10
32551,67,3,0,0,0,0,0,0,10,10
32554,242,2,0,0,0,0.06943122193677725,0.0625,0.125,10,10
32560,228,3,0,0,0,0,0,0,10,10
32561,51,3,0,0,0,0,0,0,10,10
32564,15,3,0.23690530871965637,0.2,0.2,0.16354138662029633,0.13333333333333333,0.2,10,10
32582,13,3,0.8701249883466592,0.5,1,0.8553475075669357,0.5,1,10,10
32589,29,4,0.07547260745007692,0.07142857142857142,0.1,0.033209884140881246,0,0,10,10
32593,2123,2,0,0,0,0.28838205139432177,0.07692307692307693,0.2,10,10
32595,143,3,0,0,0,0,0,0,10,10
32604,35,2,0.7007731679885373,0.4,1,0.6306637463657283,0.4,1,10,10
32605,864,2,0,0,0,0.09478836436955078,0.038461538461538464,0.25,10,10
32611,334,3,0,0,0,0.38589303732090635,0.25,0.5,10,10
32612,201,3,0,0,0,0,0,0,10,10
32613,48,2,0.5637884576902256,0.25,1,0.753814294534439,0.4375,1,10,10
32632,1902,2,0,0,0,0.14201905717762703,0.125,0.16666666666666666,10,10
32645,118,4,0,0,0,0.07336392209936005,0.0625,0.14285714285714285,10,10
32662,966,2,0,0,0,0,0,0,10,10
32700,16,3,0.5309999066793252,0.4375,0.25,0.8115558478722846,0.5,1,10,10
32717,92,4,0,0,0,0.18357154578222054,0.25,0.25,10,10
32722,14,3,0.43621154230977444,0.375,0.2,1,0.625,1,10,10
32733,1,3,0.2575389154724167,0.07692307692307693,1,0.2575389154724167,0.07692307692307693,1,1,10
32745,2854,2,0,0,0,0.2240055615151755,0.05,0.5,10,10
32750,21,3,1,0.25,1,1,0.25,1,10,10
32752,1469,1,0,0,0,0,0,0,10,10
32777,5,3,0.5958985626419364,0.25,1,0.6188285952392263,0.3125,1,5,10
32789,17,2,0.7799082337019198,0.5625,0.5,1,0.625,1,10,10
32810,7,4,0,0,0,0.36995731885538535,0.35714285714285715,0.2,7,10
32812,9,3,0.44272934327532537,0.3333333333333333,0.5,0.6406843176444186,0.4,1,9,10
32816,7,2,0.4705561169627617,0.3125,0.5,0.5022037311331264,0.3125,0.5,7,10
32824,3,3,0.15274548932528484,0.0625,0.5,0.4651259871626346,0.3125,0.3333333333333333,3,10
32834,3,1,0.4098497305276306,0.15384615384615385,0.5,0.4098497305276306,0.15384615384615385,0.5,3,3
32841,3,3,0.44168491303869717,0.2727272727272727,1,0.758968070781661,0.5454545454545454,1,3,10
32843,15,2,0.09478836436955078,0.0625,0.25,0.15457433957839825,0.125,0.2,10,10
32848,10,3,0.5309999066793252,0.4375,0.25,0.725452110735279,0.4375,1,10,10
32893,24,2,0.227162174819248,0.1875,0.2,0.7682269253321374,0.4375,1,10,10
32895,14,3,0.19930623359011798,0.09375,0.125,0.4747901418801846,0.125,1,10,10
32896,82,2,0,0,0,0.2583297509898471,0.1875,0.25,10,10
32900,109,2,0.35106842466815336,0.20833333333333334,0.16666666666666666,0.7827392871477701,0.3333333333333333,1,10,10
32906,4,6,0.333719157548824,0.2857142857142857,0.5,0.4665724326622497,0.2857142857142857,1,4,10
32908,14,3,0.6442227883107534,0.4666666666666667,0.5,0.7631925784528221,0.4666666666666667,1,10,10
32910,43,2,0,0,0,0.41340027774092636,0.375,1,10,10
32917,59,3,0.045432163246112496,0.0625,0.1,0,0,0,10,10
32921,15,4,0.3744214186512076,0.09375,1,0.16655697270302075,0.0625,0.1111111111111111,10,10
33007,1,3,0,0,0,0.3487503894557348,0.3333333333333333,0.2,1,10
33009,40,2,0,0,0,0.35895421017163465,0.10526315789473684,1,10,10
33014,3,1,0.20432765402666475,0,0,0.20432765402666475,0,0,3,3
33020,1711,2,0,0,0,0,0,0,10,10
33030,197,3,0,0,0,0.2710884709729799,0.2,0.3333333333333333,10,10
33040,139,3,0,0,0,0.36861880808383857,0.10810810810810811,1,10,10
33042,52,3,0.5309999066793252,0.4375,0.25,0.6496872770120411,0.375,1,10,10
33045,9,2,0.3725907541108227,0.3125,0.2,0.6421867266689009,0.3125,1,9,10
33061,912,1,0,0,0,0.4252084336260237,0.23076923076923078,1,10,10
33105,117,1,0,0,0,0,0,0,10,10
33108,35,2,0,0,0,0.0636207881989517,0.041666666666666664,0.1,10,10
33124,17,1,0.7799082337019198,0.5625,0.5,1,0.625,1,10,10
33125,6,3,0,0,0,0,0,0,6,10
33131,17,4,0,0,0,0,0,0,10,10
33137,209,3,0,0,0,0.2934556883974402,0.04878048780487805,1,10,10
33210,43,3,0,0,0,0.28634598975246917,0.125,1,10,10
33211,40,3,0.12987501165334073,0.05555555555555555,0.1111111111111111,0.07839826897867533,0.027777777777777776,0.16666666666666666,10,10
33225,3680,2,0,0,0,0.08514311764162098,0.037037037037037035,0.2,10,10
33227,86,5,0,0,0,0,0,0,10,10
33234,50,2,0,0,0,0,0,0,10,10
33236,138,3,0,0,0,0,0,0,10,10
33239,100,4,0,0,0,0.2134190485129175,0.125,0.3333333333333333,10,10
33250,409,3,0,0,0,0.12619330036452459,0.1,0.2,10,10
33252,303,3,0,0,0,0.07336392209936005,0.043478260869565216,0.14285714285714285,10,10
33253,34,4,0,0,0,0.2895229882348574,0.125,1,10,10
33254,12,2,0.06625422345438903,0.047619047619047616,0.1111111111111111,0.07839826897867533,0.047619047619047616,0.16666666666666666,10,10
33269,13,2,0.7193474492006153,0.6,1,0.5759059294346696,0.5,1,10,10
33270,13,2,0.9547715182029446,0.6666666666666666,1,0.9768562593544076,0.6666666666666666,1,10,10
33279,187,1,0,0,0,0.4530643748551538,0.037037037037037035,1,10,10
33282,75,2,0,0,0,0,0,0,10,10
33285,1,2,0,0,0,0,0,0,1,10
33289,1,2,0.2357541930550393,0.03571428571428571,1,0.2357541930550393,0.03571428571428571,1,1,1
33314,3,2,0,0,0,0,0,0,3,10
33318,1,4,0.22009176629808014,0.0625,1,0.44092032933086744,0.25,1,1,10
33324,581,2,0,0,0,0.17366667134799177,0.125,0.3333333333333333,10,10
33348,53,3,0,0,0,0.16593888468172974,0.05405405405405406,0.5,10,10
33351,62,3,0,0,0,0,0,0,10,10
33353,3,2,0,0,0,0,0,0,3,10
33416,1,3,0.2575389154724167,0.0625,1,0.2575389154724167,0.0625,1,1,10
33419,5,1,0.892210845475489,0.8333333333333334,1,1,1,1,5,6
33424,12,1,0.3975962549627275,0.3333333333333333,0.16666666666666666,0.42633711921994416,0.26666666666666666,0.5,10,10
33435,36,1,0.43621154230977444,0.375,0.2,0.4447551423209717,0.25,1,10,10
33438,28,2,0.7112477651250998,0.4375,1,0.3913817611255761,0.3125,0.25,10,10
33454,3,1,0.5487973376826973,0.3,1,0.5487973376826973,0.3,1,3,3
33455,14,1,0.7799082337019198,0.5625,0.5,0.8389574121760601,0.5,1,10,10
33471,64,1,0,0,0,0.5404673768993046,0.375,0.5,10,10
33472,21074,1,0,0,0,0,0,0,10,10
33474,12,4,0.44353768742015787,0.36363636363636365,0.25,0.6047852717412854,0.36363636363636365,0.5,10,10
33475,217,3,0,0,0,0,0,0,10,10
33483,91,3,0,0,0,0.06925226990817035,0.0625,0.1111111111111111,10,10
33484,75,3,0,0,0,0,0,0,10,10
33491,260,3,0,0,0,0.10484411539105797,0.0625,0.5,10,10
33497,19,4,0.42552375808144177,0.3125,0.5,0.6208801063340206,0.375,1,10,10
33499,13,3,0.6410457898283652,0.8,0.3333333333333333,0.8701249883466592,0.8,1,10,10
33501,3,3,0.03668196104968002,0,0,0.15176219107803537,0.08333333333333333,0.16666666666666666,3,10
33511,5,3,0.5637884576902256,0.3076923076923077,1,0.5637884576902256,0.3076923076923077,1,5,10
33512,17,2,0.6639485557429571,0.6153846153846154,0.3333333333333333,0.8810602039390227,0.6153846153846154,1,10,10
33518,153,2,0,0,0,0.25880978898961277,0.2,0.3333333333333333,10,10
33556,2,7,0.4361533373077281,0.13333333333333333,1,0.8847092838983018,0.5333333333333333,1,2,10
33698,18,3,0,0,0,0.2492161453282084,0.1875,0.25,10,10
33712,2,4,0.7244131064628505,0.5,1,0.7147058529455579,0.75,1,2,10
33715,127,2,0,0,0,0.933745776545611,0.45,1,10,10
33717,25,3,0.43621154230977444,0.42857142857142855,0.2,0.92663607790064,0.6428571428571429,1,10,10
33721,5,3,0,0,0,0.06625422345438903,0.0625,0.1111111111111111,5,10
33735,118,2,0,0,0,0,0,0,10,10
33740,6,2,0.5072380780124417,0.3125,0.5,0.5517854393872873,0.3125,1,6,10
33741,5,3,0.6006542777155495,0.6666666666666666,1,0.4106073943575823,0.6666666666666666,0.3333333333333333,5,10
33751,25,2,0.33169367308920716,0.25,0.3333333333333333,0.1389578466724768,0.125,0.25,10,10
33764,350,1,0,0,0,0.22009176629808014,0.0625,1,10,10
33779,36,1,0,0,0,0,0,0,10,10
33792,1,2,0,0,0,0.09478836436955078,0.0625,0.25,1,10
33804,9,3,0.24890832702259458,0.125,0.5,0.09478836436955078,0.0625,0.25,9,10
33807,11,1,0.7125523635307983,0.4,1,0.7885497208855956,0.4666666666666667,1,10,10
33831,58,1,0.13911732858229262,0.125,0.1111111111111111,0.1751795093577132,0.125,0.2,10,10
33839,15,2,0,0,0,0,0,0,10,10
33843,6,2,0.54739836229935,0.25,1,0.5388856921828065,0.25,1,6,6
33873,14,3,0.2307676704696564,0.25,0.25,0,0,0,10,10
33893,6,4,0.32489732099215557,0.26666666666666666,0.3333333333333333,0.6562566960564777,0.4,1,6,10
33902,75,4,0.43621154230977444,0.15,0.2,0.576323354912681,0.125,1,10,10
33922,4,5,0.4690000933206747,0.07692307692307693,1,0.7059054020403311,0.15384615384615385,1,4,10
33924,15,3,1,0.25,1,0.8899541168509598,0.225,1,10,10
33936,9,3,0.5111707781750245,0.5,0.3333333333333333,0.6758704024811183,0.5,1,9,10
33943,5,2,0.29125842221028064,0.16666666666666666,0.5,0.30949341139906467,0.25,0.5,5,10
33944,20,4,1,0.2564102564102564,1,1,0.2564102564102564,1,10,10
33947,10,3,1,0.6666666666666666,1,1,0.6666666666666666,1,10,10
33955,20,2,0.7799082337019198,0.6,0.5,0.5774250016294136,0.4666666666666667,0.3333333333333333,10,10
33971,2,3,0,0,0,0.4228506620510153,0.3125,0.3333333333333333,2,10
33972,3,4,1,1,1,1,1,1,3,10
33981,6,3,0.727329844310522,0.375,1,0.933745776545611,0.5625,1,6,10
34005,22,4,0,0,0,0,0,0,10,10
34010,20,4,1,0.4,1,0.9537125187088151,0.36,1,10,10
34012,10,1,1,0.25,1,1,0.25,1,10,10
34019,29,3,0.24890832702259458,0.15384615384615385,0.5,0,0,0,10,10
34023,2,4,0.15726617308658694,0.1,0.5,0.15726617308658694,0.1,0.5,2,10
34029,5,3,0.6489315753318465,0.45454545454545453,1,0.8337581973680339,0.6363636363636364,1,5,10
34032,10,2,0.8441787630194397,0.4375,1,0.6773706927940436,0.4375,0.5,10,10
34042,23,2,0.06625422345438903,0.02564102564102564,0.1111111111111111,0.2240055615151755,0.05128205128205128,0.5,10,10
34043,5,2,0.6489315753318465,0.15151515151515152,1,0.7125523635307983,0.18181818181818182,1,5,10
34047,8,3,0,0,0,0,0,0,8,10
34092,3,2,0.22009176629808014,0.0625,1,0.22009176629808014,0.0625,1,3,10
34116,24,1,0.6410457898283652,0.5,0.3333333333333333,0.7065443116025597,0.5,0.5,10,10
34123,7,5,0.12730755037824867,0.058823529411764705,0.16666666666666666,0.07839826897867533,0.029411764705882353,0.16666666666666666,7,10
34128,30,5,0,0,0,0.9537125187088151,0.2777777777777778,1,10,10
34129,25,5,0,0,0,0.7325191056940025,0.25,1,10,10
34135,20,4,1,0.4166666666666667,1,1,0.4166666666666667,1,10,10
34139,6,3,0.6421867266689009,0.29411764705882354,1,0.6457545768494584,0.35294117647058826,1,6,10
34141,5,5,0.6489315753318465,0.14285714285714285,1,0.8768879154552427,0.2571428571428571,1,5,10
34143,579,4,0,0,0,0.92663607790064,0.4090909090909091,1,10,10
34174,14,3,0.5290772202523357,0.46153846153846156,0.3333333333333333,0.6278883570281325,0.46153846153846156,1,10,10
34188,25,2,0.0636207881989517,0.0625,0.1,0.5988751049740154,0.3125,1,10,10
34190,39,3,0.4099509148465344,0.25,0.5,0.37850091886658266,0.1875,1,10,10
34212,1,4,0.24926098697416302,0.1,1,0.7713023273551554,0.6,1,1,10
34226,219,2,0,0,0,0.07839826897867533,0.06666666666666667,0.16666666666666666,10,10
34227,31,3,0.33169367308920716,0.25,0.25,0.31298349214690074,0.25,0.25,10,10
34229,6,4,0.7308586204371104,0.5555555555555556,1,0.7232622405162586,0.5555555555555556,1,6,10
34231,5,5,0.22009176629808014,0.09090909090909091,1,0.5067837010870873,0.36363636363636365,1,5,10
34239,11,3,0.8701249883466592,0.5,1,0.5806020001118017,0.375,0.5,10,10
34244,28,2,0.3222722491219546,0.1875,0.5,0.14876390584057267,0.125,0.2,10,10
34252,24,2,0.4283854321084119,0.2,1,0.6640514804524322,0.4,1,10,10
34254,8,2,0.5977677093961288,0.17647058823529413,0.5,0.8899541168509598,0.2647058823529412,1,8,10
34259,6,3,0,0,0,0,0,0,6,10
34319,1,1,0,0,0,0,0,0,1,1
34358,1,1,0,0,0,0,0,0,1,1
34405,5,1,0,0,0,0,0,0,5,5
34416,1,3,0,0,0,0,0,0,1,7
34441,2,1,0,0,0,0,0,0,2,2
34467,1,1,0,0,0,0,0,0,1,1
34494,1,2,0,0,0,0,0,0,1,9
34557,1,1,0,0,0,0,0,0,1,1
34578,5,1,0,0,0,0,0,0,5,5
34628,32,2,0.07839826897867533,0.0625,0.16666666666666666,0.07839826897867533,0.0625,0.16666666666666666,10,10
34631,13,3,0.08514311764162098,0.0625,0.2,0.08514311764162098,0.0625,0.2,10,10
34637,5,2,0.31879392588472627,0.1875,0.5,0.424926013816671,0.1875,1,5,10
34646,44,7,0.17809930419046743,0.07894736842105263,0.125,0.3301376494471202,0.05263157894736842,1,10,10
34653,13,1,0.7799082337019198,0.5625,0.5,0.7799082337019198,0.5625,0.5,10,10
34657,18,4,0.03323433267192209,0,0,0,0,0,10,10
34693,7,4,0,0,0,0.0767023408078252,0.08333333333333333,0.2,7,10
34730,2,2,0.1499069094438149,0.06666666666666667,1,0.1499069094438149,0.06666666666666667,1,2,7
34736,64,1,0.21801641453242443,0.1875,0.16666666666666666,0.4642913062995817,0.3125,0.5,10,10
34739,201,1,0,0,0,0,0,0,10,10
34760,15,2,1,0.625,1,1,0.625,1,10,10
34764,3,3,0,0,0,0.21077255239343123,0.1875,0.3333333333333333,3,10
34769,11,2,0.5829485244140089,0.625,0.5,0.6193198671454698,0.5,1,10,10
34771,11,4,0.20904936749052636,0.1875,0.14285714285714285,0.851600341823337,0.5625,1,10,10
34772,926,1,0,0,0,0,0,0,10,10
34794,4,5,0.4690000933206747,0.1875,1,0.618519700841442,0.375,1,4,10
34829,1456,2,0,0,0,0,0,0,10,10
34830,56,4,0,0,0,0.14465249243306438,0.125,0.16666666666666666,10,10
34842,618,2,0,0,0,0,0,0,10,10
34867,322,3,0,0,0,0.7720617383222417,0.4666666666666667,1,10,10
34873,1022,2,0,0,0,0.39639187290150923,0.1875,1,10,10
34877,17,3,0.38992406101858956,0.3333333333333333,0.2,0.6332971816211657,0.4,1,10,10
34886,154,2,0,0,0,0.27191445400928344,0.1875,0.5,10,10
34894,66,2,0,0,0,0.5271064966405455,0.3076923076923077,1,10,10
34904,5,3,0.7138097836082222,0.3125,1,0.7901825282708647,0.375,1,5,10
34923,25,4,0,0,0,0.15494189208647555,0.2,0.16666666666666666,10,10
34927,975,2,0,0,0,0,0,0,10,10
34928,1580,2,0,0,0,0.40652716006074996,0.2,1,10,10
34959,158,2,0,0,0,0.06943122193677725,0.0625,0.125,10,10
34961,3,2,0.45650001423154074,0.125,1,0.4198525533351915,0.125,1,3,10
34963,6,3,0,0,0,0,0,0,6,10
34972,3,3,0,0,0,0,0,0,3,10
34974,1,3,0.35327290151359564,0.2,1,0.35327290151359564,0.2,1,1,10
34978,116,3,0,0,0,0.12987501165334073,0.125,0.1111111111111111,10,10
34980,13,4,0.20904936749052636,0.1875,0.14285714285714285,0.2895229882348574,0.125,1,10,10
34983,3,4,0.3126667288804499,0.125,1,0.5958992453777161,0.3125,1,3,10
35001,20,2,1,0.6666666666666666,1,0.5309999066793252,0.4666666666666667,0.25,10,10
35029,22,3,0.29600744688193,0.26666666666666666,0.2,0.490222650816517,0.2,1,10,10
35034,7,4,0.4690000933206747,0.1875,1,0.6325414799409711,0.3125,1,7,10
35035,87,5,0.0636207881989517,0.0625,0.1,0.22009176629808014,0.0625,1,10,10
35047,5,3,0.4690000933206747,0.1875,1,0.5257621717484221,0.25,1,5,10
35049,32,3,0.7799082337019198,0.225,0.5,0.7799082337019198,0.225,0.5,10,10
35068,23,2,1,0.25,1,0.9768562593544076,0.25,1,10,10
35072,6,3,0.5072380780124417,0.1282051282051282,0.5,0.9216017310213247,0.23076923076923078,1,6,10
35082,2164,2,0,0,0,0,0,0,10,10
35084,20,3,0.5822790876272222,0.5,0.3333333333333333,0.41985237681355264,0.3125,0.3333333333333333,10,10
35117,10,3,0.9957688095209811,0.625,1,0.9988930800939724,0.625,1,10,10
35120,29,2,0.5680035776621609,0.35714285714285715,1,0.3151625504769836,0.21428571428571427,0.5,10,10
35124,5,4,0.6782961487391511,0.15625,1,0.7890540506597234,0.25,1,5,10
35142,5,4,0.18382995079931408,0.125,0.25,0.3372905462485835,0.125,1,5,10
35151,2,7,0.35895421017163465,0.125,1,0.7909506325094736,0.4375,1,2,10
35160,8,3,0.48915413899781635,0.5454545454545454,0.3333333333333333,0.7193076147674357,0.6363636363636364,1,8,10
35161,24,3,0,0,0,0.3090128947940599,0.25,0.3333333333333333,10,10
35225,3,2,0.24926098697416302,0.07692307692307693,1,0.24926098697416302,0.07692307692307693,1,3,10
35228,513,1,0,0,0,0,0,0,10,10
35231,109,2,0.3920420600068484,0.13513513513513514,0.2,0.5305455297539707,0.16216216216216217,0.5,10,10
35251,58,2,0.8268133666517737,0.5,1,0.3628476202104143,0.3125,0.2,10,10
35254,27,2,0.8701249883466592,0.5,1,0.22119341301481263,0.1875,0.16666666666666666,10,10
35256,34,2,0.45734567087855327,0.625,0.25,0.35917726695263485,0.375,0.5,10,10
35258,1,3,0.22009176629808014,0.03333333333333333,1,0.6912659712821329,0.2,1,1,10
35266,13,3,0.9432379215722527,0.47368421052631576,1,0.9074250374176303,0.47368421052631576,1,10,10
35289,13,1,1,0.625,1,1,0.625,1,10,10
35291,31,3,0,0,0,0.10427282432637149,0.14285714285714285,0.2,10,10
35296,207,2,0,0,0,0.5239294981581574,0.3125,1,10,10
35297,139,2,0,0,0,0,0,0,10,10
35301,183,2,0,0,0,0.3636237070689246,0.25,0.5,10,10
35314,167,3,0,0,0,0.22009176629808014,0.0625,1,10,10
35315,211,3,0,0,0,0,0,0,10,10
35325,629,2,0,0,0,0,0,0,10,10
35331,828,2,0,0,0,0.07336392209936005,0.037037037037037035,0.14285714285714285,10,10
35333,920,3,0,0,0,0.28634598975246917,0.125,1,10,10
35334,504,3,0,0,0,0.11004588314904007,0.0625,0.3333333333333333,10,10
35336,10,2,0.8900917305098635,0.6923076923076923,1,0.977915258848537,0.7692307692307693,1,10,10
35338,82,3,0,0,0,0.4736695902179647,0.3125,0.5,10,10
35341,65,4,0.02120692939965057,0,0,0.07336392209936005,0,0,10,10
35342,224,3,0,0,0,0,0,0,10,10
35344,215,2,0,0,0,0,0,0,10,10
35352,9,2,0,0,0,0,0,0,9,10
35357,20,3,0.0636207881989517,0.0625,0.1,0.54739836229935,0.25,1,10,10
35359,24,4,0.20904936749052636,0.1875,0.14285714285714285,0.5965377185773227,0.3125,1,10,10
35362,143,2,0,0,0,0.37642556710092695,0.3125,0.25,10,10
35363,60,2,0.1841339596635521,0.2,0.125,0.5161666375018958,0.3333333333333333,1,10,10
35364,1,4,0.279901702223461,0.0625,1,0.6835301404432979,0.375,1,1,10
35380,140,1,0,0,0,0,0,0,10,10
35390,35,1,0.27625005782606527,0,0,0.3570437251932916,0.5,0.14285714285714285,10,10
35400,8,2,0.8701249883466592,0.5,1,0.9363792118010483,0.5625,1,8,10
35401,12,2,0.39379768351047323,0.15625,0.2,0.8146824772118209,0.21875,1,10,10
35413,477,3,0,0,0,0,0,0,10,10
35415,545,3,0,0,0,0,0,0,10,10
35416,5368,2,0,0,0,0,0,0,10,10
35421,7,3,0,0,0,0,0,0,7,10
35425,1671,2,0,0,0,0.22009176629808014,0.0625,1,10,10
35431,2659,3,0,0,0,0,0,0,10,10
35445,516,5,0,0,0,0,0,0,10,10
35456,272,2,0,0,0,0.07839826897867533,0.021739130434782608,0.16666666666666666,10,10
35457,106,3,0,0,0,0.07336392209936005,0.0625,0.14285714285714285,10,10
35460,82,2,0,0,0,0,0,0,10,10
35472,830,4,0,0,0,0,0,0,10,10
35476,97,3,0.07839826897867533,0.0625,0.16666666666666666,0.2876263497141272,0.1875,0.5,10,10
35479,418,3,0,0,0,0,0,0,10,10
35493,140,2,0.0636207881989517,0.0625,0.1,0.17630010660342912,0.125,0.3333333333333333,10,10
35496,156,4,0,0,0,0.14778659226136612,0.125,0.16666666666666666,10,10
35500,8,2,0.507777624353643,0.4,0.3333333333333333,0.6670359495345396,0.4,1,8,10
35507,84,2,0.06625422345438903,0.07142857142857142,0.1111111111111111,0.3301376494471202,0.14285714285714285,1,10,10
35509,31,2,0,0,0,0.4260276605334035,0.35714285714285715,0.3333333333333333,10,10
35517,570,2,0,0,0,0,0,0,10,10
35532,299,2,0,0,0,0.4920062203073636,0.11428571428571428,1,10,10
35538,58,3,0,0,0,0.1388624438735545,0.0625,0.5,10,10
35539,149,3,0,0,0,0.11004588314904007,0.06666666666666667,0.3333333333333333,10,10
35564,5,3,0,0,0,0.11266201077570104,0.3333333333333333,0.16666666666666666,5,10
35586,4,4,0.09907759915099076,0.07142857142857142,0.25,0.06925226990817035,0.07142857142857142,0.1111111111111111,4,10
35587,81,2,0,0,0,0,0,0,10,10
35590,494,1,0,0,0,0.11284514134893525,0.25,0.1,10,10
35601,1411,1,0,0,0,0,0,0,10,10
35611,19,3,0.19930623359011798,0.2,0.125,0.6086182388744238,0.3333333333333333,1,10,10
35614,1,2,0,0,0,0,0,0,1,10
35622,140,2,0,0,0,0,0,0,10,10
35623,172,2,0,0,0,0.07336392209936005,0.0625,0.14285714285714285,10,10
35647,13,1,1,0.625,1,1,0.625,1,10,10
35653,26,3,0.09478836436955078,0.0625,0.25,0.11004588314904007,0.0625,0.3333333333333333,10,10
35659,50,2,0.35106842466815336,0.20833333333333334,0.16666666666666666,0.3693362536342716,0.16666666666666666,0.5,10,10
35662,228,2,0,0,0,0.4571816076546107,0.3125,0.5,10,10
35674,36,2,0.478857038798568,0.3125,0.5,0.44485302949345024,0.25,1,10,10
35685,54,5,0.16354138662029633,0.125,0.2,0.3254288624260272,0.25,0.3333333333333333,10,10
35686,64,2,0,0,0,0,0,0,10,10
35696,56,4,0.9363792118010483,0.5625,1,0.4498873763727655,0.25,1,10,10
35715,2127,2,0,0,0,0.11004588314904007,0.07142857142857142,0.3333333333333333,10,10
35733,27,4,0.35359815335916356,0.26666666666666666,0.3333333333333333,0.34695119186869644,0.26666666666666666,0.3333333333333333,10,10
35734,14,4,0.2777045025687933,0.14814814814814814,0.16666666666666666,0.481303911524003,0.2222222222222222,0.5,10,10
35746,54,3,0,0,0,0.32824101092639,0.25,0.3333333333333333,10,10
35748,8,4,0.8622785115374445,0.5,1,0.9980212250126027,0.625,1,8,10
35755,8,3,0.06943122193677725,0.0625,0.125,0.20663344510562914,0.1875,0.25,8,10
35764,872,1,0,0,0,0.06768971444980863,0.1,0.1111111111111111,10,10
35766,121,2,0,0,0,0.05046578036533667,0,0,10,10
35777,118,3,0,0,0,0.3055071596257473,0.16666666666666666,1,10,10
35784,724,2,0,0,0,0,0,0,10,10
35785,7,3,0,0,0,0.07336392209936005,0.0625,0.14285714285714285,7,10
35786,232,2,0,0,0,0.07839826897867533,0.0625,0.16666666666666666,10,10
35787,677,2,0,0,0,0.08514311764162098,0.0625,0.2,10,10
35796,80,3,0,0,0,0.1388624438735545,0.0625,0.5,10,10
35802,866,3,0,0,0,0.20829366581033176,0.125,0.5,10,10
35805,40,3,0,0,0,0.4323181322709947,0.08108108108108109,1,10,10
35810,8,4,0.3544920499376849,0.16666666666666666,0.5,0.18496364143819244,0.08333333333333333,0.25,8,10
35811,60,5,0,0,0,0.24703059344735182,0.1875,0.3333333333333333,10,10
35822,596,3,0,0,0,0,0,0,10,10
35833,8,2,0,0,0,0.08330532929276598,0.16666666666666666,0.1,8,10
35842,14,4,0.18581679885338692,0.18181818181818182,0.14285714285714285,0.4062384674854371,0.2727272727272727,0.3333333333333333,10,10
35863,26,2,0.44173955623824723,0.3125,0.3333333333333333,0.5559026721867443,0.4375,0.3333333333333333,10,10
35867,7,2,0.8080922243267024,0.4375,1,0.7790889382842404,0.4375,1,7,10
35885,288,2,0,0,0,0.06625422345438903,0.045454545454545456,0.1111111111111111,10,10
35886,45,3,0,0,0,0.24355227021012346,0.1875,0.25,10,10
35887,26,4,0.35106842466815336,0.3125,0.16666666666666666,0.22009176629808014,0.0625,1,10,10
35913,1,4,0.2300510610426737,0.0625,1,0.7010475702333658,0.4375,1,1,10
35921,14,2,0.9716189607861262,0.625,1,0.9787930706003494,0.625,1,10,10
35922,9,2,0.6067408741303462,0.7142857142857143,0.5,0.8847838959703266,0.8571428571428571,1,9,10
35924,3,3,0.4690000933206747,0.2,1,0.5714048781915043,0.3333333333333333,1,3,10
35959,419,2,0,0,0,0.1388624438735545,0.03125,0.5,10,10
35979,3,1,0.5698664345004878,0.1875,1,0.5698664345004878,0.1875,1,3,3
36016,2,3,0.7244131064628505,0.5,1,1,1,1,2,10
36019,1,2,0.279901702223461,0.08333333333333333,1,0.279901702223461,0.08333333333333333,1,1,10
36034,1061,2,0,0,0,0.2578753740644927,0.1875,0.3333333333333333,10,10
36035,19,3,0.11004588314904007,0.02702702702702703,0.3333333333333333,0,0,0,10,10
36045,35,3,0,0,0,0.5326208815196265,0.25,1,10,10
36046,26,2,0.32776097292662437,0.3333333333333333,0.25,0.5637884576902256,0.3333333333333333,1,10,10
36050,7,2,0,0,0,0,0,0,7,10
36052,1,1,0.2357541930550393,0.06666666666666667,1,0.2357541930550393,0.06666666666666667,1,1,1
36063,2812,1,0,0,0,0,0,0,10,10
36078,183,3,0,0,0,0.22212782793993271,0.1875,0.2,10,10
36084,4,2,0.5637884576902256,0.25,1,0.5541432109622957,0.25,1,4,10
36089,23,2,0.6410457898283652,0.5,0.3333333333333333,0.8512360941594272,0.5,1,10,10
36100,244,4,0,0,0,0.22709190059773315,0.125,0.5,10,10
36103,459,3,0,0,0,0,0,0,10,10
36106,16,4,0.27267015568947806,0.3076923076923077,0.14285714285714285,0.6848374495230163,0.5384615384615384,1,10,10
36136,273,2,0,0,0,0.18011989653266983,0.125,0.3333333333333333,10,10
36160,115,2,0,0,0,0.6905381033667972,0.375,1,10,10
36161,161,3,0,0,0,0,0,0,10,10
36173,9,1,0.7135435513078728,0.3125,1,0.6990938915636028,0.3125,1,9,9
36179,13,2,0.29993088983163674,0.36363636363636365,0.14285714285714285,0.4009704321928816,0.45454545454545453,0.25,10,10
36182,2,2,0,0,0,0,0,0,2,10
36192,2,2,0.35895421017163465,0.125,1,0.727329844310522,0.375,1,2,10
36226,46,1,0.12987501165334073,0.08,0.1111111111111111,0.2758471541718662,0.12,0.5,10,10
36282,2,2,0.45650001423154074,0.125,1,0.45650001423154074,0.125,1,2,10
36287,3,3,0.6141107068689312,0.5,1,0.4995289783796521,0.5,0.25,3,10
36290,353,4,0,0,0,0.22009176629808014,0.0625,1,10,10
36339,276,2,0,0,0,0,0,0,10,10
36345,21,3,0.5734923014668307,0.6,0.5,0.37185395737611554,0.3,1,10,10
36346,115,4,0,0,0,0.06625422345438903,0.06666666666666667,0.1111111111111111,10,10
36362,103,3,0,0,0,0,0,0,10,10
36374,592,2,0,0,0,0,0,0,10,10
36376,32,3,0,0,0,0.2895229882348574,0.125,1,10,10
36381,54,2,0.43621154230977444,0.375,0.2,0.6879509227782193,0.4375,1,10,10
36382,218,3,0,0,0,0.1829324458942325,0.125,0.3333333333333333,10,10
36385,5,1,0.24209587273488012,0.06666666666666667,1,0.24209587273488012,0.06666666666666667,1,5,5
36391,835,2,0,0,0,0,0,0,10,10
36399,169,1,0,0,0,0,0,0,10,10
36401,4,2,0.4690000933206747,0.1875,1,0.4690000933206747,0.1875,1,4,10
36405,9,3,0,0,0,0,0,0,9,10
36415,27,4,0,0,0,0,0,0,10,10
36427,28,3,0,0,0,0.22009176629808014,0.06666666666666667,1,10,10
36431,66,3,0,0,0,0.2399208948023808,0.1875,0.3333333333333333,10,10
36435,374,2,0,0,0,0.3683756341388872,0.25,0.3333333333333333,10,10
36438,192,2,0,0,0,0,0,0,10,10
36450,424,2,0,0,0,0.06943122193677725,0.0625,0.125,10,10
36476,1,6,0.22009176629808014,0.03125,1,0.7314860078159674,0.25,1,1,10
36482,53,3,0,0,0,0.5388856921828065,0.2857142857142857,1,10,10
36483,128,2,0,0,0,0.7222954974312066,0.375,1,10,10
36493,32,3,0.24217038403031613,0.23076923076923078,0.125,0.5513275302443498,0.23076923076923078,1,10,10
36496,509,3,0,0,0,0.34685330469621795,0.25,0.3333333333333333,10,10
36497,95,4,0,0,0,0.2866919347890071,0.1875,0.5,10,10
36508,7,3,0.800693766409882,0.4375,1,0.7510916729774053,0.5,1,7,10
36518,3,4,0,0,0,0,0,0,3,10
36520,8,1,0.8403953855680556,0.4375,1,0.8459896919594581,0.4375,1,8,8
36523,4,5,0.6039094289265273,0.25,1,0.9134841129412019,0.5625,1,4,10
36528,13,3,0.3425053211450439,0.25,0.2,0.5958985626419364,0.25,1,10,10
36529,29,3,0,0,0,0.5001069020097441,0.21052631578947367,1,10,10
36545,220,1,0,0,0,0,0,0,10,10
36546,3,3,0.4690000933206747,0.1875,1,0.4323181322709947,0.1875,1,3,10
36550,37,3,0.35106842466815336,0.3125,0.16666666666666666,0.5135285497500328,0.25,1,10,10
36557,293,1,0,0,0,0,0,0,10,10
36560,2,2,0,0,0,0,0,0,2,10
36564,87,3,0,0,0,0.678049460811201,0.375,1,10,10
36576,74,2,0,0,0,0.07668368701422457,0.0625,0.14285714285714285,10,10
36579,5,3,0.4698210830654293,0.25,1,0.7856329503176064,0.5625,1,5,10
36584,4,1,0,0,0,0,0,0,4,4
36618,4,3,0.5637884576902256,0.2857142857142857,1,0.7328955908230766,0.42857142857142855,1,4,10
36619,9,2,0.8500580219973644,0.5,1,0.9058509264269651,0.5,1,9,10
36625,3,1,0,0,0,0,0,0,3,3
36630,1051,4,0,0,0,0,0,0,10,10
36635,5677,3,0,0,0,0.11004588314904007,0.05,0.3333333333333333,10,10
36638,632,2,0,0,0,0.4220949603708207,0.25,0.5,10,10
36650,2,5,0.37519712029518015,0.13333333333333333,1,0.8853076968494379,0.5333333333333333,1,2,10
36652,3,2,0.4690000933206747,0.08571428571428572,1,0.5541432109622957,0.11428571428571428,1,3,10
36669,1,2,0.6131471927654584,0.5,1,0,0,0,1,10
36671,2,2,0.35895421017163465,0.125,1,0.8701249883466592,0.5,1,2,8
36686,3,3,0.5487973376826973,0.1875,1,0.6597133113683123,0.25,1,3,6
36688,1,2,0.24926098697416302,0.06666666666666667,1,0.4896141557188043,0.2,1,1,5
36691,4,2,0.5958985626419364,0.25,1,0.6333725228078673,0.25,1,4,10
36693,5,2,0.26810254338828843,0.13333333333333333,0.3333333333333333,0.24784084338220277,0.06666666666666667,0.3333333333333333,5,10
36695,8,6,0.9040533907807281,0.5,1,0.9974614508982591,0.625,1,8,10
36704,36,2,0,0,0,0.23198135741909093,0.13333333333333333,0.3333333333333333,10,10
36715,4,3,0,0,0,0,0,0,4,10
36726,4,3,0,0,0,0.15619575078132136,0.07407407407407407,0.5,4,10
36751,7,4,0,0,0,0.43378680076602394,0.75,0.3333333333333333,7,10
36778,6,2,0.727329844310522,0.375,1,0.5637884576902256,0.25,1,6,10
36780,26,1,0,0,0,0.6589940625765149,0.5,1,10,10
36787,14,2,0.37768121663552645,0.17142857142857143,0.25,0.9189673689050769,0.2857142857142857,1,10,10
36796,143,2,0,0,0,0.21280664122660106,0.125,0.5,10,10
36797,321,2,0,0,0,0.0636207881989517,0.0625,0.1,10,10
36799,12,3,0.27267015568947806,0.25,0.14285714285714285,0.2336508082431053,0.125,0.5,10,10
36806,21,2,0.26436257612505254,0.18181818181818182,0.3333333333333333,0.537896613696994,0.2727272727272727,1,10,10
36810,7,4,0.09478836436955078,0.0625,0.25,0.07839826897867533,0.0625,0.16666666666666666,7,10
36830,5,2,0.22009176629808014,0.06666666666666667,1,0,0,0,5,10
36842,21,2,0.760079105197619,0.5,1,0.7967610662472991,0.5,1,10,10
36876,11,1,0.716287445502968,0.8,0.5,0.933745776545611,0.9,1,10,10
36912,1,5,0,0,0,0,0,0,1,10
36945,11,4,0.6500332220485789,0.4375,0.5,0.7510916729774053,0.5,1,10,10
36971,76,7,0,0,0,0.1467278441987201,0.0625,1,10,10
36978,195,2,0,0,0,0.15850703974098104,0.125,0.2,10,10
36979,306,2,0,0,0,0.06943122193677725,0.0625,0.125,10,10
36991,75,3,0.2583297509898471,0.1875,0.25,0.5684579545875155,0.375,0.5,10,10
36992,65,3,0.19930623359011798,0.1875,0.125,0.2710884709729799,0.1875,0.3333333333333333,10,10
37000,10,5,0.23620541968364261,0.3333333333333333,0.14285714285714285,0.5460991167969533,0.3333333333333333,1,10,10
37011,24406,1,0,0,0,0,0,0,10,10
37022,930,2,0,0,0,0.3714891073940902,0.058823529411764705,1,10,10
37028,15,7,0.227162174819248,0.1875,0.2,0.15850703974098104,0.125,0.2,10,10
37036,184,4,0,0,0,0.07839826897867533,0.025,0.16666666666666666,10,10
37039,12,3,0.4361533373077281,0.15384615384615385,1,0.6583205783680519,0.38461538461538464,1,10,10
37043,600,2,0,0,0,0.07336392209936005,0,0,10,10
37046,4,3,0.4690000933206747,0.2,1,0.6110191504983017,0.3333333333333333,1,4,10
37048,25,3,0,0,0,0.22009176629808014,0.0625,1,10,10
37056,477,2,0,0,0,0.2934556883974402,0.125,1,10,10
37058,101,4,0,0,0,0.17630010660342912,0.125,0.3333333333333333,10,10
37065,278,2,0,0,0,0,0,0,10,10
37072,26,3,0.22979561007468535,0.1875,0.2,0.5513310624619329,0.3125,1,10,10
37073,173,3,0,0,0,0.10736172521595987,0.05714285714285714,0.25,10,10
37074,380,2,0,0,0,0,0,0,10,10
37080,137,6,0,0,0,0.14465249243306438,0.05714285714285714,0.16666666666666666,10,10
37087,128,3,0,0,0,0.33405144466421555,0.2,0.5,10,10
37091,623,2,0,0,0,0,0,0,10,10
37093,125,3,0.19930623359011798,0.2,0.125,0.06943122193677725,0.06666666666666667,0.125,10,10
37098,10,3,0.16872714292220853,0.06666666666666667,0.5,0.08050330613630795,0.06666666666666667,0.1111111111111111,10,10
37099,61,2,0,0,0,0.37691718488073445,0.45454545454545453,0.25,10,10
37107,147,3,0,0,0,0.2876263497141272,0.1875,0.5,10,10
37109,48,3,0.06943122193677725,0.0625,0.125,0.6816604510406281,0.4375,1,10,10
37115,287,4,0,0,0,0,0,0,10,10
37124,60,3,0,0,0,0.09478836436955078,0.0625,0.25,10,10
37126,49,4,0,0,0,0,0,0,10,10
37133,41,2,0.49246059723271807,0.3125,0.5,0.3421013776262553,0.25,0.5,10,10
37137,189,2,0,0,0,0,0,0,10,10
37139,42,3,0.28997736516021183,0.1875,0.3333333333333333,0.6749359875559982,0.375,1,10,10
37149,7,6,0.2532954041105318,0.1875,0.25,0.15457433957839825,0.125,0.2,7,10
37161,16,3,0,0,0,0.0636207881989517,0.0625,0.1,10,10
37181,13,3,1,0.625,1,1,0.625,1,10,10
37183,19,2,0.2832325164972662,0.1875,0.3333333333333333,0.7885497208855956,0.4375,1,10,10
37193,7,3,0.05886610400269325,0,0,0.286304132831407,0.13333333333333333,0.16666666666666666,7,10
37197,651,1,0,0,0,0,0,0,10,10
37200,222,2,0,0,0,0.2816575879096918,0.1875,0.5,10,10
37214,2,3,0.22486036416572236,0.07142857142857142,1,0.37991069669918726,0.21428571428571427,1,2,10
37221,1514,2,0,0,0,0,0,0,10,10
37224,247,3,0,0,0,0.3499667779514209,0.1875,1,10,10
37241,151,4,0,0,0,0,0,0,10,10
37245,74,4,0,0,0,0.3301376494471202,0.05,1,10,10
37251,13,1,0.6169596756918302,0.375,0.5,0.4473700932673728,0.25,0.16666666666666666,10,10
37283,353,1,0,0,0,0.07336392209936005,0.0625,0.14285714285714285,10,10
37297,72,3,0.3683756341388872,0.25,0.3333333333333333,0.3916830858804162,0.3125,0.3333333333333333,10,10
37303,933,1,0,0,0,0,0,0,10,10
37310,17,3,1,0.625,1,0.8643145546088337,0.5,1,10,10
37312,38,2,0,0,0,0.7175867104101135,0.18421052631578946,1,10,10
37315,10,3,0,0,0,0.05366887075753863,0.07142857142857142,0.1111111111111111,10,10
37342,15,2,0.5508095940041027,1,0.25,0.9674679834891694,1,1,10,10
37349,4,4,0.5311576535478315,0.25,1,0.5619130799311006,0.3333333333333333,1,4,10
37364,1,3,0.07336392209936005,0,0,0.15176219107803537,0.04,0.16666666666666666,1,10
37375,4,4,0.781167618929808,0.5714285714285714,1,0.781167618929808,0.5714285714285714,1,4,10
37385,5,1,0.5893002499675077,0.25,1,0.5893002499675077,0.25,1,5,5
37392,11,2,0.5257621717484221,0.3076923076923077,1,0.4666938144595141,0.3076923076923077,1,10,10
37418,194,2,0,0,0,0.1388624438735545,0.045454545454545456,0.5,10,10
37428,17,2,0.8996972507513683,0.5625,1,0.8643145546088337,0.5,1,10,10
37429,22,1,0,0,0,0.15451887097147993,0.125,0.16666666666666666,10,10
37450,3,3,0,0,0,0,0,0,3,10
37451,9,4,0,0,0,0,0,0,9,10
37466,85,3,0.3077767541170398,0.13513513513513514,0.16666666666666666,0.48625843910675837,0.1891891891891892,0.5,10,10
37468,38,3,0.6410457898283652,0.5,0.3333333333333333,0.5478527392247046,0.3125,1,10,10
37469,1525,2,0,0,0,0.14782949091545258,0.14285714285714285,0.16666666666666666,10,10
37498,291,3,0,0,0,0.20981536144641655,0.2727272727272727,0.16666666666666666,10,10
37501,86,3,0.0636207881989517,0.0625,0.1,0.22009176629808014,0.0625,1,10,10
37510,40,4,0,0,0,0.4419240888751214,0.3125,0.5,10,10
37511,569,3,0,0,0,0.23944085680261518,0.1875,0.25,10,10
37514,248,3,0,0,0,0.07336392209936005,0.07692307692307693,0.14285714285714285,10,10
37530,3,4,0.4690000933206747,0.1875,1,1,0.625,1,3,10
37534,1,2,0,0,0,0.3455475640084277,0.3076923076923077,0.25,1,10
37544,3,3,0.35895421017163465,0.125,1,0.5321408435198608,0.25,1,3,10
37559,100,2,0,0,0,0.727329844310522,0.375,1,10,10
37564,1,6,0,0,0,0,0,0,1,10
37575,6,3,0,0,0,0,0,0,6,10
37577,3,3,0.14874433492765377,0.0625,0.5,0.05238982067889762,0.0625,0.14285714285714285,3,10
37587,69,2,0.1356854453911663,0.125,0.125,0.08514311764162098,0.0625,0.2,10,10
37590,3,2,0.459852125115776,0.3333333333333333,1,0.3658664452484532,0.2222222222222222,1,3,10
37597,148,2,0,0,0,0,0,0,10,10
37601,339,2,0,0,0,0.08514311764162098,0.0625,0.2,10,10
37610,11,2,1,0.625,1,1,0.625,1,10,10
37628,5,2,0.35673153035730487,0.13333333333333333,0.5,0.18660113481564067,0.06666666666666667,0.14285714285714285,5,10
37652,333,1,0,0,0,0,0,0,10,10
37666,5,2,0.2601715897738433,0.13333333333333333,0.5,0.3291286601936645,0.13333333333333333,1,5,10
37667,29,2,0.35106842466815336,0.3333333333333333,0.16666666666666666,0.7859162856301584,0.4666666666666667,1,10,10
37692,1,1,0.2357541930550393,0.09090909090909091,1,0.2357541930550393,0.09090909090909091,1,1,1
37710,7374,1,0,0,0,0,0,0,10,10
37711,595,3,0,0,0,0,0,0,10,10
37713,176,3,0,0,0,0.3308744461818273,0.25,0.3333333333333333,10,10
37714,11,3,0.34369669139214537,0.1875,0.5,0.35969100690634176,0.25,0.5,10,10
37715,95,3,0,0,0,0.4888292218249754,0.25,1,10,10
37724,287,3,0,0,0,0,0,0,10,10
37725,47,3,0.20483424751859086,0.125,0.3333333333333333,0,0,0,10,10
37728,7477,1,0,0,0,0,0,0,10,10
37732,30,2,0.08194584134522671,0.0625,0.16666666666666666,0.11502553052133685,0.0625,0.3333333333333333,10,10
37743,11,5,0.5562743835838442,0.25,1,0.6824068061271223,0.375,1,10,10
37746,45,3,0.1356854453911663,0.125,0.125,0.20483424751859086,0.125,0.3333333333333333,10,10
37749,2,2,0.17659831200807974,0.0625,0.5,0.3510852383467677,0.1875,0.5,2,10
37758,70,3,0,0,0,0.6063996782808846,0.35714285714285715,1,10,10
37777,7,1,0.3268151005443447,0.125,1,0.2961027938100009,0.125,1,7,7
37787,670,2,0,0,0,0.15139734109601002,0.09090909090909091,0.2,10,10
37789,10,5,1,1,1,0.5,1,0.3333333333333333,10,10
37793,91,3,0,0,0,0,0,0,10,10
37799,541,2,0,0,0,0,0,0,10,10
37802,2,4,0,0,0,0.20904936749052636,0.1875,0.14285714285714285,2,10
37805,101,4,0,0,0,0.354105102365221,0.125,1,10,10
37815,6,3,0.6334982227809455,0.7142857142857143,0.5,0.7041249493150387,0.5714285714285714,1,6,10
37849,72,2,0.5053603444371989,0.375,0.3333333333333333,0.7280855459907164,0.4375,1,10,10
37850,3,3,0,0,0,0.35106842466815336,0.3125,0.16666666666666666,3,10
37852,1,3,0.29740901205864334,0.07692307692307693,1,0.29740901205864334,0.07692307692307693,1,1,10
37854,1,4,0.22009176629808014,0.0625,1,0.8899541168509598,0.5625,1,1,10
37858,128,2,0,0,0,0.27235727895053036,0.125,1,10,10
37868,5,4,0.16872714292220853,0.0625,0.5,0.3001586684208369,0.1875,0.3333333333333333,5,10
37874,11,2,0.7366165631508061,0.3,0.5,0.9125388471459603,0.3,1,10,10
37905,10,2,1,0.6666666666666666,1,1,0.6666666666666666,1,10,10
37932,458,2,0,0,0,0.15850703974098104,0.125,0.2,10,10
37934,410,2,0,0,0,0,0,0,10,10
37938,201,2,0,0,0,0.16378073860877546,0.2857142857142857,0.16666666666666666,10,10
37947,1955,2,0,0,0,0,0,0,10,10
37954,1031,2,0,0,0,0.08514311764162098,0.0625,0.2,10,10
37955,1347,3,0,0,0,0.0636207881989517,0.05263157894736842,0.1,10,10
37959,42,4,0,0,0,0,0,0,10,10
37960,98,3,0,0,0,0,0,0,10,10
37964,47,2,0,0,0,0,0,0,10,10
37969,44,1,0,0,0,0.34918860615347325,0.5,0.25,10,10
37979,1,2,0.29740901205864334,0.07142857142857142,1,0.9573043034488583,0.6428571428571429,1,1,10
37998,92,3,0,0,0,0,0,0,10,10
38054,6,2,0.42883980903376634,0.1,0.5,0.5352543167750637,0.1,1,6,10
38067,22,2,0.24952641504388562,0.3076923076923077,0.14285714285714285,0.5385600957221474,0.46153846153846156,0.5,10,10
38163,13,4,0.5676818677290052,0.6363636363636364,0.3333333333333333,0.7569021067152308,0.6363636363636364,1,10,10
38169,34,3,0,0,0,0.8242187310219511,0.2,1,10,10
38176,102,5,0,0,0,0.2895229882348574,0.125,1,10,10
38188,9,2,0.23344411357024486,0.125,0.5,0.22531295356067246,0.125,0.3333333333333333,9,10
38189,3,4,0.1879311110491123,0.125,0.5,0.40652716006074996,0.1875,1,3,10
38194,6501,2,0,0,0,0.09478836436955078,0.020833333333333332,0.25,10,10
38260,1,1,0.29740901205864334,0.06666666666666667,1,0.29740901205864334,0.06666666666666667,1,1,1
38351,37,1,0.35106842466815336,0.3125,0.16666666666666666,0.92663607790064,0.5625,1,10,10
38352,17,2,0.9368077570869661,0.47368421052631576,1,0.7313647034009507,0.3684210526315789,1,10,10
38364,152,4,0,0,0,0.31488013066763093,0.125,1,10,10
38367,860,2,0,0,0,0,0,0,10,10
38368,660,2,0,0,0,0,0,0,10,10
38373,94,2,0.0636207881989517,0.0625,0.1,0.5494344239412027,0.375,0.5,10,10
38389,6,3,0,0,0,0,0,0,6,10
38395,1,4,0.15336737402844913,0.0625,1,0.5439211037991138,0.375,0.5,1,10
38403,21,1,0,0,0,0.5580759111248785,0.3125,1,10,10
38404,13,2,0.4690000933206747,0.1875,1,0.3312392961638527,0.25,0.3333333333333333,10,10
38432,84,1,0,0,0,0.3667803203729971,0.1724137931034483,0.2,10,10
38439,23,3,0,0,0,0.5619107241149828,0.3125,1,10,10
38447,77,3,0.0636207881989517,0.0625,0.1,0.0636207881989517,0.0625,0.1,10,10
38449,1,2,0.2575389154724167,0.0625,1,0.7142509801453369,0.5,1,1,10
38450,220,3,0,0,0,0.11004588314904007,0.0625,0.3333333333333333,10,10
38452,33,4,0,0,0,0.3861105501914465,0.3076923076923077,0.5,10,10
38453,157,3,0,0,0,0.724619854738005,0.20588235294117646,1,10,10
38454,3,3,0.4690000933206747,0.15,1,0.5131695756236008,0.2,1,3,10
38455,67,5,0,0,0,0,0,0,10,10
38457,1,3,0.22009176629808014,0.07142857142857142,1,0.35895421017163465,0.14285714285714285,1,1,10
38461,10,4,0.43621154230977444,0.375,0.2,0.5925846332364243,0.375,1,10,10
38463,7,2,0.800693766409882,0.4666666666666667,1,0.800693766409882,0.4666666666666667,1,7,10
38464,1,2,0.22009176629808014,0.0625,1,0,0,0,1,10
38473,3,4,0.33876780622615427,0.07692307692307693,1,0.4526463594002643,0.23076923076923078,0.5,3,10
38479,8,7,0.8701249883466592,0.2,1,1,0.25,1,8,10
38488,2733,3,0,0,0,0,0,0,10,10
38490,1151,4,0,0,0,0,0,0,10,10
38517,5,3,0.540876706081048,0.2857142857142857,1,0.7582190055559419,0.6428571428571429,0.5,5,10
38520,7,2,0.47171391087334197,0.26666666666666666,0.5,0.5155354249122762,0.3333333333333333,0.25,7,10
38528,146,4,0,0,0,0.3126667288804499,0.05555555555555555,1,10,10
38542,46,2,0,0,0,0.14874433492765377,0.0625,0.5,10,10
38549,4,4,0,0,0,0.02256323814993621,0,0,4,10
38563,1,2,0.26742619438551957,0.0625,1,0.10345457402608846,0.0625,0.2,1,10
38564,6,4,0.727329844310522,0.16216216216216217,1,0.866947989864271,0.21621621621621623,1,6,10
38572,8,1,0.8369256770986023,0.5,1,0.8369256770986023,0.5,1,8,8
38579,11,2,0.9046867299998821,0.625,1,0.985284279678814,0.625,1,10,10
38589,12,2,0.6287852797809445,0.375,0.5,0.6096497072960364,0.3125,1,10,10
38597,1,3,0,0,0,0.07839826897867533,0.02702702702702703,0.16666666666666666,1,10
38598,10,2,0,0,0,0,0,0,10,10
38620,4,2,0.2604979528242145,0.13333333333333333,0.3333333333333333,0.3526427495381011,0.13333333333333333,0.5,4,10
38645,13,4,1,0.7142857142857143,1,0.9363792118010483,0.6428571428571429,1,10,10
38657,3,3,0.28678053204097154,0.14285714285714285,0.5,0.4225051418507037,0.14285714285714285,1,3,10
38660,17,2,1,0.625,1,0.914856882358379,0.5625,1,10,10
38672,129,3,0,0,0,0,0,0,10,10
38674,254,2,0,0,0,0.39375843764607193,0.1875,1,10,10
38680,43,2,0.21801641453242443,0.14285714285714285,0.16666666666666666,0.4412851793128928,0.19047619047619047,1,10,10
38692,67,1,0,0,0,0.13305201013572895,0.13333333333333333,0.125,10,10
38710,17,1,1,0.625,1,1,0.625,1,10,10
38716,5,4,0,0,0,0.37519712029518015,0.2,1,5,10
38718,11,4,1,0.625,1,1,0.625,1,10,10
38726,2438,2,0,0,0,0.15457433957839825,0.04878048780487805,0.2,10,10
38730,7,4,0.6489315753318465,0.3125,1,0.6172839611614817,0.3125,1,7,10
38750,3,2,0,0,0,0,0,0,3,10
38760,644,3,0,0,0,0,0,0,10,10
38765,27,3,0.3063365306564336,0.25,0.2,0.7682269253321374,0.4375,1,10,10
38770,197,3,0,0,0,0.36371018086312773,0.2,1,10,10
38780,405,3,0,0,0,0.5752743683383295,0.42857142857142855,1,10,10
38790,278,3,0,0,0,0.31896842154805716,0.1875,0.3333333333333333,10,10
38792,495,5,0,0,0,0.18303192617648054,0.125,0.5,10,10
38798,163,5,0,0,0,0,0,0,10,10
38830,412,3,0,0,0,0,0,0,10,10
38834,3,6,0.1388624438735545,0.0625,0.5,0.6461194268314837,0.375,1,3,10
38841,65,6,0,0,0,0.08514311764162098,0.02564102564102564,0.2,10,10
38842,32,5,0.2874476364692017,0.26666666666666666,0.16666666666666666,0.42959551071396096,0.3333333333333333,0.3333333333333333,10,10
38843,1,5,0,0,0,0,0,0,1,10
38846,1456,3,0,0,0,0,0,0,10,10
38848,10,6,0.7065836017263628,0.15,1,0.4920062203073636,0.1,1,10,10
38859,258,3,0,0,0,0,0,0,10,10
38878,5,3,0.5388856921828065,0.3076923076923077,1,0.6275071330616557,0.38461538461538464,1,5,10
38882,974,2,0,0,0,0,0,0,10,10
38886,229,4,0,0,0,0.727329844310522,0.4,1,10,10
38888,157,2,0,0,0,0,0,0,10,10
38890,121,4,0,0,0,0.2024832320725062,0.125,0.5,10,10
38914,69,4,0,0,0,0.5771493379489846,0.125,1,10,10
38925,9,4,0.9363792118010483,0.5625,1,1,0.625,1,9,10
38958,165,2,0,0,0,0.28088150105118154,0.12,0.5,10,10
38959,32,2,0.33169367308920716,0.25,0.25,0.4291411337886065,0.25,1,10,10
38974,1636,1,0,0,0,0,0,0,10,10
38977,520,2,0,0,0,0.07336392209936005,0.034482758620689655,0.3333333333333333,10,10
38993,587,2,0,0,0,0.34948673995165525,0.25,0.3333333333333333,10,10
38999,25,3,0.47171391087334197,0.26666666666666666,0.5,0.5042427182705107,0.3333333333333333,0.5,10,10
39005,4,2,0.576003728085674,0.4,1,0.576003728085674,0.4,1,4,10
39008,10,2,0.7799082337019198,0.47368421052631576,0.5,0.8701249883466592,0.42105263157894735,1,10,10
39014,25,3,0.250585414538015,0.25,0.14285714285714285,0.7696215930382051,0.5,1,10,10
39020,46,4,0.06649967000454629,0.0625,0.1,0.06605173276732716,0.0625,0.25,10,10
39052,9,2,0.15462116948196558,0.09090909090909091,0.14285714285714285,0.18660113481564067,0.09090909090909091,0.14285714285714285,9,10
39059,1,5,0.18660113481564067,0.05263157894736842,1,0.24878548484466148,0.10526315789473684,0.5,1,10
39065,16,3,0.518380477313951,0.25,1,0.3291286601936645,0.125,1,10,10
39067,3,2,0.35895421017163465,0.125,1,0.51071640124967,0.25,1,3,10
39072,8,4,0.8701249883466592,0.5,1,1,0.625,1,8,10
39095,34,3,0,0,0,0,0,0,10,10
39098,23,3,0.11517419293662172,0.07692307692307693,0.25,0.08436357146110426,0.07692307692307693,0.125,10,10
39100,450,2,0,0,0,0.6937613565160448,0.24,1,10,10
39103,85,4,0,0,0,0.22009176629808014,0.0625,1,10,10
39107,747,2,0,0,0,0.15457433957839825,0.14285714285714285,0.2,10,10
39109,14,6,0,0,0,0.1467278441987201,0.0625,1,10,10
39113,11712,2,0,0,0,0,0,0,10,10
39118,16,1,0.6410457898283652,0.5,0.3333333333333333,0.7799082337019198,0.5625,0.5,10,10
39126,844,2,0,0,0,0,0,0,10,10
39129,351,3,0,0,0,0,0,0,10,10
39134,72,2,0.0636207881989517,0.0625,0.1,0.7136540102475307,0.5,0.5,10,10
39138,706,3,0,0,0,0.26845503571754253,0.1875,0.3333333333333333,10,10
39142,34,4,0,0,0,0,0,0,10,10
39157,2070,3,0,0,0,0.05886610400269325,0,0,10,10
39164,338,4,0,0,0,0,0,0,10,10
39168,218,3,0.08514311764162098,0.07692307692307693,0.2,0.2336508082431053,0.15384615384615385,0.5,10,10
39170,2,5,0.4361533373077281,0.125,1,0.4361533373077281,0.125,1,2,10
39174,2277,3,0,0,0,0,0,0,10,10
39177,1677,3,0,0,0,0,0,0,10,10
39181,119,4,0.1427951440361373,0.125,0.14285714285714285,0.11004588314904007,0.0625,0.3333333333333333,10,10
39187,99,3,0,0,0,0,0,0,10,10
39192,69,4,0,0,0,0.06625422345438903,0.0625,0.1111111111111111,10,10
39193,86,3,0,0,0,0,0,0,10,10
39195,286,4,0,0,0,0,0,0,10,10
39203,1000,3,0,0,0,0,0,0,10,10
39210,13,3,0.6219194762475476,0.4,0.5,0.5646170634173541,0.26666666666666666,1,10,10
39219,215,3,0,0,0,0.2835149363066189,0.1875,0.5,10,10
39226,45,4,0,0,0,0.07336392209936005,0.0625,0.14285714285714285,10,10
39235,57,3,0,0,0,0.7315449642824574,0.1794871794871795,1,10,10
39247,62,3,0.6410457898283652,0.5,0.3333333333333333,0.5695785062497354,0.3125,1,10,10
39249,7,3,0,0,0,0.3154909520426466,0.2222222222222222,1,7,10
39254,3,3,0.3024402401149683,0.18181818181818182,0.5,0.4011392915782793,0.18181818181818182,1,3,10
39258,8101,1,0,0,0,0,0,0,10,10
39262,402,3,0,0,0,0.08514311764162098,0.02702702702702703,0.2,10,10
39264,365,3,0,0,0,0.0636207881989517,0.0625,0.1,10,10
39265,253,4,0,0,0,0.16815228646891084,0.125,0.25,10,10
39266,96,2,0.12987501165334073,0.125,0.1111111111111111,0.17947710508581732,0.125,0.3333333333333333,10,10
39268,15,3,0,0,0,0,0,0,10,10
39274,11,3,0.4672537364221792,0.375,0.2,0.6224336752708642,0.3125,1,10,10
39275,175,2,0,0,0,0.4165669464423478,0.15625,0.5,10,10
39276,16,4,0.3098064936645125,0.25,0.25,0.6281649475693718,0.375,1,10,10
39306,1694,2,0,0,0,0.08514311764162098,0.027777777777777776,0.2,10,10
39314,11,3,0.3476293915547282,0.25,0.3333333333333333,0.5637884576902256,0.25,1,10,10
39317,273,2,0,0,0,0.2246633760228915,0.21428571428571427,0.25,10,10
39318,223,2,0,0,0,0.34301849170611365,0.26666666666666666,0.3333333333333333,10,10
39324,129,1,0.12987501165334073,0.125,0.1111111111111111,0.29990503169749433,0.1875,0.5,10,10
39335,15,2,0.34369669139214537,0.1875,0.5,0.24890832702259458,0.125,0.5,10,10
39343,87,2,0,0,0,0,0,0,10,10
39345,26,2,0.5774250016294136,0.4375,0.3333333333333333,0.7569021067152308,0.4375,1,10,10
39361,67,2,0,0,0,0.2529427027676571,0.125,1,10,10
39366,1,5,0,0,0,0,0,0,1,10
39383,213,2,0,0,0,0.07336392209936005,0.0625,0.14285714285714285,10,10
39385,283,3,0,0,0,0.12468575026986017,0.05555555555555555,0.16666666666666666,10,10
39398,26,4,0.19930623359011798,0.1875,0.125,0.5631102580041938,0.3125,1,10,10
39404,5,2,0.15155044279729812,0.125,0.25,0.2855902880722746,0.125,1,5,10
39436,1380,3,0,0,0,0,0,0,10,10
39441,352,3,0,0,0,0,0,0,10,10
39453,247,4,0,0,0,0.2240055615151755,0.125,0.5,10,10
39454,2052,2,0,0,0,0,0,0,10,10
39466,32,2,0.44488998968270943,0.4375,0.25,0.7921355540518131,0.5625,1,10,10
39475,18,3,0,0,0,0,0,0,10,10
39476,472,2,0,0,0,0.22009176629808014,0.0625,1,10,10
39484,3,3,0.24209587273488012,0.0625,1,0.3163823587170551,0.1875,0.5,3,10
39486,7,2,0,0,0,0,0,0,7,10
39495,45,3,0,0,0,0,0,0,10,10
39496,1,2,0.29740901205864334,0.06666666666666667,1,1,0.6666666666666666,1,1,10
39498,914,2,0,0,0,0.28634598975246917,0.125,1,10,10
39509,1786,2,0,0,0,0,0,0,10,10
39510,2,3,0,0,0,0,0,0,2,10
39513,4012,2,0,0,0,0,0,0,10,10
39521,1154,2,0,0,0,0.2300510610426737,0.0625,1,10,10
39535,88,4,0,0,0,0.2012562249310524,0.1875,0.2,10,10
39538,56,3,0,0,0,0.26180807422707547,0.1875,0.3333333333333333,10,10
39547,153,2,0,0,0,0.30308203017988256,0.1875,0.5,10,10
39548,1435,2,0,0,0,0,0,0,10,10
39563,2,4,0.31236138600878693,0.2222222222222222,1,0.9115695807553523,0.8888888888888888,1,2,10
39570,37,3,0.800693766409882,0.4375,1,0.4066392799050654,0.3125,0.3333333333333333,10,10
39580,190,3,0,0,0,0,0,0,10,10
39581,67,4,0,0,0,0.07678279529108115,0.0625,0.25,10,10
39587,819,2,0,0,0,0,0,0,10,10
39589,11,5,0,0,0,0,0,0,10,10
39592,69,2,0.13575193991271664,0.14285714285714285,0.1111111111111111,0,0,0,10,10
39597,552,2,0,0,0,0,0,0,10,10
39608,11,1,0.5460205614040002,0.3125,1,0.5524829902575931,0.3125,1,10,10
39631,263,3,0,0,0,0.07730350643290392,0.0625,0.1,10,10
39632,208,3,0,0,0,0,0,0,10,10
39635,227,2,0,0,0,0.07839826897867533,0.0625,0.16666666666666666,10,10
39642,824,3,0,0,0,0.15176219107803537,0.125,0.16666666666666666,10,10
39673,3,2,0.14870450602932167,0.0625,0.3333333333333333,0.24508676833779056,0.1875,0.25,3,10
39680,3,2,0.35895421017163465,0.125,1,0.35895421017163465,0.125,1,3,10
39687,74,2,0,0,0,0.07839826897867533,0.0625,0.16666666666666666,10,10
39693,421,3,0,0,0,0.04416948230292602,0.06666666666666667,0.1111111111111111,10,10
39697,17,4,0,0,0,0.12987501165334073,0.125,0.1111111111111111,10,10
39705,2888,3,0,0,0,0,0,0,10,10
39706,153,4,0,0,0,0,0,0,10,10
39709,163,2,0,0,0,0,0,0,10,10
39718,1165,4,0,0,0,0,0,0,10,10
39720,10,5,0.2492304490585165,0.125,0.5,0.172562638893973,0.125,0.16666666666666666,10,10
39724,1319,3,0,0,0,0,0,0,10,10
39725,475,4,0,0,0,0,0,0,10,10
39730,28,2,0,0,0,0.8701249883466592,0.25,1,10,10
39739,157,4,0,0,0,0.3976722328631673,0.25,0.5,10,10
39747,12,3,0.5111707781750245,0.4,0.3333333333333333,0.466924741555019,0.3333333333333333,0.5,10,10
39755,9,3,0.9363792118010483,0.6,1,0.9363792118010483,0.6,1,9,10
39806,1252,3,0,0,0,0.33405144466421555,0.1875,0.5,10,10
39830,51,2,0,0,0,0.6164336326286644,0.6,1,10,10
39832,26,2,0.32550785265395216,0.375,0.3333333333333333,0.4351085316587032,0.375,1,10,10
39837,1,2,0,0,0,0.3846980772960165,0.2727272727272727,1,1,10
39844,15,3,0.12987501165334073,0.125,0.1111111111111111,0.6207622843987101,0.3125,1,10,10
39857,20,2,0.7799082337019198,0.5625,0.5,0.7411902110103872,0.4375,1,10,10
39858,15,3,0.15176219107803537,0.13333333333333333,0.16666666666666666,0.31879392588472627,0.2,0.5,10,10
39870,6,4,0.5018040483185394,0.4,0.5,0.6597133113683123,0.4,1,6,10
39886,2,3,0.45650001423154074,0.125,1,0.5286871870681225,0.1875,1,2,10
39892,5,2,0.687681788091542,0.3333333333333333,1,0.7511878763989214,0.4,1,5,10
39893,13,2,0.8917220986275541,0.625,1,0.9117943209938011,0.625,1,10,10
39910,1,4,0.22009176629808014,0.04,1,0.37878333867593533,0.16,0.5,1,10
39921,5,3,0.4483039899025303,0.2857142857142857,1,0.4483039899025303,0.2857142857142857,1,5,10
39922,17,4,0.2583297509898471,0.1875,0.25,0.35895421017163465,0.125,1,10,10
39930,14,2,0.403468960631995,0.625,0.16666666666666666,1,1,1,10,10
39945,78,3,0,0,0,0,0,0,10,10
39951,37,2,0,0,0,0.16244215559553243,0,0,10,10
39954,1,5,0.4349768833818852,0.2,1,0.4349768833818852,0.2,1,1,10
39964,397,2,0,0,0,0.1396181455537491,0.125,0.14285714285714285,10,10
39965,1332,1,0,0,0,0.1427951440361373,0.13333333333333333,0.14285714285714285,10,10
39972,10,2,0.9432379215722527,0.32142857142857145,1,0.9074250374176303,0.32142857142857145,1,10,10
39975,35,3,0.09467937145175134,0.06451612903225806,0.16666666666666666,0.3286261632941788,0.12903225806451613,0.3333333333333333,10,10
39976,270,1,0,0,0,0,0,0,10,10
39978,28,2,0.727329844310522,0.4,1,0.4393885407921626,0.3333333333333333,0.5,10,10
39979,4,4,0.11091597368561495,0.08333333333333333,0.25,0.21971983457905378,0.16666666666666666,0.5,4,10
39980,111,1,0,0,0,0.20483424751859086,0.125,0.3333333333333333,10,10
39996,6,2,0.7790889382842405,0.375,1,0.7790889382842405,0.375,1,6,10
40000,16,1,1,0.7142857142857143,1,1,0.7142857142857143,1,10,10
40012,38,2,0.6429235234036079,0.4375,0.5,0.8415908474314975,0.5,1,10,10
40018,2,3,0.3985202681370658,0.2,1,0.6499585627060159,0.4,1,2,10
40019,1,3,0.26742619438551957,0.08333333333333333,1,0.26742619438551957,0.08333333333333333,1,1,10
40022,128,2,0.12987501165334073,0.125,0.1111111111111111,0.2984900352767555,0.125,1,10,10
40033,8,2,0.25422617712535256,0.16666666666666666,0.5,0,0,0,8,10
40041,74,2,0,0,0,0.28634598975246917,0.125,1,10,10
40042,7,2,0.42411536804228234,0.3125,0.5,0.5861115882738643,0.4375,1,7,10
40044,1,3,0.279901702223461,0.0625,1,0.2555211512888969,0.1875,0.3333333333333333,1,10
40049,10078,1,0,0,0,0,0,0,10,10
40063,16,3,1,0.625,1,1,0.625,1,10,10
40105,2,5,0.35895421017163465,0.125,1,0.5482044331223966,0.3125,1,2,10
40109,16,2,0.420027879946489,0.125,1,0.05723087010498149,0.0625,0.14285714285714285,10,10
40128,199,2,0,0,0,0.3995688713838975,0.1875,1,10,10
40129,164,3,0,0,0,0.23177307466786254,0.1875,0.25,10,10
40130,124,4,0,0,0,0.1388624438735545,0.0625,0.5,10,10
40132,101,4,0.5709978849675379,0.27586206896551724,0.5,0.046287481291184845,0.034482758620689655,0.125,10,10
40135,150,2,0,0,0,0.08514311764162098,0.0625,0.2,10,10
40152,15,2,0.7799082337019198,0.6428571428571429,0.5,0.9216017310213247,0.6428571428571429,1,10,10
40171,2,5,0.35895421017163465,0.13333333333333333,1,0.5697267625650659,0.3333333333333333,1,2,10
40177,1,3,0.29740901205864334,0.06666666666666667,1,0.29740901205864334,0.06666666666666667,1,1,10
40183,43,2,0,0,0,0.15726617308658694,0.08333333333333333,0.5,10,10
40201,14,2,0.07311683844390994,0.125,0.1,0.36637716437781265,0.375,0.5,10,10
40230,13,3,0.5727677073221683,0.5,0.3333333333333333,0.7993828663556877,0.5,1,10,10
40233,3,2,0.5698664345004878,0.1875,1,0.5698664345004878,0.1875,1,3,10
40234,1,2,0.29740901205864334,0.06666666666666667,1,0.4671715011488479,0.2,1,1,10
40239,28,2,0.42883980903376634,0.25,0.5,1,0.625,1,10,10
40247,15,2,0.0636207881989517,0.0625,0.1,0,0,0,10,10
40253,3,2,0.24890832702259458,0.13333333333333333,0.5,0.39375843764607193,0.2,1,3,10
40266,37,3,0,0,0,0.6848374495230163,0.175,1,10,10
40269,18,4,0.11004588314904007,0.0625,0.3333333333333333,0.22009176629808014,0.0625,1,10,10
40271,452,2,0,0,0,0,0,0,10,10
40275,44,4,0,0,0,0.0636207881989517,0.0625,0.1,10,10
40278,1,2,0.29740901205864334,0.08333333333333333,1,0.29740901205864334,0.08333333333333333,1,1,10
40292,737,2,0,0,0,0,0,0,10,10
40301,4,2,0.5637884576902256,0.3333333333333333,1,0.9216017310213247,0.75,1,4,10
40311,9,2,0.7518368572831458,0.8888888888888888,0.5,0.7338443432664097,0.6666666666666666,1,9,10
40342,173,2,0,0,0,0.2240055615151755,0.09090909090909091,0.5,10,10
40350,20,2,0,0,0,0,0,0,10,10
40356,3,4,0.29740901205864334,0.0625,1,0.15601754483960664,0.125,0.25,3,10
40381,1016,3,0,0,0,0.11004588314904007,0.022222222222222223,0.3333333333333333,10,10
40395,20,2,0.7799082337019198,0.6,0.5,0.7909506325094736,0.4666666666666667,1,10,10
40398,494,2,0,0,0,0.3732689537968544,0.25,0.5,10,10
40412,13,2,0.9363792118010483,0.32142857142857145,1,0.8454256604216017,0.2857142857142857,1,10,10
40415,241,2,0,0,0,0,0,0,10,10
40417,26,2,1,0.625,1,1,0.625,1,10,10
40431,3,4,0.14514605925250643,0.0625,0.5,0.7602419900843778,0.375,1,3,10
40441,203,2,0,0,0,0,0,0,10,10
40459,2210,2,0,0,0,0,0,0,10,10
40461,55,3,0,0,0,0.6026440940406617,0.15,1,10,10
40462,248,2,0,0,0,0.1584091525685025,0.125,0.25,10,10
40464,63,3,0,0,0,0,0,0,10,10
40466,705,2,0,0,0,0.4323181322709947,0.05,1,10,10
40472,130,3,0,0,0,0.35359815335916356,0.25,0.3333333333333333,10,10
40478,1,5,0,0,0,0,0,0,1,10
40483,101,4,0,0,0,0.4721567066247473,0.16129032258064516,1,10,10
40484,87,2,0,0,0,0.4460835394630044,0.375,0.25,10,10
40488,5,3,0.262118616896716,0.14285714285714285,0.5,0.3950698463685343,0.21428571428571427,1,5,10
40491,204,3,0,0,0,0.03929236550917322,0,0,10,10
40493,209,3,0,0,0,0.09478836436955078,0.07142857142857142,0.25,10,10
40498,261,2,0,0,0,0,0,0,10,10
40501,74,2,0,0,0,0.1467278441987201,0.0625,1,10,10
40524,1071,2,0,0,0,0,0,0,10,10
40527,10,5,0.12055052868900845,0.16666666666666666,0.125,0.16233525201675195,0.16666666666666666,0.25,10,10
40534,24,2,0,0,0,0.18521586757084346,0.125,0.2,10,10
40535,3,3,0.4690000933206747,0.2727272727272727,1,0.45374257454118544,0.2727272727272727,1,3,10
40547,4,4,0.424926013816671,0.1875,1,0.7510916729774053,0.5,1,4,10
40550,400,2,0,0,0,0.21726071285222984,0.125,0.5,10,10
40554,10,3,0.2832501666747673,0.2857142857142857,0.25,0.3157312668704345,0.2857142857142857,0.5,10,10
40556,129,2,0,0,0,0.11492008751406495,0.1111111111111111,0.3333333333333333,10,10
40560,45,3,0,0,0,0,0,0,10,10
40567,180,2,0,0,0,0.1396181455537491,0.15384615384615385,0.14285714285714285,10,10
40571,64,3,0.12987501165334073,0.125,0.1111111111111111,0.4011248950259844,0.3125,0.25,10,10
40573,68,1,0,0,0,0,0,0,10,10
40586,81,3,0,0,0,0.28634598975246917,0.125,1,10,10
40591,170,3,0,0,0,0.3570764765963919,0.1875,1,10,10
40596,267,4,0,0,0,0.22009176629808014,0.0625,1,10,10
40599,5,5,0.08514311764162098,0.0625,0.2,0.5582604437617527,0.3125,1,5,10
40601,5,3,0.09962965242264374,0.0625,0.2,0.21211925905482654,0.125,0.5,5,10
40603,7828,2,0,0,0,0.24890832702259458,0.125,0.5,10,10
40615,6,5,0.584598875760812,0.3125,1,0.8035969342871275,0.5,1,6,10
40617,17,4,1,0.625,1,1,0.625,1,10,10
40618,8,3,0.0887428828978107,0.2,0.16666666666666666,0,0,0,8,10
40623,12,3,0.5068576602723313,0.6666666666666666,0.3333333333333333,0.9380382995267417,0.8888888888888888,1,10,10
40627,35,3,0.11358538324453456,0.125,0.1111111111111111,0.6088698334612944,0.375,1,10,10
40629,886,4,0,0,0,0,0,0,10,10
40640,3,3,0.11787709652751965,0.0625,0.3333333333333333,0.4322160206009054,0.1875,1,3,10
40649,15,4,0.19930623359011798,0.1875,0.125,0.7728378251807518,0.4375,1,10,10
40661,1,4,0,0,0,0,0,0,1,10
40664,337,2,0,0,0,0.1365561650123939,0.125,0.25,10,10
40666,24,3,0,0,0,0.933745776545611,0.5625,1,10,10
40670,53,4,0.12987501165334073,0.125,0.1111111111111111,0.1388624438735545,0.0625,0.5,10,10
40671,1662,2,0,0,0,0,0,0,10,10
40672,148,4,0,0,0,0.20323893375270077,0.2,0.14285714285714285,10,10
40679,251,3,0,0,0,0,0,0,10,10
40685,11,4,0.32195053918879885,0.25,0.25,0.6231255024348394,0.375,1,10,10
40695,660,2,0,0,0,0,0,0,10,10
40697,8,5,0.4011248950259844,0.35714285714285715,0.25,0.7167674835027337,0.5,1,8,10
40699,2,5,0,0,0,0,0,0,2,10
40705,4,4,0.5129361325988092,0.1875,1,0.4361533373077281,0.125,1,4,10
40720,71,4,0,0,0,0.07336392209936005,0.07142857142857142,0.14285714285714285,10,10
40725,65,2,0.9005033215744148,0.625,1,0.5887498202463199,0.3125,1,10,10
40729,425,2,0,0,0,0.5072380780124417,0.38461538461538464,0.5,10,10
40747,480,2,0,0,0,0.22009176629808014,0.125,1,10,10
40748,155,3,0,0,0,0,0,0,10,10
40757,512,2,0,0,0,0.07839826897867533,0.03125,0.16666666666666666,10,10
40768,472,3,0,0,0,0.07336392209936005,0.034482758620689655,0.14285714285714285,10,10
40777,228,2,0,0,0,0.5077181160122074,0.25,1,10,10
40785,100,3,0,0,0,0.06943122193677725,0.0625,0.125,10,10
40789,4,2,0.5893002499675077,0.4,1,0.7481864907480902,0.5,1,4,10
40791,9,2,0.7998230467886542,0.5,1,0.7973791542685902,0.5714285714285714,1,9,10
40794,2,4,0.1990526286262915,0.1111111111111111,0.5,0.35974476729956295,0.3333333333333333,0.5,2,10
40797,28,3,0,0,0,0.08514311764162098,0.07142857142857142,0.2,10,10
40805,17,6,0.0636207881989517,0.02564102564102564,0.1,0.8389574121760601,0.20512820512820512,1,10,10
40819,2,3,0,0,0,0,0,0,2,10
40820,2,3,0,0,0,0,0,0,2,10
40866,14,2,0.14162413776804902,0.2,0.25,0.17708139122632446,0.4,0.16666666666666666,10,10
40872,27,1,0,0,0,0.11004588314904007,0.0625,0.3333333333333333,10,10
40878,6,3,0.5776752382825491,0.4,1,0.7203102408640398,0.6,1,6,10
40888,95,3,0,0,0,0,0,0,10,10
40893,1658,2,0,0,0,0.07336392209936005,0.0625,0.14285714285714285,10,10
40900,86,2,0,0,0,0.1388624438735545,0.0625,0.5,10,10
40903,248,3,0,0,0,0,0,0,10,10
40904,431,4,0,0,0,0,0,0,10,10
40905,11,2,0.1673111348209379,0.13333333333333333,0.5,0.24114679999375005,0.13333333333333333,1,10,10
40908,97,5,0,0,0,0,0,0,10,10
40910,278,4,0,0,0,0,0,0,10,10
40922,39,5,0,0,0,0.15139734109601002,0.03773584905660377,0.2,10,10
40934,19,3,0.191366865073924,0.2,0.2,0.6405345503339777,0.4,1,10,10
40936,2,4,0,0,0,0.8318477135310891,0.2,1,2,10
40939,15,3,0.662991591198965,0.3125,1,0.7430884690105225,0.375,1,10,10
40955,151,4,0,0,0,0.14201905717762703,0.125,0.16666666666666666,10,10
40959,16,1,0.7799082337019198,0.5625,0.5,1,0.625,1,10,10
40972,2,3,0.5129861293403476,0.25,1,0.6179678057650548,0.5,1,2,10
40988,1,1,0,0,0,0,0,0,1,1
40996,111,3,0,0,0,0.31204907722178066,0.08108108108108109,0.5,10,10
41009,4,3,0.12808708965342477,0.0625,0.25,0.3599570769546735,0.125,1,4,10
41033,264,3,0,0,0,0,0,0,10,10
41038,105,3,0,0,0,0.3647442587311445,0.1875,1,10,10
41041,406,3,0,0,0,0,0,0,10,10
41059,1034,2,0,0,0,0,0,0,10,10
41062,1832,2,0,0,0,0.08514311764162098,0.016666666666666666,0.2,10,10
41064,189,3,0,0,0,0.3301376494471202,0.125,1,10,10
41070,14,2,0.28673060851014465,0.25,0.5,0.4490885675111512,0.25,1,10,10
41082,224,3,0,0,0,0,0,0,10,10
41083,101,2,0,0,0,0.06646866534384419,0.08333333333333333,0.16666666666666666,10,10
41084,3552,1,0,0,0,0.07336392209936005,0.047619047619047616,0.14285714285714285,10,10
41086,5,2,0,0,0,0,0,0,5,10
41098,212,3,0,0,0,0,0,0,10,10
41102,26,4,0,0,0,0.7223709725624178,0.3125,1,10,10
41119,309,4,0,0,0,0,0,0,10,10
41121,153,3,0,0,0,0.17323812606207392,0.125,0.3333333333333333,10,10
41122,821,2,0,0,0,0,0,0,10,10
41129,123,4,0,0,0,0.11502553052133685,0.0625,0.3333333333333333,10,10
41137,1336,3,0,0,0,0,0,0,10,10
41139,161,2,0,0,0,0.07336392209936005,0.0625,0.14285714285714285,10,10
41146,2,1,0,0,0,0.22009176629808014,0.0625,1,2,3
41153,57,2,0,0,0,0.7759944384848244,0.5,1,10,10
41154,2077,2,0,0,0,0,0,0,10,10
41163,4,2,0.5637884576902256,0.2857142857142857,1,0.6300426811446145,0.35714285714285715,1,4,10
41171,41,3,0.6165911491285786,0.2,0.3333333333333333,0.8389574121760601,0.2,1,10,10
41178,76,3,0,0,0,0.23414195802414967,0.125,0.5,10,10
41180,154,2,0,0,0,0,0,0,10,10
41181,8,5,0.40652716006074996,0.125,1,0.23847291552840494,0.1875,0.25,8,10
41185,556,3,0,0,0,0.15726617308658694,0.0625,0.5,10,10
41190,143,3,0,0,0,0.26346260696995233,0.2727272727272727,0.3333333333333333,10,10
41204,10,2,0.6500332220485789,0.4375,0.5,0.6816604510406281,0.4375,1,10,10
41215,14,2,0.43621154230977444,0.5,0.2,0.9363792118010483,0.75,1,10,10
41227,201,2,0,0,0,0.09257496258236969,0.0625,0.5,10,10
41230,215,2,0,0,0,0.4673791184803735,0.375,0.25,10,10
41246,204,2,0,0,0,0.15176219107803537,0.06666666666666667,0.16666666666666666,10,10
41250,11,2,0.5931815595667076,0.17142857142857143,0.5,0.5767758031063227,0.14285714285714285,1,10,10
41261,15,2,0.29993088983163674,0.3333333333333333,0.14285714285714285,0.5025785811698515,0.3333333333333333,1,10,10
41272,4,4,0.28001858663099266,0.125,1,0.18226995877312485,0.125,0.5,4,10
41283,80,3,0,0,0,0.14874433492765377,0.06666666666666667,0.5,10,10
41286,3,4,0.42379089349186627,0.3,1,0.6039094289265273,0.4,1,3,10
41289,1360,2,0,0,0,0,0,0,10,10
41295,1805,2,0,0,0,0.09478836436955078,0.0625,0.25,10,10
41297,463,2,0,0,0,0,0,0,10,10
41317,15,3,0.06625422345438903,0.03125,0.1111111111111111,0.40990585486155645,0.125,1,10,10
41333,219,2,0,0,0,0.42883980903376634,0.25,0.5,10,10
41334,1267,2,0,0,0,0,0,0,10,10
41335,321,3,0,0,0,0.227162174819248,0.1875,0.2,10,10
41338,50,3,0,0,0,0.3647442587311445,0.07692307692307693,1,10,10
41353,12,2,0.3683756341388872,0.10526315789473684,0.3333333333333333,0.45374257454118544,0.07894736842105263,1,10,10
41356,4,4,0.4690000933206747,0.1875,1,0.8899541168509598,0.5625,1,4,10
41371,86,2,0,0,0,0.92663607790064,0.5625,1,10,10
41374,231,2,0,0,0,0.1356854453911663,0.13333333333333333,0.125,10,10
41375,12,3,0,0,0,0.056762078427747324,0.0625,0.2,10,10
41379,51,3,0,0,0,0,0,0,10,10
41380,406,3,0,0,0,0.09478836436955078,0.02631578947368421,0.25,10,10
41383,403,4,0,0,0,0.1388624438735545,0.015873015873015872,0.5,10,10
41385,10,2,0,0,0,0,0,0,10,10
41387,6,4,0.5072380780124417,0.13513513513513514,0.5,0.9052116356304492,0.24324324324324326,1,6,10
41396,3,3,0.1388624438735545,0.0625,0.5,0.11004588314904007,0.0625,0.3333333333333333,3,10
41405,83,4,0,0,0,0.2837125544970318,0.125,1,10,10
41420,6,3,0.8000460734455755,0.375,1,0.8000460734455755,0.375,1,6,10
41421,12,1,0.933745776545611,0.5625,1,0.8268133666517737,0.5,1,10,10
41472,6,3,0.6489315753318465,0.3125,1,0.4690000933206747,0.1875,1,6,10
41473,8,2,0.6489315753318465,0.3125,1,0.7917267193679839,0.4375,1,8,10
41485,178,2,0,0,0,0,0,0,10,10
41489,112,2,0,0,0,0.4451989745299881,0.22727272727272727,0.5,10,10
41575,126,2,0,0,0,0.32149616226344435,0.36363636363636365,0.3333333333333333,10,10
41577,13,3,0.8532721558012798,0.6923076923076923,0.5,0.7870179323468908,0.6153846153846154,0.5,10,10
41580,21,1,0.19930623359011798,0.1875,0.125,0.7471589728148225,0.4375,1,10,10
41597,61,3,0,0,0,0,0,0,10,10
41613,135,1,0,0,0,0.1388624438735545,0.0625,0.5,10,10
41615,659,1,0,0,0,0,0,0,10,10
41624,56,3,0,0,0,0.19518900079066107,0.13333333333333333,0.3333333333333333,10,10
41625,4,2,0.586086459784312,0.25,1,0.8344191076816679,0.5,1,4,10
41627,21,1,0.35106842466815336,0.3125,0.16666666666666666,0.8572048559638626,0.5,1,10,10
41639,38,2,0.6410457898283652,0.5,0.3333333333333333,0.6281460426238843,0.4375,0.5,10,10
41643,109,2,0,0,0,0,0,0,10,10
41646,7,3,0.0676892029442097,0.07692307692307693,0.25,0.06814824486916873,0.07692307692307693,0.1,7,10
41658,149,2,0,0,0,0.16421958630632802,0.125,0.25,10,10
41686,36119,1,0,0,0,0,0,0,10,10
41687,760,2,0,0,0,0,0,0,10,10
41690,792,2,0,0,0,0.11004588314904007,0.0625,0.3333333333333333,10,10
41691,1243,2,0,0,0,0.2532954041105318,0.1875,0.25,10,10
41699,12,6,0.571614567891588,0.4375,0.3333333333333333,0.6175852859163219,0.375,1,10,10
41702,239,2,0,0,0,0.22009176629808014,0.06666666666666667,1,10,10
41705,137,4,0,0,0,0.20511666732794356,0.125,0.5,10,10
41717,3,2,0.4690000933206747,0.1875,1,0.424926013816671,0.1875,1,3,10
41720,64,2,0,0,0,0.24936270394794904,0.25,0.25,10,10
41721,23,4,0.727329844310522,0.46153846153846156,1,0.22784037450527972,0.23076923076923078,0.25,10,10
41726,770,2,0,0,0,0.3151625504769836,0.05357142857142857,0.5,10,10
41728,72,3,0.24952641504388562,0.25,0.14285714285714285,0.35645882493772274,0.3125,0.25,10,10
41734,1221,2,0,0,0,0,0,0,10,10
41744,188,2,0,0,0,0.3052348839397011,0.125,1,10,10
41746,209,2,0,0,0,0.5384313152574519,0.25,1,10,10
41787,96,3,0,0,0,0.07839826897867533,0.0625,0.16666666666666666,10,10
41788,123,3,0,0,0,0.3984279345433619,0.3125,0.3333333333333333,10,10
41789,286,3,0,0,0,0.2895229882348574,0.125,1,10,10
41795,275,3,0,0,0,0.08514311764162098,0.0625,0.2,10,10
41800,43,2,0.13516034740642266,0.125,0.2,0.046287481291184845,0.0625,0.125,10,10
41802,313,3,0,0,0,0.2024832320725062,0.125,0.5,10,10
41809,13,4,0.4117569016099877,0.15789473684210525,0.2,0.8192929040953766,0.21052631578947367,1,10,10
41815,1653,1,0,0,0,0,0,0,10,10
41820,1862,1,0,0,0,0,0,0,10,10
41830,34,3,0.06943122193677725,0.07692307692307693,0.125,0.4440973278132556,0.23076923076923078,1,10,10
41841,56,2,0,0,0,0.1410758456607356,0.125,0.25,10,10
41850,35,4,0.6410457898283652,0.2,0.3333333333333333,0.4963932973953009,0.15,0.3333333333333333,10,10
41851,398,2,0,0,0,0.026834435378769315,0,0,10,10
41857,838,2,0,0,0,0.07336392209936005,0.0625,0.14285714285714285,10,10
41860,283,2,0,0,0,0.0636207881989517,0.0625,0.1,10,10
41861,100,4,0,0,0,0,0,0,10,10
41873,110,2,0,0,0,0.11004588314904007,0.0625,0.3333333333333333,10,10
41883,412,1,0,0,0,0,0,0,10,10
41888,3,3,0.4690000933206747,0.1875,1,0.35895421017163465,0.125,1,3,10
41898,17,2,0.43621154230977444,0.375,0.2,0.6062415623539279,0.4375,0.5,10,10
41912,3211,2,0,0,0,0,0,0,10,10
41918,9,3,0.17947710508581732,0.13333333333333333,0.3333333333333333,0.22009176629808014,0.06666666666666667,1,9,10
41919,1339,2,0,0,0,0.12987501165334073,0.06666666666666667,0.1111111111111111,10,10
41922,53,2,0,0,0,0.61066701794776,0.375,1,10,10
41928,286,2,0,0,0,0.3932783996463063,0.08823529411764706,1,10,10
41936,57,5,0.06943122193677725,0.0625,0.125,0,0,0,10,10
41948,3168,2,0,0,0,0,0,0,10,10
41959,1,2,0,0,0,0.41136970102724035,0.3076923076923077,0.5,1,10
41967,31285,1,0,0,0,0,0,0,10,10
41972,74,3,0,0,0,0.4034826666009928,0.25,0.5,10,10
41980,638,2,0,0,0,0,0,0,10,10
41981,231,2,0,0,0,0.1396181455537491,0.125,0.14285714285714285,10,10
41982,40,5,0,0,0,0.20904936749052636,0.1875,0.14285714285714285,10,10
41986,112,3,0,0,0,0.32345717066429414,0.25,0.5,10,10
41991,1,4,0.22009176629808014,0.0625,1,0.07839826897867533,0.0625,0.16666666666666666,1,10
41992,368,2,0,0,0,0.5727555047321237,0.18518518518518517,1,10,10
41998,79,4,0,0,0,0.1884441521277154,0.125,0.3333333333333333,10,10
42027,176,2,0,0,0,0.32149616226344435,0.15384615384615385,0.3333333333333333,10,10
42028,5,3,0.3674488936801096,0.2727272727272727,0.5,0.3506659745059019,0.2727272727272727,0.5,5,10
42030,51,3,0,0,0,0.16593888468172974,0.125,0.5,10,10
42031,165,2,0,0,0,0.19626851726198946,0.14285714285714285,0.5,10,10
42041,241,2,0,0,0,0.45577863618303804,0.14705882352941177,0.5,10,10
42053,10,2,1,0.625,1,1,0.625,1,10,10
42059,306,1,0,0,0,0.14876390584057267,0.125,0.2,10,10
42068,62250,1,0,0,0,0,0,0,10,10
42073,2255,5,0,0,0,0.5508786986191234,0.6666666666666666,0.5,10,10
42075,473,1,0,0,0,0.6468562235661908,0.4375,0.5,10,10
42080,29,3,0.793584067764911,0.4375,1,0.6652907408280684,0.375,1,10,10
42100,1,5,0.1467278441987201,0.0625,1,0.3126667288804499,0.1875,1,1,5
42101,4,1,0,0,0,0,0,0,4,4
42115,4,1,0.35895421017163465,0.125,1,0.31488013066763093,0.125,1,4,4
42119,1,1,0,0,0,0,0,0,1,1
42124,2,2,0,0,0,0,0,0,2,10
42159,2,4,0.3043333428210272,0.15384615384615385,1,0.4926607185556932,0.38461538461538464,1,2,10
42164,36,2,0,0,0,0,0,0,10,10
42168,51,4,0.24216047612020616,0.375,0.16666666666666666,0.17353202199339426,0.25,0.2,10,10
42182,6021,2,0,0,0,0,0,0,10,10
42183,3914,3,0,0,0,0,0,0,10,10
42184,60,5,0,0,0,0,0,0,10,10
42188,527,3,0,0,0,0,0,0,10,10
42205,13,1,0.870553533632577,0.5714285714285714,1,0.8874699304014749,0.5714285714285714,1,10,10
42215,14,4,0.6046855387118409,0.3125,1,0.40350157154648025,0.1875,1,10,10
42219,25,3,0.1356854453911663,0.13333333333333333,0.125,0.15139734109601002,0.13333333333333333,0.2,10,10
42224,4,2,0,0,0,0.06625422345438903,0.043478260869565216,0.1111111111111111,4,10
42256,1,3,0,0,0,0.6763752477319801,0.3125,1,1,10
42259,16,2,1,0.625,1,1,0.625,1,10,10
42295,28,2,0.0728781195196487,0.0625,0.1111111111111111,0.24209587273488012,0.0625,1,10,10
42300,112,3,0,0,0,0.04416948230292602,0.02702702702702703,0.1111111111111111,10,10
42306,202,3,0,0,0,0.08514311764162098,0.0625,0.2,10,10
42315,1,2,0,0,0,0,0,0,1,10
42332,3,1,0.4690000933206747,0.1875,1,0.4690000933206747,0.1875,1,3,3
42333,5,1,0.4440973278132556,0.1875,1,0.33405144466421555,0.1875,0.5,5,5
42341,178,2,0,0,0,0,0,0,10,10
42342,2,3,0,0,0,0,0,0,2,10
42352,5,5,0,0,0,0,0,0,5,10
42356,4,4,0.5637884576902256,0.25,1,0.933745776545611,0.5625,1,4,10
42359,128,3,0,0,0,0.5423247252962317,0.375,0.5,10,10
42362,306,4,0,0,0,0.1388624438735545,0.0625,0.5,10,10
42375,646,4,0,0,0,0,0,0,10,10
42380,26,6,0.34369669139214537,0.1875,0.5,0.16421958630632802,0.125,0.25,10,10
42382,145,3,0,0,0,0.20829366581033176,0.06666666666666667,0.5,10,10
42387,216,3,0,0,0,0.8512360941594272,0.5,1,10,10
42388,2131,2,0,0,0,0.0379830183960993,0,0,10,10
42389,5,3,0,0,0,0.24890832702259458,0.05714285714285714,0.5,5,10
42405,6,2,0.32844844131775985,0.3333333333333333,0.5,0.34302905377929205,0.2222222222222222,1,6,10
42413,5,2,0.6489315753318465,0.14705882352941177,1,0.5637884576902256,0.11764705882352941,1,5,10
42416,2,5,0.42380420008817454,0.25,1,0.9164773456520028,0.875,1,2,10
42418,137,1,0,0,0,0.22009176629808014,0.0625,1,10,10
42423,56,2,0,0,0,1,0.625,1,10,10
42425,9,2,0,0,0,0.3882251478215035,0.26666666666666666,0.5,9,10
42445,1,4,0.30260241349881345,0.16666666666666666,1,0.4539036202482202,0.3333333333333333,1,1,10
42449,247793,1,0,0,0,0,0,0,10,10
42450,4,4,0,0,0,0,0,0,4,10
42459,4,4,0,0,0,0,0,0,4,10
42476,2561,2,0,0,0,0.07336392209936005,0.0625,0.3333333333333333,10,10
42477,7,4,0,0,0,0,0,0,7,10
42481,11,2,1,0.6666666666666666,1,1,0.6666666666666666,1,10,10
42482,2,2,0.3667314583167897,0.18181818181818182,1,0.7364715863021633,0.6363636363636364,1,2,10
42485,109,3,0,0,0,0,0,0,10,10
42494,3093,2,0,0,0,0,0,0,10,10
42495,686,3,0,0,0,0,0,0,10,10
42502,37,3,0,0,0,0,0,0,10,10
42505,17,3,0.6436210742739138,0.5,0.5,0.6935918296650081,0.4375,1,10,10
42512,80,2,0,0,0,0.31204907722178066,0.2,0.5,10,10
42514,51,2,0,0,0,0.08539139310228318,0.0625,0.25,10,10
42523,9,4,0,0,0,0.1799314820111718,0.125,0.25,9,10
42530,6271,1,0,0,0,0,0,0,10,10
42558,10,4,0.17346571599171196,0.14285714285714285,0.3333333333333333,0.1984052602966104,0.14285714285714285,0.5,10,10
42561,8,3,0.4690000933206747,0.1875,1,0.19518900079066107,0.125,0.3333333333333333,8,10
42563,5,4,0.33405144466421555,0.1875,0.5,0.8415908474314975,0.5,1,5,10
42586,3,1,0.515889298427605,0.25,1,0.515889298427605,0.25,1,3,3
42595,10,4,0.21538297927698707,0.2,0.16666666666666666,0.4099509148465344,0.26666666666666666,0.5,10,10
42604,31,4,0.16516854514597534,0.125,0.1111111111111111,0.5753374707720327,0.25,1,10,10
42606,4,4,0.3780584428859573,0.1875,0.5,0.5927618472407821,0.25,1,4,10
42628,42,3,0.35106842466815336,0.3333333333333333,0.16666666666666666,0.760079105197619,0.4666666666666667,1,10,10
42634,170,5,0,0,0,0.8572048559638626,0.2,1,10,10
42637,420,2,0,0,0,0.11004588314904007,0.0625,0.3333333333333333,10,10
42645,37,4,0,0,0,0.4576752747037683,0.25,1,10,10
42681,1,3,0.22009176629808014,0.0625,1,0.22009176629808014,0.0625,1,1,6
42700,7,3,0.33169367308920716,0.25,0.25,0.6020521034564037,0.3125,1,7,10
42713,148,1,0,0,0,0.4323181322709947,0.1875,1,10,10
42721,150,1,0,0,0,0,0,0,10,10
42726,7,3,0.800693766409882,0.4375,1,0.933745776545611,0.5625,1,7,10
42727,1,3,0.3145360051326525,0.125,1,0.6720384398420071,0.625,1,1,10
42746,195,3,0,0,0,0,0,0,10,10
42748,290,4,0,0,0,0.22009176629808014,0.0625,1,10,10
42750,8,3,0.40066692621373934,0.4,0.25,0.46604037179176117,0.4,0.5,8,10
42762,12,2,0,0,0,0,0,0,10,10
42763,48,5,0.22119341301481263,0.1875,0.16666666666666666,0.1884441521277154,0.125,0.3333333333333333,10,10
42765,34,4,0,0,0,0.34369669139214537,0.1875,0.5,10,10
42767,40,3,0,0,0,0.7799082337019198,0.5625,0.5,10,10
42769,1083,3,0,0,0,0,0,0,10,10
42776,3150,2,0,0,0,0.07839826897867533,0.0625,0.16666666666666666,10,10
42780,96,3,0,0,0,0.06625422345438903,0.041666666666666664,0.1111111111111111,10,10
42800,346,1,0,0,0,0.1884441521277154,0.07407407407407407,0.3333333333333333,10,10
42833,1,3,0,0,0,0,0,0,1,10
42845,25,4,0,0,0,0.6468562235661908,0.5,0.5,10,10
42855,10,2,1,0.6666666666666666,1,1,0.6666666666666666,1,10,10
42865,7,4,0.800693766409882,0.4375,1,1,0.625,1,7,10
42866,6,3,0,0,0,0,0,0,6,10
42867,118,2,0,0,0,0.1388624438735545,0.0625,0.5,10,10
42871,98,3,0,0,0,0.6055047656192208,0.20833333333333334,1,10,10
42883,2,2,0,0,0,0.11004588314904007,0.0625,0.3333333333333333,2,10
42885,2,3,0.4027985368648313,0.2222222222222222,1,0.370462188193058,0.2222222222222222,1,2,10
42900,37,3,0.19930623359011798,0.1875,0.125,0.5771493379489846,0.3125,1,10,10
42921,3,3,0,0,0,0.20025465046780405,0.5,0.16666666666666666,3,10
42922,424,2,0,0,0,0,0,0,10,10
42932,4,4,0,0,0,0,0,0,4,10
42944,1,4,0,0,0,0.24890832702259458,0.125,0.5,1,10
42962,7,2,0.6878867668835845,0.35714285714285715,1,0.7187679615648913,0.35714285714285715,1,7,10
42973,12,4,0.34985665468207433,0.45454545454545453,0.16666666666666666,0.612067858019304,0.45454545454545453,1,10,10
42975,31,4,0.27267015568947806,0.26666666666666666,0.14285714285714285,0.6708942064116917,0.4,1,10,10
42976,499,2,0,0,0,0.1388624438735545,0.0625,0.5,10,10
42978,78,3,0,0,0,0.9537125187088151,0.6428571428571429,1,10,10
42979,5,3,0.34369669139214537,0.1875,0.5,0.6683063269107927,0.375,1,5,10
42990,7,4,0.44173955623824723,0.3125,0.3333333333333333,0.9305687780632227,0.5625,1,7,10
42994,56,3,0,0,0,0,0,0,10,10
43005,178,1,0,0,0,0.0636207881989517,0.06666666666666667,0.1,10,10
43010,131,3,0,0,0,0.06625422345438903,0.03571428571428571,0.1111111111111111,10,10
43023,9,1,1,1,1,1,1,1,9,9
43028,557,3,0,0,0,0,0,0,10,10
43032,227,4,0,0,0,0,0,0,10,10
43033,7763,2,0,0,0,0,0,0,10,10
43034,1223,3,0,0,0,0,0,0,10,10
43050,2470,3,0,0,0,0,0,0,10,10
43056,563,3,0,0,0,0,0,0,10,10
43060,55,4,0,0,0,0.07336392209936005,0,0,10,10
43078,60,5,0,0,0,0.06625422345438903,0.0625,0.1111111111111111,10,10
43079,3163,2,0,0,0,0,0,0,10,10
43083,27,3,0.1051636506808822,0.1111111111111111,0.3333333333333333,0,0,0,10,10
43089,3503,2,0,0,0,0,0,0,10,10
43109,327,4,0,0,0,0.45184593602045525,0.3125,0.5,10,10
43118,102,4,0,0,0,0.10484411539105797,0.08333333333333333,0.5,10,10
43141,746,2,0,0,0,0.21726071285222984,0.16666666666666666,0.5,10,10
43142,66,4,0,0,0,0.206415932235089,0.1875,0.14285714285714285,10,10
43144,1,5,0,0,0,0,0,0,1,10
43151,400,2,0,0,0,0.8701249883466592,0.5,1,10,10
43153,79,4,0,0,0,0,0,0,10,10
43165,549,2,0,0,0,0.26133638610083487,0.3,0.25,10,10
43171,10325,2,0,0,0,0,0,0,10,10
43455,107,2,0,0,0,0.8757774055736727,0.8,1,10,10
43456,76,2,0.5747915663739762,0.18421052631578946,0.3333333333333333,0.3913817611255761,0.13157894736842105,0.25,10,10
43465,14,1,0.12987501165334073,0.125,0.1111111111111111,0.6371523797895855,0.3125,1,10,10
43473,23,2,0,0,0,0.40853591842579556,0.1875,1,10,10
43504,1,6,0,0,0,0.3301376494471202,0.125,1,1,10
43519,157,3,0,0,0,0.6293644814585828,0.15,1,10,10
43543,297,3,0,0,0,0.1388624438735545,0.0625,0.5,10,10
43545,195,3,0,0,0,0,0,0,10,10
43546,60,4,0.0636207881989517,0.0625,0.1,0.07839826897867533,0.0625,0.16666666666666666,10,10
43558,106,4,0,0,0,0.07093554707553369,0.07142857142857142,0.125,10,10
43559,956,4,0,0,0,0.11004588314904007,0.0625,0.3333333333333333,10,10
43570,1033,2,0,0,0,0.22009176629808014,0.0625,1,10,10
43573,1977,3,0,0,0,0,0,0,10,10
43574,164,3,0,0,0,0.18340980524840012,0.09090909090909091,0.3333333333333333,10,10
43575,76,3,0,0,0,0.11243018208286118,0.0625,0.3333333333333333,10,10
43579,327,3,0,0,0,0,0,0,10,10
43591,208,3,0,0,0,0.07336392209936005,0.07142857142857142,0.14285714285714285,10,10
43598,113,2,0,0,0,0.11004588314904007,0.0625,0.3333333333333333,10,10
43599,108,3,0,0,0,0,0,0,10,10
43632,39,3,0,0,0,0,0,0,10,10
43637,25,4,0.4748145607212162,0.375,0.3333333333333333,0.6030434433661639,0.4375,1,10,10
43646,16,1,1,0.625,1,1,0.625,1,10,10
43652,77,2,0.32458397444423615,0.25,0.25,0.15457433957839825,0.125,0.2,10,10
43655,43,2,0,0,0,0.6863562089718269,0.4,1,10,10
43656,6,3,0,0,0,0,0,0,6,10
43670,629,1,0,0,0,0.09478836436955078,0.02631578947368421,0.25,10,10
43672,202,2,0,0,0,0,0,0,10,10
43674,92,3,0,0,0,0,0,0,10,10
43675,13,5,0.23000020448982125,0.075,0.3333333333333333,0.21514271386397105,0.075,0.5,10,10
43677,13,2,0,0,0,0,0,0,10,10
43680,105,2,0,0,0,0,0,0,10,10
43682,254,3,0,0,0,0,0,0,10,10
43689,5,3,0.6122496142821665,0.3333333333333333,1,0.6300426811446145,0.4,1,5,10
43692,8,2,0.8701249883466592,0.5,1,0.9363792118010483,0.5625,1,8,10
43731,21,1,0.5758135735538118,0.5,0.5,0.6078358193150267,0.5,0.5,10,10
43732,22,1,0,0,0,0.15513957956556607,0.13333333333333333,0.14285714285714285,10,10
43786,34,2,0.6410457898283652,0.5333333333333333,0.3333333333333333,0.6378891765242927,0.4666666666666667,0.5,10,10
43796,18,2,0.21575638664502406,0.1875,0.14285714285714285,0.30143152569858445,0.25,0.2,10,10
43805,5,2,0.3908880746329244,0.2,0.5,0.5487973376826973,0.2,1,5,10
43806,7,1,0.4098497305276306,0.15384615384615385,0.5,0.4098497305276306,0.15384615384615385,0.5,7,7
43812,100,2,0.17997930128017262,0.25,0.125,0.7728372344584581,0.5833333333333334,1,10,10
43818,1,2,0.2300510610426737,0.02857142857142857,1,0.2300510610426737,0.02857142857142857,1,1,1
43820,14,2,0.7799082337019198,0.5625,0.5,1,0.625,1,10,10
43822,5,3,0.6489315753318465,0.3125,1,0.6968404678259544,0.375,1,5,10
43830,430,2,0,0,0,0.22009176629808014,0.0625,1,10,10
43836,567,2,0,0,0,0,0,0,10,10
43881,209,3,0,0,0,0,0,0,10,10
43882,603,4,0,0,0,0,0,0,10,10
43883,961,3,0,0,0,0,0,0,10,10
43888,4,5,0.368155235871488,0.1875,0.5,0.7810691138435806,0.5,1,4,10
43903,15,1,1,0.7142857142857143,1,1,0.7142857142857143,1,10,10
44087,877,3,0,0,0,0.21726071285222984,0.125,0.5,10,10
44104,366,4,0,0,0,0.3146708773301692,0.1111111111111111,0.5,10,10
44107,47,1,0.0636207881989517,0.0625,0.1,0.3916830858804162,0.3125,0.3333333333333333,10,10
44120,2,3,0,0,0,0.5173633627401372,0.26666666666666666,1,2,10
44158,25,3,0.49702903153024036,0.25,1,0.16228714158937993,0,0,10,10
44160,5,4,0.03459113773405908,0,0,0.057808285344702774,0,0,5,10
44163,29,2,0.1580683700486789,0,0,0.15141215438193187,0,0,10,10
44167,40,3,0,0,0,0.6404277018070741,0.35714285714285715,1,10,10
44169,74,2,0,0,0,0,0,0,10,10
44172,1,3,0.3154909520426466,0.1111111111111111,1,0.476183090715918,0.3333333333333333,1,1,10
44195,97,2,0,0,0,0,0,0,10,10
44197,39,4,0.06625422345438903,0.0625,0.1111111111111111,0.15139734109601002,0.125,0.2,10,10
44207,25,1,0.7799082337019198,0.5625,0.5,0.486471450249967,0.375,0.3333333333333333,10,10
44208,5,3,0.9254624505034729,0.8333333333333334,1,0.9952135693225355,1,1,5,10
44211,13659,1,0,0,0,0,0,0,10,10
44216,1,5,0.2357541930550393,0.0625,1,0.5023756245102127,0.1875,1,1,10
44236,1960,2,0,0,0,0,0,0,10,10
44254,28,2,0,0,0,0.7799082337019198,0.5625,0.5,10,10
44261,3010,2,0,0,0,0,0,0,10,10
44262,49,5,0,0,0,0.12104793636744006,0.07692307692307693,0.3333333333333333,10,10
44284,3808,2,0,0,0,0,0,0,10,10
44286,140,3,0,0,0,0.20323893375270077,0.2,0.14285714285714285,10,10
44296,36,4,0,0,0,0.17630010660342912,0.125,0.3333333333333333,10,10
44297,478,3,0,0,0,0.07839826897867533,0.0625,0.16666666666666666,10,10
44313,42,2,0,0,0,0.2540259487275169,0.1875,0.5,10,10
44329,4,3,0.9674679834891694,1,1,1,1,1,4,10
44337,5,3,0.2210972300460224,0.25,0.25,0.3701343229300629,0.25,1,5,10
44341,245,3,0,0,0,0.17630010660342912,0.09523809523809523,0.3333333333333333,10,10
44343,41,3,0,0,0,0.866947989864271,0.5,1,10,10
44351,319,4,0,0,0,0.2866919347890071,0.1875,0.5,10,10
44356,6,8,0.20185443448457682,0.125,0.3333333333333333,0.2090792679281757,0.125,0.3333333333333333,6,10
44360,28,5,0,0,0,0.20483424751859086,0.125,0.3333333333333333,10,10
44363,645,2,0,0,0,0,0,0,10,10
44365,648,2,0,0,0,0,0,0,10,10
44369,30,2,0,0,0,0.09478836436955078,0.041666666666666664,0.25,10,10
44371,16,4,0.20483424751859086,0.125,0.3333333333333333,0.24890832702259458,0.125,0.5,10,10
44376,1,4,0,0,0,0.4422195942380129,0.26666666666666666,1,1,10
44382,30,4,0.35106842466815336,0.3125,0.16666666666666666,0.6067216003536936,0.4375,0.5,10,10
44389,118,3,0.38483134550101017,0.35714285714285715,0.25,0.2288589572643584,0.14285714285714285,0.5,10,10
44391,14,3,0.20904936749052636,0.1875,0.14285714285714285,0.2735872697693364,0.1875,0.3333333333333333,10,10
44405,37,1,0.2058717999579277,0.25,0.14285714285714285,0.45195028119189806,0.25,1,10,10
44408,110,3,0,0,0,0.3797791233226422,0.3125,0.5,10,10
44416,28,2,0.1427951440361373,0.125,0.14285714285714285,0.4694544702460292,0.25,1,10,10
44424,3434,2,0,0,0,0.09042711303331401,0,0,10,10
44425,395,2,0,0,0,0.35195904451706733,0.5,0.3333333333333333,10,10
44435,399,2,0,0,0,0,0,0,10,10
44456,48,2,0,0,0,0.09785159463516042,0.125,0.2,10,10
44457,832,3,0,0,0,0,0,0,10,10
44465,211,3,0,0,0,0.38363315291837646,0.1875,1,10,10
44468,3,3,0.4690000933206747,0.1875,1,0.31488013066763093,0.125,1,3,10
44473,11,1,0.32255539367638997,0.3333333333333333,0.2,0.4550608163715408,0.3333333333333333,0.5,10,10
44496,1,4,0.22009176629808014,0.05263157894736842,1,0.22009176629808014,0.05263157894736842,1,1,10
44507,5,2,0.6489315753318465,0.35714285714285715,1,0.7183627972686238,0.42857142857142855,1,5,10
44512,6,2,0,0,0,0.624951996417876,0.35714285714285715,1,6,10
44513,4,3,0.6039094289265273,0.25,1,0.7796986516078381,0.4375,1,4,10
44516,2,2,0,0,0,0,0,0,2,10
44521,11,1,0.40652716006074996,0.125,1,0.2863505756884293,0.1875,0.3333333333333333,10,10
44523,1,4,0.22009176629808014,0.0625,1,0.4152807670887412,0.1875,1,1,10
44525,16,2,0,0,0,0,0,0,10,10
44560,5596,2,0,0,0,0,0,0,10,10
44562,74,4,0.27267015568947806,0.10526315789473684,0.14285714285714285,0.9216017310213247,0.23684210526315788,1,10,10
44581,74,3,0,0,0,0,0,0,10,10
44589,924,2,0,0,0,0,0,0,10,10
44605,128,3,0,0,0,0.7183627972686238,0.16216216216216217,1,10,10
44636,37,4,0.6410457898283652,0.5,0.3333333333333333,0.5739723394665964,0.3125,1,10,10
44642,263,1,0,0,0,0,0,0,10,10
44658,13,2,0.206415932235089,0.2,0.14285714285714285,0.5271064966405455,0.26666666666666666,1,10,10
44671,2,2,0.16872714292220853,0.0625,0.5,0.47874417360104127,0.375,0.5,2,10
44675,48,1,0,0,0,0,0,0,10,10
44680,11,2,0.35891986799348485,0.3333333333333333,0.5,0.29052025467820947,0.3333333333333333,0.3333333333333333,10,10
44700,9,2,0.7151857987862356,0.4,1,0.6785038377365555,0.4,1,9,10
44734,1204,3,0,0,0,0.07839826897867533,0.0625,0.16666666666666666,10,10
44735,66,4,0,0,0,0.2837125544970318,0.125,1,10,10
44737,110,3,0,0,0,0.22009176629808014,0.0625,1,10,10
44742,526,3,0,0,0,0,0,0,10,10
44784,51,4,0.40093848357543227,0,0,0.18178799319773134,0,0,10,10
44786,338,3,0,0,0,0,0,0,10,10
44793,216,4,0,0,0,0.46270962158308354,0.1,1,10,10
44803,1056,1,0,0,0,0.5199967979955745,0.25,1,10,10
44806,1,3,0.29740901205864334,0.06666666666666667,1,0.46263624098011186,0.2,1,1,10
44808,24,2,0.14925086418229114,0.125,0.125,0.25061916326026035,0.1875,0.25,10,10
44816,1,2,0,0,0,0,0,0,1,10
44826,14,1,0.7799082337019198,0.6,0.5,1,0.6666666666666666,1,10,10
44830,155,2,0,0,0,0.4420219760475999,0.19230769230769232,0.5,10,10
44833,19,4,0.7125523635307983,0.375,1,0.4959389204699464,0.25,1,10,10
44836,467,3,0,0,0,0.1799314820111718,0.1,0.25,10,10
44845,7,2,0.7818973139872536,0.5,1,0.6666596057937891,0.42857142857142855,1,7,10
44847,11,3,0.4615686847425479,0.5,0.25,0.6332971816211657,0.5,1,10,10
44859,2,4,0.35895421017163465,0.07142857142857142,1,0.7013956778220831,0.25,1,2,10
44862,18,1,0.2514632262898275,0.14814814814814814,0.14285714285714285,0.8335263021225863,0.2962962962962963,1,10,10
44869,187,2,0,0,0,0.6212166613240646,0.4,1,10,10
44873,34,4,0,0,0,0.22963477175301983,0.1111111111111111,0.5,10,10
44874,377,1,0,0,0,0,0,0,10,10
44875,8,2,0,0,0,0,0,0,8,10
44901,459,3,0,0,0,0.49367903606741653,0.1,1,10,10
44922,38,3,0,0,0,0.2850317140843045,0.25,0.25,10,10
44930,26,2,0,0,0,0.6581810421830973,0.375,1,10,10
44949,2,5,0.420027879946489,0.2,1,0.4939718624035656,0.3,1,2,10
44969,1,3,0,0,0,0.9768562593544076,0.625,1,1,10
44989,7,2,0.07495345472190745,0.0625,0.14285714285714285,0.09684208768602304,0.0625,0.25,7,10
44991,5,4,0.20483424751859086,0.14285714285714285,0.3333333333333333,0.2583297509898471,0.21428571428571427,0.25,5,10
44997,322,2,0,0,0,0,0,0,10,10
44998,369,2,0,0,0,0.1610425878239398,0.125,0.25,10,10
45003,7,4,0.490222650816517,0.2727272727272727,1,0.490222650816517,0.2727272727272727,1,7,10
45005,5,4,0,0,0,0,0,0,5,10
45014,206,1,0,0,0,0.5184650094568696,0.375,0.5,10,10
45024,16,4,0.7578234925504567,0.5625,0.5,0.503336485385391,0.375,1,10,10
45031,48,5,0,0,0,0.09478836436955078,0.0625,0.25,10,10
45037,5,6,0.5321923362337085,0.25,1,0.6772733739526907,0.375,1,5,10
45047,2,1,0.4361533373077281,0.125,1,0.4361533373077281,0.125,1,2,2
45056,3,2,0,0,0,0,0,0,3,10
45061,10,2,0.8104211075738648,0.4375,1,0.7284539586078217,0.4375,1,10,10
45069,7,3,0.800693766409882,0.4375,1,0.866947989864271,0.5,1,7,10
45072,2529,1,0,0,0,0,0,0,10,10
45076,20,2,0.35517551357284516,0.5,0.25,0.8932498536862835,1,1,10,10
45106,8,3,0,0,0,0.06605173276732716,0.1,0.25,8,10
45109,22,3,0.38013931829104863,0.21428571428571427,0.5,0.3861706480498015,0.21428571428571427,0.25,10,10
45112,94,3,0,0,0,0.6122496142821665,0.3125,1,10,10
45118,1,3,0.22009176629808014,0.0625,1,0.42793650164417835,0.25,1,1,10
45134,3,3,0.28189666657366846,0.125,0.5,0.40652716006074996,0.125,1,3,10
45137,1,1,0,0,0,0,0,0,1,1
45142,7,3,0.6744957343084143,0.12,1,0.710486473536879,0.2,0.5,7,10
45143,2,4,0.40652716006074996,0.125,1,0.8345008706368041,0.5,1,2,10
45162,175,3,0,0,0,0.053397918541038314,0.03125,0.16666666666666666,10,10
45164,9,5,0.5936271305853087,0.8,0.3333333333333333,0.9085294828962065,0.8,1,9,10
45165,133,4,0,0,0,0,0,0,10,10
45170,6474,2,0,0,0,0,0,0,10,10
45172,42,3,0.15176219107803537,0.08,0.16666666666666666,0,0,0,10,10
45174,1557,3,0,0,0,0,0,0,10,10
45177,128,3,0,0,0,0,0,0,10,10
45179,1,2,0,0,0,0,0,0,1,10
45186,1,5,0,0,0,0,0,0,1,10
45199,1345,3,0,0,0,0,0,0,10,10
45207,15,6,0.06625422345438903,0.0625,0.1111111111111111,0,0,0,10,10
45210,531,3,0,0,0,0.1388624438735545,0.0625,0.5,10,10
45211,3083,3,0,0,0,0.07336392209936005,0.02702702702702703,0.14285714285714285,10,10
45215,285,3,0,0,0,0,0,0,10,10
45219,16,3,0,0,0,0,0,0,10,10
45221,2,4,0.46863653747346656,0.4,1,0.47377091655271714,0.6,1,2,10
45225,1,1,0,0,0,0,0,0,1,1
45256,5,3,0.2037781764770169,0.125,0.25,0.3284086699640984,0.1875,0.3333333333333333,5,10
45259,2558,2,0,0,0,0,0,0,10,10
45268,28,2,0.6410457898283652,0.21621621621621623,0.3333333333333333,1,0.2702702702702703,1,10,10
45272,10241,2,0,0,0,0,0,0,10,10
45275,835,4,0,0,0,0,0,0,10,10
45286,165,3,0,0,0,0,0,0,10,10
45289,59,2,0,0,0,0.4690000933206747,0.1875,1,10,10
45291,16872,2,0,0,0,0.07336392209936005,0.022727272727272728,0.14285714285714285,10,10
45292,711,3,0,0,0,0,0,0,10,10
45294,2,3,0,0,0,0,0,0,2,10
45300,16872,2,0,0,0,0,0,0,10,10
45304,17,3,0.7799082337019198,0.5625,0.5,1,0.625,1,10,10
45321,2,4,0.2357541930550393,0.0625,1,0.5604875171442228,0.3125,1,2,10
45323,54,3,0,0,0,0.07336392209936005,0.038461538461538464,0.14285714285714285,10,10
45349,1,2,0.3903800499921017,0.25,1,0.3903800499921017,0.25,1,1,10
45351,1,2,0,0,0,0,0,0,1,10
45355,8,2,0.4011248950259844,0.3125,0.25,0.3921578479840863,0.25,0.5,8,10
45363,4,2,0.3065735963827292,0.5,0.3333333333333333,0.6131471927654584,0.5,1,4,10
45375,40,3,1,0.4166666666666667,1,0.5075394027672818,0.20833333333333334,1,10,10
45402,284,4,0,0,0,0,0,0,10,10
45497,11484,1,0,0,0,0,0,0,10,10
45498,274,2,0,0,0,0,0,0,10,10
45505,8,4,0.49130694062856684,0.5,0.5,0.6387714292719668,0.5833333333333334,1,8,10
45507,242,5,0,0,0,0,0,0,10,10
45510,7,2,0.4690000933206747,0.1875,1,0.4690000933206747,0.1875,1,7,10
45513,3,4,0,0,0,0,0,0,3,10
45514,2,2,0.6366824387328316,0.5,1,0.7495275800817669,0.75,1,2,10
45517,2410,2,0,0,0,0,0,0,10,10
45523,18,2,0.11004588314904007,0.07142857142857142,0.3333333333333333,0,0,0,10,10
45531,151,4,0,0,0,0.1388624438735545,0.0625,0.5,10,10
45532,34,5,0,0,0,0.46001266110046096,0.25,1,10,10
45538,1461,2,0,0,0,0,0,0,10,10
45545,4,4,0.6929472116763093,0.5,1,0.6929472116763093,0.5,1,4,10
45552,5792,2,0,0,0,0,0,0,10,10
45555,2572,3,0,0,0,0.1388624438735545,0.027777777777777776,0.5,10,10
45557,533,2,0,0,0,0,0,0,10,10
45568,482,3,0,0,0,0.06625422345438903,0.06666666666666667,0.1111111111111111,10,10
45573,158,3,0,0,0,0.3323479826322174,0.14285714285714285,1,10,10
45574,8916,2,0,0,0,0,0,0,10,10
45575,12,3,0,0,0,0,0,0,10,10
45588,17,4,0,0,0,0,0,0,10,10
45590,110,3,0,0,0,0.2300510610426737,0.06666666666666667,1,10,10
45591,591,2,0,0,0,0.14187109415106738,0.08333333333333333,0.5,10,10
45600,116,2,0,0,0,0.21222636597291455,0.125,0.5,10,10
45604,6,2,0,0,0,0,0,0,6,10
45605,347,2,0,0,0,0.2984900352767555,0.125,1,10,10
45612,112,2,0,0,0,0.8840047062307986,0.5625,1,10,10
45615,22,6,1,0.2702702702702703,1,1,0.2702702702702703,1,10,10
45618,350,5,0,0,0,0.22009176629808014,0.0625,1,10,10
45629,179,3,0,0,0,0,0,0,10,10
45645,4,4,0,0,0,0,0,0,4,10
45692,1,2,0,0,0,0,0,0,1,10
45698,10,3,0,0,0,0,0,0,10,10
45701,519,3,0,0,0,0,0,0,10,10
45711,116,3,0,0,0,0.09478836436955078,0.0625,0.25,10,10
45712,117,4,0,0,0,0.279901702223461,0.06666666666666667,1,10,10
45714,307,4,0,0,0,0,0,0,10,10
45716,8,4,0.8701249883466592,0.5,1,0.9787930706003494,0.625,1,8,10
45721,153,3,0,0,0,0.262118616896716,0.14285714285714285,0.5,10,10
45758,15,2,0.7325920557067056,0.5,0.16666666666666666,0.9120592776000035,0.5,1,10,10
45764,17,2,1,0.625,1,0.933745776545611,0.5625,1,10,10
45765,9,3,1,1,1,0.623270549836306,0.5555555555555556,1,9,10
45774,127,1,0,0,0,0.07336392209936005,0.1,0.14285714285714285,10,10
45777,52,3,0,0,0,0,0,0,10,10
45778,33,3,0.17189017085234806,0.125,0.2,0,0,0,10,10
45787,7,2,0.3222323633884045,0.3333333333333333,0.5,0.10907587228956231,0.1111111111111111,0.2,7,10
45791,33,3,0.5774250016294136,0.4375,0.3333333333333333,0.6313419460517601,0.375,1,10,10
45795,5,3,0.6489315753318465,0.3125,1,0.933745776545611,0.5625,1,5,10
45805,3,2,0,0,0,0,0,0,3,10
45811,16,1,0.7473475158290168,0.4375,1,0.8738798151097478,0.5,1,10,10
45965,70,2,0.2874476364692017,0.25,0.16666666666666666,0.22009176629808014,0.0625,1,10,10
45967,98,2,0,0,0,0.17318663334822612,0.125,0.25,10,10
45968,36,2,0,0,0,0.1714770326811747,0.08333333333333333,0.16666666666666666,10,10
46008,12,3,0.7849141574698825,0.6,1,0.826650673313554,0.6,1,10,10
46023,178,3,0,0,0,0.31488013066763093,0.125,1,10,10
46034,1,3,0.279901702223461,0.07142857142857142,1,0.8662776204276619,0.5714285714285714,1,1,10
46038,11,2,0.35013828591892815,0.25,0.2,0.33656405876784734,0.1875,0.5,10,10
46043,42,2,0.08899589877164323,0.0625,0.2,0.14514605925250643,0.0625,0.5,10,10
46048,2,2,0,0,0,0,0,0,2,10
46050,241,2,0,0,0,0.3254288624260272,0.25,0.3333333333333333,10,10
46065,13,3,0.17630010660342912,0.125,0.3333333333333333,0.4440973278132556,0.1875,1,10,10
46089,8,2,0.3552980447923742,0.21052631578947367,0.25,0.5070748998903564,0.21052631578947367,1,8,10
46095,24,1,0,0,0,0.09478836436955078,0.0625,0.25,10,10
46097,7,2,0.4979862814357827,0.38461538461538464,0.5,0.6585687409174763,0.46153846153846156,1,7,10
46115,82,4,0,0,0,0.43547474557506727,0.26666666666666666,1,10,10
46121,224,1,0,0,0,0.5103515512676446,0.25,1,10,10
46132,125,3,0,0,0,0.8611375561264454,0.5625,1,10,10
46133,13,4,0.07839826897867533,0.06666666666666667,0.16666666666666666,0.06625422345438903,0.06666666666666667,0.1111111111111111,10,10
46135,1522,3,0,0,0,0,0,0,10,10
46153,31,2,0,0,0,0.19240345054931998,0.14285714285714285,0.5,10,10
46156,3,3,0.11004588314904007,0.07142857142857142,0.3333333333333333,0.09478836436955078,0.07142857142857142,0.25,3,10
46161,20,3,0.35106842466815336,0.12195121951219512,0.16666666666666666,0.5400895186706335,0.12195121951219512,1,10,10
46170,4,1,0.3511433639199516,0.13043478260869565,0.5,0.4635735460028128,0.13043478260869565,1,4,4
46180,16,4,1,0.2631578947368421,1,1,0.2631578947368421,1,10,10
46181,7,4,0.07839826897867533,0.0625,0.16666666666666666,0.2934556883974402,0.125,1,7,10
46182,5,2,0,0,0,0.24309789328476902,0.1875,0.3333333333333333,5,10
46192,16,4,0,0,0,0,0,0,10,10
46200,38,4,0.07336392209936005,0.0625,0.14285714285714285,0.09478836436955078,0.0625,0.25,10,10
46210,550,3,0,0,0,0,0,0,10,10
46221,2100,2,0,0,0,0.3628869103342175,0.2,1,10,10
46222,118,3,0,0,0,0.0636207881989517,0.0625,0.1,10,10
46228,3,2,0.1388624438735545,0.07692307692307693,0.5,0.22009176629808014,0.07692307692307693,1,3,10
46232,29,2,0.3586748161721488,0.3125,0.16666666666666666,0.8802402709171557,0.5625,1,10,10
46233,168,2,0,0,0,0.4322788421471916,0.3125,0.5,10,10
46239,1,2,0,0,0,0,0,0,1,10
46243,8,3,0,0,0,0,0,0,8,10
46244,5,5,0,0,0,0.6917316478222679,0.5,1,5,10
46245,112,2,0,0,0,0,0,0,10,10
46247,2,6,0.29886852007208875,0.125,1,0.484301803790209,0.375,1,2,10
46250,119,2,0,0,0,0,0,0,10,10
46251,1,3,0,0,0,0.28878005979090193,0.3,0.5,1,10
46268,8,1,0.2338647044573662,0.4,0.16666666666666666,0.5531464700081437,0.4,1,8,8
46277,2,3,0.22009176629808014,0.0625,1,0.3746661058764784,0.1875,1,2,10
46279,12,2,0.9517825025223118,0.625,1,1,0.625,1,10,10
46284,7,2,0,0,0,0.4690000933206747,0.2,1,7,10
46285,1,3,0.279901702223461,0.0625,1,0.39763391022884753,0.125,1,1,10
46315,13,2,0,0,0,0,0,0,10,10
46316,86,2,0,0,0,0.92663607790064,0.5625,1,10,10
46319,216,1,0,0,0,0.21222636597291455,0.14285714285714285,0.5,10,10
46558,61,2,0,0,0,0.08514311764162098,0.0625,0.2,10,10
46564,30,2,0.5309999066793252,0.4666666666666667,0.25,0.7222954974312066,0.4,1,10,10
46568,601,2,0,0,0,0.1388624438735545,0.02857142857142857,0.5,10,10
46580,8,4,0.4011248950259844,0.3125,0.25,0.6421867266689009,0.3125,1,8,10
46581,2,2,0.1388624438735545,0.06666666666666667,0.5,0.4000232483092519,0.2,1,2,10
46588,11,2,0.459357407272144,0.3333333333333333,0.5,0.6039094289265273,0.3333333333333333,1,10,10
46590,17,4,0.43621154230977444,0.23076923076923078,0.2,0.7534494445524137,0.2692307692307692,1,10,10
46591,548,2,0,0,0,0.06625422345438903,0.0625,0.1111111111111111,10,10
46604,136,3,0,0,0,0,0,0,10,10
46608,170,3,0,0,0,0,0,0,10,10
46612,237,2,0,0,0,0.424926013816671,0.2,1,10,10
46620,8,2,0.5111707781750245,0.4,0.3333333333333333,0.678049460811201,0.4,1,8,10
46643,8,4,0.07336392209936005,0.030303030303030304,0.14285714285714285,0.866947989864271,0.24242424242424243,1,8,10
46653,1,3,0.22009176629808014,0.0625,1,0.6652907408280684,0.375,1,1,10
46680,215,2,0,0,0,0,0,0,10,10
46692,327,2,0,0,0,0.3091170235564137,0.25,0.5,10,10
46701,1,3,0.22009176629808014,0.08333333333333333,1,0.7315449642824574,0.5833333333333334,1,1,9
46718,62,1,0,0,0,0,0,0,10,10
46739,2,4,0.1388624438735545,0.06666666666666667,0.5,0.1388624438735545,0.06666666666666667,0.5,2,10
46765,1,2,0,0,0,0.11561812598392049,0.125,0.2,1,10
46774,29,3,0.8701249883466592,0.5,1,0.4451989745299881,0.3125,0.5,10,10
46796,1,1,0,0,0,0,0,0,1,1
46799,7,2,0,0,0,0,0,0,7,10
46801,17,2,0.15652859824446247,0.14285714285714285,0.2,0.15704538953600836,0.14285714285714285,0.3333333333333333,10,10
46823,8,2,0.6500332220485789,0.4375,0.5,0.760079105197619,0.4375,1,8,10
46892,4,2,0.279901702223461,0.08333333333333333,1,0.276301310023846,0.16666666666666666,0.5,4,10
46897,56,3,0,0,0,0.10153380441631457,0.0625,0.25,10,10
46910,2,2,0.3349170830068085,0.14285714285714285,1,0.628858095128807,0.42857142857142855,1,2,10
46915,20,3,0,0,0,0.3014460585511258,0.2,0.5,10,10
46954,125,3,0,0,0,0,0,0,10,10
46956,6,3,0.2841567750179705,0.1875,0.25,0.5476917922664964,0.25,1,6,10
46958,27,3,0.0636207881989517,0.07142857142857142,0.1,0.6046855387118409,0.35714285714285715,1,10,10
46971,13,1,0.26088422068613937,0.1875,0.25,0.5438489442525178,0.25,1,10,10
46976,2,3,0,0,0,0,0,0,2,10
46998,3875,2,0,0,0,0.09478836436955078,0.0625,0.25,10,10
46999,2,2,0,0,0,0,0,0,2,10
47008,80,2,0,0,0,0.15882235975984269,0.13333333333333333,0.3333333333333333,10,10
47046,44,3,0,0,0,0.8092191120815289,0.2,1,10,10
47049,166,2,0,0,0,0.3208282295955026,0.16666666666666666,1,10,10
47055,720,3,0,0,0,0.1388624438735545,0.06666666666666667,0.5,10,10
47058,8,4,0.8118374955798288,1,0.5,0.7139245702298609,0.8571428571428571,0.5,8,10
47074,173,2,0,0,0,0.07336392209936005,0.030303030303030304,0.14285714285714285,10,10
47076,38,3,1,0.625,1,0.7136540102475307,0.5,0.5,10,10
47116,114,2,0,0,0,0,0,0,10,10
47130,85,3,0,0,0,0.08514311764162098,0.02564102564102564,0.2,10,10
47132,64,3,0,0,0,0.1319469901204114,0.14285714285714285,0.25,10,10
47133,1,3,0,0,0,0.14874433492765377,0.07142857142857142,0.5,1,10
47134,17,3,0.18132022134674636,0.1875,0.125,0.5737394688734995,0.3125,1,10,10
47136,22,3,0,0,0,0,0,0,10,10
47139,2,3,0.22486036416572236,0.07692307692307693,1,0,0,0,2,10
47152,11,2,0.6410457898283652,0.5,0.3333333333333333,0.9363792118010483,0.5625,1,10,10
47164,27,2,0.28924894715426575,0.25,0.14285714285714285,0.6120009599112414,0.25,1,10,10
47170,8,2,0.857673669302587,0.4375,1,0.857673669302587,0.4375,1,8,10
47243,515,3,0,0,0,0,0,0,10,10
47247,13927,2,0,0,0,0,0,0,10,10
47263,6,5,0.727329844310522,0.375,1,0.8701249883466592,0.5,1,6,10
47265,1,2,1,1,1,1,1,1,1,10
47280,2,2,0.2357541930550393,0.1,1,0.49146587366736993,0.5,1,2,10
47403,1,3,0.2575389154724167,0.1,1,0.4127273801665295,0.3,1,1,10
47427,18,3,0.7799082337019198,0.5625,0.5,0.933745776545611,0.5625,1,10,10
47538,2,2,0.266379247589265,0.08333333333333333,1,0.2816575879096918,0.16666666666666666,0.5,2,10
47559,257,3,0,0,0,0,0,0,10,10
47562,46,2,0,0,0,0.27452614807408404,0.2,0.3333333333333333,10,10
47566,392,2,0,0,0,0.1388624438735545,0.06666666666666667,0.5,10,10
47574,4,1,0.781167618929808,0.5714285714285714,1,0.781167618929808,0.5714285714285714,1,4,4
47576,227,2,0,0,0,0,0,0,10,10
47586,18,2,0,0,0,0.33607424102790734,0.125,1,10,10
47592,7,3,0.3683756341388872,0.25,0.3333333333333333,0.6371523797895855,0.3125,1,7,10
47597,18,2,0,0,0,0,0,0,10,10
47598,2,2,0,0,0,0,0,0,2,10
47608,386,2,0,0,0,0.47938213678331165,0.35714285714285715,0.5,10,10
47623,9,1,0.9363792118010483,0.34615384615384615,1,0.9363792118010483,0.34615384615384615,1,9,9
47631,9,4,0,0,0,0,0,0,9,10
47643,5,1,0.8539316501572934,0.8,1,0.8687949224876581,0.8,1,5,5
47651,4,3,0.5637884576902256,0.25,1,0.9216017310213247,0.5625,1,4,10
47652,145,5,0,0,0,0,0,0,10,10
47663,847,2,0,0,0,0.08514311764162098,0.0625,0.2,10,10
47675,208,2,0,0,0,0.866947989864271,0.5,1,10,10
47685,62,2,0,0,0,0.35895421017163465,0.16666666666666666,1,10,10
47704,39,2,0.15176219107803537,0.125,0.16666666666666666,0.0636207881989517,0.0625,0.1,10,10
47730,21,2,0.43621154230977444,0.375,0.2,0.914856882358379,0.5625,1,10,10
47732,30,1,0.35106842466815336,0.3125,0.16666666666666666,0.4233117951052935,0.3125,0.5,10,10
47742,25,2,1,0.2564102564102564,1,1,0.2564102564102564,1,10,10
47746,66,1,0,0,0,0.0636207881989517,0.0625,0.1,10,10
47750,4,2,0,0,0,0,0,0,4,10
47760,78,1,0,0,0,0.5426309012477634,0.5,1,10,10
47831,68,2,0.1427951440361373,0.125,0.14285714285714285,0.08514311764162098,0.0625,0.2,10,10
47833,194,1,0,0,0,0.5173633627401372,0.3076923076923077,1,10,10
47836,54,3,0,0,0,0.08514311764162098,0.0625,0.2,10,10
47837,18,3,0.43621154230977444,0.375,0.2,0.26180807422707547,0.1875,0.3333333333333333,10,10
47846,105,1,0,0,0,0,0,0,10,10
47860,3,1,0.4396592698888862,0.3333333333333333,1,0.4396592698888862,0.3333333333333333,1,3,3
47873,1,2,0,0,0,0.3628476202104143,0.3125,0.2,1,10
47913,27,3,0,0,0,0.6306637463657283,0.4,1,10,10
47914,651,4,0,0,0,0,0,0,10,10
47939,3,2,0.4225051418507037,0.125,1,0.29740901205864334,0.0625,1,3,10
47949,4316,1,0,0,0,0,0,0,10,10
47956,119,2,0,0,0,0.14201905717762703,0.125,0.16666666666666666,10,10
47960,291,2,0,0,0,0.22009176629808014,0.0625,1,10,10
47974,8,3,0.8701249883466592,0.5333333333333333,1,1,0.6666666666666666,1,8,10
47978,37,3,0.35106842466815336,0.3125,0.16666666666666666,0.6325414799409711,0.3125,1,10,10
47992,356,2,0,0,0,0,0,0,10,10
48021,178,2,0,0,0,0.06625422345438903,0.0625,0.1111111111111111,10,10
48025,3,2,0.37519712029518015,0.125,1,0.47427471944617094,0.1875,1,3,10
48027,23,3,0.04241385879930114,0.0625,0.1,0.27235727895053036,0.125,1,10,10
48028,54,3,0.07839826897867533,0.029411764705882353,0.16666666666666666,0.12301630188213636,0.058823529411764705,0.2,10,10
48038,27,3,0.43621154230977444,0.375,0.2,0.7218018303820489,0.4375,1,10,10
48073,73,1,0,0,0,0.6874708847784536,0.5,1,10,10
48075,39,7,1,0.25,1,1,0.25,1,10,10
48095,27,2,0,0,0,0.04457103239758659,0,0,10,10
48097,48,2,0,0,0,0,0,0,10,10
48098,282,2,0,0,0,0,0,0,10,10
48101,12,5,0.7799082337019198,0.6428571428571429,0.5,0.7819835854675756,0.5,1,10,10
48104,1,3,0.2300510610426737,0.0625,1,0.2300510610426737,0.0625,1,1,10
48107,9,2,0.3787963286432152,0.13043478260869565,0.3333333333333333,0.38000404548556044,0.13043478260869565,0.3333333333333333,9,10
48110,4,2,0.40989570211460846,0.25,1,0.421184579654731,0.25,1,4,10
48111,18,3,0.20483424751859086,0.125,0.3333333333333333,0.4690000933206747,0.1875,1,10,10
48126,2059,3,0,0,0,0,0,0,10,10
48132,751,3,0,0,0,0,0,0,10,10
48135,457,3,0,0,0,0,0,0,10,10
48143,133,2,0,0,0,0.6947651160602988,0.5,0.5,10,10
48149,201,2,0,0,0,0.1584091525685025,0.07142857142857142,0.25,10,10
48154,9,2,0,0,0,0,0,0,9,10
48185,5,5,0.4277722399335595,0.3333333333333333,0.3333333333333333,0.6430590456186973,0.5555555555555556,0.5,5,10
48192,21,2,0.19930623359011798,0.1875,0.125,0.5676818677290052,0.4375,0.3333333333333333,10,10
48203,7,3,0.81804192373243,0.4375,1,0.81804192373243,0.4375,1,7,10
48234,5,4,0.6201543156208374,0.26666666666666666,1,0.7360705969099857,0.4666666666666667,1,5,10
48236,3,3,0.4690000933206747,0.1875,1,0.4690000933206747,0.1875,1,3,10
48243,9,2,0.9363792118010483,0.5625,1,1,0.625,1,9,10
48246,1,3,0.29740901205864334,0.0625,1,0.35472266833604754,0.125,1,1,10
48247,6,1,1,1,1,1,1,1,6,6
48260,1431,2,0,0,0,0.6172839611614817,0.23809523809523808,1,10,10
48265,2,5,0.22009176629808014,0.0625,1,0,0,0,2,10
48266,70,3,0,0,0,0.22009176629808014,0.0625,1,10,10
48279,2307,2,0,0,0,0,0,0,10,10
48282,61,3,0,0,0,0,0,0,10,10
48289,899,3,0,0,0,0,0,0,10,10
48298,216,3,0,0,0,0.4612521469429364,0.375,0.5,10,10
48301,3580,2,0,0,0,0,0,0,10,10
48317,178,3,0,0,0,0,0,0,10,10
48319,3060,2,0,0,0,0.06625422345438903,0.023809523809523808,0.1111111111111111,10,10
48322,2,3,0,0,0,0,0,0,2,10
48340,411,5,0,0,0,0,0,0,10,10
48357,197,3,0,0,0,0.35895421017163465,0.125,1,10,10
48373,159,4,0,0,0,0.09478836436955078,0.07692307692307693,0.25,10,10
48387,553,3,0,0,0,0.2984900352767555,0.1,1,10,10
48392,229,4,0,0,0,0.24890832702259458,0.125,0.5,10,10
48397,150,4,0,0,0,0.11004588314904007,0.07692307692307693,0.3333333333333333,10,10
48399,63,3,0.35106842466815336,0.3125,0.16666666666666666,0.46392645631755636,0.3125,0.5,10,10
48404,226,2,0,0,0,0,0,0,10,10
48406,136,3,0,0,0,0.27977007305264756,0.14285714285714285,0.3333333333333333,10,10
48411,1,4,0.22009176629808014,0.0625,1,0.2895229882348574,0.125,1,1,10
48423,25,3,0.35106842466815336,0.3125,0.16666666666666666,0.4701017400374072,0.3125,0.5,10,10
48426,1083,2,0,0,0,0,0,0,10,10
48430,109,4,0,0,0,0.27141359446858027,0.1875,1,10,10
48434,147,2,0,0,0,0.22009176629808014,0.0625,1,10,10
48443,10,3,0.15176219107803537,0.125,0.16666666666666666,0.40350157154648025,0.1875,1,10,10
48447,4,4,0.5756980152987291,0.42857142857142855,1,0.8164541295309508,0.7142857142857143,1,4,10
48449,95,2,0,0,0,0.3317451658030549,0.25,0.3333333333333333,10,10
48456,10,1,1,1,1,0.8772153153380493,1,1,10,10
48470,17,1,1,0.6666666666666666,1,0.7799082337019198,0.6,0.5,10,10
48479,10,4,0.33169367308920716,0.25,0.25,0.5352543167750637,0.25,1,10,10
48481,17,8,0.0636207881989517,0.0625,0.1,0.8482378089219647,0.5,1,10,10
48499,3,3,0.35895421017163465,0.125,1,0.9210315637601143,0.625,1,3,10
48505,13,2,0,0,0,0.04963029458075423,0.0625,0.1,10,10
48508,273,1,0,0,0,0.22009176629808014,0.0625,1,10,10
48669,1,4,0.22009176629808014,0.02564102564102564,1,0.7400488378072296,0.1794871794871795,1,1,10
48676,14,1,0.25422617712535256,0.18181818181818182,0.5,0.07444544187113133,0.09090909090909091,0.1,10,10
48692,71,1,0,0,0,0.5834330535576521,0.20833333333333334,1,10,10
48706,26,8,0.2806080633908422,0.3333333333333333,0.25,0.6626837309886825,0.5,1,10,10
48711,9,2,0.15176219107803537,0.125,0.16666666666666666,0.3301376494471202,0.125,1,9,10
48715,2,2,0.27449945107964074,0.1111111111111111,1,0.13724972553982037,0.1111111111111111,0.3333333333333333,2,10
48716,2,3,0.15336737402844913,0.0625,1,0.09676403950167096,0.0625,0.5,2,10
48747,4,3,0.5637884576902256,0.2857142857142857,1,0.5637884576902256,0.2857142857142857,1,4,10
48760,315,2,0,0,0,0.388244052766991,0.08108108108108109,1,10,10
48764,3,3,0.5311576535478315,0.23076923076923078,1,0.9107352553699233,0.6923076923076923,1,3,10
48767,588,2,0,0,0,0,0,0,10,10
48768,143,2,0.12987501165334073,0.125,0.1111111111111111,0.2784805894273036,0.1875,0.5,10,10
48772,3,3,0.5498005816393611,0.2,1,0.742396244445991,0.4,1,3,10
48778,224,2,0,0,0,0.47870393709727993,0.3125,0.5,10,10
48780,2,3,0,0,0,0.13305201013572895,0.125,0.125,2,10
48783,54,2,0,0,0,0.11004588314904007,0.06666666666666667,0.3333333333333333,10,10
48796,13,2,0.5,1,0.3333333333333333,0,0,0,10,10
48799,5,3,0,0,0,0,0,0,5,10
48802,17,3,0,0,0,0.07839826897867533,0.07692307692307693,0.16666666666666666,10,10
48807,37,3,0,0,0,0.2631780106628363,0.17391304347826086,0.2,10,10
48810,40,4,0,0,0,0.30308203017988256,0.1875,0.5,10,10
48815,193,2,0,0,0,0.27191445400928344,0.1875,0.5,10,10
48818,1716,2,0,0,0,0,0,0,10,10
48819,378,3,0,0,0,0.2837125544970318,0.125,1,10,10
48820,320,3,0,0,0,0,0,0,10,10
48821,25,4,0,0,0,0.11004588314904007,0.0625,0.3333333333333333,10,10
48833,165,4,0,0,0,0.09478836436955078,0.0625,0.25,10,10
48859,316,3,0,0,0,0.18340980524840012,0.06060606060606061,0.3333333333333333,10,10
48862,91,3,0,0,0,0.1388624438735545,0.08333333333333333,0.5,10,10
48866,301,3,0,0,0,0,0,0,10,10
48868,333,3,0,0,0,0,0,0,10,10
48886,339,2,0,0,0,0.5384313152574519,0.14814814814814814,1,10,10
48904,171,3,0,0,0,0,0,0,10,10
48908,11,3,0.09478836436955078,0.05,0.25,0,0,0,10,10
48913,2,3,0.1388624438735545,0.0625,0.5,0.38363315291837646,0.1875,1,2,10
48922,571,2,0,0,0,0,0,0,10,10
48928,21,2,0,0,0,0,0,0,10,10
48929,6,1,0.727329844310522,0.3,1,0.727329844310522,0.3,1,6,6
48935,108,3,0,0,0,0.2742654694553681,0.1875,0.3333333333333333,10,10
48936,1138,1,0,0,0,0,0,0,10,10
48938,2,4,0.35895421017163465,0.125,1,0.49463965556280093,0.25,1,2,10
48942,2,2,0,0,0,0,0,0,2,10
48945,4,4,0.3592491889248341,0.23076923076923078,0.5,0.876472840341192,0.6153846153846154,1,4,10
48947,136,3,0,0,0,0.38431135260440824,0.1875,1,10,10
48972,102,2,0,0,0,0,0,0,10,10
48977,5,3,0.42883980903376634,0.25,0.5,0.6581810421830973,0.375,1,5,10
48979,2,3,0.40652716006074996,0.125,1,0.6748300232896478,0.3125,1,2,10
48991,10,3,0.42302937529594087,0.3333333333333333,0.3333333333333333,0.5836175861945262,0.3333333333333333,1,10,10
48997,470,3,0,0,0,0,0,0,10,10
48998,625,3,0,0,0,0.06625422345438903,0.029411764705882353,0.1111111111111111,10,10
49001,15,5,0.11588630085140192,0.05263157894736842,0.16666666666666666,0.41939799988819815,0.10526315789473684,1,10,10
49003,886,3,0,0,0,0,0,0,10,10
49007,419,4,0,0,0,0.09478836436955078,0.02702702702702703,0.25,10,10
49013,393,2,0,0,0,0,0,0,10,10
49014,3846,1,0,0,0,0,0,0,10,10
49015,1,3,0,0,0,0,0,0,1,10
49026,359,2,0,0,0,0,0,0,10,10
49030,69,4,0,0,0,0,0,0,10,10
49032,183,3,0,0,0,0.9052116356304492,0.225,1,10,10
49046,365,3,0,0,0,0.11004588314904007,0.0625,0.3333333333333333,10,10
49053,125,3,0,0,0,0,0,0,10,10
49073,214,4,0,0,0,0,0,0,10,10
49076,20,2,0,0,0,0.2934556883974402,0.0625,1,10,10
49077,34,2,0.1388624438735545,0.09090909090909091,0.5,0.24890832702259458,0.18181818181818182,0.5,10,10
49082,17,4,0.48041250965331334,0.20588235294117646,0.25,0.9250795789348765,0.29411764705882354,1,10,10
49088,13,3,0.7799082337019198,0.23684210526315788,0.5,0.92663607790064,0.23684210526315788,1,10,10
49092,5,5,0.651848834366794,0.3125,1,0.726883868194826,0.375,1,5,10
49104,3,2,0.22009176629808014,0.07692307692307693,1,0.22009176629808014,0.07692307692307693,1,3,10
49105,19,2,0,0,0,0,0,0,10,10
49111,13,1,0.12987501165334073,0.125,0.1111111111111111,0.14465249243306438,0.125,0.16666666666666666,10,10
49118,13,4,0.5706417189553201,1,0.3333333333333333,1,1,1,10,10
49119,25,5,0,0,0,0.8456705156333397,0.5714285714285714,1,10,10
49128,1220,3,0,0,0,0.3917034710587319,0.14285714285714285,0.5,10,10
49143,374,2,0,0,0,0.1794254555951301,0.16666666666666666,0.14285714285714285,10,10
49146,728,2,0,0,0,0.36352581989644606,0.2857142857142857,0.5,10,10
49161,2,3,0.35895421017163465,0.125,1,0.35895421017163465,0.125,1,2,10
49163,3,8,1,1,1,1,1,1,3,10
49174,24,4,0,0,0,0.933745776545611,0.5625,1,10,10
49191,1,4,0,0,0,0,0,0,1,10
49201,2,2,0.35895421017163465,0.13333333333333333,1,0.4690000933206747,0.2,1,2,10
49208,14,2,1,0.625,1,1,0.625,1,10,10
49218,472,2,0,0,0,0.07839826897867533,0.045454545454545456,0.16666666666666666,10,10
49222,1,2,0,0,0,0.44398731441451667,0.3125,0.5,1,10
49233,12,2,0.8249183259351954,0.5,1,0.7006903677841354,0.4375,1,10,10
49241,1,3,0.22009176629808014,0.0625,1,0.2583297509898471,0.1875,0.25,1,10
49244,22,3,0.5806020001118017,0.375,0.5,0.5483327772244702,0.3125,1,10,10
49250,29,3,0.6489315753318465,0.3125,1,0.09478836436955078,0.0625,0.25,10,10
49259,1,4,0.22009176629808014,0.08333333333333333,1,0.22009176629808014,0.08333333333333333,1,1,10
49270,2,5,0.2245866696232574,0.25,0.5,0.3559614495147142,0.25,1,2,10
49271,36,4,0.2025539448902541,0.15789473684210525,0.125,0.07336392209936005,0.05263157894736842,0.14285714285714285,10,10
49282,13,3,1,0.625,1,1,0.625,1,10,10
49288,5,3,0.6991522087141786,0.3125,1,0.7938494458296914,0.4375,1,5,10
49290,51,2,0,0,0,0.6203974344166847,0.3333333333333333,1,10,10
49334,1,1,0,0,0,0,0,0,1,1
49371,7,1,0.16354138662029633,0.08695652173913043,0.2,0.3052348839397011,0.08695652173913043,1,7,7
49386,5,3,0.6489315753318465,0.38461538461538464,1,0.7007731679885373,0.46153846153846156,1,5,10
49414,10,3,0.8611375561264454,0.6428571428571429,1,0.9216017310213247,0.6428571428571429,1,10,10
49436,59,2,0.26300263912615773,0.2,0.2,0.5232485172001806,0.2,1,10,10
49455,4,3,0.22486036416572236,0.1,1,0.14187109415106738,0.1,0.5,4,10
49456,2,4,0.354105102365221,0.18181818181818182,1,0.17266554942542267,0.18181818181818182,0.3333333333333333,2,10
49460,14,3,0.22082856303278728,0.17647058823529413,0.2,0.42883980903376634,0.23529411764705882,0.5,10,10
49468,6,3,0.727329844310522,0.375,1,0.9787930706003494,0.625,1,6,10
49477,12,2,0.19705197571435282,0.1875,0.16666666666666666,0.4216659513531181,0.3125,0.25,10,10
49481,26,3,0,0,0,0,0,0,10,10
49482,25,3,0,0,0,0,0,0,10,10
49497,278,3,0,0,0,0,0,0,10,10
49504,21,3,1,0.625,1,0.8643145546088337,0.5,1,10,10
49514,563,1,0,0,0,0,0,0,10,10
49523,3,3,0.30962745624369853,0.08333333333333333,1,0.6322742410695598,0.5,0.5,3,10
49526,2,3,0.35895421017163465,0.15384615384615385,1,0.35895421017163465,0.15384615384615385,1,2,10
49529,11,2,1,0.7692307692307693,1,0.9363792118010483,0.6923076923076923,1,10,10
49530,40,2,0,0,0,0.5640548652876727,0.25,1,10,10
49531,20,2,0,0,0,0.29740901205864334,0.0625,1,10,10
49535,5,4,0.5637884576902256,0.26666666666666666,1,0.5446757407423163,0.3333333333333333,1,5,10
49541,1,4,0,0,0,0.3001867907001922,0.1875,0.3333333333333333,1,10
49547,1,2,0,0,0,0,0,0,1,10
49563,5,1,0.04665028370391017,0,0,0.04018236723749466,0,0,5,5
49564,9,1,0,0,0,0,0,0,9,9
49568,2065,1,0,0,0,0,0,0,10,10
49582,42,4,0.27267015568947806,0.25,0.14285714285714285,0.5271064966405455,0.25,1,10,10
49586,3,3,0.4690000933206747,0.1875,1,0.7791714369672127,0.4375,1,3,10
49588,3190,2,0,0,0,0,0,0,10,10
49601,28,2,0.0636207881989517,0.0625,0.1,0.8899541168509598,0.5625,1,10,10
49626,455,3,0,0,0,0.3128047789019752,0.14814814814814814,0.25,10,10
49694,7979,1,0,0,0,0,0,0,10,10
49696,48,2,0,0,0,0.31488013066763093,0.15384615384615385,1,10,10
49708,227,2,0,0,0,0.06943122193677725,0.0625,0.125,10,10
49712,1807,1,0,0,0,0,0,0,10,10
49720,316,1,0,0,0,0.24573132854020638,0.1875,0.3333333333333333,10,10
49728,9,2,0.5774250016294136,0.4375,0.3333333333333333,0.7967610662472991,0.4375,1,9,10
49729,46,2,0.7799082337019198,0.5625,0.5,0.5734923014668307,0.375,0.5,10,10
49730,111,2,0,0,0,0.3353985724385364,0.14285714285714285,1,10,10
49737,290,2,0,0,0,0.3301376494471202,0.125,1,10,10
49739,224,3,0,0,0,0.3503127229879588,0.15384615384615385,0.5,10,10
49744,708,2,0,0,0,0.5446757407423163,0.20833333333333334,1,10,10
49746,2600,2,0,0,0,0,0,0,10,10
49748,1416,2,0,0,0,0,0,0,10,10
49760,2890,2,0,0,0,0,0,0,10,10
49761,383,4,0,0,0,0,0,0,10,10
49765,2036,2,0,0,0,0,0,0,10,10
49769,2036,2,0,0,0,0,0,0,10,10
49777,8,2,0.8328150197106309,0.5833333333333334,1,0.7792154226657965,0.5833333333333334,0.5,8,10
49778,823,2,0,0,0,0,0,0,10,10
49782,182,4,0,0,0,0.3372080579682881,0.25,0.3333333333333333,10,10
49785,6329,1,0,0,0,0,0,0,10,10
49787,492,2,0,0,0,0.07839826897867533,0.0625,0.16666666666666666,10,10
49814,6,8,0.727329844310522,0.375,1,0.44602395029852215,0.25,1,6,10
49822,11,4,0,0,0,0.14590020080930435,0.125,0.16666666666666666,10,10
49858,2,2,0,0,0,0.1982726747057622,0.06666666666666667,1,2,10
49861,1118,2,0,0,0,0.11004588314904007,0.08333333333333333,0.3333333333333333,10,10
49863,920,2,0,0,0,0.2835149363066189,0.1875,0.5,10,10
49869,53,4,0,0,0,0.28796149468961685,0.25,0.25,10,10
49888,72,3,0,0,0,0.1388624438735545,0.06666666666666667,0.5,10,10
49893,32,4,0.24821551498969135,0.25,0.14285714285714285,0.22009176629808014,0.0625,1,10,10
49902,36,3,0,0,0,0.1388624438735545,0.0625,0.5,10,10
49904,16,1,0.6026867412632647,0.5,0.5,0.77523873680463,0.5833333333333334,1,10,10
49908,55,4,0,0,0,0.0636207881989517,0.0625,0.1,10,10
49914,6,4,0.16354138662029633,0.125,0.2,0.36792125721353275,0.1875,1,6,10
49923,19,3,0,0,0,0,0,0,10,10
49925,4,3,0.2336508082431053,0.125,0.5,0.3301376494471202,0.125,1,4,10
49926,421,2,0,0,0,0,0,0,10,10
49929,174,2,0,0,0,0,0,0,10,10
49933,9,1,0.6489315753318465,0.3125,1,0.5645441593704201,0.3125,1,9,9
49937,317,3,0,0,0,0,0,0,10,10
49939,27,6,0.96331803895032,0.2857142857142857,1,0.3570764765963919,0.08571428571428572,1,10,10
49940,1,4,0.27487633291429087,0.14285714285714285,1,0.4459588566518219,0.42857142857142855,1,1,10
49941,142,2,0,0,0,0,0,0,10,10
49944,6,3,0.2037781764770169,0.14285714285714285,0.25,0.20326358003037498,0.14285714285714285,0.3333333333333333,6,10
49945,198,3,0,0,0,0.20483424751859086,0.125,0.3333333333333333,10,10
49967,488,2,0,0,0,0.21501812929496172,0.1875,0.2,10,10
49980,16,6,0.3055609167629821,0.25,0.3333333333333333,0.09257496258236969,0.0625,0.5,10,10
49981,81,4,0,0,0,0.34685330469621795,0.25,0.3333333333333333,10,10
49983,108,4,0,0,0,0.09684208768602304,0.06666666666666667,0.25,10,10
49996,7,5,0.20927226976888424,0.14285714285714285,0.3333333333333333,0.07093554707553369,0.07142857142857142,0.125,7,10
50003,68,5,0,0,0,0.3714891073940902,0.1875,1,10,10
50025,118,3,0,0,0,0,0,0,10,10
50047,163,3,0,0,0,0.22009176629808014,0.0625,1,10,10
50062,12,1,0.19930623359011798,0.2,0.125,0.20829366581033176,0.13333333333333333,0.5,10,10
50068,1,1,0,0,0,0,0,0,1,1
50070,32,3,0,0,0,0.3913817611255761,0.3125,0.25,10,10
50073,16,2,1,0.625,1,1,0.625,1,10,10
50078,1486,2,0,0,0,0.7104770117651424,0.5,0.5,10,10
50079,6,2,0.4690000933206747,0.1875,1,0.6168295842361273,0.3125,1,6,10
50081,2,6,0.38591686939385267,0.125,1,0.7633048388893321,0.4375,1,2,10
50085,1,6,0.17169261031494448,0.0625,1,0.6917316478222679,0.375,1,1,10
50086,9,1,0.9209653894559252,0.6428571428571429,1,0.9149829626822983,0.6428571428571429,1,9,9
50108,1566,1,0,0,0,0,0,0,10,10
50109,75,2,0,0,0,0.5550511878439288,0.3333333333333333,0.5,10,10
50110,44,3,0,0,0,0.08514311764162098,0.06666666666666667,0.2,10,10
50117,44,1,0.5309999066793252,0.4375,0.25,0,0,0,10,10
50123,30,2,0.43621154230977444,0.375,0.2,1,0.625,1,10,10
50140,5,1,0.6489315753318465,0.35714285714285715,1,0.6489315753318465,0.35714285714285715,1,5,5
50142,26,3,0.933745776545611,0.5625,1,0.8165901947515998,0.5,1,10,10
50153,2,3,0,0,0,0.14829723057014907,0.1111111111111111,0.5,2,10
50159,22,2,0.3059814405810491,0.25,0.2,0.38648674273935935,0.25,0.5,10,10
50166,13,3,0.10377341320217726,0.125,0.25,0,0,0,10,10
50169,189,2,0,0,0,0.9772435035399123,0.625,1,10,10
50170,61,2,0,0,0,0.9276712308866752,0.6923076923076923,1,10,10
50181,19,1,0.0636207881989517,0.0625,0.1,0.7542686714597935,0.4375,1,10,10
50188,169,3,0,0,0,0.6274092458891771,0.35714285714285715,1,10,10
50197,54,2,0.35106842466815336,0.15625,0.16666666666666666,0.760079105197619,0.21875,1,10,10
50203,6,1,0,0,0,0,0,0,6,7
50212,50,2,0,0,0,0.16421958630632802,0.125,0.25,10,10
50216,30,3,0.053397918541038314,0.03571428571428571,0.16666666666666666,0.09684208768602304,0.03571428571428571,0.25,10,10
50218,2,4,0.4225051418507037,0.125,1,0.38591686939385267,0.125,1,2,10
50223,9,2,0.38334277998463445,0.2222222222222222,1,0.35256832412172806,0.2222222222222222,1,9,10
50236,470,2,0,0,0,0.24603064935511243,0.14285714285714285,0.5,10,10
50245,40,2,0,0,0,0.4076493323639881,0.5,1,10,10
50247,1,2,0,0,0,0.22009176629808014,0.0625,1,1,10
50248,127,2,0,0,0,0.2934556883974402,0.125,1,10,10
50262,15,1,1,0.625,1,1,0.625,1,10,10
50266,2,1,0.8303010754742701,0.6666666666666666,1,0.8303010754742701,0.6666666666666666,1,2,2
50290,16,2,1,0.625,1,1,0.625,1,10,10
50307,4,2,0,0,0,0,0,0,4,10
50311,22,5,0.5905800094630286,0.2,0.3333333333333333,0.7893432297007831,0.225,1,10,10
50323,88,1,0,0,0,0.0636207881989517,0.05,0.1,10,10
50324,15,2,0.3819603371583235,0.25,0.5,0.3570764765963919,0.1875,1,10,10
50331,82,3,0,0,0,0.08514311764162098,0.0625,0.2,10,10
50356,29,4,0,0,0,0,0,0,10,10
50363,6,1,0.8000460734455755,0.375,1,0.8000460734455755,0.375,1,6,6
50375,10,2,0.15176219107803537,0.125,0.16666666666666666,0.09478836436955078,0.0625,0.25,10,10
50393,15,2,1,0.625,1,1,0.625,1,10,10
50410,10,1,0.28145193632118826,0.25,0.2,0.27611634894908776,0.25,0.2,10,10
50429,18,5,0,0,0,0.41599630237747487,0.1875,1,10,10
50434,290,2,0,0,0,0,0,0,10,10
50435,445,2,0,0,0,0.05942804319678212,0.09090909090909091,0.14285714285714285,10,10
50437,2034,2,0,0,0,0,0,0,10,10
50438,13,4,0.9572288057744343,0.625,1,0.937028591291975,0.625,1,10,10
50444,41,5,0,0,0,0.16815228646891084,0.125,0.25,10,10
50445,9,3,0.8341852388399549,0.7,1,0.8991941566241298,0.8,1,9,10
50446,421,2,0,0,0,0.22009176629808014,0.06666666666666667,1,10,10
50465,698,4,0,0,0,0,0,0,10,10
50469,156,3,0,0,0,0.0636207881989517,0.0625,0.1,10,10
50478,238,3,0,0,0,0,0,0,10,10
50488,155,3,0,0,0,0.12104793636744006,0.0625,0.3333333333333333,10,10
50494,5,4,0.27931114080047864,0.2222222222222222,0.5,0.4027985368648313,0.2222222222222222,1,5,10
50495,5,3,0.5772345037996637,0.38461538461538464,1,0.549957664437687,0.46153846153846156,1,5,10
50501,104,4,0,0,0,0,0,0,10,10
50510,83,5,0,0,0,0,0,0,10,10
50530,8,4,0.6807182344492225,1,0.3333333333333333,1,1,1,8,10
50536,27,3,0,0,0,0.6581810421830973,0.375,1,10,10
50542,25,4,0,0,0,0.4059288529697305,0.3333333333333333,0.2,10,10
50552,2678,3,0,0,0,0,0,0,10,10
50559,108,4,0,0,0,0,0,0,10,10
50560,1075,3,0,0,0,0,0,0,10,10
50564,365,3,0,0,0,0.08514311764162098,0.0625,0.2,10,10
50582,547,7,0,0,0,0,0,0,10,10
50584,1,4,0,0,0,0,0,0,1,10
50585,243,4,0,0,0,0,0,0,10,10
50592,9,2,0.6746722574958177,0.4375,0.5,0.7155144965833665,0.375,1,9,10
50607,5,2,0.35895421017163465,0.05128205128205128,1,0.22009176629808014,0.02564102564102564,1,5,10
50617,191,3,0,0,0,0,0,0,10,10
50618,189,4,0,0,0,0.06646866534384419,0.06666666666666667,0.16666666666666666,10,10
50623,1160,3,0,0,0,0,0,0,10,10
50625,165,2,0,0,0,0.2876263497141272,0.2,0.5,10,10
50630,6,3,0.24940176928689298,0.1875,0.25,0.475539986305125,0.1875,1,6,10
50633,18,4,0,0,0,0.22009176629808014,0.0625,1,10,10
50648,1,1,0.22009176629808014,0.07142857142857142,1,0.8899541168509598,0.6428571428571429,1,1,10
50662,2,2,0.35895421017163465,0.06896551724137931,1,0.7330743040680021,0.20689655172413793,1,2,10
50665,2,2,0.35895421017163465,0.125,1,0.35895421017163465,0.125,1,2,10
50668,26,3,1,0.625,1,0.6947651160602988,0.5,0.5,10,10
50669,1,3,0.1982726747057622,0.07142857142857142,1,0.6556574762888142,0.42857142857142855,1,1,10
50674,20,2,0.7587013043022691,0.6,0.5,0.8521705090845474,0.5333333333333333,1,10,10
50678,53,3,0,0,0,0.21801641453242443,0.1875,0.16666666666666666,10,10
50696,154,3,0,0,0,0.22009176629808014,0.0625,1,10,10
50697,143,2,0,0,0,0.6020521034564037,0.4166666666666667,1,10,10
50705,37,2,0.8153851262445498,0.5,1,0.45877692142050075,0.25,1,10,10
50710,1189,1,0,0,0,0,0,0,10,10
50711,99,3,0,0,0,0,0,0,10,10
50733,38,4,0,0,0,0,0,0,10,10
50742,2034,2,0,0,0,0,0,0,10,10
50752,2,3,0.3667314583167897,0.13333333333333333,1,0.5905514676828832,0.3333333333333333,1,2,10
50754,34,3,0.5986319310290642,0.28,0.3333333333333333,0.39828345179296665,0.12,0.5,10,10
50755,148,2,0,0,0,0.4458567890377042,0.375,0.25,10,10
50779,206,2,0,0,0,0.4074153667635756,0.2857142857142857,0.5,10,10
50788,17,1,1,0.625,1,1,0.625,1,10,10
50789,3,1,0.4690000933206747,0.2,1,0.35895421017163465,0.13333333333333333,1,3,2
50798,10,4,0.06943122193677725,0.0625,0.125,0.1388624438735545,0.0625,0.5,10,10
50800,4,3,0.24630238874072996,0.25,0.5,0.3903800499921017,0.25,1,4,10
50801,13,2,0.5487973376826973,0.23076923076923078,1,0.49722434689424005,0.23076923076923078,1,10,10
50804,10,4,0,0,0,0,0,0,10,10
50806,7,3,0.6318937001546452,0.375,1,0.4382049114527541,0.25,1,7,10
50807,82,3,0,0,0,0,0,0,10,10
50808,17,3,0,0,0,0.22623018375847734,0.2857142857142857,0.16666666666666666,10,10
50817,1,2,0.22009176629808014,0.0625,1,0.615406227586239,0.375,1,1,10
50824,1,4,0,0,0,0.09684208768602304,0.0625,0.25,1,10
50833,1,6,0.37369915365112566,0.2,1,0.574632367479526,0.6,1,1,10
50841,60,3,0,0,0,0.33405144466421555,0.1875,0.5,10,10
50843,24025,1,0,0,0,0,0,0,10,10
50850,511,2,0,0,0,0.07839826897867533,0.0625,0.16666666666666666,10,10
50862,267,3,0,0,0,0.06943122193677725,0.0625,0.125,10,10
50874,379,2,0,0,0,0.08514311764162098,0.07142857142857142,0.2,10,10
50894,4,2,0.5637884576902256,0.2857142857142857,1,1,0.7142857142857143,1,4,10
50898,26,3,0,0,0,0.7083635386001691,0.4375,1,10,10
50899,98,2,0,0,0,0.45371932143008076,0.21428571428571427,1,10,10
50901,31,3,0,0,0,0.7411902110103872,0.2692307692307692,1,10,10
50902,2,3,0,0,0,0,0,0,2,10
50904,4,3,0,0,0,0,0,0,4,10
50925,2,3,0.1083259763160482,0.06666666666666667,0.5,0.17169261031494448,0.06666666666666667,1,2,10
50930,47,3,0.13869916163937135,0.2222222222222222,0.1111111111111111,0.7713707099946513,0.6666666666666666,1,10,10
50950,21,2,1,0.625,1,0.6698623505528797,0.5,0.5,10,10
50960,12,1,1,0.7142857142857143,1,1,0.7142857142857143,1,10,10
50972,670,4,0,0,0,0,0,0,10,10
50978,3116,3,0,0,0,0.22009176629808014,0.0625,1,10,10
50980,3857,4,0,0,0,0,0,0,10,10
50983,14,3,0.9363792118010483,0.5625,1,0.6214011939609387,0.4375,0.5,10,10
50985,3,3,0,0,0,0,0,0,3,10
50997,17,4,0,0,0,0.046287481291184845,0.05,0.125,10,10
51020,1586,3,0,0,0,0,0,0,10,10
51036,224,3,0,0,0,0,0,0,10,10
51037,287,3,0,0,0,0.4440973278132556,0.1875,1,10,10
51041,410,2,0,0,0,0.5849390476446391,0.3333333333333333,1,10,10
51046,5,3,0.1388624438735545,0.03571428571428571,0.5,0.22009176629808014,0.03571428571428571,1,5,10
51055,9,2,0.9363792118010483,0.5625,1,0.9363792118010483,0.5625,1,9,10
51065,113,1,0,0,0,0,0,0,10,10
51066,6,3,0.727329844310522,0.46153846153846156,1,0.727329844310522,0.46153846153846156,1,6,10
51070,2,5,0.22009176629808014,0.06666666666666667,1,0.388244052766991,0.2,1,2,10
51080,2,2,0,0,0,0,0,0,2,10
51120,5,1,0.6385085174798409,0.4,1,0.48567484305068537,0.4,0.5,5,5
51123,8,1,0.9094987067248556,0.8,1,0.9094987067248556,0.8,1,8,8
51129,5,2,0.6489315753318465,0.3125,1,0.6489315753318465,0.3125,1,5,10
51134,53,1,0.16354138662029633,0.125,0.2,0.227162174819248,0.1875,0.2,10,10
51167,60,1,0,0,0,0.5795003533950693,0.3125,1,10,10
51171,32,1,0.7799082337019198,0.6,0.5,0.6316243658611127,0.4,1,10,10
51175,3,2,0.12876945773620835,0.0625,0.3333333333333333,0.4804509806857551,0.25,1,3,10
51179,31,2,0.12987501165334073,0.13333333333333333,0.1111111111111111,0.0636207881989517,0.06666666666666667,0.1,10,10
51184,10,5,0.35106842466815336,0.16129032258064516,0.16666666666666666,0.3301376494471202,0.06451612903225806,1,10,10
51199,1,4,0.23504554941448536,0.1111111111111111,1,0.15887143153726957,0.2222222222222222,0.2,1,10
51201,44,3,0,0,0,0.07336392209936005,0.0625,0.14285714285714285,10,10
51204,28,3,0.20904936749052636,0.1875,0.14285714285714285,0.424926013816671,0.1875,1,10,10
51209,78,2,0,0,0,0.4561519921593204,0.3076923076923077,1,10,10
51215,4254,1,0,0,0,0,0,0,10,10
51221,478,3,0,0,0,0,0,0,10,10
51222,137,4,0,0,0,0,0,0,10,10
51225,4,3,0.2354078440015845,0.25,0.3333333333333333,0.5067321766826492,0.5,1,4,10
51226,650,1,0,0,0,0,0,0,10,10
51227,2,3,0,0,0,0.2816372027313761,0.25,0.16666666666666666,2,10
51228,26429,1,0,0,0,0,0,0,10,10
51230,14,4,0.34555547273515774,0.36363636363636365,0.3333333333333333,0.42311711770063837,0.45454545454545453,0.3333333333333333,10,10
51254,6,4,0.5224955967919309,0.25,1,0.54739836229935,0.25,1,6,10
51260,38,2,0.4327725091963492,0.3125,0.3333333333333333,0.16421958630632802,0.125,0.25,10,10
51262,45,3,0.5309999066793252,0.4375,0.25,0.46664232174566633,0.25,1,10,10
51284,111,2,0,0,0,0.7759944384848244,0.5,1,10,10
51304,61,4,0.32776097292662437,0.25,0.25,0.42333070005078094,0.25,1,10,10
51305,83,4,0.0636207881989517,0.0625,0.1,0.3557772116892464,0.1875,1,10,10
51313,9,3,0.7349358300248484,0.3125,1,0.6664582119640974,0.3125,1,9,10
51316,205,3,0,0,0,0,0,0,10,10
51335,3,1,0,0,0,0,0,0,3,3
51345,356,4,0,0,0,0.9787930706003494,0.30303030303030304,1,10,10
51347,615,2,0,0,0,0.17947710508581732,0.125,0.3333333333333333,10,10
51348,1199,2,0,0,0,0,0,0,10,10
51350,599,2,0,0,0,0.686715183098259,0.375,1,10,10
51353,50,4,0,0,0,0.8532721558012798,0.24324324324324326,0.5,10,10
51371,215,4,0,0,0,0.5887498202463199,0.3125,1,10,10
51372,664,4,0,0,0,0,0,0,10,10
51387,80,3,0,0,0,0.4982710309705436,0.1282051282051282,0.5,10,10
51395,7,3,0.8369256770986023,0.4375,1,0.929640810185802,0.5625,1,7,10
51398,11,2,0.6223257406694683,0.5,0.3333333333333333,0.9160297054475377,0.5625,1,10,10
51407,273,3,0,0,0,0.38852647257634365,0.25,0.5,10,10
51414,54,4,0.1470876177355437,0.08695652173913043,0.1111111111111111,0.24416402424909495,0.13043478260869565,0.5,10,10
51415,1,4,0.2529427027676571,0.125,1,0.808397198867407,0.75,1,1,10
51426,7,3,0,0,0,0,0,0,7,10
51427,2220,2,0,0,0,0.845519325279726,0.7777777777777778,1,10,10
51430,941,2,0,0,0,0,0,0,10,10
51437,13,4,0,0,0,0,0,0,10,10
51442,17,4,0,0,0,0,0,0,10,10
51443,263,2,0,0,0,0.7133080652109928,0.4375,1,10,10
51451,1127,2,0,0,0,0,0,0,10,10
51464,293,3,0,0,0,0.11004588314904007,0.0625,0.3333333333333333,10,10
51466,47,4,0,0,0,0,0,0,10,10
51479,6,2,0.4690000933206747,0.1875,1,0.5384313152574519,0.25,1,6,10
51480,6,1,0.47581654827313885,0.3125,0.5,0.569554082887391,0.3125,1,6,6
51482,15,1,0.43621154230977444,0.375,0.2,0.6851198693323689,0.5,0.5,10,10
51483,54,1,0,0,0,0.3844985279826931,0.125,1,10,10
51485,10,1,0.31618577826460453,0.2857142857142857,0.16666666666666666,0.5536451161329059,0.2857142857142857,1,10,10
51493,18,2,0.13575193991271664,0.13333333333333333,0.1111111111111111,0.7378480779476115,0.4,1,10,10
51494,8,4,0.34555547273515774,0.2857142857142857,0.3333333333333333,0.571271447819419,0.35714285714285715,1,8,10
51495,10533,1,0,0,0,0,0,0,10,10
51496,1,3,0,0,0,0.14067013006711881,0.25,0.25,1,10
51514,63,2,0.0636207881989517,0.0625,0.1,0.4482145606127126,0.3125,0.5,10,10
51521,108,7,0.27267015568947806,0.25,0.14285714285714285,0.24890832702259458,0.125,0.5,10,10
51524,33,2,0.5309999066793252,0.4375,0.25,0.6722390270733755,0.375,1,10,10
51534,285,3,0,0,0,0.11004588314904007,0.0625,0.3333333333333333,10,10
51540,20,5,0.04241385879930114,0.030303030303030304,0.1,0.06943122193677725,0.030303030303030304,0.125,10,10
51544,4,1,0.47207331052714424,0.3,1,0.5216414792035848,0.3,1,4,4
51545,116,3,0,0,0,0,0,0,10,10
51549,8,3,0,0,0,0.14465249243306438,0.05128205128205128,0.16666666666666666,8,10
51560,11,4,1,0.6666666666666666,1,1,0.6666666666666666,1,10,10
51569,102,2,0,0,0,0,0,0,10,10
51571,9,4,0,0,0,0.07839826897867533,0.0625,0.16666666666666666,9,10
51581,17,3,0.716287445502968,0.6666666666666666,0.5,0.9132354711554559,0.75,1,10,10
51584,24,4,0.12987501165334073,0.125,0.1111111111111111,1,0.625,1,10,10
51593,14,4,0.256221936346614,0.3333333333333333,0.3333333333333333,0.30247629691873634,0.3333333333333333,0.3333333333333333,10,10
51595,1,4,0.29740901205864334,0.0625,1,0.29740901205864334,0.0625,1,1,10
51598,3,4,0.31654916311981024,0.13333333333333333,0.5,0.45650001423154074,0.13333333333333333,1,3,10
51619,1,5,0.33916020527361607,0.2,1,0.931817100135127,1,1,1,10
51620,27,3,0.3584576524684324,0.36363636363636365,0.2,0.6597133113683123,0.36363636363636365,1,10,10
51625,6,7,0.41761443305159,0.25,0.5,0.5698664345004878,0.25,1,6,10
51626,25,3,0,0,0,0.507420608541331,0.4,1,10,10
51629,13,3,0.10131492031939959,0.13333333333333333,0.1111111111111111,0.4827320268242777,0.26666666666666666,1,10,10
51632,5,5,0.6455301553512988,0.35714285714285715,1,0.7749396565544684,0.5,1,5,10
51641,63,6,0,0,0,0.6961622681399229,0.375,1,10,10
51653,1,3,0,0,0,0.2924400736592486,0.25,0.3333333333333333,1,10
51657,2,3,0.43870139535303726,0.3333333333333333,1,0.9361229018082607,0.8333333333333334,1,2,10
51678,5,2,0.20483424751859086,0.125,0.3333333333333333,0.4825387500873842,0.375,0.3333333333333333,5,10
51695,129,1,0,0,0,0,0,0,10,10
51711,68,3,0,0,0,0,0,0,10,10
51718,8,2,0,0,0,0,0,0,8,10
51721,8,1,0,0,0,0,0,0,8,8
51726,8,2,0.5012723621835251,0.1875,1,0.3400724822828248,0.1875,0.5,8,10
51729,1,2,0.2300510610426737,0.0625,1,0.2300510610426737,0.0625,1,1,10
51743,102,2,0,0,0,0.4099509148465344,0.26666666666666666,0.5,10,10
51746,46,2,0.19930623359011798,0.1875,0.125,0.914856882358379,0.5625,1,10,10
51766,13,3,0.26742619438551957,0.0625,1,0.26742619438551957,0.0625,1,10,10
51782,169,2,0,0,0,0.7765472887251024,0.4375,1,10,10
51802,10,2,1,0.7692307692307693,1,1,0.7692307692307693,1,10,10
51809,6,2,0.7141247410232787,0.5,1,0.7434368120239636,0.625,0.5,6,10
51825,11,1,0.7799082337019198,0.42857142857142855,0.5,0.7799082337019198,0.42857142857142855,0.5,10,10
51835,6,3,0.5072380780124417,0.3125,0.5,0.6975961695061491,0.4375,1,6,10
51839,9,3,0.6489315753318465,0.4166666666666667,1,0.70844095012329,0.5,1,9,10
51840,6,2,0.09970299801576629,0.0625,0.16666666666666666,0.37320226963128134,0.125,1,6,10
51863,9,1,0.6577735634109573,0.42857142857142855,1,0.661238781975958,0.42857142857142855,1,9,9
51871,12,2,0.611795237356812,0.3125,1,0.5360735436824436,0.3125,1,10,10
51883,165,2,0,0,0,0,0,0,10,10
51899,11,2,0.7799082337019198,0.5625,0.5,0.9363792118010483,0.5625,1,10,10
51901,1,4,0.2357541930550393,0.0625,1,0.6247830090489183,0.375,1,1,10
51911,23,2,0.0636207881989517,0.02857142857142857,0.1,0.41939799988819815,0.11428571428571428,1,10,10
51920,1,1,0,0,0,0,0,0,1,1
51927,158,1,0,0,0,0.2781981696179509,0.1875,0.3333333333333333,10,10
51929,16,2,0.81804192373243,0.6363636363636364,1,0.7895824443329237,0.6363636363636364,1,10,10
51937,4,6,0.1467278441987201,0.07142857142857142,1,0,0,0,4,10
51938,6,3,0.24926098697416302,0.0625,1,0.20728952897194158,0.125,0.5,6,10
51959,6,2,0.6122496142821665,0.3125,1,0.6122496142821665,0.3125,1,6,10
51983,1,2,0.26742619438551957,0.05263157894736842,1,0.33639591040291184,0.10526315789473684,1,1,10
51984,4,4,0.2601715897738433,0.07407407407407407,0.5,0.08194584134522671,0.037037037037037035,0.16666666666666666,4,10
52004,4,4,0,0,0,0,0,0,4,10
52016,268,3,0,0,0,0.0636207881989517,0.0625,0.1,10,10
52021,23,3,0.08054964166561718,0.125,0.1111111111111111,0.4555063662225036,0.375,1,10,10
52028,1,3,0.22009176629808014,0.06666666666666667,1,0.5517854393872873,0.3333333333333333,1,1,10
52036,487,1,0,0,0,0.07839826897867533,0.01694915254237288,0.16666666666666666,10,10
52045,11,3,0.27267015568947806,0.25,0.14285714285714285,0.47842151728792726,0.25,1,10,10
52047,101,2,0,0,0,0.42275525925209295,0.26666666666666666,0.5,10,10
52051,4,3,0.5321923362337085,0.25,1,0.6549096066931119,0.375,1,4,10
52056,12,3,0,0,0,0.11004588314904007,0.0625,0.3333333333333333,10,10
52060,51,3,0,0,0,0.4225749983705864,0.125,1,10,10
52064,40,2,0,0,0,0.5302440401532265,0.375,1,10,10
52073,94,2,0,0,0,0.15176219107803537,0.125,0.16666666666666666,10,10
52078,10,2,0.24461772600247642,0.2,0.14285714285714285,0.5196575323691327,0.2,1,10,10
52084,2,2,1,1,1,1,1,1,2,10
52087,1,1,0,0,0,0,0,0,1,1
52102,13,1,0.7799082337019198,0.5625,0.5,0.8611375561264454,0.5625,1,10,10
52109,1,6,0.279901702223461,0.0625,1,0.5951558524119668,0.25,1,1,10
52115,438,2,0,0,0,0.14201905717762703,0.125,0.16666666666666666,10,10
52123,11,3,0.11004588314904007,0.07142857142857142,0.3333333333333333,0.16012845094390415,0.14285714285714285,0.14285714285714285,10,10
52126,403,2,0,0,0,0.15726617308658694,0.0625,0.5,10,10
52139,22,2,0,0,0,0.3921578479840863,0.25,0.5,10,10
52143,7,2,0.800693766409882,0.4375,1,1,0.625,1,7,10
52147,1,2,0.33905102793220687,0.16666666666666666,1,0.33905102793220687,0.16666666666666666,1,1,3
52160,2,2,0.35895421017163465,0.125,1,0.35895421017163465,0.125,1,2,4
52167,14,1,0.24924199037643666,0,0,0.381768408209305,1,0.1,10,10
52175,15,1,0.16354138662029633,0.125,0.2,0.2240055615151755,0.125,0.5,10,10
52177,17,3,0.6030005832220916,0.5555555555555556,0.25,0.6200170080541401,0.5555555555555556,0.5,10,10
52188,9,4,0.8671632851903102,0.5625,1,0.42887076988450823,0.25,1,9,10
52207,98,2,0,0,0,0,0,0,10,10
52208,59,3,0,0,0,0.16872714292220853,0.07692307692307693,0.5,10,10
52211,70,1,0,0,0,0.24966402870278917,0.23076923076923078,0.3333333333333333,10,10
52212,33,3,0.0636207881989517,0.06666666666666667,0.1,0.7827392871477701,0.5333333333333333,1,10,10
52219,563,2,0,0,0,0.07336392209936005,0.0625,0.14285714285714285,10,10
52222,7,4,0.19516190017683188,0.2222222222222222,0.2,0.2709881365155743,0.1111111111111111,1,7,10
52228,15,3,0.19930623359011798,0.2,0.125,0.7720617383222417,0.4666666666666667,1,10,10
52230,5,4,0.28997736516021183,0.11538461538461539,0.3333333333333333,0.07336392209936005,0.038461538461538464,0.14285714285714285,5,10
52232,36,4,0.0636207881989517,0.08333333333333333,0.1,0,0,0,10,10
52243,150,1,0,0,0,0.07336392209936005,0.02631578947368421,0.14285714285714285,10,10
52257,40,1,0.08194584134522671,0.06666666666666667,0.16666666666666666,0.1789618233060585,0.13333333333333333,0.14285714285714285,10,10
52261,65,3,0,0,0,0.17318663334822612,0.125,0.25,10,10
52262,5,3,0.3637768087702127,0.10526315789473684,0.5,0.7136328351718023,0.23684210526315788,1,5,10
52272,69,2,0,0,0,0,0,0,10,10
52279,15,2,0.11004588314904007,0.0625,0.3333333333333333,0.11004588314904007,0.0625,0.3333333333333333,10,10
52281,20,2,0.5309999066793252,0.4375,0.25,0.7759944384848244,0.5,1,10,10
52284,145,1,0,0,0,0.22009176629808014,0.07142857142857142,1,10,10
52285,22,2,0.15264815310255256,0.14285714285714285,0.16666666666666666,0.25309071438331276,0.14285714285714285,0.5,10,10
52286,17,4,0.5309999066793252,0.4375,0.25,0.841492960259019,0.5,1,10,10
52291,7,3,0.7349358300248484,0.3125,1,0.627584966092839,0.25,1,7,10
52292,33,2,0.43621154230977444,0.15789473684210525,0.2,0.8091026734983537,0.18421052631578946,1,10,10
52293,5,4,0.6489315753318465,0.15151515151515152,1,1,0.30303030303030304,1,5,10
52299,1269,1,0,0,0,0,0,0,10,10
52301,2,4,0,0,0,0.05968602240696155,0.0625,0.1111111111111111,2,10
52307,158,2,0,0,0,0,0,0,10,10
52320,94,4,0,0,0,0,0,0,10,10
52322,288,4,0,0,0,0,0,0,10,10
52330,9,2,0.8701249883466592,0.5,1,0.800693766409882,0.4375,1,9,10
52338,2,3,0.29740901205864334,0.07692307692307693,1,0.17997853847733675,0.07692307692307693,0.3333333333333333,2,10
52540,216,1,0,0,0,0.06625422345438903,0.0625,0.1111111111111111,10,10
52549,54,3,0.19930623359011798,0.1875,0.125,0.26845503571754253,0.1875,0.3333333333333333,10,10
52559,1,3,0.22009176629808014,0.0625,1,0.6371523797895855,0.3125,1,1,10
52569,111,1,0,0,0,0.44803002797583846,0.16666666666666666,1,10,10
52573,7,3,0.6289277421733354,0.45454545454545453,0.5,0.8165971834090969,0.5454545454545454,1,7,10
52623,2,1,0,0,0,0,0,0,2,2
52664,21,4,0.16354138662029633,0.125,0.2,0.34369669139214537,0.1875,0.5,10,10
52665,90,3,0,0,0,0.07839826897867533,0.0625,0.16666666666666666,10,10
52666,85,3,0,0,0,0.37850091886658266,0.1875,1,10,10
52671,7,1,0.5806020001118017,0.375,0.5,0.5750739861833288,0.4375,0.5,7,10
52682,45,4,0,0,0,0.611795237356812,0.3125,1,10,10
52683,1,3,0,0,0,0.08514311764162098,0.025,0.2,1,10
52696,11,2,0.7151857987862356,0.42857142857142855,1,0.6371523797895855,0.35714285714285715,1,10,10
52718,17,7,1,0.625,1,1,0.625,1,10,10
52720,671,3,0,0,0,0.7349358300248484,0.375,1,10,10
52723,166,8,0,0,0,0.41303447008158656,0.25,1,10,10
52734,1,1,0.29740901205864334,0.0625,1,0.29740901205864334,0.0625,1,1,1
52735,5,2,0.34613708563136125,0.10526315789473684,1,0.34268060441006465,0.15789473684210525,0.3333333333333333,5,7
52747,14,4,0.7799082337019198,0.5625,0.5,1,0.625,1,10,10
52750,17,4,1,0.6666666666666666,1,1,0.6666666666666666,1,10,10
52759,2,1,0.2575389154724167,0.07692307692307693,1,0.1624889644740723,0.07692307692307693,0.5,2,2
52760,3,3,0.8318724637288825,0.75,1,1,1,1,3,10
52774,1,1,0.13338308751554268,0,0,0.13338308751554268,0,0,1,1
52783,4,2,0.2604979528242145,0.14285714285714285,0.3333333333333333,0.400448803935945,0.14285714285714285,1,4,5
52800,3,2,0.35895421017163465,0.14285714285714285,1,0.3301376494471202,0.14285714285714285,1,3,10
52816,9,4,0.26187874575569087,0.08108108108108109,0.5,0.20827328063201606,0.08108108108108109,0.16666666666666666,9,10
52825,2,2,0.22009176629808014,0.023809523809523808,1,0.2837125544970318,0.047619047619047616,1,2,10
52835,9,4,0.4452943773289105,0.375,0.25,0.4818809355796681,0.3125,0.5,9,10
52855,6,4,0.6597133113683123,0.25,1,0.646484293897638,0.3125,1,6,10
52891,6,4,0.5433347452292012,0.3125,0.5,0.8862758286118704,0.5,1,6,10
52900,192,3,0,0,0,0,0,0,10,10
52938,1,3,0,0,0,0.22009176629808014,0.0625,1,1,10
52946,612,2,0,0,0,0.3499667779514209,0.1875,1,10,10
52947,131,2,0,0,0,0.10426501719323238,0.06666666666666667,0.25,10,10
52955,224,2,0,0,0,0.19216045592265107,0.125,0.25,10,10
52958,45,5,0,0,0,0.5305455297539707,0.375,0.5,10,10
52964,5,2,0.781167618929808,0.5714285714285714,1,0.781167618929808,0.5714285714285714,1,5,10
52969,115,1,0,0,0,0.19518900079066107,0.125,0.3333333333333333,10,10
52984,3,2,0.7653606369886218,0.6666666666666666,1,0.7653606369886218,0.6666666666666666,1,3,10
53003,10,3,0,0,0,0,0,0,10,10
53004,9,5,0.08514311764162098,0.0625,0.2,0.22009176629808014,0.0625,1,9,10
53020,20,2,0.7799082337019198,0.5625,0.5,1,0.625,1,10,10
53037,27,3,0,0,0,0.2205605109996152,0.3333333333333333,0.2,10,10
53040,55,3,0.2874476364692017,0.15384615384615385,0.16666666666666666,0.21819512777734992,0.11538461538461539,0.2,10,10
53042,10,4,0.05112245800948304,0.09090909090909091,0.14285714285714285,0.21410312967232764,0.18181818181818182,0.3333333333333333,10,10
53046,12,3,1,0.625,1,0.9168020790150266,0.625,1,10,10
53055,10,2,0.7799082337019198,0.23076923076923078,0.5,0.933745776545611,0.23076923076923078,1,10,10
53062,22,2,0.7618681204857877,0.4375,1,0.5231568146400266,0.25,1,10,10
53063,183,4,0,0,0,0,0,0,10,10
53065,481,5,0,0,0,0,0,0,10,10
53066,23,5,0.17969626766187782,0.1875,0.16666666666666666,0.3397597505410597,0.25,0.5,10,10
53070,330,3,0,0,0,0,0,0,10,10
53073,530,3,0,0,0,0.22009176629808014,0.0625,1,10,10
53077,37,3,0.5030032653188877,0.3076923076923077,1,0.17376435169925813,0.23076923076923078,0.25,10,10
53079,546,3,0,0,0,0,0,0,10,10
53094,393,2,0,0,0,0.35895421017163465,0.13333333333333333,1,10,10
53096,407,4,0,0,0,0.11038289257632194,0.16666666666666666,0.2,10,10
53099,183,4,0,0,0,0.06943122193677725,0.0625,0.125,10,10
53112,2,4,0.35895421017163465,0.125,1,0.21538297927698707,0.1875,0.16666666666666666,2,10
53113,16,1,1,0.625,1,1,0.625,1,10,10
53121,19,3,0.2916690427194752,0.25,0.5,0.2865730402066406,0.125,1,10,10
53126,5,3,0,0,0,0.1671604549662023,0.3333333333333333,0.16666666666666666,5,10
53127,1,4,0,0,0,0,0,0,1,10
53142,13,3,0.28965803423741876,0.2222222222222222,0.3333333333333333,0.2781778433585695,0.1111111111111111,1,10,10
53153,1604,2,0,0,0,0,0,0,10,10
53156,190,2,0,0,0,0,0,0,10,10
53175,7,4,0.33169367308920716,0.25,0.25,0.7104770117651424,0.5,0.5,7,10
53181,64,2,0,0,0,0.09487735099910263,0.14285714285714285,0.3333333333333333,10,10
53184,21,3,0.35266373843404347,0.25,0.3333333333333333,0.3932783996463063,0.1875,1,10,10
53186,18,4,0,0,0,0.16354138662029633,0.125,0.2,10,10
53190,425,3,0,0,0,0.07336392209936005,0.0625,0.14285714285714285,10,10
53194,21,3,0.06943122193677725,0.0625,0.125,0.22009176629808014,0.0625,1,10,10
53207,16,4,0,0,0,0,0,0,10,10
53213,4,3,0.43236857383736704,0.1875,1,0.6323816992918825,0.3125,1,4,10
53217,9,4,0.6592861126627094,0.5,0.5,0.8664179043290752,0.5,1,9,10
53219,8,4,0.5283473127587933,0.375,0.5,0.6863378549187967,0.4375,1,8,10
53225,7,3,0.09478836436955078,0.0625,0.25,0.22009176629808014,0.0625,1,7,10
53252,3,3,0.11004588314904007,0.07692307692307693,0.3333333333333333,0.3499667779514209,0.23076923076923078,1,3,10
53253,414,2,0,0,0,0.07839826897867533,0.0625,0.16666666666666666,10,10
53255,4,2,0.4361533373077281,0.15384615384615385,1,0.31896186534078885,0.15384615384615385,1,4,10
53260,50,5,0,0,0,0.16139724848992007,0.0625,1,10,10
53272,97,3,0.43621154230977444,0.375,0.2,0.4000232483092519,0.1875,1,10,10
53274,4,4,0.5637884576902256,0.25,1,0.4690000933206747,0.1875,1,4,10
53275,1636,2,0,0,0,0.1356854453911663,0.06451612903225806,0.125,10,10
53281,352,2,0,0,0,0.33405144466421555,0.13636363636363635,0.5,10,10
53284,82,4,0,0,0,0.10086747116627115,0.16666666666666666,0.14285714285714285,10,10
53296,2,3,0.48743356179143793,0.25,1,0.6161492273325739,0.375,1,2,10
53302,3,5,0.3771047273677529,0.14285714285714285,1,0.6193336704754597,0.35714285714285715,0.5,3,10
53309,32,4,0,0,0,0.6062415623539279,0.4375,0.5,10,10
53314,8,1,0,0,0,0,0,0,8,8
53336,57,3,0,0,0,0.7781065594634735,0.4666666666666667,1,10,10
53345,1,4,0,0,0,0.21222636597291455,0.09090909090909091,0.5,1,10
53354,1318,2,0,0,0,0.7909506325094736,0.30434782608695654,1,10,10
53361,7,1,0.38504486978919755,0.2857142857142857,0.3333333333333333,0.5792185495881602,0.2857142857142857,1,7,7
53377,4,2,0.22009176629808014,0.0625,1,0.08514311764162098,0.0625,0.2,4,10
53393,41,3,0,0,0,0.6074374775444462,0.45454545454545453,1,10,10
53401,18,2,0,0,0,0.2134190485129175,0.2,0.3333333333333333,10,10
53402,3,5,0.14870450602932167,0.1,0.3333333333333333,0.27448142000487064,0.3,0.3333333333333333,3,10
53409,14,5,0.4791616403996509,0.1875,1,0.39194510509057084,0.1875,1,10,10
53412,1,3,0.22009176629808014,0.0625,1,0.9567083294488864,0.625,1,1,10
53418,91,4,0,0,0,0.07839826897867533,0.0625,0.16666666666666666,10,10
53427,4,3,0.17828412959034637,0.0625,1,0.051535670955269286,0.0625,0.1,4,10
53428,3,2,0.11004588314904007,0.07142857142857142,0.3333333333333333,0.2240055615151755,0.14285714285714285,0.5,3,8
53453,4,1,0.3048323220467864,0.2857142857142857,0.5,0.4396029924107639,0.2857142857142857,1,4,4
53462,3,2,0,0,0,0,0,0,3,10
53464,10,1,0.15432900606906177,0.09090909090909091,0.1,0.252800281760233,0.09090909090909091,0.5,10,10
53483,136,2,0,0,0,0.3636237070689246,0.25,0.5,10,10
53486,215,3,0,0,0,0,0,0,10,10
53511,20,3,0,0,0,0.1884441521277154,0.125,0.3333333333333333,10,10
53512,4,4,0.35895421017163465,0.15384615384615385,1,0.388244052766991,0.23076923076923078,1,4,10
53514,486,3,0,0,0,0,0,0,10,10
53520,30,5,0.1751795093577132,0.16666666666666666,0.2,0.10153380441631457,0.08333333333333333,0.25,10,10
53531,20,4,0.14187109415106738,0.06666666666666667,0.5,0.25476549787484776,0.2,0.25,10,10
53532,64,3,0,0,0,0,0,0,10,10
53535,29,3,0,0,0,0,0,0,10,10
53538,134,4,0,0,0,0,0,0,10,10
53543,139,2,0,0,0,0,0,0,10,10
53547,1,3,0.29740901205864334,0.0625,1,0.5824979621535463,0.3125,1,1,10
53551,1,2,0,0,0,0,0,0,1,10
53558,3,2,0,0,0,0,0,0,3,10
53567,2,1,0.45650001423154074,0.13333333333333333,1,0.45650001423154074,0.13333333333333333,1,2,2
53586,3,3,0.6245559808780411,0.6666666666666666,1,0.5955686284397018,0.6666666666666666,1,3,10
53587,53,2,0.07336392209936005,0.0625,0.14285714285714285,0,0,0,10,10
53591,4022,2,0,0,0,0,0,0,10,10
53598,5,3,0.25430127623392856,0.13333333333333333,0.5,0.48638523927211863,0.3333333333333333,0.5,5,10
53611,184,4,0,0,0,0,0,0,10,10
53615,1,4,0,0,0,0.09478836436955078,0.0625,0.25,1,10
53616,5,4,0,0,0,0,0,0,5,10
53639,16,2,0,0,0,0,0,0,10,10
53643,78,3,0,0,0,0.07839826897867533,0.0625,0.16666666666666666,10,10
53651,23,2,0,0,0,0,0,0,10,10
53655,3,5,0.3240939777411194,0.25,0.5,0.4298595603099609,0.25,1,3,10
53657,7,3,0.45374257454118544,0.1875,1,0.24890832702259458,0.125,0.5,7,10
53694,149,1,0,0,0,0,0,0,10,10
53697,1,3,0.22009176629808014,0.023809523809523808,1,0.727329844310522,0.14285714285714285,1,1,8
53708,1,3,0.22009176629808014,0.0625,1,0.22009176629808014,0.0625,1,1,10
53721,11,2,0.933745776545611,0.5625,1,0.9363792118010483,0.5625,1,10,10
53733,1,3,0.22009176629808014,0.07142857142857142,1,0.35895421017163465,0.14285714285714285,1,1,9
53754,42,2,0,0,0,0,0,0,10,10
53778,29,3,0.07839826897867533,0.07142857142857142,0.16666666666666666,0.17947710508581732,0.14285714285714285,0.3333333333333333,10,10
53785,423,3,0,0,0,0,0,0,10,10
53807,3402,2,0,0,0,0,0,0,10,10
53809,1,2,0,0,0,0,0,0,1,8
53821,488,3,0,0,0,0.07839826897867533,0.0625,0.16666666666666666,10,10
53830,2220,2,0,0,0,0,0,0,10,10
53842,2381,2,0,0,0,0,0,0,10,10
53847,86,3,0,0,0,0.3062386434839551,0.3076923076923077,0.25,10,10
53850,1171,2,0,0,0,0,0,0,10,10
53854,13,3,0.5766692999492189,0.375,0.5,0.47870393709727993,0.3125,0.5,10,10
53882,40,3,0.07839826897867533,0.0625,0.16666666666666666,0.29727159644205703,0.1875,0.5,10,10
53893,171,4,0,0,0,0.07255826605313175,0,0,10,10
53896,4340,2,0,0,0,0,0,0,10,10
53903,2066,3,0,0,0,0.023143740645592423,0,0,10,10
53924,1509,3,0,0,0,0.35895421017163465,0.125,1,10,10
53927,94,5,0,0,0,0.5868720866710773,0.375,1,10,10
53952,2,1,0,0,0,0,0,0,2,2
53963,11,2,0,0,0,0.12463049348708151,0.06666666666666667,0.3333333333333333,10,10
53965,7,1,0.800693766409882,0.4375,1,0.8701249883466592,0.5,1,7,8
53966,9,3,0.33169367308920716,0.25,0.25,0.4412851793128928,0.25,1,9,10
53983,33,5,0,0,0,0,0,0,10,10
53996,17,5,0.3315798771256908,0.1875,0.5,0.15550094567970055,0.125,0.3333333333333333,10,10
54023,2167,3,0,0,0,0.22009176629808014,0.0625,1,10,10
54039,416,5,0,0,0,0.45374257454118544,0.26666666666666666,1,10,10
54040,18,2,1,0.7692307692307693,1,0.5220328596374271,0.46153846153846156,0.5,10,10
54059,1,4,0,0,0,0,0,0,1,10
54069,184,6,0,0,0,0.5455206287241073,0.3125,1,10,10
54092,2744,5,0,0,0,0,0,0,10,10
54107,887,4,0,0,0,0.2735872697693364,0.07894736842105263,0.3333333333333333,10,10
54111,452,4,0,0,0,0,0,0,10,10
54112,54,2,0,0,0,0.16815228646891084,0.125,0.25,10,10
54115,73,4,0.19930623359011798,0.1875,0.125,0.38113435412201996,0.1875,1,10,10
54119,977,4,0,0,0,0,0,0,10,10
54139,98,3,0,0,0,0.04512647629987242,0.0625,0.1111111111111111,10,10
54178,628,3,0,0,0,0.13698471029831175,0.08,0.14285714285714285,10,10
54181,1,2,0,0,0,0,0,0,1,1
54187,1134,3,0,0,0,0,0,0,10,10
54192,3093,3,0,0,0,0,0,0,10,10
54194,1,3,0,0,0,0,0,0,1,1
54205,1,3,0,0,0,0,0,0,1,10
54278,1,3,0,0,0,0,0,0,1,3
54394,1920,2,0,0,0,0.1396181455537491,0.125,0.14285714285714285,10,10
54408,927,3,0,0,0,0,0,0,10,10
54409,940,3,0,0,0,0,0,0,10,10
54427,96,3,0,0,0,0.17630010660342912,0.125,0.3333333333333333,10,10
54429,66,3,0,0,0,0,0,0,10,10
54439,341,3,0,0,0,0,0,0,10,10
54454,3112,2,0,0,0,0,0,0,10,10
54456,586,3,0,0,0,0.31691619230948354,0.05714285714285714,0.25,10,10
54458,462,4,0,0,0,0.08514311764162098,0.0625,0.2,10,10
54459,95,4,0,0,0,0.06625422345438903,0.07142857142857142,0.1111111111111111,10,10
54460,1881,2,0,0,0,0.22009176629808014,0.014925373134328358,1,10,10
54475,326,4,0,0,0,0,0,0,10,10
54483,7372,2,0,0,0,0,0,0,10,10
54488,400,6,0,0,0,0.35895421017163465,0.125,1,10,10
54490,251,2,0,0,0,0.07336392209936005,0.045454545454545456,0.3333333333333333,10,10
54511,62,2,0,0,0,0,0,0,10,10
54514,32,3,0,0,0,0.20829366581033176,0.14285714285714285,0.5,10,10
54515,10,3,0.13550905335358332,0.125,0.14285714285714285,0.29928434285951766,0.125,1,10,10
54519,230,3,0,0,0,0.31488013066763093,0.125,1,10,10
54524,311,3,0,0,0,0.34369669139214537,0.1875,0.5,10,10
54531,13,5,0,0,0,0,0,0,10,10
54539,14,4,0.07096908371312387,0.0625,0.1111111111111111,0.09120217140065603,0.0625,0.2,10,10
54558,32,3,0,0,0,0,0,0,10,10
54562,2,6,0,0,0,0.09120217140065603,0.07142857142857142,0.2,2,10
54566,33,3,0,0,0,0.5423640154200348,0.25,1,10,10
54611,98,3,0,0,0,0.39375843764607193,0.1875,1,10,10
54615,381,4,0,0,0,0.250646904000481,0.25,0.2,10,10
54624,50,3,0,0,0,0,0,0,10,10
54625,1562,3,0,0,0,0,0,0,10,10
54649,938,4,0,0,0,0,0,0,10,10
54674,620,4,0,0,0,0.1388624438735545,0.05555555555555555,0.5,10,10
54675,241,4,0,0,0,0.22009176629808014,0.08333333333333333,1,10,10
54757,888,1,0,0,0,0.1388624438735545,0.0625,0.5,10,10
54788,1,4,0,0,0,0.6442227883107534,0.7,0.5,1,10
54792,44,4,0.43621154230977444,0.42857142857142855,0.2,0.5708588662113934,0.42857142857142855,0.5,10,10
54798,1019,2,0,0,0,0.03668196104968002,0,0,10,10
54834,1,2,0.29740901205864334,0.0625,1,0.29740901205864334,0.0625,1,1,10
54842,15,1,0.914856882358379,0.75,1,0.7670273914429263,0.5833333333333334,1,10,10
54846,5,4,0.3605617265275694,0.25,0.5,0.8423239533938214,0.5625,1,5,10
54860,7,2,0.800693766409882,0.4666666666666667,1,0.8900917305098635,0.5333333333333333,1,7,10
54867,67,2,0,0,0,0,0,0,10,10
54872,2,2,0.45650001423154074,0.14285714285714285,1,0.45650001423154074,0.14285714285714285,1,2,10
54882,6,3,0,0,0,0.05242205769552898,0.0625,0.125,6,10
54943,22,1,0.7799082337019198,0.5625,0.5,0.523153411299647,0.3125,1,10,10
54945,67,3,0.12987501165334073,0.13333333333333333,0.1111111111111111,0.2583297509898471,0.2,0.25,10,10
54946,396,2,0,0,0,0,0,0,10,10
54955,17,2,0,0,0,0,0,0,10,10
54956,81,2,0,0,0,0,0,0,10,10
54957,1,2,0,0,0,0,0,0,1,10
54966,1,4,0,0,0,0.6005491084563834,1,0.5,1,10
54986,16,1,1,0.625,1,1,0.625,1,10,10
54989,41,1,0.6410457898283652,0.36363636363636365,0.3333333333333333,0.6843830725976617,0.2727272727272727,1,10,10
54991,18,1,1,0.7692307692307693,1,0.8364586133797035,0.6153846153846154,1,10,10
55018,19,2,0.7411902110103872,0.3181818181818182,1,0.35969100690634176,0.18181818181818182,0.5,10,10
55023,17,1,1,0.625,1,0.9363792118010483,0.5625,1,10,10
55024,25,1,0.7967610662472991,0.4375,1,0.466924741555019,0.3125,0.5,10,10
55041,86,3,0,0,0,0.727329844310522,0.15789473684210525,1,10,10
55057,1541,2,0,0,0,0.22009176629808014,0.03571428571428571,1,10,10
55082,9,4,0.4690000933206747,0.1875,1,0.39673781793804713,0.25,0.5,9,10
55100,8,5,0,0,0,0,0,0,8,10
55114,5,4,0.6489315753318465,0.1282051282051282,1,1,0.2564102564102564,1,5,10
55130,11,4,0.35106842466815336,0.3333333333333333,0.16666666666666666,0.7967610662472991,0.4666666666666667,1,10,10
55132,29,3,0.23463936301137825,0.3333333333333333,0.3333333333333333,0.45250815297345076,0.6666666666666666,0.5,10,10
55134,64,1,0.19930623359011798,0.1875,0.125,0.09478836436955078,0.0625,0.25,10,10
55143,19,3,0.0636207881989517,0.02564102564102564,0.1,0.44803002797583846,0.10256410256410256,1,10,10
55172,6,3,0.5072380780124417,0.3125,0.5,0.6421867266689009,0.3125,1,6,10
55180,131,4,0,0,0,0.2784805894273036,0.1875,0.5,10,10
55190,699,3,0,0,0,0,0,0,10,10
55193,607,3,0,0,0,0.11004588314904007,0.04,0.3333333333333333,10,10
55203,213,2,0,0,0,0,0,0,10,10
55219,2,2,0.35895421017163465,0.10526315789473684,1,0.7432325743007356,0.3684210526315789,1,2,10
55262,5,1,0.45374257454118544,0.21428571428571427,1,0.4690000933206747,0.21428571428571427,1,5,5
55276,15,1,0.07444544187113133,0.06666666666666667,0.1,0.38759745778199706,0.2,0.3333333333333333,10,10
55280,13,2,0.49691034313488447,0.3333333333333333,0.5,0.5071942126859018,0.3333333333333333,0.2,10,10
55295,14,3,0.7799082337019198,0.5625,0.5,0.8899541168509598,0.5625,1,10,10
55307,38,2,0,0,0,0.4498873763727655,0.3076923076923077,1,10,10
55311,37,2,0,0,0,0.7951657524814091,0.5333333333333333,1,10,10
55316,9,3,0.46993582435355785,0.3125,0.5,0.4790598469649271,0.3125,0.5,9,10
55320,258,2,0,0,0,0.20483424751859086,0.06060606060606061,0.3333333333333333,10,10
55332,17992,1,0,0,0,0,0,0,10,10
55338,1639,2,0,0,0,0,0,0,10,10
55340,485,3,0,0,0,0,0,0,10,10
55345,57,3,0,0,0,0,0,0,10,10
55358,6,3,0.727329844310522,0.4,1,1,0.6666666666666666,1,6,10
55360,22,3,0,0,0,0.45374257454118544,0.1875,1,10,10
55400,6,4,0,0,0,0,0,0,6,10
55401,4,4,0.03791280301966229,0,0,0.3196336599818528,0.1111111111111111,1,4,10
55413,1,3,0.18660113481564067,0.0625,1,0.24277367362008698,0.125,1,1,10
55429,5,4,0.11505351121173782,0.06666666666666667,0.2,0.29740901205864334,0.06666666666666667,1,5,10
55430,1,5,0,0,0,0.5653701424067237,0.45454545454545453,1,1,10
55439,8,2,0.5806020001118017,0.5454545454545454,0.5,0.4690000933206747,0.2727272727272727,1,8,10
55454,28,3,0.06499922211334154,0.0625,0.1,0.4476004111489959,0.25,1,10,10
55475,3,3,0.4690000933206747,0.1875,1,1,0.625,1,3,10
55482,4,2,0.1388624438735545,0.0625,0.5,0.22009176629808014,0.0625,1,4,10
55492,43,3,0,0,0,0,0,0,10,10
55496,62,2,0,0,0,0.6578986223737446,0.375,1,10,10
55501,21,2,0.1427951440361373,0.125,0.14285714285714285,0.2336508082431053,0.125,0.5,10,10
55529,32,3,0.43621154230977444,0.375,0.2,0.689828656353462,0.375,1,10,10
55531,1603,2,0,0,0,0,0,0,10,10
55534,3,2,0,0,0,0,0,0,3,10
55546,6,3,0.727329844310522,0.375,1,1,0.625,1,6,10
55547,3,3,0.4791616403996509,0.1875,1,0.576003728085674,0.25,1,3,10
55579,10,2,0.5954631460491753,0.6666666666666666,0.3333333333333333,0.8651705466613507,0.75,1,10,10
55588,5,1,0.5018040483185394,0.25,0.5,0.5968539993168838,0.25,1,5,5
55593,9,3,0.8881617143233601,0.5625,1,0.8786503340183062,0.5625,1,9,10
55598,1389,1,0,0,0,0,0,0,10,10
55602,9,4,0.4673791184803735,0.46153846153846156,0.25,0.6149518506608846,0.46153846153846156,1,9,10
55608,91,2,0,0,0,0.06943122193677725,0.0625,0.125,10,10
55635,91,2,0,0,0,0.06943122193677725,0.0625,0.125,10,10
55657,11,3,0.11004588314904007,0.09090909090909091,0.3333333333333333,0,0,0,10,10
55658,464,3,0,0,0,0,0,0,10,10
55666,197,3,0,0,0,0,0,0,10,10
55667,29,3,0.06943122193677725,0.0625,0.125,0,0,0,10,10
55669,262,4,0,0,0,0.06943122193677725,0.02564102564102564,0.125,10,10
55670,58,4,0,0,0,0,0,0,10,10
55678,3053,2,0,0,0,0,0,0,10,10
55683,11254,2,0,0,0,0,0,0,10,10
55692,3,4,0.3903800499921017,0.25,1,0.640293831648171,1,0.5,3,10
55696,4,1,0,0,0,0,0,0,4,4
55700,3,2,0,0,0,0,0,0,3,10
55734,1,1,0,0,0,0,0,0,1,1
55771,70,4,0.5309999066793252,0.4375,0.25,0.606439180544341,0.375,1,10,10
55784,66,3,0,0,0,0.35656825918069274,0.125,1,10,10
55785,41,2,0.43621154230977444,0.375,0.2,1,0.625,1,10,10
55794,4,3,0.5487973376826973,0.3,1,0.5487973376826973,0.3,1,4,10
55801,2,4,0.35895421017163465,0.125,1,1,0.625,1,2,10
55802,105,2,0,0,0,0,0,0,10,10
55804,17,2,0.09478836436955078,0.08333333333333333,0.25,0.08514311764162098,0.08333333333333333,0.2,10,10
55806,3,2,0.4690000933206747,0.1875,1,0.4690000933206747,0.1875,1,3,10
55819,32,2,0.22119341301481263,0.1875,0.16666666666666666,0.4690000933206747,0.1875,1,10,10
55821,18,3,0.2514632262898275,0.11428571428571428,0.14285714285714285,0.7432122461707407,0.22857142857142856,1,10,10
55825,10,4,0.6016277417691354,0.5,0.3333333333333333,0.6981354045140877,0.5,0.5,10,10
55826,32,2,0.19930623359011798,0.21428571428571427,0.125,0.25672223463391236,0.14285714285714285,0.16666666666666666,10,10
55829,3,2,0.4690000933206747,0.1875,1,0.4690000933206747,0.1875,1,3,10
55850,76,3,0,0,0,0.1396181455537491,0.125,0.14285714285714285,10,10
55877,2,3,0.35895421017163465,0.125,1,0.8236998933965708,0.5,1,2,10
55882,254,2,0,0,0,0,0,0,10,10
55910,3,3,0.4480706578897771,0.23076923076923078,1,0.7769063519894718,0.5384615384615384,1,3,10
55911,12,3,0.3063365306564336,0.25,0.2,0.5014276442746162,0.375,0.3333333333333333,10,10
55920,28598,1,0,0,0,0,0,0,10,10
55921,1742,2,0,0,0,0,0,0,10,10
55935,4930,2,0,0,0,0,0,0,10,10
55937,1358,3,0,0,0,0,0,0,10,10
55941,52,6,0,0,0,0.8206605085730861,0.20512820512820512,1,10,10
55950,147,4,0,0,0,0,0,0,10,10
55953,1,1,0,0,0,0,0,0,1,1
55956,335,3,0,0,0,0.2240055615151755,0.125,0.5,10,10
55958,187,1,0,0,0,0.11004588314904007,0.041666666666666664,0.3333333333333333,10,10
55963,1,3,0,0,0,0,0,0,1,10
55984,18,2,0.7968060432053914,0.5625,0.5,0.662991591198965,0.3125,1,10,10
55986,24,1,0.43621154230977444,0.375,0.2,0.6754160255557637,0.375,1,10,10
56001,2,4,0.459852125115776,0.2222222222222222,1,0.6347926632099915,0.4444444444444444,1,2,10
56027,7,2,0.7544062851186971,0.17073170731707318,1,0.7762391257100952,0.17073170731707318,1,7,10
56040,17,2,0.35106842466815336,0.3125,0.16666666666666666,0.7542686714597935,0.4375,1,10,10
56041,2,2,0,0,0,0,0,0,2,10
56046,2,1,0,0,0,0,0,0,2,2
56048,2,2,0.35895421017163465,0.125,1,0.6172839611614817,0.3125,1,2,10
56050,3,2,0.7506486046161392,1,1,0.7506486046161392,1,1,3,10
56053,2,3,0.2575389154724167,0.0625,1,0.365864891788465,0.125,1,2,10
56060,17,2,0.7336207524107349,0.5625,0.5,0.733033771924976,0.5,1,10,10
56073,19,3,0.4617285568034221,0.3125,0.3333333333333333,0.703588444659124,0.5,0.5,10,10
56083,16,2,0.08514311764162098,0.08333333333333333,0.2,0.17947710508581732,0.16666666666666666,0.3333333333333333,10,10
56098,604,3,0,0,0,0,0,0,10,10
56108,24,3,0,0,0,0,0,0,10,10
56113,6,1,0.727329844310522,0.375,1,0.727329844310522,0.375,1,6,6
56134,2,3,0.2907688915384854,0.13333333333333333,1,0.2907688915384854,0.13333333333333333,1,2,10
56140,1,3,0.29740901205864334,0.06666666666666667,1,0.3634999036272307,0.13333333333333333,1,1,10
56143,4,2,0.22009176629808014,0.07692307692307693,1,0,0,0,4,10
56150,42,2,0,0,0,0.23177307466786254,0.1875,0.25,10,10
56155,7,3,0.5806020001118017,0.375,0.5,0.843107625209183,0.5,1,7,10
56160,4,3,0.4811910169693646,0.23529411764705882,1,0.3873069036857062,0.17647058823529413,1,4,10
56161,19,2,0.35106842466815336,0.3125,0.16666666666666666,0.9216017310213247,0.5625,1,10,10
56172,2,2,0,0,0,0,0,0,2,10
56200,1,4,0.2103273013617644,0.1111111111111111,1,0.4907456369579199,0.3333333333333333,1,1,10
56202,9,3,0,0,0,0,0,0,9,10
56208,28,3,0.96331803895032,0.2631578947368421,1,0.9738672436737749,0.2631578947368421,1,10,10
56214,4,3,0,0,0,0.0636207881989517,0.0625,0.1,4,10
56219,3,1,0.3301376494471202,0.14285714285714285,1,0.24890832702259458,0.14285714285714285,0.5,3,3
56222,4,1,0.34369669139214537,0.1875,0.5,0.45374257454118544,0.1875,1,4,4
56223,31,2,0.20904936749052636,0.2,0.14285714285714285,0.0636207881989517,0.06666666666666667,0.1,10,10
56244,49,2,0,0,0,0.28451426332278346,0.2,0.5,10,10
56252,5,2,0,0,0,0,0,0,5,10
56269,4,4,0.5637884576902256,0.25,1,1,0.625,1,4,10
56274,32,3,0.15513675128719195,0.0625,0.125,0.7631397605568102,0.1875,1,10,10
56281,7,1,0.7251241182247018,1,0.5,0.6130495754650974,0.8,0.5,7,5
56297,289,2,0,0,0,0,0,0,10,10
56298,205,3,0,0,0,0,0,0,10,10
56309,10,3,0.2300510610426737,0.0625,1,0,0,0,10,10
56317,1,3,0.30260241349881345,0.16666666666666666,1,0.9099466049873364,1,1,1,10
56320,1,4,0.33916020527361607,0.2,1,0.5087403079104241,0.4,1,1,10
56324,12,1,0.6500332220485789,0.4375,0.5,0.5766692999492189,0.375,0.5,10,10
56329,613,2,0,0,0,0,0,0,10,10
56330,671,2,0,0,0,0.2240055615151755,0.125,0.5,10,10
56332,168,2,0,0,0,0,0,0,10,10
56337,239,2,0,0,0,0,0,0,10,10
56351,13,2,0.5670778462264136,0.7777777777777778,0.25,0.9230390249121355,0.8888888888888888,1,10,10
56354,4,3,0.4690000933206747,0.1875,1,0.4690000933206747,0.1875,1,4,10
56360,20,3,0.4748405110230366,0.25,1,0.3195496275649209,0.25,0.3333333333333333,10,10
56365,73,1,0,0,0,0.2583297509898471,0.1875,0.25,10,10
56375,32,4,0.19930623359011798,0.21428571428571427,0.125,0.45374257454118544,0.21428571428571427,1,10,10
56380,1,2,0,0,0,0,0,0,1,10
56523,10,4,0.07336392209936005,0.06666666666666667,0.14285714285714285,0.0636207881989517,0.06666666666666667,0.1,10,10
56531,50,2,0.12987501165334073,0.125,0.1111111111111111,0.14876390584057267,0.125,0.2,10,10
56544,1,2,0.22009176629808014,0.0625,1,0.7215194105726963,0.4375,1,1,10
56571,4,4,0.12808708965342477,0.0625,0.25,0.5297195660448781,0.25,1,4,10
56575,5,3,0.31488013066763093,0.125,1,0.4225749983705864,0.1875,1,5,10
56577,5,2,0.3108658234453849,0.2857142857142857,0.5,0.4483039899025303,0.2857142857142857,1,5,10
56579,1,4,0.2300510610426737,0.06666666666666667,1,0.3119969023879004,0.13333333333333333,1,1,10
56582,2,3,0.3667314583167897,0.125,1,0.4140218230338122,0.1875,1,2,10
56584,10,4,0.3725907541108227,0.3125,0.2,0.5423640154200348,0.25,1,10,10
56585,115,2,0,0,0,0.3227266260473091,0.26666666666666666,0.25,10,10
56590,25,3,0.15176219107803537,0.125,0.16666666666666666,0.36792125721353275,0.1875,1,10,10
56593,4,4,0,0,0,0.17173634647487618,0.2857142857142857,0.25,4,10
56610,494,2,0,0,0,0,0,0,10,10
56617,10,4,1,0.625,1,1,0.625,1,10,10
56624,152,2,0,0,0,0.09478836436955078,0.06666666666666667,0.25,10,10
56629,13,3,0.7501374175295779,0.375,1,0.7688211542947764,0.375,1,10,10
56632,6,3,0.727329844310522,0.375,1,0.7065836017263628,0.375,1,6,10
56636,922,2,0,0,0,0,0,0,10,10
56637,51,2,0,0,0,0.46318965958284924,0.25,1,10,10
56638,108,2,0,0,0,0.11965140339054489,0.08,0.14285714285714285,10,10
56639,35,2,0,0,0,0,0,0,10,10
56640,226,3,0,0,0,0,0,0,10,10
56643,112,5,0,0,0,0,0,0,10,10
56649,22,2,0,0,0,0,0,0,10,10
56651,673,2,0,0,0,0,0,0,10,10
56658,5,6,0.5311576535478315,0.2727272727272727,1,0.5002842206479887,0.45454545454545453,0.3333333333333333,5,10
56674,41,1,0.22212782793993271,0.23076923076923078,0.2,0.16421958630632802,0.15384615384615385,0.25,10,10
56685,4,4,0,0,0,0,0,0,4,10
56703,27,4,0.5309999066793252,0.4666666666666667,0.25,1,0.6666666666666666,1,10,10
56728,44,2,0,0,0,0.29806267061529873,0.3333333333333333,0.25,10,10
56731,3,1,0.5487973376826973,0.25,1,0.5487973376826973,0.25,1,3,3
56732,1,1,0.22009176629808014,0.0625,1,0.22009176629808014,0.0625,1,1,1
56743,60,1,0,0,0,0.19913525970735488,0.16666666666666666,0.14285714285714285,10,10
56752,2,4,0.3631994468237204,0.15384615384615385,1,0.8641379297074734,0.6153846153846154,1,2,10
56756,1,3,0.22009176629808014,0.0625,1,1,0.625,1,1,10
56764,17,3,0.4283854321084119,0.12,1,0.24618570546556082,0.12,0.25,10,10
56802,12,1,0.4329570418332233,0.3125,0.5,0.5193185983095427,0.3125,1,10,10
56803,4,3,0.5893002499675077,0.36363636363636365,1,0.6486308491486031,0.45454545454545453,1,4,10
56804,11,1,1,0.625,1,1,0.625,1,10,10
56810,1,2,0.2575389154724167,0.1,1,0.420027879946489,0.2,1,1,4
56814,3,3,1,1,1,1,1,1,3,10
56820,10,1,0.1815997234118602,0.14285714285714285,0.14285714285714285,0.2604979528242145,0.14285714285714285,0.3333333333333333,10,10
56823,3,3,0.5487973376826973,0.1875,1,0.6597133113683123,0.25,1,3,10
56827,5,2,0.6489315753318465,0.19230769230769232,1,0.6489315753318465,0.19230769230769232,1,5,10
56831,17,2,0.5309999066793252,0.4666666666666667,0.25,0.49463965556280093,0.26666666666666666,1,10,10
56845,4,2,0.5812844124561152,0.4444444444444444,1,0.8829076771807786,0.8888888888888888,1,4,8
56852,93,4,0.06814824486916873,0.0625,0.1,0.06814824486916873,0.0625,0.1,10,10
56863,2,3,0.17659831200807974,0.07142857142857142,0.5,0.37320226963128134,0.14285714285714285,1,2,10
56884,51,1,0.9537125187088151,0.3125,1,0.8268133666517737,0.25,1,10,10
56885,18,3,0,0,0,0.36352581989644606,0.25,0.5,10,10
56886,2,2,0.39484136206016496,0.11764705882352941,1,0.39484136206016496,0.11764705882352941,1,2,10
56888,19,3,0.6410457898283652,0.5,0.3333333333333333,0.7257345305446319,0.4375,1,10,10
56889,3,2,0.39563617122131467,0.058823529411764705,1,0.5755676532324865,0.14705882352941177,0.5,3,10
56898,11,5,0.8608135112170997,0.8888888888888888,0.5,0.9138660854327327,0.7777777777777778,1,10,10
56906,13,1,0.43621154230977444,0.6,0.2,1,1,1,10,10
56923,7,2,0,0,0,0,0,0,7,10
56928,97,2,0,0,0,0.2344065099232999,0.12,0.25,10,10
56930,1,3,0.2876598635185553,0.1111111111111111,1,0.9184320188514882,0.8888888888888888,1,1,10
56934,4,5,0.09907759915099076,0.09090909090909091,0.25,0.2300510610426737,0.09090909090909091,1,4,10
56936,4,5,0.12388835991603342,0.1111111111111111,0.25,0.2876598635185553,0.1111111111111111,1,4,10
56940,9,1,0.9083053473410254,1,1,0.6559440574820318,1,0.3333333333333333,9,9
56942,3,2,0.4690000933206747,0.21428571428571427,1,0.4690000933206747,0.21428571428571427,1,3,3
56946,4,2,0.368155235871488,0.1875,0.5,0.5023756245102127,0.1875,1,4,10
56951,6,1,0.8000460734455755,0.6,1,0.7945084078531822,0.6,1,6,7
56959,229,2,0,0,0,0.22082856303278728,0.1111111111111111,0.2,10,10
56971,2,5,0.35895421017163465,0.125,1,0.6325414799409711,0.375,1,2,10
56974,1,2,0.33916020527361607,0.2,1,0.33916020527361607,0.2,1,1,10
56978,2,4,0.22009176629808014,0.0625,1,0.22009176629808014,0.0625,1,2,10
56985,1,4,0.1467278441987201,0.07142857142857142,1,0.796761066247299,0.5714285714285714,1,1,10
56986,28,3,0.6410457898283652,0.21052631578947367,0.3333333333333333,0.968403878543483,0.2631578947368421,1,10,10
56993,4,2,0.6039094289265273,0.25,1,0.9942597274005156,0.625,1,4,10
57006,22,2,0,0,0,0.07839826897867533,0.06666666666666667,0.16666666666666666,10,10
57019,8,2,0.6489315753318465,0.3125,1,0.5541432109622957,0.25,1,8,10
57020,3,4,0.39763391022884753,0.1875,1,0.8759195979917097,0.625,1,3,10
57024,492,2,0,0,0,0.11004588314904007,0.03125,0.3333333333333333,10,10
57031,55,3,0,0,0,0.4170606134915054,0.25,0.5,10,10
57068,1,1,0.22009176629808014,0.0625,1,0.22009176629808014,0.0625,1,1,1
57075,5,3,0.6489315753318465,0.13513513513513514,1,0.8763732492242692,0.24324324324324326,1,5,10
57079,18,1,1,0.625,1,1,0.625,1,10,10
57089,53,2,0.228500673386552,0.3,0.14285714285714285,0.37185395737611554,0.3,1,10,10
57092,58,2,0,0,0,0.1726619612894857,0.25,0.16666666666666666,10,10
57094,94,2,0,0,0,0,0,0,10,10
57100,368,2,0,0,0,0.16421958630632802,0.13333333333333333,0.25,10,10
57104,13,2,0.3819603371583235,0.25,0.5,0.530263109944618,0.3125,1,10,10
57126,25,2,0.5893002499675077,0.25,1,0.712527334858292,0.375,1,10,10
57129,20,1,1,0.625,1,1,0.625,1,10,10
57136,1,2,0,0,0,0,0,0,1,2
57142,7,3,0.7723127271960082,0.5384615384615384,1,0.7582013716223763,0.6153846153846154,1,7,10
57148,33,2,0.5309999066793252,0.4375,0.25,0.1356854453911663,0.125,0.125,10,10
57149,2,2,0.1388624438735545,0.02564102564102564,0.5,0.21560049214752727,0.07692307692307693,0.25,2,10
57154,4,3,0,0,0,0.17366530188280968,0.125,0.25,4,10
57165,1,3,0,0,0,0,0,0,1,10
57168,18079,3,0,0,0,0.1478250446248961,0.16666666666666666,0.25,10,10
57173,6,3,0.5256009005559819,0.3333333333333333,0.5,0.8807234512936335,0.5333333333333333,1,6,10
57174,5,3,0.5541432109622957,0.25,1,0.7661994890551906,0.5625,1,5,10
57189,1,2,0,0,0,0,0,0,1,10
57197,2,2,0.45650001423154074,0.14285714285714285,1,0.8849613571928604,0.5714285714285714,1,2,10
57213,4,2,0.20483424751859086,0.125,0.3333333333333333,0.35895421017163465,0.125,1,4,10
57214,22,1,0.19930623359011798,0.2,0.125,0.6929852696575346,0.4666666666666667,1,10,10
57226,1,2,0,0,0,0.15274548932528484,0.06666666666666667,0.5,1,4
57231,67,2,0,0,0,0.5517854393872873,0.3333333333333333,1,10,10
57241,1,5,0.29740901205864334,0.0625,1,0.6667188947128295,0.3125,1,1,10
57242,18,2,0.8701249883466592,0.5,1,0.804810999209339,0.5,1,10,10
57245,9,1,0.9566671852577723,0.6,1,0.9566671852577723,0.6,1,9,9
57251,6,3,0.6878867668835845,0.4166666666666667,1,0.7561398648862724,0.5,1,6,10
57269,1,3,0.29740901205864334,0.06666666666666667,1,0.29740901205864334,0.06666666666666667,1,1,10
57271,1,5,0.29740901205864334,0.07142857142857142,1,0.5135450280958902,0.2857142857142857,1,1,10
57281,50,2,0,0,0,0.5579780239524,0.13513513513513514,1,10,10
57289,6,1,0.09478836436955078,0.043478260869565216,0.25,0.07839826897867533,0.043478260869565216,0.16666666666666666,6,6
57291,75,2,0,0,0,0.17630010660342912,0.125,0.3333333333333333,10,10
57297,10,2,0.5756448622333049,0.8571428571428571,0.25,0.7095266909655571,0.8571428571428571,0.3333333333333333,10,10
57309,16,3,0,0,0,0,0,0,10,10
57321,97,3,0,0,0,0.22009176629808014,0.04,1,10,10
57329,11,3,0.1427951440361373,0.125,0.14285714285714285,0.14876390584057267,0.125,0.2,10,10
57330,396,2,0,0,0,0,0,0,10,10
57331,17,2,0.1799314820111718,0.14285714285714285,0.25,0.1388624438735545,0.07142857142857142,0.5,10,10
57335,90,2,0,0,0,0.7280855459907164,0.4666666666666667,1,10,10
57336,135,2,0,0,0,0,0,0,10,10
57341,104,2,0,0,0,0.49531571508658595,0.21428571428571427,1,10,10
57348,672,2,0,0,0,0,0,0,10,10
57361,16,3,0.29922683201146255,0.3076923076923077,0.2,0.2781981696179509,0.23076923076923078,0.3333333333333333,10,10
57371,154,2,0,0,0,0,0,0,10,10
57372,171,1,0,0,0,0,0,0,10,10
57403,56,1,0,0,0,0.07336392209936005,0.0625,0.14285714285714285,10,10
57408,8,2,0,0,0,0,0,0,8,10
57416,5,2,0.6489315753318465,0.3125,1,1,0.625,1,5,10
57426,10,3,0.602724896169171,0.3333333333333333,1,0.4349700966295094,0.3333333333333333,0.5,10,10
57435,135,2,0,0,0,0.2980272981222516,0.25,0.25,10,10
57444,25,4,0,0,0,0,0,0,10,10
57446,98,3,0,0,0,0.2357541930550393,0.07692307692307693,1,10,10
57447,314,2,0,0,0,0,0,0,10,10
57471,41,4,0,0,0,0.07668368701422457,0.0625,0.14285714285714285,10,10
57481,7642,1,0,0,0,0,0,0,10,10
57491,13,3,0.11091597368561495,0.06666666666666667,0.25,0.420027879946489,0.13333333333333333,1,10,10
57493,92,3,0.5865319942882664,0.19047619047619047,0.3333333333333333,0.7624164915943119,0.16666666666666666,1,10,10
57511,9,2,0.800693766409882,0.4375,1,0.92663607790064,0.5625,1,9,10
57514,54,4,0.06943122193677725,0.0625,0.125,0.07839826897867533,0.0625,0.16666666666666666,10,10
57515,36,5,0.1799314820111718,0.125,0.25,0.20483424751859086,0.125,0.3333333333333333,10,10
57518,9,1,0.7775541541447762,0.7777777777777778,1,0.8550956239938448,0.7777777777777778,1,9,9
57550,2,2,0,0,0,0.13012668333070057,0.25,0.14285714285714285,2,10
57555,16,2,0.43621154230977444,0.375,0.2,0.8611375561264454,0.5625,1,10,10
57563,1,3,0.29740901205864334,0.0625,1,0.5416227649207691,0.25,1,1,10
57567,8,4,0,0,0,0,0,0,8,10
57570,73,3,0,0,0,0.06943122193677725,0.0625,0.125,10,10
57572,15,3,0.727329844310522,0.375,1,0.6621137423456801,0.375,1,10,10
57574,1,3,0,0,0,0.33543700681409955,0.1875,0.5,1,10
57582,1,2,0,0,0,0,0,0,1,7
57584,105,4,0,0,0,0,0,0,10,10
57585,73,2,0,0,0,0,0,0,10,10
57587,10,4,0.3766702543261977,0.3125,0.25,0.4066392799050654,0.3125,0.3333333333333333,10,10
57592,1515,2,0,0,0,0,0,0,10,10
57594,871,2,0,0,0,0,0,0,10,10
57603,1,4,0,0,0,0.15130120674940672,0.16666666666666666,0.3333333333333333,1,10
57618,4,4,0.09478836436955078,0.0625,0.25,0.18340980524840012,0.125,0.3333333333333333,4,10
57622,213,3,0,0,0,0,0,0,10,10
57628,5,2,0.1467278441987201,0.0625,1,0.11965140339054489,0.125,0.14285714285714285,5,10
57636,3509,2,0,0,0,0,0,0,10,10
57663,18,3,0.11787709652751965,0.07692307692307693,0.3333333333333333,0,0,0,10,10
57664,154,6,0,0,0,0,0,0,10,10
57677,5,3,0.08514311764162098,0.0625,0.2,0.22009176629808014,0.0625,1,5,10
57689,1,4,0.22009176629808014,0.02631578947368421,1,0.4243306218742112,0.07894736842105263,1,1,10
57690,2330,2,0,0,0,0,0,0,10,10
57693,180,3,0,0,0,0.40350157154648025,0.2,1,10,10
57695,3,3,0,0,0,0,0,0,3,10
57698,417,3,0,0,0,0,0,0,10,10
57707,730,2,0,0,0,0.07093554707553369,0.09090909090909091,0.125,10,10
57715,135,5,0,0,0,0.0636207881989517,0.0625,0.1,10,10
57724,79,3,0.19930623359011798,0.1875,0.125,0.2240055615151755,0.125,0.5,10,10
57732,2581,2,0,0,0,0,0,0,10,10
57747,642,4,0,0,0,0,0,0,10,10
57751,367,3,0,0,0,0,0,0,10,10
57755,96,3,0,0,0,0.1388624438735545,0.0625,0.5,10,10
57756,84,3,0,0,0,0.4943572357534483,0.25,1,10,10
57758,1444,3,0,0,0,0,0,0,10,10
57765,13,4,0.0636207881989517,0.06666666666666667,0.1,0.5727555047321237,0.3333333333333333,1,10,10
57768,51,4,0,0,0,0.07336392209936005,0.0625,0.14285714285714285,10,10
57775,419,3,0,0,0,0.16872714292220853,0.08333333333333333,0.5,10,10
57780,81,4,0,0,0,0.3125291152215463,0.21428571428571427,0.5,10,10
57782,324,3,0,0,0,0,0,0,10,10
57792,54,3,0,0,0,0,0,0,10,10
57795,235,3,0,0,0,0,0,0,10,10
57796,1277,3,0,0,0,0.0636207881989517,0.0625,0.1,10,10
57804,38,3,0,0,0,0.5859158460642916,0.2,0.5,10,10
57808,86,4,0,0,0,0.09478836436955078,0.0625,0.25,10,10
57813,18,3,0.2085242695057827,0.08571428571428572,0.2,0.23962883960437065,0.08571428571428572,0.5,10,10
57815,7,4,0.5136240535264184,0.21428571428571427,1,0.506476941504475,0.2857142857142857,1,7,10
57826,3,5,0.35895421017163465,0.14285714285714285,1,0.35895421017163465,0.14285714285714285,1,3,10
57840,8,3,0.30824215787994486,0.1875,0.5,0.25027813934396836,0.125,0.5,8,10
57845,759,2,0,0,0,0.2837125544970318,0.08695652173913043,1,10,10
57851,24,4,0.19930623359011798,0.1875,0.125,0,0,0,10,10
57853,44,4,0,0,0,0,0,0,10,10
57863,63,4,0.17809930419046743,0.075,0.125,0.866947989864271,0.2,1,10,10
57867,427,2,0,0,0,0.06625422345438903,0.0625,0.1111111111111111,10,10
57870,91,4,0,0,0,0.1388624438735545,0.08333333333333333,0.5,10,10
57871,130,3,0,0,0,0.0636207881989517,0.05555555555555555,0.1,10,10
57872,88,3,0.12987501165334073,0.125,0.1111111111111111,0.20829366581033176,0.125,0.5,10,10
57874,146,4,0,0,0,0,0,0,10,10
57888,33,3,0,0,0,0,0,0,10,10
57893,65,4,0,0,0,0.8989726566067058,0.25,1,10,10
57895,27,5,0,0,0,0,0,0,10,10
57898,31,3,0,0,0,0,0,0,10,10
57904,406,2,0,0,0,0.31488013066763093,0.125,1,10,10
57915,113,2,0,0,0,0.20483424751859086,0.125,0.3333333333333333,10,10
57919,2,3,0.40652716006074996,0.13333333333333333,1,0.3566118509061724,0.13333333333333333,1,2,10
57921,434,3,0,0,0,0.06625422345438903,0.02631578947368421,0.1111111111111111,10,10
57924,3314,2,0,0,0,0.09478836436955078,0.0625,0.25,10,10
57926,39,4,0.26536289531773866,0.26666666666666666,0.16666666666666666,0.72891152902702,0.4666666666666667,1,10,10
57927,5,3,0,0,0,0.1799314820111718,0.125,0.25,5,10
57946,13,5,0.716287445502968,0.6153846153846154,0.5,0.826333328652008,0.6153846153846154,1,10,10
57947,8,4,0.2762710741676257,0.23076923076923078,0.5,0.4341754806679218,0.38461538461538464,1,8,10
57968,1,4,0.22009176629808014,0.06666666666666667,1,0.3301376494471202,0.13333333333333333,1,1,10
57978,230,4,0,0,0,0.16777763476155672,0.125,0.25,10,10
57979,12,3,0.4442237426877323,0.1935483870967742,0.3333333333333333,0.6286999989786611,0.1935483870967742,1,10,10
57987,291,3,0,0,0,0.3746661058764784,0.1875,1,10,10
57990,2935,2,0,0,0,0,0,0,10,10
57993,45,3,0,0,0,0,0,0,10,10
58002,36,4,0.19356177383263773,0.12,0.16666666666666666,0.1467278441987201,0.04,1,10,10
58003,196,3,0,0,0,0.41985237681355264,0.3125,0.3333333333333333,10,10
58004,614,3,0,0,0,0.2240055615151755,0.125,0.5,10,10
58008,5,2,0.22009176629808014,0.0625,1,0.22009176629808014,0.0625,1,5,10
58017,6,3,0.21726071285222984,0.125,0.5,0.35895421017163465,0.125,1,6,10
58021,6,3,0.28997736516021183,0.125,0.3333333333333333,0.24890832702259458,0.08333333333333333,0.5,6,10
58040,21,6,0.9440741217461477,0.625,1,0.6284978735639254,0.4375,1,10,10
58057,382,2,0,0,0,0.11004588314904007,0.0625,0.3333333333333333,10,10
58058,9166,2,0,0,0,0,0,0,10,10
58074,1,2,0.31388003468578163,0.16666666666666666,1,0.4353054072388516,0.3333333333333333,1,1,10
58080,80,3,0,0,0,0.21408371436984164,0.08571428571428572,0.16666666666666666,10,10
58082,273,3,0,0,0,0,0,0,10,10
58086,180,4,0,0,0,0.22979561007468535,0.2,0.2,10,10
58094,531,3,0,0,0,0,0,0,10,10
58099,121,4,0,0,0,0.07336392209936005,0.06666666666666667,0.14285714285714285,10,10
58100,19,3,0,0,0,0.424926013816671,0.1875,1,10,10
58102,21,3,0,0,0,0,0,0,10,10
58105,374,3,0,0,0,0.6274124543019363,0.375,1,10,10
58106,425,2,0,0,0,0.3691237606734732,0.2,1,10,10
58132,1,4,0.29740901205864334,0.1,1,0.7350608633173209,0.6,1,1,10
58139,17,3,0.18501732160433487,0.0625,0.25,0.3252171141452899,0.125,0.3333333333333333,10,10
58150,2,4,0.14874433492765377,0.06666666666666667,0.5,0.40094401205797486,0.2,1,2,10
58152,7,3,0.7808983010728168,0.5,1,0.7945489830849058,0.5,1,7,10
58153,3,2,0.8318724637288825,0.75,1,0.6096199500078984,0.75,0.5,3,10
58154,2,1,0.22009176629808014,0.07692307692307693,1,0.22009176629808014,0.07692307692307693,1,2,2
58169,588,2,0,0,0,0,0,0,10,10
58172,3,4,0.21125257092535185,0.06666666666666667,0.3333333333333333,0.31391470417235623,0.13333333333333333,0.5,3,10
58186,2392,1,0,0,0,0,0,0,10,10
58187,90,5,0,0,0,0.36681961049680023,0.23076923076923078,1,10,10
58194,63,4,0,0,0,0,0,0,10,10
58197,387,2,0,0,0,0.36792125721353275,0.1875,1,10,10
58204,704,2,0,0,0,0.07839826897867533,0.022222222222222223,0.16666666666666666,10,10
58206,2,5,0,0,0,0,0,0,2,10
58213,61,3,0,0,0,0.22009176629808014,0.06666666666666667,1,10,10
58219,4,3,0,0,0,0,0,0,4,10
58223,24,3,0.0968941674513005,0.15384615384615385,0.125,0,0,0,10,10
58230,18,3,0.5309999066793252,0.4666666666666667,0.25,0.9363792118010483,0.6,1,10,10
58233,7,3,0,0,0,0,0,0,7,10
58237,21,2,0.35106842466815336,0.35714285714285715,0.16666666666666666,0.37878333867593533,0.2857142857142857,0.5,10,10
58243,5,3,0.6489315753318465,0.3125,1,1,0.625,1,5,10
58387,4,3,0.29740901205864334,0.0625,1,0.29740901205864334,0.0625,1,4,10
58396,2,1,0.18764419468809046,0.0625,0.5,0.29740901205864334,0.0625,1,2,2
58398,3,1,0.5487973376826973,0.1875,1,0.6597133113683123,0.25,1,3,4
58402,33,6,0,0,0,0.6141069626790936,0.375,1,10,10
58403,184,5,0,0,0,0,0,0,10,10
58409,1,3,0.22009176629808014,0.0625,1,0.3301376494471202,0.125,1,1,10
58413,3,3,0.45650001423154074,0.125,1,0.48632121867903577,0.1875,1,3,10
58424,29,2,0,0,0,0.5626475208496899,0.4375,0.3333333333333333,10,10
58450,8,3,0.796761066247299,0.5,1,0.9537125187088151,0.625,1,8,10
58457,20,2,1,0.625,1,0.77523873680463,0.4375,1,10,10
58479,2,3,0.1388624438735545,0.04,0.5,0.2837125544970318,0.08,1,2,10
58513,60,3,0,0,0,0,0,0,10,10
58514,24,4,0.07336392209936005,0,0,0.07336392209936005,0,0,10,10
58517,5,4,0,0,0,0,0,0,5,10
58523,2318,2,0,0,0,0,0,0,10,10
58529,278,3,0,0,0,0.1356854453911663,0.125,0.125,10,10
58531,2739,2,0,0,0,0,0,0,10,10
58532,1389,2,0,0,0,0,0,0,10,10
58539,845,3,0,0,0,0.11004588314904007,0.0625,0.3333333333333333,10,10
58551,696,3,0,0,0,0,0,0,10,10
58559,7,4,0.1365561650123939,0.05128205128205128,0.3333333333333333,0.415716288599382,0.07692307692307693,1,7,10
58562,778,2,0,0,0,0.22009176629808014,0.0625,1,10,10
58576,2366,2,0,0,0,0.08514311764162098,0.04,0.2,10,10
58598,287,4,0,0,0,0,0,0,10,10
58601,272,2,0,0,0,0.09478836436955078,0.0625,0.25,10,10
58621,188,3,0,0,0,0.0636207881989517,0.037037037037037035,0.1,10,10
58626,46,2,0,0,0,0.3227266260473091,0.25,0.25,10,10
58631,668,3,0,0,0,0,0,0,10,10
58636,1361,2,0,0,0,0.07839826897867533,0.0625,0.16666666666666666,10,10
58637,26,4,0,0,0,0,0,0,10,10
58638,1493,2,0,0,0,0.08514311764162098,0.0625,0.2,10,10
58642,23,3,0.27267015568947806,0.25,0.14285714285714285,0.579782773204422,0.3125,1,10,10
58645,7939,2,0,0,0,0.16815228646891084,0.06451612903225806,0.25,10,10
58647,425,3,0,0,0,0.11004588314904007,0.0625,0.3333333333333333,10,10
58659,292,4,0,0,0,0.06625422345438903,0.0625,0.1111111111111111,10,10
58662,58,5,0,0,0,0.07839826897867533,0.0625,0.16666666666666666,10,10
58667,501,3,0,0,0,0.22009176629808014,0.0625,1,10,10
58668,689,3,0,0,0,0,0,0,10,10
58670,199,2,0,0,0,0.4323181322709947,0.075,1,10,10
58675,124,2,0,0,0,0.6357429506707164,0.5,1,10,10
58678,57,1,0,0,0,0,0,0,10,10
58687,20,2,0,0,0,0,0,0,10,10
58691,63,2,0,0,0,0,0,0,10,10
58693,6,2,0,0,0,0,0,0,6,10
58695,5,3,0.28997736516021183,0.1875,0.3333333333333333,0.424926013816671,0.1875,1,5,10
58698,14,2,0.12987501165334073,0.09090909090909091,0.1111111111111111,0.727329844310522,0.2727272727272727,1,10,10
58702,131,2,0,0,0,0.28634598975246917,0.09090909090909091,1,10,10
58707,1,3,0,0,0,0,0,0,1,10
58718,1,3,0,0,0,0,0,0,1,10
58720,51,3,0,0,0,0.9363792118010483,0.6,1,10,10
58723,169,2,0,0,0,0.1427951440361373,0.125,0.14285714285714285,10,10
58731,2,3,0.4361533373077281,0.125,1,0.6466492297915689,0.25,1,2,10
58748,7,2,0.800693766409882,0.4666666666666667,1,0.800693766409882,0.4666666666666667,1,7,10
58750,19,2,0.07336392209936005,0.0625,0.14285714285714285,0.41939799988819815,0.25,1,10,10
58781,7,2,0.727329844310522,0.46153846153846156,1,0.92663607790064,0.6923076923076923,1,7,10
58785,1,2,0.22009176629808014,0.034482758620689655,1,0.35895421017163465,0.06896551724137931,1,1,2
58794,368,3,0,0,0,0.08514311764162098,0.0625,0.2,10,10
58795,119,2,0,0,0,0,0,0,10,10
58796,39,3,0,0,0,0,0,0,10,10
58807,659,4,0,0,0,0.08514311764162098,0.037037037037037035,0.2,10,10
58810,260,4,0,0,0,0,0,0,10,10
58811,49,6,0,0,0,0.07858473101834644,0.0625,0.14285714285714285,10,10
58812,73,3,0,0,0,0.31488013066763093,0.125,1,10,10
58818,226,4,0,0,0,0,0,0,10,10
58823,65,4,0.15176219107803537,0.125,0.16666666666666666,0.4220949603708207,0.25,0.5,10,10
58829,1028,2,0,0,0,0.5103515512676446,0.25,1,10,10
58830,164,3,0,0,0,0.09312439304278933,0.1111111111111111,0.2,10,10
58848,98,3,0,0,0,0.18340980524840012,0.05,0.3333333333333333,10,10
58857,167,3,0,0,0,0,0,0,10,10
58861,95,3,0,0,0,0.1151635048539624,0.06060606060606061,0.14285714285714285,10,10
58866,240,1,0,0,0,0,0,0,10,10
58881,252,3,0,0,0,0.07336392209936005,0.06666666666666667,0.14285714285714285,10,10
58883,26,2,0.6410457898283652,0.20512820512820512,0.3333333333333333,1,0.2564102564102564,1,10,10
58907,16,2,0,0,0,0.4361533373077281,0.18181818181818182,1,10,10
58912,93,2,0,0,0,0.0636207881989517,0.07692307692307693,0.1,10,10
58916,446,2,0,0,0,0.5637884576902256,0.25,1,10,10
58921,155,3,0,0,0,0.15176219107803537,0.125,0.16666666666666666,10,10
58926,10,3,0.5111707781750245,0.375,0.3333333333333333,0.7125523635307983,0.375,1,10,10
58935,4,2,0.11091597368561495,0.1,0.25,0.12876945773620835,0.1,0.3333333333333333,4,10
58939,110,2,0,0,0,0.06625422345438903,0.041666666666666664,0.1111111111111111,10,10
58941,2,4,0.35895421017163465,0.125,1,0.3052348839397011,0.125,1,2,10
58944,2,3,0.2357541930550393,0.07142857142857142,1,0,0,0,2,10
58968,40,2,0.27267015568947806,0.25,0.14285714285714285,0.4420219760475999,0.3125,0.5,10,10
58973,112,2,0.0636207881989517,0.024390243902439025,0.1,0.14201905717762703,0.04878048780487805,0.16666666666666666,10,10
58977,5,3,0.11243018208286118,0.07142857142857142,0.3333333333333333,0.43934113237655087,0.35714285714285715,0.3333333333333333,5,10
58993,329,1,0,0,0,0.04241385879930114,0.06666666666666667,0.1,10,10
59000,7,3,0.30135496358606856,0.25,0.25,0.6151261302272826,0.3125,1,7,10
59030,5,3,0,0,0,0,0,0,5,10
59034,32,2,0,0,0,0.06943122193677725,0.0625,0.125,10,10
59037,4,2,0.2855902880722746,0.05405405405405406,1,0.3910649978591252,0.08108108108108109,1,4,10
59039,12,4,0.0991363373528811,0.0625,0.3333333333333333,0.1250961297920603,0.0625,0.5,10,10
59042,228,2,0,0,0,0,0,0,10,10
59043,7,5,0.800693766409882,0.4375,1,1,0.625,1,7,10
59054,22,2,0.14534125117695076,0.125,0.125,0.5023756245102127,0.1875,1,10,10
59058,37,1,0.7799082337019198,0.24324324324324326,0.5,1,0.2702702702702703,1,10,10
59063,60,3,0.06649967000454629,0.07692307692307693,0.1,0,0,0,10,10
59065,855,2,0,0,0,0.6243301345792676,0.375,1,10,10
59066,29,3,0.15176219107803537,0.125,0.16666666666666666,0.38603065097980993,0.1875,1,10,10
59077,8,2,0.6313393648868112,0.5,0.25,0.78450382168271,0.6,0.5,8,10
59099,12,2,0.5309999066793252,0.4375,0.25,0.8165901947515998,0.5,1,10,10
59102,29,2,0.6894512701078088,0.5,0.5,0.2909322118241521,0.21428571428571427,0.2,10,10
59110,17,1,0.23047380976071705,0.1875,0.25,0.4530643748551538,0.25,1,10,10
59111,2,3,0.2709881365155743,0.1111111111111111,1,0.6280229640249189,0.4444444444444444,1,2,10
59122,7,3,0.5611230811895682,0.3333333333333333,0.5,0.4958303115332279,0.3333333333333333,0.3333333333333333,7,10
59125,9,2,0.7222954974312066,0.375,1,0.6325414799409711,0.3125,1,9,10
59126,1,5,0.24209587273488012,0.0625,1,0.24209587273488012,0.0625,1,1,10
59128,1,2,0,0,0,0,0,0,1,10
59134,15,1,1,0.625,1,1,0.625,1,10,10
59162,15,2,0.9363792118010483,0.5625,1,0.8643145546088337,0.5,1,10,10
59169,8,1,0,0,0,0,0,0,8,8
59208,2,3,0.1879311110491123,0.06666666666666667,0.5,0.7531618044001636,0.4666666666666667,1,2,10
59213,5,3,0.5300462277348635,0.3,1,0.7732351030863882,0.7,0.5,5,10
59227,12,1,0.945122729942778,0.7692307692307693,1,0.9476770833835723,0.7692307692307693,1,10,10
59234,40,2,0,0,0,0.08514311764162098,0.0625,0.2,10,10
59239,13,3,0.4673791184803735,0.375,0.25,0.5513310624619329,0.3125,1,10,10
59300,2,2,0,0,0,0,0,0,2,10
59326,25,4,0,0,0,0.6235540477207573,0.375,1,10,10
59372,7,3,0.800693766409882,0.7,1,0.92663607790064,0.9,1,7,10
59382,1,5,0.2605834823075072,0.125,1,0.803332608803466,0.75,1,1,10
59386,9,4,0.9363792118010483,0.6,1,0.9303168775031578,0.6666666666666666,1,9,10
59393,13,3,0,0,0,0,0,0,10,10
59398,13,4,1,0.6666666666666666,1,1,0.6666666666666666,1,10,10
59411,43,3,0,0,0,0.1799314820111718,0.14285714285714285,0.25,10,10
59420,377,2,0,0,0,0.12987501165334073,0.125,0.1111111111111111,10,10
59423,103,4,0,0,0,0,0,0,10,10
59424,184,3,0,0,0,0.28634598975246917,0.125,1,10,10
59427,17,4,0.12987501165334073,0.125,0.1111111111111111,0.6207622843987101,0.3125,1,10,10
59428,100,4,0,0,0,0.17947710508581732,0.14285714285714285,0.3333333333333333,10,10
59429,22,2,0,0,0,0,0,0,10,10
59437,41,3,0,0,0,0.388244052766991,0.1875,1,10,10
59438,6,4,0.5008655546918771,0.3333333333333333,1,0.26582000527739175,0.2222222222222222,0.5,6,10
59449,447,3,0,0,0,0.1388624438735545,0.06666666666666667,0.5,10,10
59456,680,7,0,0,0,0.07336392209936005,0.0625,0.14285714285714285,10,10
59465,343,2,0,0,0,0.31930049834727015,0.2,0.5,10,10
59466,22,4,0,0,0,0.22979561007468535,0.21428571428571427,0.2,10,10
59468,394,2,0,0,0,0.388244052766991,0.1875,1,10,10
59477,1,7,0,0,0,0.15336737402844913,0.0625,1,1,10
59479,129,3,0,0,0,0.21726071285222984,0.125,0.5,10,10
59481,1664,2,0,0,0,0.32730659600126993,0.2,0.5,10,10
59485,156,5,0,0,0,0.21222636597291455,0.13333333333333333,0.5,10,10
59493,192,2,0,0,0,0.17590597188014143,0.13333333333333333,0.25,10,10
59511,69,1,0.6410457898283652,0.5,0.3333333333333333,0.3683756341388872,0.25,0.3333333333333333,10,10
59513,4,2,0,0,0,0,0,0,4,10
59518,26,1,0.19930623359011798,0.21428571428571427,0.125,0.6274092458891771,0.35714285714285715,1,10,10
59519,55,2,0,0,0,0.2771420908599996,0.25,0.2,10,10
59520,13,1,1,0.7692307692307693,1,0.8899541168509598,0.6923076923076923,1,10,10
59535,6,2,0.4241401278428595,0.25,0.5,0.7679389233507871,0.4375,1,6,10
59544,1,4,0.6131471927654584,0.5,1,0.6131471927654584,0.5,1,1,10
59545,214,2,0,0,0,0.643768411385399,0.2,1,10,10
59553,74,2,0,0,0,0.08514311764162098,0.0625,0.2,10,10
59562,15,3,0.20483424751859086,0.125,0.3333333333333333,0.38942897430933054,0.3125,0.3333333333333333,10,10
59579,167,2,0,0,0,0,0,0,10,10
59580,128,3,0,0,0,0,0,0,10,10
59610,61,3,0,0,0,0,0,0,10,10
59612,1,4,0.22009176629808014,0.08333333333333333,1,0.3052348839397011,0.16666666666666666,1,1,10
59628,6,3,0.727329844310522,0.375,1,1,0.625,1,6,10
59659,1,3,0.22009176629808014,0.0625,1,0.11004588314904007,0.0625,0.3333333333333333,1,10
59670,6,4,0.42883980903376634,0.1,0.5,0.853686855770983,0.225,1,6,10
59678,33,2,0,0,0,0.8687471874513092,0.5625,1,10,10
59682,73,2,0,0,0,0.35895421017163465,0.08333333333333333,1,10,10
59691,21,2,0.0636207881989517,0.0625,0.1,0.46474568322493615,0.375,0.25,10,10
59699,656,2,0,0,0,0.6110191504983017,0.3125,1,10,10
59768,18,2,0.12497315405946013,0.09090909090909091,0.16666666666666666,0.2132981753197951,0.09090909090909091,0.5,10,10
59773,2,3,0,0,0,0,0,0,2,10
59774,43,3,0,0,0,0.24936270394794904,0.1875,0.25,10,10
59775,91,3,0,0,0,0.3636237070689246,0.25,0.5,10,10
59781,19,1,0.571614567891588,0.4666666666666667,0.3333333333333333,0.725452110735279,0.4666666666666667,1,10,10
59787,1,3,0.22009176629808014,0.06666666666666667,1,0.800693766409882,0.4666666666666667,1,1,10
59788,14,2,0.6994739030813918,0.375,1,0.6378891765242927,0.4375,0.5,10,10
59796,6,2,0.19694551601238366,0.3333333333333333,0.2,0.5090967735771897,0.3333333333333333,1,6,10
59809,2,2,0.45650001423154074,0.14285714285714285,1,0.5465334252760357,0.21428571428571427,1,2,10
59828,1,4,0.22009176629808014,0.027777777777777776,1,0.800693766409882,0.19444444444444445,1,1,10
59830,40,2,0,0,0,0.2240055615151755,0.125,0.5,10,10
59836,1348,1,0,0,0,0,0,0,10,10
59841,4177,1,0,0,0,0,0,0,10,10
59842,285,3,0,0,0,0.06625422345438903,0.0625,0.1111111111111111,10,10
59844,137,3,0,0,0,0.13698471029831175,0.125,0.14285714285714285,10,10
59850,334,3,0,0,0,0.06943122193677725,0.0625,0.125,10,10
59865,1,2,0,0,0,0.06625422345438903,0.0625,0.1111111111111111,1,10
59866,384,2,0,0,0,0.49118023727106,0.13793103448275862,1,10,10
59896,1453,3,0,0,0,0,0,0,10,10
59898,543,3,0,0,0,0,0,0,10,10
59899,20,4,0.35106842466815336,0.38461538461538464,0.16666666666666666,0.07839826897867533,0.07692307692307693,0.16666666666666666,10,10
59906,4133,2,0,0,0,0.2532954041105318,0.08571428571428572,0.25,10,10
59908,1353,3,0,0,0,0,0,0,10,10
59910,139,3,0,0,0,0.15850703974098104,0.125,0.2,10,10
59918,1356,2,0,0,0,0,0,0,10,10
59920,594,3,0,0,0,0,0,0,10,10
59921,1718,2,0,0,0,0,0,0,10,10
59925,2352,2,0,0,0,0,0,0,10,10
59936,8,4,0,0,0,0,0,0,8,10
59940,1356,2,0,0,0,0,0,0,10,10
59947,38,1,0,0,0,0.07839826897867533,0.0625,0.16666666666666666,10,10
59961,641,2,0,0,0,0.09478836436955078,0.08333333333333333,0.25,10,10
59962,9,3,0.5079937796926363,0.375,0.3333333333333333,0.20483424751859086,0.125,0.3333333333333333,9,10
59963,31,2,0,0,0,0,0,0,10,10
59969,150,2,0,0,0,0,0,0,10,10
59975,29,2,0.7799082337019198,0.5625,0.5,0.9363792118010483,0.5625,1,10,10
60200,57,1,0,0,0,0.2644918786253648,0.08333333333333333,0.5,10,10
60203,3,3,0.5698664345004878,0.2,1,0.5698664345004878,0.2,1,3,10
60237,713,2,0,0,0,0.35895421017163465,0.125,1,10,10
60242,392,2,0,0,0,0.18736332695192046,0.1,0.5,10,10
60243,15,3,0.27267015568947806,0.25,0.14285714285714285,0.9363792118010483,0.5625,1,10,10
60244,59,3,0,0,0,0,0,0,10,10
60251,170,3,0,0,0,0.3746661058764784,0.1875,1,10,10
60264,20,2,0.35106842466815336,0.3125,0.16666666666666666,0.8521705090845474,0.5,1,10,10
60265,242,2,0,0,0,0.2934556883974402,0.125,1,10,10
60267,51,2,0.1427951440361373,0.13333333333333333,0.14285714285714285,0.15176219107803537,0.06666666666666667,0.16666666666666666,10,10
60268,1,2,0,0,0,0.07079392215633316,0.1111111111111111,0.2,1,10
60272,22,3,0,0,0,0,0,0,10,10
60277,8,3,0.050104440714279774,0,0,0,0,0,8,10
60297,65,3,0.0636207881989517,0.0625,0.1,0.5321408435198608,0.25,1,10,10
60298,60,2,0,0,0,0.51071640124967,0.26666666666666666,1,10,10
60316,4,4,0,0,0,0,0,0,4,10
60319,707,2,0,0,0,0,0,0,10,10
60320,361,3,0,0,0,0,0,0,10,10
60348,150,5,0,0,0,0,0,0,10,10
60349,1260,2,0,0,0,0,0,0,10,10
60357,436,3,0,0,0,0.2240055615151755,0.125,0.5,10,10
60367,134,3,0,0,0,0.04241385879930114,0.029411764705882353,0.1,10,10
60376,24,3,0,0,0,0,0,0,10,10
60379,37,2,0,0,0,0.5684579545875155,0.375,0.5,10,10
60384,1,4,0,0,0,0.13593476918887523,0.13333333333333333,0.125,1,10
60386,63,2,0,0,0,0,0,0,10,10
60387,815,3,0,0,0,0.1388624438735545,0.0625,0.5,10,10
60389,4,2,0.5487973376826973,0.1875,1,0.420027879946489,0.125,1,4,10
60466,4,8,0.5394556913758773,0.3076923076923077,1,0.7272595543157154,0.46153846153846156,1,4,10
60468,5,3,0.09478836436955078,0.0625,0.25,0.11004588314904007,0.0625,0.3333333333333333,5,10
60470,84,2,0,0,0,0.27487633291429087,0.14285714285714285,1,10,10
60485,129,3,0,0,0,0.1396181455537491,0.125,0.14285714285714285,10,10
60488,15,4,0.47125366783306755,0.35714285714285715,0.5,0.4305591074091681,0.35714285714285715,0.5,10,10
60491,47,3,0,0,0,0.6274092458891771,0.35714285714285715,1,10,10
60495,20,3,0,0,0,0,0,0,10,10
60497,20,2,0,0,0,0.39484136206016496,0.13333333333333333,1,10,10
60512,4,2,0,0,0,0,0,0,4,10
60516,166,1,0,0,0,0,0,0,10,10
60520,19,1,0.7799082337019198,0.5,0.5,1,0.5555555555555556,1,10,10
60532,1,3,0.3368164256333635,0.14285714285714285,1,0.3368164256333635,0.14285714285714285,1,1,10
60535,18,4,0,0,0,0.07637274466264242,0.0625,0.125,10,10
60537,98,3,0.27267015568947806,0.25,0.14285714285714285,0,0,0,10,10
60550,1,1,0.2575389154724167,0.0625,1,0.2575389154724167,0.0625,1,1,1
60554,224,2,0,0,0,0.24890832702259458,0.125,0.5,10,10
60557,9,4,0.08289483475397243,0.05555555555555555,0.2,0.4597951663171872,0.2222222222222222,0.5,9,10
60581,24,2,0.5072380780124417,0.3125,0.5,0.8133148727341112,0.5,1,10,10
60589,154,3,0,0,0,0.4977962688668735,0.35714285714285715,1,10,10
60594,16,4,0.4218774475002805,0.15384615384615385,0.5,0.49108483447213774,0.11538461538461539,1,10,10
60597,554,2,0,0,0,0.8745130913096956,0.5625,1,10,10
60599,2,5,0.5335101783431393,0.3333333333333333,1,0.7909923332035473,0.6666666666666666,1,2,10
60600,1874,2,0,0,0,0.30342551497463044,0.3,0.5,10,10
60603,1,4,0,0,0,0.5072380780124417,0.3125,0.5,1,10
60604,8,4,0.4283854321084119,0.1875,1,0.1388624438735545,0.0625,0.5,8,10
60610,24,2,0.43519135761577177,0.3,0.3333333333333333,0.3976722328631673,0.25,0.5,10,10
60613,317,2,0,0,0,0.06625422345438903,0.0625,0.1111111111111111,10,10
60624,6,3,0,0,0,0.0979129253499678,0.14285714285714285,0.16666666666666666,6,10
60648,17,5,0.9363792118010483,0.5625,1,0.8415908474314975,0.5,1,10,10
60651,63,2,0,0,0,0.4412851793128928,0.25,1,10,10
60652,109,4,0,0,0,0.16354138662029633,0.125,0.2,10,10
60661,32,1,0.19930623359011798,0.1875,0.125,0.46081298306235335,0.3125,0.5,10,10
60668,781,2,0,0,0,0,0,0,10,10
60681,3635,2,0,0,0,0,0,0,10,10
60684,14,3,0.5309999066793252,0.6363636363636364,0.25,0.5040610795300535,0.5454545454545454,0.3333333333333333,10,10
60688,662,3,0,0,0,0,0,0,10,10
60708,301,2,0,0,0,0.45056557605879727,0.25,1,10,10
60719,33,3,0,0,0,0,0,0,10,10
60739,3,5,0,0,0,0.0636207881989517,0.07142857142857142,0.1,3,10
60747,150,3,0,0,0,0.06943122193677725,0.0625,0.125,10,10
60751,15,4,0,0,0,0.07839826897867533,0.0625,0.16666666666666666,10,10
60763,739,2,0,0,0,0,0,0,10,10
60769,147,4,0,0,0,0,0,0,10,10
60773,252,3,0,0,0,0.7975167679274937,0.5,1,10,10
60774,26,4,0,0,0,0.2336508082431053,0.125,0.5,10,10
60775,454,4,0,0,0,0,0,0,10,10
60784,33,3,0.12987501165334073,0.18181818181818182,0.1111111111111111,0.800693766409882,0.6363636363636364,1,10,10
60790,422,2,0,0,0,0.7007731679885373,0.375,1,10,10
60809,10,1,0.3650131032855019,0.25,1,0.19508253909381212,0.25,0.2,10,10
60810,6,2,0.28256209831687623,0.14285714285714285,0.3333333333333333,0.6176977382247575,0.2857142857142857,1,6,8
60814,5,2,0,0,0,0,0,0,5,10
60817,186,3,0,0,0,0,0,0,10,10
60824,112,2,0,0,0,0.4440973278132556,0.1875,1,10,10
60856,3776,2,0,0,0,0,0,0,10,10
60861,113,3,0,0,0,0.06625422345438903,0.0625,0.1111111111111111,10,10
60866,29,5,0.5309999066793252,0.175,0.25,0.9216017310213247,0.225,1,10,10
60890,274,4,0,0,0,0,0,0,10,10
60894,94,4,0,0,0,0.22009176629808014,0.0625,1,10,10
60909,144,5,0,0,0,0.30308203017988256,0.1875,0.5,10,10
60910,164,4,0,0,0,0.15850703974098104,0.125,0.2,10,10
60915,605,2,0,0,0,0.30240383049385083,0.1875,0.5,10,10
60917,319,3,0,0,0,0.08514311764162098,0.0625,0.2,10,10
60933,1,3,0.26742619438551957,0.0625,1,0.26742619438551957,0.0625,1,1,10
60962,19833,2,0,0,0,0,0,0,10,10
60972,4552,3,0,0,0,0,0,0,10,10
60973,2,3,0,0,0,0,0,0,2,10
60978,426,2,0,0,0,0.06943122193677725,0.0625,0.125,10,10
61019,392,5,0,0,0,0.06943122193677725,0.0625,0.125,10,10
61024,416,3,0,0,0,0.39092738420022166,0.1,0.5,10,10
61041,868,4,0,0,0,0.07336392209936005,0.02127659574468085,0.14285714285714285,10,10
61042,159,4,0,0,0,0,0,0,10,10
61055,93,2,0,0,0,0,0,0,10,10
61067,565,4,0,0,0,0,0,0,10,10
61075,10,2,0.11004588314904007,0.0625,0.3333333333333333,0.22009176629808014,0.0625,1,10,10
61083,23,2,0.43621154230977444,0.4,0.2,0.35895421017163465,0.13333333333333333,1,10,10
61113,1,3,0.22009176629808014,0.0625,1,0.22009176629808014,0.0625,1,1,10
61123,3,2,1,1,1,1,1,1,3,10
61130,48,3,0,0,0,1,0.625,1,10,10
61132,6,4,0.10902759108019754,0.125,0.2,0.38431135260440824,0.25,1,6,10
61136,110,3,0,0,0,0.2123906267912911,0.2222222222222222,0.5,10,10
61138,9,5,0.06943122193677725,0.0625,0.125,0.6620158551732015,0.375,1,9,10
61146,57,5,0,0,0,0.3628869103342175,0.1875,1,10,10
61147,5,2,0.22009176629808014,0.03125,1,0.04241385879930114,0.03125,0.1,5,10
61150,70,4,0,0,0,0,0,0,10,10
61155,70,3,0.3063365306564336,0.26666666666666666,0.2,0,0,0,10,10
61162,33,1,0.06625422345438903,0.06666666666666667,0.1111111111111111,0.22009176629808014,0.06666666666666667,1,10,10
61163,2,3,0,0,0,0.23719771276929622,0.5,0.2,2,10
61169,20,2,0,0,0,0.6021255882649583,0.36363636363636365,1,10,10
61176,26,2,0.35106842466815336,0.3125,0.16666666666666666,0.5626475208496899,0.4375,0.3333333333333333,10,10
61185,11591,1,0,0,0,0,0,0,10,10
61192,75,3,0,0,0,0.2865293637533069,0.1875,0.5,10,10
61196,63,4,0,0,0,0.08514311764162098,0.07142857142857142,0.2,10,10
61199,748,4,0,0,0,0,0,0,10,10
61200,879,4,0,0,0,0.11004588314904007,0.06666666666666667,0.3333333333333333,10,10
61202,52,1,0,0,0,0.22009176629808014,0.06666666666666667,1,10,10
61209,1,3,0,0,0,0.08514311764162098,0.02702702702702703,0.2,1,10
61221,5,2,0.5211204970478976,0.3076923076923077,1,0.601217374859455,0.38461538461538464,1,5,10
61223,31,1,0.27267015568947806,0.25,0.14285714285714285,0.37878333867593533,0.25,0.5,10,10
61227,12,2,0.8982550386867663,0.625,1,0.9768562593544076,0.625,1,10,10
61236,10,2,0,0,0,0.12987501165334073,0.2,0.1111111111111111,10,10
61237,287,1,0,0,0,0.31488013066763093,0.13333333333333333,1,10,10
61240,22,1,0,0,0,0,0,0,10,10
61251,1,2,0.279901702223461,0.0625,1,0.279901702223461,0.0625,1,1,10
61265,109,1,0,0,0,0,0,0,10,10
61271,6,1,0.26889882644308566,0.125,1,0.3233688044978225,0.125,1,6,6
61279,6,2,0.4494154031433234,0.25,0.5,0.63987206321287,0.3125,1,6,10
61281,9,2,0.424926013816671,0.1875,1,0.2735872697693364,0.1875,0.3333333333333333,9,10
61282,1,2,0.22009176629808014,0.0625,1,0.22009176629808014,0.0625,1,1,10
61309,7,2,0.42702243290923725,0.2,1,0.2476254271310945,0.2,0.2,7,10
61329,9,2,0.07336392209936005,0.0625,0.3333333333333333,0,0,0,9,10
61332,49,2,0,0,0,0.579782773204422,0.17857142857142858,1,10,10
61333,2,2,0.45650001423154074,0.125,1,0.7688211542947764,0.375,1,2,8
61335,1,2,0.22009176629808014,0.0625,1,0.6203974344166847,0.3125,1,1,10
61351,31,1,0,0,0,0.5399873388995389,0.3157894736842105,0.5,10,10
61352,17,1,0.43621154230977444,0.375,0.2,0.826333328652008,0.5,1,10,10
61378,53,1,0,0,0,0.2895229882348574,0.10526315789473684,1,10,10
61385,40,1,0,0,0,0,0,0,10,10
61387,63,1,0,0,0,0.2024832320725062,0.1,0.5,10,10
61397,7,2,0.81804192373243,0.4375,1,0.81804192373243,0.4375,1,7,10
61398,10,1,1,0.625,1,1,0.625,1,10,10
61404,86,1,0,0,0,0,0,0,10,10
61464,415,1,0,0,0,0,0,0,10,10
61473,4,1,0.45374257454118544,0.2,1,0.45374257454118544,0.2,1,4,4
61478,3,3,0.24890832702259458,0.0625,0.5,0.9216017310213247,0.28125,1,3,10
61490,8,2,0.7790889382842405,0.6,1,0.7702932475948268,0.7,1,8,10
61497,57,1,0,0,0,0.29922683201146255,0.25,0.2,10,10
61502,4,2,0.23871318183709045,0.13333333333333333,0.5,0.3667314583167897,0.13333333333333333,1,4,10
61513,18,2,0.5309999066793252,0.4375,0.25,0.7670273914429263,0.4375,1,10,10
61514,2,3,0.39484136206016496,0.125,1,0.5567789168399488,0.3125,1,2,10
61516,15,3,1,0.625,1,1,0.625,1,10,10
61527,193,2,0,0,0,0.46710345479994453,0.3125,0.5,10,10
61545,321,1,0,0,0,0,0,0,10,10
61548,6,2,0.5182281048448001,0.3125,0.5,0.662991591198965,0.3125,1,6,10
61582,928,1,0,0,0,0,0,0,10,10
61588,36,4,0,0,0,0.08194584134522671,0.0625,0.16666666666666666,10,10
61659,430,2,0,0,0,0.4228506620510153,0.3125,0.3333333333333333,10,10
61665,193,2,0,0,0,0.17630010660342912,0.125,0.3333333333333333,10,10
61669,76,2,0,0,0,0.4323181322709947,0.1875,1,10,10
61694,1,2,0.29740901205864334,0.06666666666666667,1,0,0,0,1,10
61696,50,2,0,0,0,0.17002821265002713,0.125,0.2,10,10
61703,45,1,0,0,0,0,0,0,10,10
61717,2,2,0,0,0,0,0,0,2,10
61726,7,3,0.44173955623824723,0.3125,0.3333333333333333,0.5868924718493929,0.3125,1,7,10
61740,5,3,0.35895421017163465,0.14285714285714285,1,0.17318663334822612,0.14285714285714285,0.25,5,10
61761,3,5,0.11787709652751965,0.1,0.3333333333333333,0.7118041267893815,0.6,1,3,10
61776,1,1,0.24926098697416302,0.0625,1,0.24926098697416302,0.0625,1,1,1
61827,13,3,0.6968404678259544,0.375,1,0.7097402150304354,0.4375,1,10,10
61850,113,2,0,0,0,0.06499922211334154,0.07692307692307693,0.1,10,10
61853,2,1,0.279901702223461,0.06666666666666667,1,0.17659831200807974,0.06666666666666667,0.5,2,2
61857,1,1,0,0,0,0,0,0,1,1
61869,11,1,0.08935612182092248,0.09090909090909091,0.1111111111111111,0.10516644181076237,0.09090909090909091,0.1111111111111111,10,10
61893,199,1,0,0,0,0.11004588314904007,0.0625,0.3333333333333333,10,10
61910,9,1,0.9566671852577723,0.5625,1,0.9566671852577723,0.5625,1,9,9
61928,7,2,0,0,0,0,0,0,7,10
61930,20,2,0.2722658375434138,0.375,0.2,0.07311683844390994,0.125,0.1,10,10
61933,1,1,0.08737071230218288,0,0,0.08737071230218288,0,0,1,1
61957,129,1,0,0,0,0.44803002797583846,0.36363636363636365,1,10,10
61958,2,3,0.39763391022884753,0.125,1,0.39763391022884753,0.125,1,2,10
61961,122,2,0,0,0,0.6845446898851333,0.375,1,10,10
61962,47,2,0,0,0,0.8304198973631919,0.8,1,10,10
61964,49,2,0,0,0,0.11004588314904007,0.0625,0.3333333333333333,10,10
62055,1,2,0,0,0,0,0,0,1,10
62063,681,3,0,0,0,0.046287481291184845,0,0,10,10
62110,32,2,0,0,0,0,0,0,10,10
62116,183,3,0,0,0,0,0,0,10,10
62120,58,2,0,0,0,0.45374257454118544,0.21428571428571427,1,10,10
62121,4213,2,0,0,0,0,0,0,10,10
62136,53,3,0,0,0,0,0,0,10,10
62150,11,4,0,0,0,0,0,0,10,10
62151,891,2,0,0,0,0.22009176629808014,0.0625,1,10,10
62155,41,3,0,0,0,0,0,0,10,10
62162,3,1,0.11243018208286118,0.0625,0.3333333333333333,0.11243018208286118,0.0625,0.3333333333333333,3,3
62168,3,4,0.6575324267408512,0.42857142857142855,1,0.7461271827452907,0.5714285714285714,1,3,10
62180,6,3,0.16354138662029633,0.15384615384615385,0.2,0.26180807422707547,0.23076923076923078,0.3333333333333333,6,10
62181,6,1,0.550446117218316,0.4444444444444444,0.5,0.6310895684150645,0.4444444444444444,1,6,6
62185,22,1,0,0,0,0,0,0,10,10
62193,4,1,0.24890832702259458,0.125,0.5,0.24890832702259458,0.125,0.5,4,4
62195,6,3,0.727329844310522,0.35294117647058826,1,0.7909506325094736,0.4117647058823529,1,6,10
62204,71,3,0,0,0,0,0,0,10,10
62206,10,5,1,0.9090909090909091,1,0.9575861412006988,0.8181818181818182,1,10,10
62210,6,5,0.6385085174798409,0.26666666666666666,1,0.938677260894059,0.6,1,6,10
62223,13,3,0.6410457898283652,0.5,0.3333333333333333,0.7967610662472991,0.4375,1,10,10
62388,117,3,0,0,0,0.24655055544758617,0.1875,0.3333333333333333,10,10
62397,9014,1,0,0,0,0.13305201013572895,0.037037037037037035,0.125,10,10
62399,396,1,0,0,0,0,0,0,10,10
62413,6,3,0.6172839611614817,0.5,1,0.0636207881989517,0.1,0.1,6,10
62421,826,2,0,0,0,0,0,0,10,10
62450,31162,1,0,0,0,0,0,0,10,10
62457,5,2,0.056762078427747324,0.0625,0.2,0.06319224291303384,0.0625,0.25,5,10
62459,5662,2,0,0,0,0,0,0,10,10
62464,754,3,0,0,0,0.09478836436955078,0.024390243902439025,0.25,10,10
62476,224,3,0,0,0,0.22009176629808014,0.0625,1,10,10
62477,505,3,0,0,0,0.07394398245707663,0.0625,0.25,10,10
62478,19,3,0.09010000865236768,0.125,0.16666666666666666,0.07979453856244816,0.125,0.125,10,10
62479,141,4,0,0,0,0,0,0,10,10
62489,3,2,0,0,0,0,0,0,3,10
62493,21,1,0.12987501165334073,0.15384615384615385,0.1111111111111111,0.7827392871477701,0.6153846153846154,1,10,10
62512,11,3,1,0.625,1,1,0.625,1,10,10
62513,7,3,0.15176219107803537,0.125,0.16666666666666666,0,0,0,7,10
62515,5,3,0.5018040483185394,0.25,0.5,0.6305735060547477,0.25,1,5,10
62528,7,2,0.5033647453162088,0.5714285714285714,0.5,0.611691908927638,0.42857142857142855,1,7,10
62530,6,3,0.5884674004369673,0.13157894736842105,1,0.8060076123623718,0.21052631578947367,1,6,10
62532,2,3,0.38591686939385267,0.2,1,0.3965453494115244,0.2,1,2,10
62538,6,3,0.727329844310522,0.375,1,1,0.625,1,6,10
62549,2,2,0,0,0,0.06943122193677725,0.0625,0.125,2,10
62566,6,3,0.44412286644879784,0.5,0.5,0.44412286644879784,0.5,0.5,6,10
62567,1,5,0,0,0,0.15996433755220654,0.125,0.5,1,10
62611,24,3,0.16480760799037997,0.3333333333333333,0.1,0.2205605109996152,0.3333333333333333,0.2,10,10
62612,5,3,0.5289772539910653,0.08823529411764706,1,0.4390114882200925,0.08823529411764706,0.5,5,10
62618,10,1,0.866947989864271,0.6666666666666666,1,0.7975167679274937,0.6666666666666666,1,10,10
62642,6,2,0.3683756341388872,0.26666666666666666,0.3333333333333333,0.727329844310522,0.4,1,6,10
62665,772,4,0,0,0,0,0,0,10,10
62669,772,4,0,0,0,0,0,0,10,10
62673,33,1,0,0,0,0.7104770117651424,0.5,0.5,10,10
62678,2,2,0.6499585627060159,0.4,1,0.6499585627060159,0.4,1,2,10
62689,14,1,0.6595253670752207,0.5384615384615384,0.5,0.7018748147052698,0.5384615384615384,0.5,10,10
62718,145,3,0,0,0,0.5935777959108688,0.25,1,10,10
62736,3,2,0.4690000933206747,0.1875,1,0.843992232020434,0.5,1,3,10
62740,9,3,0.716287445502968,0.34782608695652173,0.5,0.22009176629808014,0.043478260869565216,1,9,10
62745,153,3,0,0,0,0.20075474730321577,0.13333333333333333,0.3333333333333333,10,10
62757,524,2,0,0,0,0.17366667134799177,0.125,0.3333333333333333,10,10
62758,18,3,0.33169367308920716,0.26666666666666666,0.25,0.6168295842361273,0.3333333333333333,1,10,10
62764,151,4,0,0,0,0.15139734109601002,0.125,0.2,10,10
62766,14,3,0.20904936749052636,0.1875,0.14285714285714285,0.09478836436955078,0.0625,0.25,10,10
62768,352,2,0,0,0,0.18830653846881187,0.13636363636363635,0.16666666666666666,10,10
62784,23,2,0.6410457898283652,0.38095238095238093,0.3333333333333333,0.9305687780632227,0.42857142857142855,1,10,10
62788,12,2,1,0.7692307692307693,1,0.933745776545611,0.6923076923076923,1,10,10
62795,481,3,0,0,0,0,0,0,10,10
62809,72,3,0,0,0,0.14341071248735496,0.10526315789473684,0.25,10,10
62816,265,3,0,0,0,0,0,0,10,10
62819,68,3,0,0,0,0.6235540477207573,0.375,1,10,10
62824,35,3,0.4805341263139885,0.4375,0.25,0.8466624462998462,0.5625,1,10,10
62829,45,2,0,0,0,0.07336392209936005,0.03571428571428571,0.14285714285714285,10,10
62835,391,2,0,0,0,0.2837125544970318,0.125,1,10,10
62857,23,3,0,0,0,0.24890832702259458,0.125,0.5,10,10
62858,48,2,0,0,0,0.5321408435198608,0.3333333333333333,1,10,10
62869,1,3,0.2300510610426737,0.02702702702702703,1,0.5070865440219846,0.16216216216216217,1,1,10
62877,3,3,0,0,0,0,0,0,3,10
62894,35,5,0,0,0,0.08584630515747224,0.09090909090909091,0.14285714285714285,10,10
62925,1,2,0,0,0,0.12987501165334073,0.058823529411764705,0.1111111111111111,1,10
62930,56,2,0,0,0,0.247330217095052,0.25,0.5,10,10
62984,78,3,0,0,0,0.6325414799409711,0.3125,1,10,10
62994,1,3,0,0,0,0.7872912214175949,0.5,1,1,10
62997,10,1,0.25050863349628444,0.1875,0.16666666666666666,0.3829956348615609,0.1875,0.5,10,10
63003,6,1,0.8000460734455755,0.375,1,0.8000460734455755,0.375,1,6,6
63025,5,5,0.5755676532324865,0.22727272727272727,1,0.8496107545551921,0.4090909090909091,1,5,10
63037,79,3,0,0,0,0.1610425878239398,0.125,0.25,10,10
63045,19,3,0.35106842466815336,0.3125,0.16666666666666666,0.8512360941594272,0.5,1,10,10
63049,448,3,0,0,0,0,0,0,10,10
63057,279,2,0,0,0,0.28634598975246917,0.125,1,10,10
63079,12,3,0.20798375727063892,0.125,0.2,0.45650001423154074,0.125,1,10,10
63091,113,4,0,0,0,0,0,0,10,10
63094,521,3,0,0,0,0,0,0,10,10
63097,564,2,0,0,0,0.26023003526140853,0.3,0.5,10,10
63125,3,3,0.24890832702259458,0.18181818181818182,0.5,0.7877736340270853,0.7272727272727273,1,3,10
63176,883,1,0,0,0,0,0,0,10,10
63177,392,2,0,0,0,0,0,0,10,10
63184,20,3,0,0,0,0.27541860888594843,0.1875,0.5,10,10
63185,126,4,0,0,0,0.7000949683025056,0.4375,1,10,10
63197,313,3,0,0,0,0.11004588314904007,0.02702702702702703,0.3333333333333333,10,10
63198,1,3,0.17828412959034637,0.0625,1,0.07678279529108115,0.0625,0.25,1,10
63207,67,1,0,0,0,0.06625422345438903,0.0625,0.1111111111111111,10,10
63209,52,2,0,0,0,0.15726617308658694,0.07142857142857142,0.5,10,10
63210,1,5,0,0,0,0,0,0,1,10
63213,1,3,0,0,0,0,0,0,1,10
63215,42,3,0.4892835987503299,0.3157894736842105,0.3333333333333333,0.5056427642465516,0.3157894736842105,0.5,10,10
63216,16,3,0.5092770865054261,0.35714285714285715,0.5,0.7652941251411539,0.42857142857142855,1,10,10
63217,81,2,0,0,0,0.4518648409659427,0.25,1,10,10
63224,240,2,0,0,0,0.34695119186869644,0.19047619047619047,0.3333333333333333,10,10
63229,15,3,0.1431356029032165,0.125,0.2,0.28875014033780383,0.125,1,10,10
63233,7657,1,0,0,0,0,0,0,10,10
63237,6,1,0.7430884690105225,0.375,1,0.7430884690105225,0.375,1,6,6
63243,23,3,0.19930623359011798,0.1875,0.125,0.5676818677290052,0.4375,0.3333333333333333,10,10
63257,17,2,1,0.625,1,0.9216017310213247,0.5625,1,10,10
63264,60,3,0,0,0,0.3112831610366793,0.16666666666666666,0.5,10,10
63271,9,3,0.13862526152534232,0.125,0.125,0,0,0,9,10
63273,22,2,0.19930623359011798,0.2,0.125,0.38363315291837646,0.2,1,10,10
63288,43,2,0,0,0,0.24309789328476902,0.1875,0.3333333333333333,10,10
63290,5,3,0.1624889644740723,0.0625,0.5,0.43342746460063764,0.3125,0.3333333333333333,5,10
63291,1,4,0.24926098697416302,0.0625,1,0.481242344393254,0.1875,1,1,10
63293,4,2,0.2677182916753111,0.2222222222222222,0.3333333333333333,0.4691530303207165,0.2222222222222222,1,4,10
63298,1,1,0.279901702223461,0.0625,1,0.279901702223461,0.0625,1,1,1
63306,32,1,0,0,0,0.15139734109601002,0.125,0.2,10,10
63324,61,2,0,0,0,0.11004588314904007,0.0625,0.3333333333333333,10,10
63326,123,2,0,0,0,0,0,0,10,10
63365,1,2,0.22009176629808014,0.0625,1,0.35895421017163465,0.125,1,1,10
63376,1,6,0.22009176629808014,0.0625,1,0.45374257454118544,0.1875,1,1,10
63378,21,5,0.5309999066793252,0.1794871794871795,0.25,0.866947989864271,0.20512820512820512,1,10,10
63382,4,3,0.22486036416572236,0.06666666666666667,1,0.18011989653266983,0.13333333333333333,0.3333333333333333,4,10
63447,2,2,0,0,0,0,0,0,2,10
63449,35,2,0.27267015568947806,0.25,0.14285714285714285,0.06943122193677725,0.0625,0.125,10,10
63450,28,5,0,0,0,0,0,0,10,10
63459,624,3,0,0,0,0,0,0,10,10
63461,170,3,0,0,0,0.1427951440361373,0.13333333333333333,0.14285714285714285,10,10
63486,1016,3,0,0,0,0,0,0,10,10
63489,3,4,0,0,0,0.3714891073940902,0.25,1,3,10
63497,1332,3,0,0,0,0.11004588314904007,0.0625,0.3333333333333333,10,10
63499,4,7,0,0,0,0,0,0,4,10
63500,2160,3,0,0,0,0,0,0,10,10
63514,514,2,0,0,0,0.06319224291303384,0.0625,0.25,10,10
63520,38,3,0,0,0,0,0,0,10,10
63528,12,6,0,0,0,0.22009176629808014,0.08333333333333333,1,10,10
63529,9,4,0.20904936749052636,0.1875,0.14285714285714285,0.2336508082431053,0.125,0.5,9,10
63532,468,5,0,0,0,0,0,0,10,10
63535,482,6,0,0,0,0.1388624438735545,0.0625,0.5,10,10
63542,1683,4,0,0,0,0,0,0,10,10
63547,390,5,0,0,0,0.16321684709627762,0.25,0.16666666666666666,10,10
63551,340,4,0,0,0,0,0,0,10,10
63553,713,4,0,0,0,0,0,0,10,10
63563,1,4,0.27487633291429087,0.14285714285714285,1,0.4292486164007478,0.42857142857142855,0.5,1,10
63565,147,7,0,0,0,0.08698786311329101,0.0625,0.2,10,10
63573,28,6,0.2583297509898471,0.1875,0.25,0.22009176629808014,0.0625,1,10,10
63581,87,6,0,0,0,0,0,0,10,10
63583,376,5,0,0,0,0,0,0,10,10
63584,480,5,0,0,0,0,0,0,10,10
63587,67,5,0,0,0,0.11670693272553397,0.18181818181818182,0.2,10,10
63600,2778,2,0,0,0,0,0,0,10,10
63606,42,3,0,0,0,0.5699759440001211,0.3125,1,10,10
63622,3,3,0,0,0,0,0,0,3,10
63623,31,3,0,0,0,0.06943122193677725,0.025,0.125,10,10
63624,2,3,0.35895421017163465,0.05263157894736842,1,0.36885567213865283,0.07894736842105263,1,2,10
63631,12,2,1,0.625,1,0.8899541168509598,0.5625,1,10,10
63641,6,1,0.20678808725291634,0.25,0.25,0.26852556974265224,0.25,0.5,6,6
63646,11,4,0.9363792118010483,0.5625,1,0.9363792118010483,0.5625,1,10,10
63652,150,5,0,0,0,0,0,0,10,10
63663,4358,2,0,0,0,0.1584091525685025,0.125,0.25,10,10
63683,26,3,0,0,0,0.22486036416572236,0.07142857142857142,1,10,10
63686,7,3,0.800693766409882,0.5,1,0.35895421017163465,0.14285714285714285,1,7,10
63688,2,2,0.45650001423154074,0.125,1,0.45650001423154074,0.125,1,2,10
63750,20,3,0.12987501165334073,0.15384615384615385,0.1111111111111111,0.6055047656192208,0.38461538461538464,1,10,10
63758,13,2,0.48828316660072885,0.45454545454545453,0.3333333333333333,0.658012141084404,0.45454545454545453,1,10,10
63761,1411,3,0,0,0,0.2240055615151755,0.0625,0.5,10,10
63762,1,8,0.17169261031494448,0.0625,1,0.17169261031494448,0.0625,1,1,10
63775,53,3,0,0,0,0.19301532548990497,0.13333333333333333,0.14285714285714285,10,10
63789,89,3,0,0,0,0.09330056740782033,0.0625,0.14285714285714285,10,10
63804,14,1,0.9305687780632227,0.5625,1,0.8553475075669357,0.5,1,10,10
63814,2,4,0.35895421017163465,0.125,1,0.5680035776621609,0.3125,1,2,10
63818,116,2,0,0,0,0,0,0,10,10
63819,1419,2,0,0,0,0.07839826897867533,0.0625,0.16666666666666666,10,10
63824,317,3,0,0,0,0,0,0,10,10
63893,15345,1,0,0,0,0,0,0,10,10
63896,12059,1,0,0,0,0,0,0,10,10
63901,128,3,0,0,0,0,0,0,10,10
63904,352,2,0,0,0,0.4228506620510153,0.18518518518518517,0.3333333333333333,10,10
63914,184,4,0,0,0,0,0,0,10,10
63916,28,3,0,0,0,0,0,0,10,10
63917,4,3,0,0,0,0,0,0,4,10
63927,1,3,0,0,0,0.07791187236806299,0.1111111111111111,0.125,1,10
63928,2,3,0.279901702223461,0.06666666666666667,1,0.279901702223461,0.06666666666666667,1,2,10
63929,346,4,0,0,0,0,0,0,10,10
63931,41,4,0.6410457898283652,0.2,0.3333333333333333,0.8572048559638626,0.2,1,10,10
63933,2691,2,0,0,0,0,0,0,10,10
63941,5,2,0.45374257454118544,0.1875,1,0.7503359712972107,0.4375,1,5,10
63948,4,4,0.1399508511117305,0.0625,0.3333333333333333,0.09330056740782033,0.0625,0.14285714285714285,4,10
63954,54,5,0.12987501165334073,0.125,0.1111111111111111,0.34369669139214537,0.1875,0.5,10,10
63962,492,3,0,0,0,0.4636440365082036,0.25,1,10,10
63976,63,4,0,0,0,0.3105889026174027,0.10256410256410256,0.5,10,10
63983,118,4,0,0,0,0.23685891426102562,0.075,0.3333333333333333,10,10
63986,36,1,0,0,0,0,0,0,10,10
63996,3,1,0,0,0,0,0,0,3,3
64011,256,2,0,0,0,0.6313419460517601,0.2857142857142857,1,10,10
64020,176,1,0,0,0,0.10866808225369018,0.14285714285714285,0.1111111111111111,10,10
64041,713,1,0,0,0,0,0,0,10,10
64044,77,3,0.04803505593834116,0.0625,0.1,0.24926098697416302,0.0625,1,10,10
64053,3,2,0.4361533373077281,0.125,1,0.7023422388252596,0.3125,1,3,10
64102,6,3,0.2216992826540149,0.075,0.3333333333333333,0.2841364744927913,0.075,1,6,10
64110,13,3,0.33963921745001224,0.21739130434782608,0.16666666666666666,0.6663780514265049,0.2608695652173913,1,10,10
64127,16,2,1,0.625,1,1,0.625,1,10,10
64144,2,2,0,0,0,0,0,0,2,10
64166,248,1,0,0,0,0,0,0,10,10
64188,10,2,0.727329844310522,0.6,1,0.4440973278132556,0.3,1,10,10
64198,12,1,1,0.625,1,1,0.625,1,10,10
64221,2,3,0.22009176629808014,0.0625,1,0.5559026721867443,0.4375,0.3333333333333333,2,10
64225,7,5,0.19518900079066107,0.125,0.3333333333333333,0.31598177738436345,0.25,0.25,7,10
64226,8,2,0.796761066247299,0.5,1,0.9543384299005626,0.625,1,8,10
64244,2843,2,0,0,0,0,0,0,10,10
64258,31,4,0,0,0,0,0,0,10,10
64276,10,1,0.35895421017163465,0.125,1,0.2984900352767555,0.125,1,10,10
64286,7,2,0.4263195783046632,0.3333333333333333,1,0.37367752071113475,0.3333333333333333,1,7,10
64288,12,1,0.866947989864271,0.8,1,0.7759944384848244,0.8,1,10,10
64311,5,1,0.20483424751859086,0.125,0.3333333333333333,0.2336508082431053,0.125,0.5,5,5
64323,8,1,0.8889774708079637,0.6666666666666666,1,0.9566671852577723,0.75,1,8,9
64330,107,3,0,0,0,0,0,0,10,10
64331,973,3,0,0,0,0.1388624438735545,0.0625,0.5,10,10
64333,108,3,0,0,0,0.07336392209936005,0.0625,0.14285714285714285,10,10
64369,23,3,0.5309999066793252,0.4666666666666667,0.25,0.5368103404171507,0.4,0.5,10,10
64372,1,3,0,0,0,0,0,0,1,10
64379,4,2,0,0,0,0,0,0,4,10
64382,3,2,0.1399508511117305,0.09090909090909091,0.3333333333333333,0.5796940015690564,0.45454545454545453,1,3,10
64390,336,1,0,0,0,0.21923280418519922,0.2857142857142857,0.2,10,10
64392,6,3,0.3683756341388872,0.10526315789473684,0.3333333333333333,0.6929852696575346,0.18421052631578946,1,6,10
64394,5,3,0.6489315753318465,0.3125,1,0.6489315753318465,0.3125,1,5,10
64401,14,2,0.2874476364692017,0.25,0.16666666666666666,0.2240055615151755,0.125,0.5,10,10
64405,33,1,0,0,0,0.07205258390751174,0.0625,0.1,10,10
64469,35,2,0,0,0,0.12770518362116587,0,0,10,10
64473,1,2,0,0,0,0,0,0,1,10
64500,6,2,0.4690000933206747,0.1875,1,0.45374257454118544,0.1875,1,6,10
64507,5,5,0.6489315753318465,0.38461538461538464,1,0.7280855459907164,0.5384615384615384,1,5,10
64525,4,2,0,0,0,0,0,0,4,10
64547,2,3,0.16872714292220853,0.0625,0.5,0.5055345188263028,0.25,1,2,10
64566,16,3,0.06943122193677725,0.0625,0.125,0.22009176629808014,0.0625,1,10,10
64571,4637,1,0,0,0,0,0,0,10,10
64573,1937,2,0,0,0,0,0,0,10,10
64587,424,3,0,0,0,0.6083169141195837,0.22727272727272727,1,10,10
64590,125,4,0,0,0,0.038766087090471586,0,0,10,10
64622,162,3,0,0,0,0.11004588314904007,0.04,0.3333333333333333,10,10
64679,537,3,0,0,0,0,0,0,10,10
64683,40,3,0,0,0,0.2984900352767555,0.125,1,10,10
64685,13,2,0.8415969322272912,0.5714285714285714,1,0.5829892613302472,0.42857142857142855,0.2,10,10
64709,3,3,0.5311576535478315,0.2,1,0.6126842454851775,0.3333333333333333,1,3,10
64714,40,2,0.19930623359011798,0.1875,0.125,0.8579809428223729,0.5,1,10,10
64724,1320,2,0,0,0,0,0,0,10,10
64729,106,3,0,0,0,0,0,0,10,10
64760,3,4,0.5487973376826973,0.23076923076923078,1,0.7583449037784256,0.46153846153846156,1,3,10
64772,392,2,0,0,0,0.4636440365082036,0.25,1,10,10
64777,20,1,0.7799082337019198,0.47368421052631576,0.5,0.9216017310213247,0.47368421052631576,1,10,10
64778,27,1,1,0.25,1,1,0.25,1,10,10
64811,129,1,0,0,0,0.1388624438735545,0.06666666666666667,0.5,10,10
64814,19,3,0.5806020001118017,0.375,0.5,0.6403089930936581,0.375,1,10,10
64815,11,2,0.12987501165334073,0.125,0.1111111111111111,0.206415932235089,0.1875,0.14285714285714285,10,10
64835,13,2,0.7799082337019198,0.5625,0.5,1,0.625,1,10,10
64842,3,3,0.4690000933206747,0.1875,1,1,0.625,1,3,10
64846,3376,1,0,0,0,0.1388624438735545,0.03571428571428571,0.5,10,10
64865,1,3,0,0,0,0.17659831200807974,0.07142857142857142,0.5,1,10
64867,23,4,0,0,0,0.24640095731266953,0.13333333333333333,0.5,10,10
64869,216,2,0,0,0,0,0,0,10,10
64871,11,3,0.34369669139214537,0.2,0.5,0.3301376494471202,0.13333333333333333,1,10,10
64906,32,4,0,0,0,0.26845503571754253,0.1875,0.3333333333333333,10,10
64916,166,4,0,0,0,0,0,0,10,10
64917,386,2,0,0,0,0.35895421017163465,0.04878048780487805,1,10,10
64932,563,2,0,0,0,0.2895229882348574,0.125,1,10,10
64944,11,3,0.3683756341388872,0.25,0.3333333333333333,0.467122359745432,0.25,1,10,10
64946,191,3,0,0,0,0.5837154733670047,0.3125,1,10,10
64958,4,4,0.5637884576902256,0.25,1,0.5637884576902256,0.25,1,4,10
64976,732,2,0,0,0,0.1427951440361373,0.125,0.14285714285714285,10,10
64982,75,2,0,0,0,0.7663491917568946,0.5,1,10,10
64996,6,2,0.2864090071586398,0.25,0.5,0.42787770105592604,0.375,1,6,10
65002,16,2,1,0.625,1,1,0.625,1,10,10
65018,12,3,0.9738672436737749,0.7142857142857143,1,0.977915258848537,0.7142857142857143,1,10,10
65020,2,2,0.35895421017163465,0.14285714285714285,1,0.8379938154808529,0.6428571428571429,1,2,10
65031,222,1,0,0,0,0,0,0,10,10
65034,3,3,0.7227265726449517,0.6,1,0.8435378753444458,0.8,1,3,10
65035,156,2,0,0,0,0.40853591842579556,0.12,1,10,10
65040,131,4,0,0,0,0,0,0,10,10
65048,127,2,0,0,0,0.11004588314904007,0.0625,0.3333333333333333,10,10
65050,167,2,0,0,0,0.25663611368885664,0.1111111111111111,0.3333333333333333,10,10
65051,6,4,0.17318663334822612,0.125,0.25,0.15176219107803537,0.125,0.16666666666666666,6,10
65060,29,2,0.0636207881989517,0.030303030303030304,0.1,0.914856882358379,0.2727272727272727,1,10,10
65069,4,2,0.2604979528242145,0.13333333333333333,0.3333333333333333,0.4198525533351915,0.13333333333333333,1,4,10
65073,1,3,0.279901702223461,0.09090909090909091,1,0.714948447574434,0.5454545454545454,1,1,10
65087,22,3,0.2615963259463382,0.23076923076923078,0.3333333333333333,0.5958595188912911,0.38461538461538464,1,10,10
65088,27,4,0.0636207881989517,0.0625,0.1,0,0,0,10,10
65089,87128,2,0,0,0,0,0,0,10,10
65096,596,5,0,0,0,0,0,0,10,10
65102,8,5,0.16958010263680803,0.2,0.3333333333333333,0.21398626473452753,0.2,0.5,8,10
65105,180,6,0,0,0,0.11004588314904007,0.025,0.3333333333333333,10,10
65108,14346,1,0,0,0,0,0,0,10,10
65113,28,2,0,0,0,0,0,0,10,10
65119,430,3,0,0,0,0.20483424751859086,0.125,0.3333333333333333,10,10
65126,11,3,0,0,0,0,0,0,10,10
65131,621,2,0,0,0,0,0,0,10,10
65134,6,1,0.42883980903376634,0.25,0.5,0.5224955967919309,0.25,1,6,6
65135,117,2,0,0,0,0.27487633291429087,0.14285714285714285,1,10,10
65140,390,2,0,0,0,0.51071640124967,0.25,1,10,10
65150,339,3,0,0,0,0.1388624438735545,0.0625,0.5,10,10
65151,441,3,0,0,0,0.1396181455537491,0.125,0.14285714285714285,10,10
65152,998,3,0,0,0,0,0,0,10,10
65157,1882,2,0,0,0,0,0,0,10,10
65158,271,2,0,0,0,0,0,0,10,10
65160,555,2,0,0,0,0.07336392209936005,0.06666666666666667,0.14285714285714285,10,10
65163,3169,2,0,0,0,0.1388624438735545,0.07142857142857142,0.5,10,10
65167,333,3,0,0,0,0.22009176629808014,0.0625,1,10,10
65171,998,3,0,0,0,0,0,0,10,10
65177,73,3,0,0,0,0.07839826897867533,0.045454545454545456,0.16666666666666666,10,10
65186,2,6,0.40652716006074996,0.14285714285714285,1,0.6385085174798409,0.2857142857142857,1,2,10
65190,109,2,0,0,0,0.22009176629808014,0.043478260869565216,1,10,10
65196,1,2,0,0,0,0,0,0,1,10
65197,22,2,0,0,0,0.12401689426445893,0.125,0.3333333333333333,10,10
65198,2,2,0.4225051418507037,0.2,1,0.47981879812810785,0.3,1,2,10
65202,1,2,0.22009176629808014,0.09090909090909091,1,0.611795237356812,0.45454545454545453,1,1,10
65205,6,2,0,0,0,0.06943122193677725,0.0625,0.125,6,10
65220,1,3,0,0,0,0.7799082337019198,0.5625,0.5,1,10
65240,10,2,0,0,0,0,0,0,10,10
65308,42,3,0,0,0,0.6110191504983017,0.3125,1,10,10
65329,5,2,0.3301376494471202,0.125,1,0.3301376494471202,0.125,1,5,10
65336,5,2,0.5637884576902256,0.25,1,0.510069131458292,0.25,1,5,10
65339,26,3,0,0,0,0.34695119186869644,0.25,0.3333333333333333,10,10
65347,2,2,0.28001858663099266,0.125,1,0.28001858663099266,0.125,1,2,7
65351,1154,2,0,0,0,0.22009176629808014,0.058823529411764705,1,10,10
65357,22,4,0,0,0,0,0,0,10,10
65372,12,3,0.6418218766868754,0.4,0.5,0.8318477135310891,0.5333333333333333,1,10,10
65380,10,2,1,0.625,1,0.9363792118010483,0.5625,1,10,10
65397,18,4,0.33169367308920716,0.25,0.25,0.2895229882348574,0.125,1,10,10
65445,16,4,0.19930623359011798,0.21428571428571427,0.125,0.914856882358379,0.6428571428571429,1,10,10
65462,193,2,0,0,0,0.6874708847784536,0.4375,1,10,10
65481,6,4,0.1799314820111718,0.0625,0.25,0.2934556883974402,0.0625,1,6,10
65506,28,2,1,0.625,1,0.9216017310213247,0.5625,1,10,10
65523,3,1,0,0,0,0,0,0,3,3
65566,63,4,0,0,0,0,0,0,10,10
65600,12,4,0.7799082337019198,0.5625,0.5,1,0.625,1,10,10
65607,15,3,0,0,0,0.08878855502583598,0.08333333333333333,0.16666666666666666,10,10
65608,37,3,0.22119341301481263,0.1875,0.16666666666666666,0.31598177738436345,0.25,0.25,10,10
65683,16,3,0.45998749579561016,0.1794871794871795,0.3333333333333333,0.8043000802143929,0.20512820512820512,1,10,10
65714,13,2,0.5806020001118017,0.4,0.5,0.7778721720600672,0.4666666666666667,1,10,10
65748,12,2,0.5813133870511871,0.42857142857142855,0.5,0.7329267096359688,0.42857142857142855,1,10,10
65754,7,4,0.14870450602932167,0.06666666666666667,0.3333333333333333,0.24707579535119442,0.2,0.3333333333333333,7,10
65772,8,2,0.815802302152901,0.5,1,0.8835952033958971,0.5625,1,8,10
65773,3,3,0.1388624438735545,0.08333333333333333,0.5,0.5754208531796942,0.4166666666666667,1,3,10
65787,7,2,0.727329844310522,0.375,1,0.7721596254947202,0.4375,1,7,10
65790,1,3,0.279901702223461,0.07142857142857142,1,0.279901702223461,0.07142857142857142,1,1,10
65798,5,2,0.7138097836082222,0.3125,1,0.8736851393428635,0.5,1,5,10
65823,17,2,0,0,0,0,0,0,10,10
65832,57,2,0.3979478965435962,0.3125,0.25,0.3222722491219546,0.1875,0.5,10,10
65835,1,3,0,0,0,0.19389067573793448,0.1,0.1,1,10
65843,29,3,0.21703998647928882,0.16666666666666666,0.5,0.5249609063224338,0.4166666666666667,1,10,10
65849,54,2,0.19930623359011798,0.1875,0.125,0.6601585067762744,0.375,1,10,10
65850,8,2,0.38685280723454163,1,0.2,0,0,0,8,10
65851,121,2,0,0,0,0.24703059344735182,0.1875,0.3333333333333333,10,10
65857,7,4,0.8369256770986023,0.5833333333333334,1,0.9094987067248556,0.6666666666666666,1,7,10
65874,9,3,0.07414861528507453,0.1111111111111111,0.125,0.10122860821230019,0.1111111111111111,0.25,9,10
65890,53,2,0,0,0,0.710060470433168,0.5714285714285714,1,10,10
65894,2,1,0,0,0,0,0,0,2,2
65900,2,2,0.3667314583167897,0.14285714285714285,1,0.7362800346898314,0.5714285714285714,1,2,10
65923,12,2,0.3760515650215231,0.38461538461538464,0.16666666666666666,0.8264016607596565,0.5384615384615384,1,10,10
65936,4,1,0.688321032719925,0.5714285714285714,1,0.6373655601881327,0.5714285714285714,1,4,4
65941,1,1,0.2575389154724167,0.0625,1,0.2575389154724167,0.0625,1,1,1
65947,37,2,0,0,0,0.7909506325094736,0.25925925925925924,1,10,10
65972,12,1,0.8798334071343077,0.6666666666666666,1,0.8821834262764466,0.6666666666666666,1,10,10
65973,87,2,0,0,0,0.7341885540817263,0.3333333333333333,1,10,10
65981,1,2,0,0,0,0,0,0,1,10
65988,5,1,0,0,0,0,0,0,5,5
65998,4,2,0.5637884576902256,0.25,1,0.5637884576902256,0.25,1,4,10
66023,11,1,1,0.2702702702702703,1,1,0.2702702702702703,1,10,10
66026,7,3,0,0,0,0,0,0,7,10
66037,22,4,0.7799082337019198,0.8181818181818182,0.5,0.5072380780124417,0.45454545454545453,0.5,10,10
66039,17,3,0.27267015568947806,0.25,0.14285714285714285,0.5513310624619329,0.3125,1,10,10
66062,14,2,0.5774948581492964,0.5,0.3333333333333333,0.4979488391188037,0.375,0.5,10,10
66063,9,6,0.19785247665133648,0.2857142857142857,0.14285714285714285,0.22313556292392783,0.2857142857142857,0.25,9,10
66128,11900,1,0,0,0,0,0,0,10,10
66134,37,3,0.20362448363868388,0.1875,0.125,0.8105629001512938,0.5,1,10,10
66137,367,3,0,0,0,0.07336392209936005,0.0625,0.14285714285714285,10,10
66152,151,2,0,0,0,0.29990503169749433,0.1875,0.5,10,10
66154,12,3,0.6410457898283652,0.5,0.3333333333333333,0.9084840369117597,0.5625,1,10,10
66155,55,3,0,0,0,0.13617863947526518,0.07142857142857142,0.3333333333333333,10,10
66158,4998,1,0,0,0,0,0,0,10,10
66160,22,3,0.7799082337019198,0.5,0.5,0.752969406552648,0.3888888888888889,1,10,10
66167,342,3,0,0,0,0,0,0,10,10
66172,208,3,0,0,0,0.0636207881989517,0.0625,0.1,10,10
66176,127,4,0,0,0,0.3005260969186081,0.25,0.2,10,10
66179,653,3,0,0,0,0.06943122193677725,0.0625,0.125,10,10
66188,149,4,0,0,0,0.06625422345438903,0.0625,0.1111111111111111,10,10
66190,3,3,0.096277912992671,0,0,0.08513164738006665,0,0,3,10
66196,160,3,0,0,0,0.2399208948023808,0.2,0.3333333333333333,10,10
66204,28,3,0,0,0,0.5825180016854268,0.38461538461538464,1,10,10
66206,779,2,0,0,0,0,0,0,10,10
66209,40,5,0,0,0,0.2934556883974402,0.14285714285714285,1,10,10
66212,283,2,0,0,0,0.06943122193677725,0.021739130434782608,0.125,10,10
66216,28,3,0.12987501165334073,0.125,0.1111111111111111,0.16354138662029633,0.125,0.2,10,10
66217,7,3,0.11502553052133685,0.0625,0.3333333333333333,0.09907759915099076,0.0625,0.25,7,10
66228,30,2,0,0,0,0.629028539109653,0.4166666666666667,1,10,10
66230,249,2,0,0,0,0.08514311764162098,0.0625,0.2,10,10
66234,66,5,0,0,0,0.08514311764162098,0.025,0.2,10,10
66242,28,2,0.5774250016294136,0.6363636363636364,0.3333333333333333,0.6489315753318465,0.45454545454545453,1,10,10
66243,24,3,0,0,0,0.09478836436955078,0.0625,0.25,10,10
66245,26,3,0,0,0,0,0,0,10,10
66263,1,3,0.279901702223461,0.07692307692307693,1,0.279901702223461,0.07692307692307693,1,1,10
66266,2,6,0.35895421017163465,0.125,1,0.8081812876631279,0.5,1,2,10
66267,3,4,0.4690000933206747,0.1875,1,0.9363792118010483,0.5625,1,3,10
66275,900,2,0,0,0,0,0,0,10,10
66280,221,3,0,0,0,0.15336737402844913,0.0625,1,10,10
66305,16,5,0.35106842466815336,0.3125,0.16666666666666666,0.826333328652008,0.5,1,10,10
66308,6,5,0.07839826897867533,0.045454545454545456,0.16666666666666666,0.35895421017163465,0.09090909090909091,1,6,10
66323,29,3,0,0,0,0.5321408435198608,0.25,1,10,10
66338,121,4,0,0,0,0.06943122193677725,0.041666666666666664,0.125,10,10
66341,1726,2,0,0,0,0,0,0,10,10
66344,208,4,0,0,0,0,0,0,10,10
66347,28,3,0,0,0,0,0,0,10,10
66357,37,3,0.2874476364692017,0.2857142857142857,0.16666666666666666,0.24655055544758617,0.21428571428571427,0.25,10,10
66360,482,2,0,0,0,0.4341754806679218,0.36363636363636365,1,10,10
66369,6,5,0.4220949603708207,0.18181818181818182,0.5,0.3562315886146009,0.18181818181818182,0.3333333333333333,6,10
66403,507,2,0,0,0,0,0,0,10,10
66407,12,2,0,0,0,0,0,0,10,10
66442,31,3,0,0,0,0.23231055398623468,0.1875,0.3333333333333333,10,10
66451,23,5,0.12987501165334073,0.125,0.1111111111111111,0.20511666732794356,0.125,0.5,10,10
66454,145,4,0,0,0,0.07336392209936005,0.06666666666666667,0.14285714285714285,10,10
66463,461,3,0,0,0,0.06625422345438903,0.07142857142857142,0.1111111111111111,10,10
66470,1938,2,0,0,0,0,0,0,10,10
66471,355,2,0,0,0,0.056762078427747324,0.029411764705882353,0.2,10,10
66474,1,1,0,0,0,0,0,0,1,1
66477,25,2,0,0,0,0.3516137754598143,0.5,0.25,10,10
66519,208,2,0,0,0,0.09463718914575932,0.2,0.16666666666666666,10,10
66521,5,3,0.420027879946489,0.14285714285714285,1,0.420027879946489,0.14285714285714285,1,5,10
66525,4,4,0.40217439589589565,0.21428571428571427,0.5,0.530943853632104,0.21428571428571427,1,4,10
66527,3,5,0.3493486899301299,0.08108108108108109,1,0.7799471644079082,0.24324324324324326,1,3,10
66542,190,5,0,0,0,0,0,0,10,10
66545,14,2,0.43621154230977444,0.5454545454545454,0.2,0.8415908474314975,0.7272727272727273,1,10,10
66553,1,2,0,0,0,0.21501812929496172,0.1875,0.2,1,10
66555,34,4,0.5309999066793252,0.4375,0.25,0.6812060741152737,0.4375,1,10,10
66556,5,4,0.6026440940406617,0.25,1,0.6172839611614817,0.3,1,5,10
66566,2,2,0.35895421017163465,0.125,1,0.35895421017163465,0.125,1,2,10
66578,56,2,0,0,0,0.14782949091545258,0.125,0.16666666666666666,10,10
66605,13,3,0.05451379554009877,0,0,0.023143740645592423,0,0,10,10
66616,14,4,0.5277127153726463,0.4375,0.25,0.46545131948166396,0.25,1,10,10
66625,4,1,0.31936405682690777,0.2,0.3333333333333333,0.4098497305276306,0.2,0.5,4,4
66644,3,2,0.21682454887297484,0.125,0.5,0.536535391555884,0.375,1,3,10
66646,11,2,1,0.9090909090909091,1,0.7663491917568946,0.7272727272727273,1,10,10
66651,1,4,0.29740901205864334,0.0625,1,0.5444848074098377,0.25,1,1,10
66657,1,1,0.2958603580505538,0.1111111111111111,1,0.2958603580505538,0.1111111111111111,1,1,1
66709,209,2,0,0,0,0.08514311764162098,0.0625,0.2,10,10
66713,80,4,0,0,0,0.14876390584057267,0.05263157894736842,0.2,10,10
66715,561,2,0,0,0,0,0,0,10,10
66719,284,2,0,0,0,0.44158011035778233,1,0.2,10,10
66722,53,3,0,0,0,0,0,0,10,10
66733,19,3,0,0,0,0.1422793656752783,0.125,0.16666666666666666,10,10
66740,150,2,0,0,0,0.4498873763727655,0.14285714285714285,1,10,10
66746,129,4,0,0,0,0.21222636597291455,0.14285714285714285,0.5,10,10
66759,28,4,0,0,0,0,0,0,10,10
66761,300,2,0,0,0,0.13305201013572895,0.09090909090909091,0.125,10,10
66770,60,2,0,0,0,0.6242322474067891,0.1935483870967742,1,10,10
66782,20,1,0,0,0,0.4085842451295395,0.3076923076923077,0.3333333333333333,10,10
66787,5,2,0,0,0,0,0,0,5,10
66805,1,4,0.22009176629808014,0.0625,1,0.3052348839397011,0.125,1,1,10
66809,91,3,0,0,0,0.30308203017988256,0.1875,0.5,10,10
66811,5,3,0,0,0,0,0,0,5,10
66812,51,2,0,0,0,0,0,0,10,10
66817,230,2,0,0,0,0.6216966993238302,0.15,1,10,10
66818,289,2,0,0,0,0,0,0,10,10
66823,646,2,0,0,0,0.08514311764162098,0.06666666666666667,0.2,10,10
66825,1,4,0.22009176629808014,0.0625,1,0.09478836436955078,0.0625,0.25,1,10
66826,4,2,0.09478836436955078,0.07692307692307693,0.25,0.2855902880722746,0.15384615384615385,1,4,10
66829,3,3,0.5087403079104241,0.4,1,0.5043776700708298,0.6,0.5,3,10
66830,17,3,0.6410457898283652,0.5,0.3333333333333333,1,0.625,1,10,10
66831,279,2,0,0,0,0.14876390584057267,0.06666666666666667,0.2,10,10
66833,581,2,0,0,0,0,0,0,10,10
66854,23,4,0.6429235234036079,0.4375,0.5,0.7019727018777484,0.375,1,10,10
66863,75,2,0,0,0,0.206415932235089,0.2,0.14285714285714285,10,10
66865,29,3,0,0,0,0.09478836436955078,0.08333333333333333,0.25,10,10
66866,27,4,0.1427951440361373,0.125,0.14285714285714285,0.19518900079066107,0.125,0.3333333333333333,10,10
66868,6,4,0.39459041030154746,0.25,0.3333333333333333,0.7534632436579976,0.375,1,6,10
66876,2561,1,0,0,0,0,0,0,10,10
66879,212,2,0,0,0,0.2532954041105318,0.1875,0.25,10,10
66922,105,1,0,0,0,0.26845503571754253,0.2,0.3333333333333333,10,10
66956,2,2,0.27487633291429087,0.14285714285714285,1,0.27487633291429087,0.14285714285714285,1,2,8
66968,9,1,0.716287445502968,0.5,0.5,0.8611375561264454,0.5625,1,9,10
66973,6,2,0.8000460734455755,0.375,1,0.8509612365540038,0.4375,1,6,10
66974,4,3,0.535110064774724,0.3333333333333333,1,0.5745236923578712,0.4444444444444444,1,4,10
66978,3,3,0.5487973376826973,0.2,1,0.6597133113683123,0.26666666666666666,1,3,10
67000,34,3,0,0,0,0.4789015552876929,0.25,1,10,10
67002,6,1,1,1,1,1,1,1,6,6
67004,38,3,0,0,0,0.8205228949141825,0.5,1,10,10
67013,16,1,1,0.625,1,1,0.625,1,10,10
67021,3,2,0.4690000933206747,0.1875,1,0.4690000933206747,0.1875,1,3,10
67072,16,3,0.19930623359011798,0.07894736842105263,0.125,0.7026305163854644,0.18421052631578946,1,10,10
67110,176,4,0,0,0,0.0636207881989517,0.0625,0.1,10,10
67115,506,4,0,0,0,0.0636207881989517,0.0625,0.1,10,10
67122,5,2,0.4144299250118475,0.5,0.5,0.4414924137367808,0.5,0.5,5,10
67128,117,3,0,0,0,0,0,0,10,10
67129,1424,3,0,0,0,0,0,0,10,10
67131,151,3,0,0,0,0,0,0,10,10
67138,190,3,0,0,0,0,0,0,10,10
67144,353,4,0,0,0,0.24890832702259458,0.046511627906976744,0.5,10,10
67146,4,4,0.5008655546918771,0.3333333333333333,1,0.4579766441086708,0.4444444444444444,0.5,4,10
67151,4825,2,0,0,0,0.11004588314904007,0.06666666666666667,0.3333333333333333,10,10
67152,49,4,0,0,0,0,0,0,10,10
67153,260,1,0,0,0,0.07336392209936005,0.0625,0.14285714285714285,10,10
67156,238,3,0,0,0,0.07336392209936005,0.0625,0.14285714285714285,10,10
67164,42,3,0,0,0,0,0,0,10,10
67166,1345,2,0,0,0,0.11004588314904007,0.0625,0.3333333333333333,10,10
67167,35,3,0.27267015568947806,0.25,0.14285714285714285,0.37430713175004626,0.1875,1,10,10
67170,1180,3,0,0,0,0,0,0,10,10
67174,208,3,0,0,0,0.07839826897867533,0.0625,0.16666666666666666,10,10
67184,167,3,0,0,0,0.31488013066763093,0.125,1,10,10
67193,38,2,0,0,0,0,0,0,10,10
67202,2,3,0.420027879946489,0.2,1,0.7593429637909561,0.6,1,2,10
67203,268,2,0,0,0,0,0,0,10,10
67210,12,4,0.12987501165334073,0.125,0.1111111111111111,0.13698471029831175,0.125,0.14285714285714285,10,10
67215,287,5,0,0,0,0,0,0,10,10
67217,255,2,0,0,0,0,0,0,10,10
67225,1462,3,0,0,0,0,0,0,10,10
67226,265,2,0,0,0,0.09478836436955078,0.0625,0.25,10,10
67239,509,3,0,0,0,0,0,0,10,10
67241,648,2,0,0,0,0,0,0,10,10
67251,269,5,0,0,0,0,0,0,10,10
67256,93,2,0,0,0,0,0,0,10,10
67261,184,2,0,0,0,0,0,0,10,10
67263,3385,2,0,0,0,0,0,0,10,10
67271,7,3,0.38002974419182706,0.36363636363636365,0.5,0.4829018817039035,0.45454545454545453,0.5,7,10
67406,1,2,0.22009176629808014,0.0625,1,0.92663607790064,0.5625,1,1,10
67410,472,3,0,0,0,0,0,0,10,10
67416,2,3,0.22009176629808014,0.07142857142857142,1,1,0.7142857142857143,1,2,10
67422,267,3,0,0,0,0,0,0,10,10
67424,36,3,0.0636207881989517,0.025,0.1,0.5618918191694953,0.15,0.5,10,10
67431,244,2,0,0,0,0,0,0,10,10
67440,26,5,0,0,0,0.056762078427747324,0.02,0.2,10,10
67446,908,2,0,0,0,0,0,0,10,10
67448,352,2,0,0,0,0,0,0,10,10
67454,530,2,0,0,0,0,0,0,10,10
67473,22,4,0,0,0,0,0,0,10,10
67487,564,2,0,0,0,0,0,0,10,10
67488,222,2,0,0,0,0,0,0,10,10
67494,262,6,0,0,0,0,0,0,10,10
67534,3,2,0.1388624438735545,0.0625,0.5,0.17366667134799177,0.125,0.3333333333333333,3,10
67544,15,3,0,0,0,0,0,0,10,10
67550,12,1,0.09257496258236969,0.0625,0.5,0.046287481291184845,0.0625,0.125,10,10
67560,92,2,0,0,0,0.06943122193677725,0.05263157894736842,0.125,10,10
67573,5,5,0.22009176629808014,0.0625,1,0.07336392209936005,0.0625,0.14285714285714285,5,10
67583,17,4,0,0,0,0,0,0,10,10
67603,13,3,0,0,0,0.39172239294569755,0.4444444444444444,0.5,10,10
67604,5,4,0.1388624438735545,0.0625,0.5,0.4636440365082036,0.25,1,5,10
67607,244,2,0,0,0,0,0,0,10,10
67631,136,3,0,0,0,0,0,0,10,10
67632,10,4,0,0,0,0.33876780622615427,0.2727272727272727,1,10,10
67636,3,3,0.24890832702259458,0.13333333333333333,0.5,0.7759944384848244,0.5333333333333333,1,3,10
67644,43,3,0,0,0,0.07336392209936005,0.07692307692307693,0.14285714285714285,10,10
67645,186,3,0,0,0,0.31204907722178066,0.1875,0.5,10,10
67648,1,3,0,0,0,0.22009176629808014,0.0625,1,1,10
67679,1,4,0,0,0,0,0,0,1,10
67686,106,3,0,0,0,0,0,0,10,10
67690,15,2,0,0,0,0,0,0,10,10
67707,166,3,0,0,0,0,0,0,10,10
67713,4,3,0.22009176629808014,0.0625,1,0.6036081270984907,0.4375,0.5,4,10
67729,74,4,0,0,0,0,0,0,10,10
67738,422,3,0,0,0,0,0,0,10,10
67745,18,4,0.19462284184583967,0.1875,0.25,0.25677372734776016,0.125,1,10,10
67749,6,4,0,0,0,0,0,0,6,10
67763,211,2,0,0,0,0,0,0,10,10
67766,13,3,0,0,0,0.5834330535576521,0.20833333333333334,1,10,10
67769,143,3,0,0,0,0,0,0,10,10
67770,1,5,0.17828412959034637,0.07142857142857142,1,0.08914206479517318,0.07142857142857142,0.14285714285714285,1,10
67781,5,3,0.1799314820111718,0.125,0.25,0.3052348839397011,0.125,1,5,10
67791,52,3,0,0,0,0,0,0,10,10
67794,44,5,0,0,0,0,0,0,10,10
67808,312,3,0,0,0,0,0,0,10,10
67810,28,2,0,0,0,0,0,0,10,10
67812,11,3,0,0,0,0,0,0,10,10
67845,18,3,0,0,0,0.11532927261524245,0.25,0.1111111111111111,10,10
67862,268,5,0,0,0,0,0,0,10,10
67870,48,4,0,0,0,0,0,0,10,10
67883,149,2,0,0,0,0,0,0,10,10
67884,9,4,0.08050330613630795,0.0625,0.1111111111111111,0,0,0,9,10
67886,46,4,0,0,0,0,0,0,10,10
67891,262,2,0,0,0,0.06625422345438903,0.02,0.1111111111111111,10,10
67896,45,3,0,0,0,0,0,0,10,10
67907,1092,2,0,0,0,0,0,0,10,10
67916,34,6,0,0,0,0,0,0,10,10
67919,44,3,0,0,0,0,0,0,10,10
67923,678,2,0,0,0,0,0,0,10,10
67929,294,2,0,0,0,0,0,0,10,10
67939,68,5,0,0,0,0,0,0,10,10
67951,2,3,0,0,0,0,0,0,2,10
67959,3,4,0,0,0,0,0,0,3,10
67974,68,3,0,0,0,0.1388624438735545,0.0625,0.5,10,10
67976,49,4,0,0,0,0.15139734109601002,0.125,0.2,10,10
67981,29,4,0,0,0,0,0,0,10,10
67986,10,3,0,0,0,0.1427951440361373,0.14285714285714285,0.14285714285714285,10,10
67993,99,2,0,0,0,0,0,0,10,10
68002,42,1,0,0,0,0,0,0,10,10
68012,702,2,0,0,0,0,0,0,10,10
68018,1027,2,0,0,0,0,0,0,10,10
68035,40,4,0,0,0,0.06943122193677725,0.0625,0.125,10,10
68048,218,3,0,0,0,0,0,0,10,10
68054,80,4,0,0,0,0,0,0,10,10
68067,50,7,0,0,0,0,0,0,10,10
68069,9,2,0.2583297509898471,0.1875,0.25,0.4721567066247473,0.25,1,9,10
68070,12,3,0.17722149243865498,0.1875,0.125,0.5338601418952625,0.3125,1,10,10
68073,1,2,0.24209587273488012,0.06666666666666667,1,0.8417057036360959,0.4666666666666667,1,1,10
68083,14,2,1,0.625,1,1,0.625,1,10,10
68104,4,4,0.11004588314904007,0.09090909090909091,0.3333333333333333,0.09478836436955078,0.09090909090909091,0.25,4,10
68117,7,2,0,0,0,0.2934556883974402,0.125,1,7,10
68120,1,1,0.22486036416572236,0.0625,1,0.22486036416572236,0.0625,1,1,1
68129,26,2,0,0,0,1,0.6666666666666666,1,10,10
68130,798,1,0,0,0,0,0,0,10,10
68135,9,4,0.3422428778126621,0.25,0.3333333333333333,0.554238613761218,0.3125,1,9,10
68193,7,3,0.07495345472190745,0.06666666666666667,0.14285714285714285,0.18738363680476863,0.13333333333333333,0.3333333333333333,7,10
68256,36045,1,0,0,0,0,0,0,10,10
68257,29,3,0,0,0,0.1356854453911663,0.125,0.125,10,10
68259,9,2,0,0,0,0,0,0,9,10
68264,536,2,0,0,0,0,0,0,10,10
68268,35,3,0,0,0,0.7917063341896682,0.5,1,10,10
68272,672,3,0,0,0,0.6122496142821665,0.2,1,10,10
68274,1730,2,0,0,0,0.27191445400928344,0.23076923076923078,0.5,10,10
68305,190,3,0,0,0,0.12987501165334073,0.125,0.1111111111111111,10,10
68306,10,3,1,0.625,1,1,0.625,1,10,10
68310,480,3,0,0,0,0.15176219107803537,0.125,0.16666666666666666,10,10
68311,627,3,0,0,0,0.23177307466786254,0.1875,0.25,10,10
68317,93,3,0,0,0,0,0,0,10,10
68324,2,3,0,0,0,0,0,0,2,10
68491,96,2,0,0,0,0.4721567066247473,0.25,1,10,10
68506,70,1,0,0,0,0.4422195942380129,0.25,1,10,10
68507,4,3,0.5637884576902256,0.25,1,0.933745776545611,0.5625,1,4,10
68528,2,2,0.45650001423154074,0.16666666666666666,1,0.45650001423154074,0.16666666666666666,1,2,10
68543,86,2,0,0,0,0,0,0,10,10
68546,68,3,0,0,0,0,0,0,10,10
68558,18,3,0,0,0,0,0,0,10,10
68567,11,3,1,0.625,1,1,0.625,1,10,10
68571,4,1,0.5637884576902256,0.25,1,0.5637884576902256,0.25,1,4,4
68572,8,2,0.26265588208501417,0.23076923076923078,0.3333333333333333,0.42379089349186627,0.23076923076923078,1,8,10
68622,11,4,0.9363792118010483,0.6923076923076923,1,1,0.7692307692307693,1,10,10
68629,96,4,0,0,0,0.5806020001118017,0.375,0.5,10,10
68648,4,2,0.11004588314904007,0.045454545454545456,0.3333333333333333,0.4000232483092519,0.13636363636363635,1,4,10
68653,60,1,0,0,0,0.11004588314904007,0.0625,0.3333333333333333,10,10
68658,1,1,0,0,0,0,0,0,1,1
68670,113,2,0,0,0,0,0,0,10,10
68678,10,4,0.7136540102475307,0.5,0.5,0.8200685179888281,0.5,1,10,10
68691,7,2,0.8113644480938608,0.4375,1,0.8516679192010023,0.5,1,7,10
68694,9,2,0.882055015758576,0.6428571428571429,1,0.8603389203967905,0.6428571428571429,1,9,10
68695,53,4,0.11640124695923638,0.125,0.1111111111111111,0.429183500430577,0.25,0.5,10,10
68704,26,3,0.35106842466815336,0.35714285714285715,0.16666666666666666,0.39092738420022166,0.2857142857142857,0.5,10,10
68707,1,2,0.22009176629808014,0.0625,1,0.09478836436955078,0.0625,0.25,1,10
68733,5,1,0,0,0,0,0,0,5,5
68743,35,3,0,0,0,0.96331803895032,0.2631578947368421,1,10,10
68746,25,3,0,0,0,0.22009176629808014,0.06666666666666667,1,10,10
68750,38,1,0.12987501165334073,0.125,0.1111111111111111,0.710022634839788,0.4375,1,10,10
68751,2,1,0,0,0,0,0,0,2,2
68756,1,4,0.41607037852292533,0.3333333333333333,1,0.20803518926146267,0.3333333333333333,0.3333333333333333,1,10
68759,3,4,0.1388624438735545,0.0625,0.5,0.1388624438735545,0.0625,0.5,3,10
68767,141,2,0,0,0,0.44803002797583846,0.25,1,10,10
68773,9,7,0.24890832702259458,0.14285714285714285,0.5,0.22009176629808014,0.07142857142857142,1,9,10
68779,487,3,0,0,0,0,0,0,10,10
68790,583,3,0,0,0,0.07336392209936005,0.06666666666666667,0.14285714285714285,10,10
68795,213,1,0,0,0,0.12054710171248399,0.07692307692307693,0.25,10,10
68807,1,6,0.279901702223461,0.08333333333333333,1,0.6841881327478231,0.4166666666666667,1,1,10
68815,369,2,0,0,0,0.06625422345438903,0.0625,0.1111111111111111,10,10
68832,17,2,0.5163977201595962,0.42857142857142855,0.25,0.911409472076316,0.5714285714285714,1,10,10
68834,51,2,0,0,0,0.7670273914429263,0.4375,1,10,10
68837,1,4,0.1467278441987201,0.027777777777777776,1,0.7762391257100952,0.19444444444444445,1,1,10
68859,22,3,0,0,0,0.053397918541038314,0.0625,0.16666666666666666,10,10
68860,616,2,0,0,0,0,0,0,10,10
68866,1754,2,0,0,0,0.08514311764162098,0.08333333333333333,0.2,10,10
68893,2,3,0.16872714292220853,0.07142857142857142,0.5,0.6538090820890275,0.42857142857142855,1,2,10
68908,134,1,0,0,0,0,0,0,10,10
68915,9,2,0.24461772600247642,0.25,0.14285714285714285,0.4543011943155039,0.25,1,9,10
68920,104,2,0,0,0,0.6281460426238843,0.4375,0.5,10,10
68929,6,4,0.16354138662029633,0.125,0.2,0.22009176629808014,0.0625,1,6,10
68930,3861,2,0,0,0,0,0,0,10,10
68931,66,3,0,0,0,0.4885468020156227,0.25,1,10,10
68940,148,2,0,0,0,0,0,0,10,10
68943,273,4,0,0,0,0,0,0,10,10
68956,106,5,0,0,0,0,0,0,10,10
68963,710,2,0,0,0,0,0,0,10,10
68971,3327,1,0,0,0,0.20829366581033176,0.13333333333333333,0.5,10,10
68979,335,3,0,0,0,0,0,0,10,10
68989,15,2,0.6100734713179675,0.3333333333333333,0.5,0.7451719210516874,0.5555555555555556,0.5,10,10
68995,5,3,0.3825523277425815,0.13333333333333333,0.5,0.827554099444758,0.3,1,5,10
68996,4,3,0.22009176629808014,0.0625,1,0.1388624438735545,0.0625,0.5,4,10
68999,178,1,0,0,0,0.17350563625627743,0.13333333333333333,0.14285714285714285,10,10
69000,3,4,0.11004588314904007,0.09090909090909091,0.3333333333333333,0.27486954908242656,0.18181818181818182,0.25,3,10
69022,30,3,0.19930623359011798,0.1875,0.125,0.9216017310213247,0.5625,1,10,10
69024,39,2,0,0,0,0.3881969130921566,0.26666666666666666,1,10,10
69025,9,2,0.19300356542358663,0.13333333333333333,0.16666666666666666,0.37320226963128134,0.13333333333333333,1,9,10
69027,296,2,0,0,0,0.35659643859662626,0.10810810810810811,0.3333333333333333,10,10
69038,14,1,0.6635714424526665,0.4375,1,0.306288493471633,0.3125,0.3333333333333333,10,10
69043,3,2,0.4690000933206747,0.1875,1,0.5637884576902256,0.25,1,3,10
69049,1,5,0.22009176629808014,0.0625,1,1,0.625,1,1,10
69055,6,2,0.727329844310522,0.17142857142857143,1,0.727329844310522,0.17142857142857143,1,6,10
69060,12,2,0.4230994411355037,0.42857142857142855,0.2,0.48781909130763673,0.2857142857142857,1,10,10
69087,9,3,0.22486036416572236,0.0625,1,0.22486036416572236,0.0625,1,9,10
69089,177,3,0,0,0,0.06943122193677725,0.0625,0.125,10,10
69095,1,4,0.22009176629808014,0.0625,1,0.5795003533950693,0.3125,1,1,10
69102,16,4,0.11396459100617537,0.16666666666666666,0.1,0.39425270953183084,0.16666666666666666,1,10,10
69119,1,4,0.29740901205864334,0.0625,1,0.29740901205864334,0.0625,1,1,10
69123,56,3,0,0,0,0.7670273914429263,0.4375,1,10,10
69124,1,3,0,0,0,0.06625422345438903,0.0625,0.1111111111111111,1,10
69133,2,2,0,0,0,0,0,0,2,10
69142,1,3,0,0,0,0.38131382474038084,0.3333333333333333,0.5,1,10
69145,2,3,0.35895421017163465,0.125,1,0.800693766409882,0.4375,1,2,10
69150,1,3,0,0,0,0,0,0,1,10
69174,4,2,0.5637884576902256,0.26666666666666666,1,0.5637884576902256,0.26666666666666666,1,4,10
69187,96,1,0,0,0,0.15457433957839825,0.125,0.2,10,10
69197,1,2,0,0,0,0.07336392209936005,0.07692307692307693,0.14285714285714285,1,10
69199,15,1,0.7276427210494696,0.5714285714285714,0.5,0.7821638463490821,0.5,1,10,10
69220,2,1,0,0,0,0,0,0,2,2
69230,20,2,0,0,0,0.8318477135310891,0.5,1,10,10
69238,13,3,0.7799082337019198,0.5625,0.5,0.9216017310213247,0.5625,1,10,10
69252,1,1,0.22009176629808014,0.07692307692307693,1,0.22009176629808014,0.07692307692307693,1,1,1
69256,2,1,0.22009176629808014,0.0625,1,0.22009176629808014,0.0625,1,2,2
69264,3,1,0,0,0,0,0,0,3,3
69268,365,2,0,0,0,0.6332196796270028,0.3125,1,10,10
69269,4,5,0.354105102365221,0.125,1,0.08878855502583598,0.0625,0.16666666666666666,4,10
69281,1,5,0.2300510610426737,0.024390243902439025,1,0.2300510610426737,0.024390243902439025,1,1,10
69291,66,3,0,0,0,0,0,0,10,10
69295,360,3,0,0,0,0,0,0,10,10
69296,470,3,0,0,0,0,0,0,10,10
69312,936,2,0,0,0,0,0,0,10,10
69313,38,3,0,0,0,0.2944199117503409,0,0,10,10
69314,195,3,0,0,0,0.19518900079066107,0.125,0.3333333333333333,10,10
69332,3,4,0.3844985279826931,0.14285714285714285,1,0.4630411728676596,0.35714285714285715,0.5,3,10
69334,2,3,0,0,0,0.11004588314904007,0.06666666666666667,0.3333333333333333,2,10
69347,1,3,0.22009176629808014,0.06666666666666667,1,0.1388624438735545,0.06666666666666667,0.5,1,10
69367,12,3,0.17169261031494448,0.0625,1,0.11091597368561495,0.0625,0.25,10,10
69375,1,4,0,0,0,0.4701017400374072,0.3125,0.5,1,10
69380,332,3,0,0,0,0.6772733739526907,0.46153846153846156,1,10,10
69387,1503,3,0,0,0,0,0,0,10,10
69419,13,3,0,0,0,0.22979561007468535,0.2,0.2,10,10
69425,5,4,0.1388624438735545,0.0625,0.5,0.15176219107803537,0.125,0.16666666666666666,5,10
69436,884,2,0,0,0,0.19518900079066107,0.125,0.3333333333333333,10,10
69441,2203,2,0,0,0,0,0,0,10,10
69451,119,3,0,0,0,0.6961622681399229,0.375,1,10,10
69461,4,4,0.11004588314904007,0.0625,0.3333333333333333,0,0,0,4,10
69468,20,1,0.11004588314904007,0.0625,0.3333333333333333,0.09478836436955078,0.0625,0.25,10,10
69477,244,5,0,0,0,0,0,0,10,10
69479,33,3,0,0,0,0,0,0,10,10
69495,327,3,0,0,0,0,0,0,10,10
69502,13,4,0.7065836017263628,0.13333333333333333,1,0.5224955967919309,0.08888888888888889,1,10,10
69507,20,3,0,0,0,0,0,0,10,10
69524,665,2,0,0,0,0,0,0,10,10
69525,6,3,0.2583297509898471,0.1111111111111111,0.25,0.6346172680692487,0.2222222222222222,1,6,10
69527,593,2,0,0,0,0.11787709652751965,0.07692307692307693,0.3333333333333333,10,10
69537,162,2,0,0,0,0,0,0,10,10
69540,255,3,0,0,0,0.5337295747359708,0.3125,0.5,10,10
69541,40,4,0,0,0,0.36792125721353275,0.21428571428571427,1,10,10
69545,172,2,0,0,0,0,0,0,10,10
69554,4217,3,0,0,0,0.17318663334822612,0.125,0.25,10,10
69556,40,6,0,0,0,0.247330217095052,0.2727272727272727,0.5,10,10
69560,40,3,0,0,0,0.4530643748551538,0.11764705882352941,1,10,10
69573,6,3,0.15945692742694476,0.14285714285714285,0.3333333333333333,0.15945692742694476,0.14285714285714285,0.3333333333333333,6,10
69579,207,2,0,0,0,0,0,0,10,10
69582,3,3,0.24926098697416302,0.07692307692307693,1,0.3841288471575334,0.3076923076923077,0.5,3,10
69587,93,2,0,0,0,0.11004588314904007,0.0625,0.3333333333333333,10,10
69605,181,4,0,0,0,0.1884441521277154,0.125,0.3333333333333333,10,10
69608,199,2,0,0,0,0,0,0,10,10
69615,37,2,0.2874476364692017,0.25,0.16666666666666666,0.12987501165334073,0.125,0.1111111111111111,10,10
69616,7,3,0.6489315753318465,0.3125,1,0.6177639991612474,0.3125,1,7,10
69623,6,1,0.11004588314904007,0.0625,0.3333333333333333,0.1388624438735545,0.0625,0.5,6,6
69626,5,3,0,0,0,0,0,0,5,10
69638,12,3,0.5633882536426741,0.5333333333333333,0.3333333333333333,0.800693766409882,0.5333333333333333,1,10,10
69664,73,3,0,0,0,0.2336508082431053,0.14285714285714285,0.5,10,10
69665,13,3,0.1799314820111718,0.125,0.25,0.20829366581033176,0.125,0.5,10,10
69669,66,1,0,0,0,0.3827160388385181,0.20833333333333334,0.3333333333333333,10,10
69691,13,2,0.21850898654864814,0.2,0.14285714285714285,0.490222650816517,0.2,1,10,10
69695,13,2,0.9191904578968186,0.5625,1,0.8875698179171387,0.5625,1,10,10
69698,2,5,0,0,0,0,0,0,2,10
69705,1,3,0,0,0,0,0,0,1,10
69707,11,3,0.08514311764162098,0.07692307692307693,0.2,0.1388624438735545,0.07692307692307693,0.5,10,10
69752,4029,1,0,0,0,0,0,0,10,10
69772,19,4,1,0.625,1,1,0.625,1,10,10
69773,22,2,0.7799082337019198,0.5625,0.5,0.5302442049991306,0.375,0.5,10,10
69777,2,3,0.3667314583167897,0.13333333333333333,1,0.8313577016679498,0.5333333333333333,1,2,10
69794,3,4,0.4198525533351915,0.125,1,0.5846496772851758,0.25,1,3,10
69800,32,2,0,0,0,0.12612699746278572,0.125,0.2,10,10
69806,7,3,0.8296812233169012,0.5,1,0.9241671129536687,0.6428571428571429,1,7,10
69810,6,3,0.06641976828176249,0.06666666666666667,0.2,0.7778177053887201,0.4,1,6,10
69813,13,2,1,0.8333333333333334,1,0.8572048559638626,0.6666666666666666,1,10,10
69817,45,2,0.6410457898283652,0.5,0.3333333333333333,0.6777277508780453,0.4375,1,10,10
69822,40,2,0,0,0,0,0,0,10,10
69832,43,2,0.438612926898711,0.17647058823529413,0.25,1,0.29411764705882354,1,10,10
69835,1,4,0.32884106439783134,0.2,1,0.6358141260787616,0.2,1,1,10
69836,172,2,0,0,0,0.1388624438735545,0.0625,0.5,10,10
69863,52,2,0,0,0,0.07839826897867533,0.0625,0.16666666666666666,10,10
69875,7,1,0.800693766409882,0.4375,1,1,0.625,1,7,10
69882,11,4,1,0.6666666666666666,1,1,0.6666666666666666,1,10,10
69883,11,1,0.43621154230977444,0.375,0.2,0.5829393865084945,0.375,1,10,10
69906,5,4,0.6486308491486031,0.35714285714285715,1,0.6092378088023978,0.42857142857142855,1,5,10
69926,1,3,0,0,0,0.3222722491219546,0.1875,0.5,1,10
69934,18949,1,0,0,0,0,0,0,10,10
69938,4,4,0.20483424751859086,0.125,0.3333333333333333,0.24355227021012346,0.1875,0.25,4,10
69943,182,3,0,0,0,0.2895229882348574,0.125,1,10,10
69952,79,3,0,0,0,0.31204907722178066,0.1875,0.5,10,10
69961,73,1,0.27267015568947806,0.3076923076923077,0.14285714285714285,0.06943122193677725,0.07692307692307693,0.125,10,10
70053,33,3,0,0,0,0,0,0,10,10
70054,38,3,0,0,0,0.07336392209936005,0.0625,0.14285714285714285,10,10
70055,140,1,0,0,0,0.686715183098259,0.5454545454545454,1,10,10
70066,1,1,0.4692787260227565,0.3333333333333333,1,0.7653606369886218,0.6666666666666666,1,1,2
70074,19,4,0.1356854453911663,0.125,0.125,0,0,0,10,10
70097,17,4,0.22512919836399756,0.1875,0.16666666666666666,0.30295518767801577,0.25,0.25,10,10
70106,299,4,0,0,0,0.06319224291303384,0.02702702702702703,0.25,10,10
70112,635,2,0,0,0,0,0,0,10,10
70113,60,3,0,0,0,0,0,0,10,10
70121,191,3,0,0,0,0.29951361897034223,0.25,0.3333333333333333,10,10
70133,29,3,0,0,0,0.14201905717762703,0.125,0.16666666666666666,10,10
70141,174,3,0,0,0,0,0,0,10,10
70151,13,3,0,0,0,0,0,0,10,10
70163,15,2,0.9363792118010483,0.6428571428571429,1,1,0.7142857142857143,1,10,10
70183,20,1,0.29707348620844626,0.38461538461538464,0.16666666666666666,0.764055368718996,0.6153846153846154,1,10,10
70185,32,3,0.0636207881989517,0.0625,0.1,0.2906246349515899,0.1875,0.5,10,10
70196,23,4,0.4050575951885672,0.3125,0.3333333333333333,0.40786349157120805,0.1875,1,10,10
70198,27,3,0.7846170207230129,0.4375,1,0.4283854321084119,0.1875,1,10,10
70208,18,1,0.7799082337019198,0.5625,0.5,0.6505132600483446,0.375,1,10,10
70212,90,3,0,0,0,0,0,0,10,10
70244,3,3,0,0,0,0,0,0,3,10
70246,33,1,0,0,0,0.2583297509898471,0.1875,0.25,10,10
70263,508,2,0,0,0,0.0636207881989517,0.0625,0.1,10,10
70265,3,2,0.515889298427605,0.0967741935483871,1,0.6292414401942897,0.16129032258064516,1,3,10
70280,4407,3,0,0,0,0,0,0,10,10
70291,86,3,0,0,0,0.5253379115694863,0.6,0.5,10,10
70293,549,4,0,0,0,0.354105102365221,0.16666666666666666,1,10,10
70305,136,3,0,0,0,0,0,0,10,10
70313,10,1,1,0.625,1,1,0.625,1,10,10
70317,8,2,0.6585223048469903,0.8571428571428571,0.3333333333333333,0.936991991540195,0.8571428571428571,1,8,10
70326,6,1,0.8000460734455755,0.375,1,0.8000460734455755,0.375,1,6,6
70333,3301,2,0,0,0,0,0,0,10,10
70336,97,3,0,0,0,0.6812060741152737,0.4375,1,10,10
70341,20,3,0.6410457898283652,0.5,0.3333333333333333,1,0.625,1,10,10
70345,18,2,0,0,0,0.3784965723924467,0.25,1,10,10
70347,9,4,0.3063365306564336,0.16,0.2,0.5637884576902256,0.16,1,9,10
70353,15205,2,0,0,0,0.07336392209936005,0.0625,0.14285714285714285,10,10
70358,1,2,0,0,0,0.27520868097225953,0.21428571428571427,0.3333333333333333,1,10
70364,2,1,0.22009176629808014,0.09090909090909091,1,0.22009176629808014,0.09090909090909091,1,2,2
70378,124,4,0,0,0,0.06943122193677725,0.0625,0.125,10,10
70381,3,3,0,0,0,0,0,0,3,10
70383,115,2,0,0,0,0.09478836436955078,0.0625,0.25,10,10
70384,1275,2,0,0,0,0,0,0,10,10
70410,144,3,0,0,0,0.49118023727106,0.17391304347826086,1,10,10
70411,93,4,0,0,0,0.06319224291303384,0.030303030303030304,0.25,10,10
70420,16,2,0.06499922211334154,0.0625,0.1,0.505356719842132,0.25,1,10,10
70422,2,3,0.1624889644740723,0.1,0.5,0.3633865293690862,0.3,1,2,10
70448,20,3,0,0,0,0.07336392209936005,0.0625,0.14285714285714285,10,10
70458,50,2,0,0,0,0.806397694024336,0.2647058823529412,1,10,10
70475,10,1,0.92663607790064,0.5625,1,0.9305687780632227,0.5625,1,10,10
70503,15,2,1,0.625,1,0.7799082337019198,0.5625,0.5,10,10
70510,150,2,0,0,0,0.38634741424626085,0.3125,0.25,10,10
70511,105,2,0,0,0,0.20483424751859086,0.15384615384615385,0.3333333333333333,10,10
70514,1,4,0,0,0,0.135640669549971,0.125,0.3333333333333333,1,10
70531,24,1,0.22009176629808014,0.07692307692307693,1,0.14148424398194304,0.15384615384615385,0.5,10,10
70540,41,3,0.12315119437036498,0.25,0.125,0.3903800499921017,0.25,1,10,10
70556,3,2,0.38016333471374103,0.3333333333333333,0.5,0.5475732076830985,0.5,1,3,10
70581,3,1,0,0,0,0,0,0,3,3
70592,18,2,0.6410457898283652,0.5,0.3333333333333333,1,0.625,1,10,10
70614,7,4,0.23690530871965637,0.21428571428571427,0.2,0.4252084336260237,0.21428571428571427,1,7,10
70625,29,3,0.464826626103609,0.3076923076923077,0.5,0.6144374668980744,0.3076923076923077,1,10,10
70652,16,4,1,0.625,1,1,0.625,1,10,10
70659,13,1,0.30967941353852174,0.3333333333333333,0.3333333333333333,0.6930221935231562,0.5555555555555556,1,10,10
70676,623,2,0,0,0,0.8000460734455755,0.375,1,10,10
70683,4,3,0.06319224291303384,0.07692307692307693,0.25,0,0,0,4,10
70691,16,2,0.4011248950259844,0.35714285714285715,0.25,0.47842151728792726,0.2857142857142857,1,10,10
70706,5,4,0.24890832702259458,0.125,0.5,1,0.625,1,5,10
70711,2,3,0.35895421017163465,0.13333333333333333,1,0.4690000933206747,0.2,1,2,10
70712,5,3,0.28997736516021183,0.1875,0.3333333333333333,0.5384313152574519,0.25,1,5,10
70717,22,3,0.0636207881989517,0.1,0.1,0.3052348839397011,0.2,1,10,10
70736,1,5,0.26742619438551957,0.0625,1,0.5698664345004878,0.1875,1,1,10
70742,50,2,0,0,0,0.2336508082431053,0.125,0.5,10,10
70749,28,3,0.09257496258236969,0.0625,0.5,0.056762078427747324,0.0625,0.2,10,10
70751,20,3,0.19930623359011798,0.2,0.125,0.2336508082431053,0.13333333333333333,0.5,10,10
70755,140,3,0,0,0,0,0,0,10,10
70772,1,2,0,0,0,0,0,0,1,10
70776,19,2,0,0,0,0.11004588314904007,0.0625,0.3333333333333333,10,10
70782,2634,4,0,0,0,0.09907759915099076,0.0625,0.25,10,10
70784,1373,3,0,0,0,0.5224955967919309,0.26666666666666666,1,10,10
70789,658,3,0,0,0,0.6489315753318465,0.3125,1,10,10
70792,41,6,0,0,0,0,0,0,10,10
70802,1342,1,0,0,0,0,0,0,10,10
70826,392,5,0,0,0,0,0,0,10,10
70827,2588,2,0,0,0,0.08514311764162098,0.043478260869565216,0.2,10,10
70838,12,2,1,0.6666666666666666,1,1,0.6666666666666666,1,10,10
70846,18,4,0.716287445502968,0.5,0.5,0.46474568322493615,0.375,0.25,10,10
70847,48,5,0,0,0,0.08539139310228318,0.06666666666666667,0.25,10,10
70853,1,4,0,0,0,0,0,0,1,10
70870,329,3,0,0,0,0.14489033529089881,0,0,10,10
70889,16,4,0.9363792118010483,0.5625,1,0.727329844310522,0.375,1,10,10
70904,2263,2,0,0,0,0,0,0,10,10
70905,150,2,0,0,0,0.19305797271250802,0.05263157894736842,0.5,10,10
70908,38,3,0.2025539448902541,0.08333333333333333,0.125,0.34000085528437685,0.08333333333333333,0.5,10,10
70914,99,3,0,0,0,0.2246633760228915,0.1875,0.25,10,10
70916,692,2,0,0,0,0,0,0,10,10
70917,50,4,0,0,0,0.20483424751859086,0.125,0.3333333333333333,10,10
70920,1,5,0.5090967735771897,0.3333333333333333,1,0.5090967735771897,0.3333333333333333,1,1,10
70924,146,3,0,0,0,0.25469837558210445,0.1875,0.3333333333333333,10,10
70926,555,2,0,0,0,0.08514311764162098,0.04,0.2,10,10
70927,38,3,0.19930623359011798,0.1875,0.125,0.6172839611614817,0.3125,1,10,10
70932,4,4,0.06319224291303384,0.0625,0.25,0.2318709618403411,0.125,1,4,10
70933,8,3,0.5891636519203337,0.42857142857142855,0.5,0.25430127623392856,0.14285714285714285,0.5,8,10
70936,267,3,0,0,0,0.09478836436955078,0.07142857142857142,0.25,10,10
70955,612,2,0,0,0,0.4747901418801846,0.3076923076923077,1,10,10
70967,19,3,0.35106842466815336,0.125,0.16666666666666666,0.914856882358379,0.225,1,10,10
70975,8,2,0.46922975416510015,0.8,0.3333333333333333,0.5031800947891368,0.8,0.5,8,10
70987,111,1,0,0,0,0,0,0,10,10
71010,203,4,0,0,0,0.6314990913428391,0.3333333333333333,1,10,10
71014,2564,2,0,0,0,0,0,0,10,10
71017,483,3,0,0,0,0.40853591842579556,0.2,1,10,10
71018,282,3,0,0,0,0,0,0,10,10
71028,2,1,0.18764419468809046,0.0625,0.5,0.29740901205864334,0.0625,1,2,2
71030,2,3,0.1388624438735545,0.0625,0.5,0.22009176629808014,0.0625,1,2,10
71033,2,4,0.4361533373077281,0.125,1,0.8675241956752285,0.5,1,2,10
71040,11,2,0.21538785103802421,0.23076923076923078,0.2,0.2166519526320964,0.15384615384615385,0.5,10,10
71051,2,3,0.5129861293403476,0.25,1,0.5129861293403476,0.25,1,2,10
71052,8134,1,0,0,0,0,0,0,10,10
71058,2089,2,0,0,0,0.07839826897867533,0.03225806451612903,0.16666666666666666,10,10
71062,1603,2,0,0,0,0,0,0,10,10
71063,626,4,0,0,0,0.2837125544970318,0.13333333333333333,1,10,10
71065,32,4,0.08829915600403987,0.0625,0.125,0,0,0,10,10
71066,134,3,0,0,0,0.09478836436955078,0.0625,0.25,10,10
71078,143,2,0,0,0,0.35940858709698914,0.11764705882352941,0.3333333333333333,10,10
71079,251,2,0,0,0,0.6248715226065693,0.3333333333333333,1,10,10
71097,311,2,0,0,0,0.7728378251807518,0.4375,1,10,10
71101,1,3,0,0,0,0.07336392209936005,0.03125,0.14285714285714285,1,10
71119,36,4,0.07839826897867533,0.0625,0.16666666666666666,0.4690000933206747,0.1875,1,10,10
71120,223,2,0,0,0,0,0,0,10,10
71162,7,2,0.6539659222111617,0.46153846153846156,0.5,0.9048032373092418,0.6153846153846154,1,7,10
71186,812,3,0,0,0,0.11396116007791328,0.08695652173913043,0.2,10,10
71187,159,4,0,0,0,0,0,0,10,10
71197,1,1,0.279901702223461,0.0625,1,0.279901702223461,0.0625,1,1,1
71204,2,1,0,0,0,0,0,0,2,2
71235,21,3,0.27267015568947806,0.25,0.14285714285714285,0.6274092458891771,0.3125,1,10,10
71255,88,1,0,0,0,0.21145027911440428,0.12,0.16666666666666666,10,10
71257,25,2,0,0,0,0.7151857987862356,0.375,1,10,10
71264,6,2,0.23719771276929622,0.5,0.2,0.3065735963827292,0.5,0.3333333333333333,6,10
71297,10,1,0.0636207881989517,0.06666666666666667,0.1,0.06943122193677725,0.06666666666666667,0.125,10,10
71299,11,2,0.6332685416832102,0.5,0.3333333333333333,0.8490784463031535,0.5,1,10,10
71318,2,2,0.40652716006074996,0.13333333333333333,1,0.40652716006074996,0.13333333333333333,1,2,6
71325,10,2,0.8554764232313372,0.625,1,0.8768555980218291,0.625,1,10,10
71351,175,2,0,0,0,0.07336392209936005,0.0625,0.14285714285714285,10,10
71352,14,3,0.6698623505528797,0.25,0.5,0.5835778597081013,0.21875,0.5,10,10
71356,17,2,0,0,0,0.6471544100677071,0.3125,1,10,10
71366,3,3,0,0,0,0,0,0,3,10
71372,2,2,0.38012962282199253,0.25,1,0.9171816190470334,0.875,1,2,10
71377,6,2,0.6421867266689009,0.19230769230769232,1,0.6037457407573941,0.23076923076923078,0.5,6,10
71381,22,1,0.5966951197831223,0.5,0.3333333333333333,0.8153851262445498,0.5,1,10,10
71386,4,2,0.4690000933206747,0.125,1,0.4747901418801846,0.16666666666666666,1,4,10
71393,8,2,0.42883980903376634,0.3076923076923077,0.5,0.43735247915031,0.23076923076923078,1,8,10
71394,1,5,0.22009176629808014,0.0625,1,0.4576752747037683,0.25,1,1,10
71397,13,2,0.7357387513989937,0.7,0.5,0.7520973617492561,0.7,0.5,10,10
71400,6,2,0.5506181083910835,0.35714285714285715,0.5,0.7088500908446072,0.42857142857142855,1,6,10
71452,7,3,0.33169367308920716,0.25,0.25,0.12987501165334073,0.125,0.1111111111111111,7,10
71453,21,3,0,0,0,0.34695119186869644,0.25,0.3333333333333333,10,10
71539,23,3,0.38022130964112794,0.3125,0.16666666666666666,0.5555044796847155,0.25,1,10,10
71546,46,4,0,0,0,0.7133080652109928,0.4375,1,10,10
71549,12,3,0.7968060432053914,0.5625,0.5,0.9539766929213053,0.5625,1,10,10
71560,40,4,0,0,0,0,0,0,10,10
71562,14,2,0.6145870006788593,0.13043478260869565,1,0.826333328652008,0.17391304347826086,1,10,10
71565,8,3,0,0,0,0,0,0,8,10
71566,44,3,0,0,0,0.0636207881989517,0.0625,0.1,10,10
71567,228,2,0,0,0,0.04890928139957336,0.029411764705882353,0.14285714285714285,10,10
71578,46,2,0.35106842466815336,0.4166666666666667,0.16666666666666666,0.78180487222265,0.5833333333333334,1,10,10
71584,122,2,0,0,0,0.07336392209936005,0.0625,0.14285714285714285,10,10
71612,15,2,1,0.625,1,1,0.625,1,10,10
71625,427,2,0,0,0,0.2174884416909426,0.2,0.3333333333333333,10,10
71627,93,2,0.1339298218875414,0.06666666666666667,0.125,0.2957092629098329,0.1,0.25,10,10
71641,254,3,0,0,0,0.13305201013572895,0.06451612903225806,0.125,10,10
71646,104,3,0,0,0,0.11004588314904007,0.0625,0.3333333333333333,10,10
71647,255,2,0,0,0,0.1884441521277154,0.125,0.3333333333333333,10,10
71655,6,3,0.2832325164972662,0.07894736842105263,0.3333333333333333,0.3878661736950714,0.10526315789473684,0.5,6,10
71659,6,2,0.5698664345004878,0.2,1,0.6333725228078673,0.26666666666666666,1,6,10
71671,36,3,0,0,0,0.4800032020044254,0.15,0.3333333333333333,10,10
71677,8,3,0.45374257454118544,0.23076923076923078,1,0.34369669139214537,0.23076923076923078,0.5,8,10
71678,15,2,0.24821551498969135,0.26666666666666666,0.14285714285714285,0.4323181322709947,0.2,1,10,10
71680,244,2,0,0,0,0.07839826897867533,0.08333333333333333,0.16666666666666666,10,10
71691,639,2,0,0,0,0.7280855459907164,0.4375,1,10,10
71696,8,4,0.8701249883466592,0.5,1,0.7909506325094736,0.4375,1,8,10
71702,77,3,0,0,0,0.9363792118010483,0.5625,1,10,10
71713,181,3,0,0,0,0,0,0,10,10
71724,801,1,0,0,0,0.0636207881989517,0.0625,0.1,10,10
71741,4,3,0.4964326674733105,0.25,1,0.6681876226645777,0.375,1,4,10
71743,5,1,0.2090792679281757,0.14285714285714285,0.3333333333333333,0.2666214314551734,0.14285714285714285,0.5,5,5
71807,512,2,0,0,0,0.299296106099802,0.26666666666666666,0.3333333333333333,10,10
71810,3,5,0.17774762097011562,0.125,0.5,0.36316651375937864,0.25,0.5,3,10
71813,2,3,0.35895421017163465,0.13333333333333333,1,0.35895421017163465,0.13333333333333333,1,2,8
71818,40,8,1,0.25,1,1,0.25,1,10,10
71830,5,4,0.6782961487391511,0.38461538461538464,1,0.7013802387085412,0.38461538461538464,1,5,10
71832,8,5,0,0,0,0,0,0,8,10
71838,4,4,0.5908007884372638,0.375,1,0.44751426833394353,0.375,0.5,4,10
71844,1282,3,0,0,0,0.17097447819255976,0.1111111111111111,0.5,10,10
71845,8,4,0.22004653412513578,0.4,0.14285714285714285,0.5531464700081437,0.4,1,8,10
71846,38,5,1,0.2702702702702703,1,1,0.2702702702702703,1,10,10
71866,83,3,0,0,0,0,0,0,10,10
71871,81,5,0,0,0,0.07336392209936005,0.0625,0.14285714285714285,10,10
71873,264,2,0,0,0,0,0,0,10,10
71888,53,5,0,0,0,0.3052348839397011,0.14285714285714285,1,10,10
71894,30,2,1,0.2564102564102564,1,1,0.2564102564102564,1,10,10
71904,22,1,0.5309999066793252,0.4666666666666667,0.25,0.7315449642824574,0.4666666666666667,1,10,10
71906,3,3,0.18764419468809046,0.06666666666666667,0.5,0.14870450602932167,0.06666666666666667,0.3333333333333333,3,10
71921,488,2,0,0,0,0.14465249243306438,0.10526315789473684,0.16666666666666666,10,10
71926,30,2,0,0,0,0.7510916729774053,0.5,1,10,10
71986,103,2,0,0,0,0,0,0,10,10
71987,97,3,0,0,0,0,0,0,10,10
71988,73,3,0,0,0,0,0,0,10,10
72005,17,1,0.5309999066793252,0.4666666666666667,0.25,1,0.6666666666666666,1,10,10
72017,19,3,0.24890832702259458,0.125,0.5,0.3301376494471202,0.125,1,10,10
72024,26,2,0.2134894960461195,0.23076923076923078,0.125,0.8480684988093568,0.5384615384615384,1,10,10
72028,521,2,0,0,0,0.3621108234757072,0.125,1,10,10
72031,11,3,0.3725907541108227,0.38461538461538464,0.2,0.5174612499126157,0.3076923076923077,1,10,10
72037,1677,2,0,0,0,0.17947710508581732,0.125,0.3333333333333333,10,10
72051,1115,2,0,0,0,0.06625422345438903,0.0625,0.1111111111111111,10,10
72052,3952,2,0,0,0,0,0,0,10,10
72057,428,3,0,0,0,0.37923771560128977,0.3125,0.25,10,10
72077,5,2,0.8304386017472857,1,0.5,0.9942646540427001,1,1,5,10
72078,121,3,0,0,0,0.5321408435198608,0.25,1,10,10
72080,50,3,0,0,0,0.5224955967919309,0.25,1,10,10
72087,2,6,0,0,0,0,0,0,2,10
72097,150,2,0,0,0,0.8643145546088337,0.5,1,10,10
72100,904,2,0,0,0,0.23944085680261518,0.2,0.25,10,10
72101,1394,2,0,0,0,0.15139734109601002,0.07142857142857142,0.2,10,10
72127,899,2,0,0,0,0,0,0,10,10
72128,1165,2,0,0,0,0.22009176629808014,0.0625,1,10,10
72132,179,3,0,0,0,0.13698471029831175,0.125,0.14285714285714285,10,10
72133,126,3,0,0,0,0.47885797580893463,0.5555555555555556,0.5,10,10
72135,76,3,0,0,0,0.32195053918879885,0.25,0.25,10,10
72136,998,2,0,0,0,0.14201905717762703,0.125,0.16666666666666666,10,10
72146,10,5,1,0.2631578947368421,1,1,0.2631578947368421,1,10,10
72153,1,2,0,0,0,0,0,0,1,10
72156,20,2,1,0.625,1,0.9305687780632227,0.5625,1,10,10
72171,19,4,0.6410457898283652,0.6153846153846154,0.3333333333333333,0.9363792118010483,0.6923076923076923,1,10,10
72172,167,2,0,0,0,0.45374257454118544,0.1875,1,10,10
72173,40,2,0.3034700433227743,0.21739130434782608,0.16666666666666666,0.7721596254947202,0.30434782608695654,1,10,10
72178,1,3,0.22009176629808014,0.0625,1,0.22009176629808014,0.0625,1,1,10
72180,1,4,0.24209587273488012,0.0625,1,0.6668085832237611,0.3125,1,1,10
72187,21,3,0.09684208768602304,0.1,0.25,0,0,0,10,10
72195,113,4,0.27267015568947806,0.3076923076923077,0.14285714285714285,0,0,0,10,10
72198,157,2,0,0,0,0,0,0,10,10
72199,2689,1,0,0,0,0.07336392209936005,0.02631578947368421,0.14285714285714285,10,10
72209,56,2,0.0636207881989517,0.0625,0.1,0.2646202227274383,0.1875,0.3333333333333333,10,10
72220,156,3,0,0,0,0,0,0,10,10
72226,496,1,0,0,0,0.2336508082431053,0.06451612903225806,0.5,10,10
72232,15,4,0.10866808225369018,0.125,0.1111111111111111,0.2614432242450501,0.1875,0.3333333333333333,10,10
72245,12,3,1,0.7142857142857143,1,0.5933607200949345,0.35714285714285715,1,10,10
72247,475,1,0,0,0,0.06943122193677725,0.0625,0.125,10,10
72275,9,2,0.9457251102493623,0.5625,1,0.9556668866636359,0.5625,1,9,10
72285,10,4,0.9477344873475498,0.75,1,1,0.8333333333333334,1,10,10
72300,2785,1,0,0,0,0.06625422345438903,0.0625,0.1111111111111111,10,10
72304,25,3,0.2242976083794193,0.1875,0.16666666666666666,0.2134190485129175,0.125,0.3333333333333333,10,10
72310,259,1,0,0,0,0,0,0,10,10
72317,16,3,0.0636207881989517,0.029411764705882353,0.1,0.17366667134799177,0.058823529411764705,0.3333333333333333,10,10
72406,17,2,0.3385787102694085,0.14705882352941177,0.25,0.5759764879163157,0.23529411764705882,0.5,10,10
72418,4,1,0.4837465485362044,0.1875,1,0.5002172878101808,0.1875,1,4,4
72420,3,2,0.11004588314904007,0.0625,0.3333333333333333,0.1388624438735545,0.0625,0.5,3,10
72444,38,3,0,0,0,0.2103486323976718,0.13333333333333333,1,10,10
72445,61,2,0,0,0,0.20511666732794356,0.14285714285714285,0.5,10,10
72446,8,1,0.4011248950259844,0.3125,0.25,0.5884674004369673,0.3125,1,8,8
72451,47,2,0,0,0,0.49663815641213194,0.3333333333333333,1,10,10
72569,7,3,0.7063906054581909,0.3333333333333333,1,0.5300579281801053,0.3333333333333333,0.5,7,10
72574,59,2,0,0,0,0.2375835084056881,0.21428571428571427,0.25,10,10
72579,23,2,0,0,0,0.20904936749052636,0.1875,0.14285714285714285,10,10
72580,4,2,0.5637884576902256,0.11428571428571428,1,0.6100759389814103,0.14285714285714285,1,4,10
72593,6,4,0.348702247503555,0.6666666666666666,0.2,0.5430667908374096,1,0.3333333333333333,6,10
72597,267,2,0,0,0,0,0,0,10,10
72604,9,2,0.3725907541108227,0.3125,0.2,0.44270017573363163,0.3125,0.5,9,10
72631,1,2,0.2357541930550393,0.06666666666666667,1,0.4702702224719015,0.3333333333333333,1,1,10
72644,289,2,0,0,0,0.19518900079066107,0.125,0.3333333333333333,10,10
72657,137,4,0,0,0,0.13305201013572895,0.125,0.125,10,10
72660,967,2,0,0,0,0.26180807422707547,0.12,0.3333333333333333,10,10
72661,141,5,0,0,0,0.11004588314904007,0.0625,0.3333333333333333,10,10
72671,43,2,0,0,0,0.14782949091545258,0.05555555555555555,0.16666666666666666,10,10
72673,12500,1,0,0,0,0,0,0,10,10
72679,27,2,0,0,0,0.2279382616777583,0.2,0.2,10,10
72681,2108,2,0,0,0,0.07495345472190745,0.09090909090909091,0.14285714285714285,10,10
72683,76,4,0,0,0,0,0,0,10,10
72690,5777,2,0,0,0,0,0,0,10,10
72694,2649,2,0,0,0,0,0,0,10,10
72718,288,2,0,0,0,0.6754160255557637,0.4,1,10,10
72725,141,2,0,0,0,0.8630152897016883,0.2857142857142857,1,10,10
72733,12,1,1,0.8333333333333334,1,0.8611375561264454,0.75,1,10,10
72744,4,3,0.2666214314551734,0.15384615384615385,0.5,0.4284901688720099,0.23076923076923078,1,4,10
72835,1,2,0.279901702223461,0.1,1,0.8277543762033311,0.8,1,1,10
72853,3,2,0.39563617122131467,0.1875,1,0.5908648984984007,0.3125,1,3,8
72854,3,1,0.490222650816517,0.1875,1,0.490222650816517,0.1875,1,3,3
72856,204,1,0.08939796409998145,0.043478260869565216,0.1111111111111111,0,0,0,10,10
72867,1,2,0,0,0,0.08514311764162098,0.06666666666666667,0.2,1,10
72889,44,1,0,0,0,0.4482145606127126,0.22727272727272727,0.5,10,10
72890,2,2,0,0,0,0.3062386434839551,0.26666666666666666,0.25,2,10
72894,4,1,0.6201543156208374,0.2857142857142857,1,0.6201543156208374,0.2857142857142857,1,4,4
72902,12,4,0.5759764879163157,0.4375,0.5,0.490148381412248,0.375,0.5,10,10
72914,7,3,0.33406024820156016,0.2,0.25,0.4565829142045392,0.2,0.5,7,10
72939,50,3,0,0,0,0.4807513774838464,0.3125,0.5,10,10
72941,34,2,0,0,0,0.1664544590755602,0,0,10,10
72943,1,4,0.3368164256333634,0.125,1,0.14505893889435995,0.125,0.25,1,10
72960,11,2,1,0.9090909090909091,1,1,0.9090909090909091,1,10,10
72971,10,3,0.1845756967795682,0.5,0.1111111111111111,0.8315546295836226,1,1,10,10
72985,41,2,0.27267015568947806,0.3076923076923077,0.14285714285714285,0.30240383049385083,0.23076923076923078,0.5,10,10
72995,2271,2,0,0,0,0.22009176629808014,0.0625,1,10,10
73003,11,2,0.49463434952467333,0.2857142857142857,1,0.24161222524237388,0.21428571428571427,0.3333333333333333,10,10
73027,38,2,0.14465249243306438,0.08695652173913043,0.16666666666666666,0.7136540102475307,0.34782608695652173,0.5,10,10
73028,16,3,0.35106842466815336,0.3125,0.16666666666666666,0.716287445502968,0.5,0.5,10,10
73031,7,1,0.800693766409882,0.5,1,0.800693766409882,0.5,1,7,7
73042,5,4,0.633111159363262,0.4166666666666667,1,0.7400821541706627,0.5,1,5,10
73046,66,3,0,0,0,0.6026171026200148,0.3333333333333333,1,10,10
73074,19,2,0,0,0,0,0,0,10,10
73082,1,3,0,0,0,0,0,0,1,10
73098,9,2,0.1356854453911663,0.06896551724137931,0.125,0.19518900079066107,0.06896551724137931,0.3333333333333333,9,10
73104,91,2,0,0,0,0,0,0,10,10
73107,490,1,0,0,0,0,0,0,10,10
73108,2,3,0.4361533373077281,0.13333333333333333,1,0.7648028719396593,0.4666666666666667,1,2,10
73200,5,1,0.1799314820111718,0.125,0.25,0.2336508082431053,0.125,0.5,5,5
73211,1656,3,0,0,0,0.22009176629808014,0.02702702702702703,1,10,10
73215,15,3,0,0,0,0,0,0,10,10
73219,4,3,0.15187934339676792,0.1111111111111111,0.5,0,0,0,4,10
73227,17,3,0.20832496953896984,0.1875,0.125,0.21575638664502406,0.1875,0.3333333333333333,10,10
73232,10,3,0,0,0,0.02445464069978668,0,0,10,10
73243,1,2,0.29740901205864334,0.07692307692307693,1,0.29740901205864334,0.07692307692307693,1,1,10
73250,88,3,0,0,0,0.6772733739526907,0.375,1,10,10
73251,51,3,0,0,0,0,0,0,10,10
73254,2,4,0.1388624438735545,0.06666666666666667,0.5,0.17947710508581732,0.13333333333333333,0.3333333333333333,2,10
73265,11,4,0.35106842466815336,0.3333333333333333,0.16666666666666666,0.4690000933206747,0.2,1,10,10
73267,27,2,0.3144451706510987,0.3125,0.16666666666666666,0.12835137326294574,0.125,0.3333333333333333,10,10
73271,3,2,0.31654916311981024,0.125,0.5,0.5724044606467625,0.25,1,3,6
73276,4,2,0.5321923362337085,0.3333333333333333,1,0.5321923362337085,0.3333333333333333,1,4,10
73282,5,2,0.09916288995176918,0.07142857142857142,0.5,0.09916288995176918,0.07142857142857142,0.5,5,10
73320,8,3,0.5741731189336586,0.75,0.3333333333333333,0.7752605882817406,0.75,1,8,10
73339,17,5,0.43621154230977444,0.375,0.2,0.3913817611255761,0.3125,0.25,10,10
73343,12,4,0.9755453593002132,0.6666666666666666,1,1,0.6666666666666666,1,10,10
73347,9,2,0.7856194205966696,0.6,1,0.9238645361425566,0.6666666666666666,1,9,10
73353,3,3,0.1624889644740723,0.08333333333333333,0.5,0.11757952552060294,0.08333333333333333,0.16666666666666666,3,10
73360,7,2,0.857673669302587,0.7,1,0.9545678367538876,0.9,1,7,10
73367,8,2,0.6500332220485789,0.4375,0.5,0.7753366239771085,0.4375,1,8,10
73368,326,1,0,0,0,0.15176219107803537,0.125,0.16666666666666666,10,10
73374,40,1,0,0,0,0.7471589728148225,0.5,1,10,10
73382,133,4,0,0,0,0.6910960080684743,0.2,1,10,10
73401,151,4,0,0,0,0,0,0,10,10
73404,28,3,0.36995731885538535,0.45454545454545453,0.2,0.7788065869851873,0.6363636363636364,1,10,10
73415,569,4,0,0,0,0,0,0,10,10
73418,28,3,0.12987501165334073,0.125,0.1111111111111111,0.4451010873575096,0.3125,0.5,10,10
73426,343,3,0,0,0,0,0,0,10,10
73427,683,1,0,0,0,0.22009176629808014,0.06666666666666667,1,10,10
73428,522,2,0,0,0,0.2984900352767555,0.07407407407407407,1,10,10
73429,191,4,0,0,0,0.2934556883974402,0.05,1,10,10
73431,4,3,0.41761443305159,0.1875,0.5,0.5163134845149011,0.1875,1,4,10
73435,9,3,0,0,0,0.3725907541108227,0.35714285714285715,0.2,9,10
73449,2268,1,0,0,0,0.13305201013572895,0.08,0.125,10,10
73450,792,2,0,0,0,0,0,0,10,10
73452,38,3,0,0,0,0.45516049900017586,0.35714285714285715,0.5,10,10
73456,11,4,0,0,0,0,0,0,10,10
73459,16,1,1,0.625,1,1,0.625,1,10,10
73471,38,4,0.0699814014043856,0.07142857142857142,0.1,0.0728781195196487,0.07142857142857142,0.1111111111111111,10,10
73484,14,3,0.6969387913610549,0.5625,0.5,0.9716189607861262,0.625,1,10,10
73488,9,2,0.9566671852577723,0.5625,1,0.9566671852577723,0.5625,1,9,10
73523,5,2,0.16233525201675195,0.125,0.25,0.26265588208501417,0.1875,0.3333333333333333,5,10
73531,12,1,0.7318068210920499,0.6153846153846154,0.5,0.8889774708079637,0.6153846153846154,1,10,10
73532,158,3,0,0,0,0,0,0,10,10
73536,3,2,0.21222636597291455,0.125,0.5,0.44980987437860265,0.3125,0.5,3,10
73558,19,2,0.4011248950259844,0.3125,0.25,0.4789015552876929,0.25,1,10,10
73560,71,2,0,0,0,0,0,0,10,10
73563,27,1,0.43621154230977444,0.24,0.2,0.30308203017988256,0.12,0.5,10,10
73564,4,2,0.20483424751859086,0.125,0.3333333333333333,0.4323181322709947,0.1875,1,4,10
73567,316,1,0,0,0,0.1396181455537491,0.05555555555555555,0.14285714285714285,10,10
73586,96,2,0,0,0,0.06943122193677725,0.06666666666666667,0.125,10,10
73587,15,2,0,0,0,0,0,0,10,10
73604,9,2,0.15176219107803537,0.16666666666666666,0.16666666666666666,0.21222636597291455,0.16666666666666666,0.5,9,10
73628,2,3,0,0,0,0,0,0,2,10
73631,6,2,0.39724368757724937,0.2857142857142857,0.5,0.5175009763990407,0.2857142857142857,1,6,10
73645,1246,1,0,0,0,0,0,0,10,10
73649,30,2,0,0,0,0,0,0,10,10
73650,8,2,0,0,0,0,0,0,8,10
73653,630,2,0,0,0,0,0,0,10,10
73654,45,3,0,0,0,0,0,0,10,10
73669,2,4,0,0,0,0.4001599727580859,0.1875,1,2,10
73680,59,1,0,0,0,0.3621108234757072,0.2,1,10,10
73690,6,3,0.6306707225904512,0.42857142857142855,1,0.8030381290312976,0.6428571428571429,1,6,10
73691,1,2,0,0,0,0,0,0,1,10
73700,12,3,0.12987501165334073,0.14285714285714285,0.1111111111111111,0.206415932235089,0.21428571428571427,0.14285714285714285,10,10
73702,46,1,0,0,0,0.09684208768602304,0.06666666666666667,0.25,10,10
73737,4,1,0.6597133113683123,0.26666666666666666,1,0.6597133113683123,0.26666666666666666,1,4,4
73739,135,1,0,0,0,0.05379908282997335,0.0625,0.14285714285714285,10,10
73742,18,1,0.27267015568947806,0.2222222222222222,0.14285714285714285,0.9216017310213247,0.5,1,10,10
73746,25,3,0.17350563625627743,0.13333333333333333,0.14285714285714285,0.4361533373077281,0.13333333333333333,1,10,10
73750,1,3,0,0,0,0.05942804319678212,0.0625,0.14285714285714285,1,10
73773,3,2,0.4690000933206747,0.1875,1,1,0.625,1,3,10
73799,22,3,0.1396181455537491,0.13333333333333333,0.14285714285714285,0.3667028183788342,0.26666666666666666,0.5,10,10
73803,1,1,0.7039180890341347,0.5,1,0.7039180890341347,0.5,1,1,1
73816,212,1,0,0,0,0,0,0,10,10
73826,54,1,0,0,0,0.933745776545611,0.6,1,10,10
73832,37,3,0,0,0,0.17171904689021833,0.5,0.14285714285714285,10,10
73862,294,1,0,0,0,0.2583297509898471,0.04477611940298507,0.25,10,10
73864,21,2,0,0,0,0,0,0,10,10
73887,9,2,0,0,0,0,0,0,9,10
73891,5,2,0,0,0,0,0,0,5,10
73892,80,3,0,0,0,0,0,0,10,10
73910,1,2,0,0,0,0,0,0,1,10
73911,41,4,0,0,0,0.17947710508581732,0.15384615384615385,0.3333333333333333,10,10
73912,1,2,0.24095440361649045,0.125,1,0.27554554135054954,0.125,1,1,10
73916,4,3,0.22009176629808014,0.1,1,0.5900490851534655,0.6,1,4,10
73929,16,1,0.9363792118010483,0.5625,1,0.9052116356304492,0.5625,1,10,10
73935,33,2,0,0,0,0.5384313152574519,0.26666666666666666,1,10,10
73939,6,3,0,0,0,0,0,0,6,10
73944,18,2,0.06768971444980863,0.0625,0.1111111111111111,0.14187109415106738,0.0625,0.5,10,10
73946,18,4,0,0,0,0.2816372027313761,0.26666666666666666,0.16666666666666666,10,10
73949,30,2,0,0,0,0.5119013227920096,0.375,0.5,10,10
73953,2,3,0.37519712029518015,0.14285714285714285,1,0.37519712029518015,0.14285714285714285,1,2,10
73954,5,3,0.09478836436955078,0.0625,0.25,0.3280622976814645,0.25,0.3333333333333333,5,10
73955,4,4,0.5626271706315522,0.25,1,0.6122574652123064,0.3125,1,4,10
73988,13,2,1,0.625,1,1,0.625,1,10,10
73994,19,2,0.19930623359011798,0.1875,0.125,0.7183424120903081,0.4375,1,10,10
74006,39,1,0,0,0,0.4954588824701808,0.3125,0.5,10,10
74034,2,2,0.29740901205864334,0.0625,1,0.29740901205864334,0.0625,1,2,10
74040,1254,2,0,0,0,0,0,0,10,10
74054,766,3,0,0,0,0,0,0,10,10
74056,6,3,0.5072380780124417,0.3333333333333333,0.5,0.5730379245414763,0.3333333333333333,1,6,10
74057,16,3,1,0.625,1,0.914856882358379,0.5625,1,10,10
74075,223,2,0,0,0,0.09478836436955078,0.0625,0.25,10,10
74081,4,5,0,0,0,0.28117351905215676,0.125,1,4,10
74082,651,2,0,0,0,0.34369669139214537,0.21428571428571427,0.5,10,10
74083,29,4,0,0,0,0.5587246172655945,0.5,1,10,10
74105,2232,2,0,0,0,0,0,0,10,10
74110,43,3,0.27267015568947806,0.10526315789473684,0.14285714285714285,0.7097402150304354,0.18421052631578946,1,10,10
74113,2,2,0,0,0,0.1624889644740723,0.0625,0.5,2,10
74117,44,3,0.12987501165334073,0.125,0.1111111111111111,0.424926013816671,0.1875,1,10,10
74136,2,4,0.35895421017163465,0.125,1,1,0.625,1,2,10
74140,18,2,0.9363792118010483,0.5625,1,0.43621154230977444,0.375,0.2,10,10
74144,2,2,0.4361533373077281,0.125,1,0.628057184829282,0.3125,1,2,10
74161,419,3,0,0,0,0,0,0,10,10
74162,926,3,0,0,0,0,0,0,10,10
74165,155,4,0,0,0,0,0,0,10,10
74170,77,3,0,0,0,0.5483327772244702,0.3125,1,10,10
74172,316,3,0,0,0,0,0,0,10,10
74174,45,3,0,0,0,0,0,0,10,10
74188,3,2,0.4690000933206747,0.2,1,0.4690000933206747,0.2,1,3,3
74190,3,1,0.5311576535478315,0.21428571428571427,1,0.5311576535478315,0.21428571428571427,1,3,3
74193,1,3,0.22009176629808014,0.0625,1,0.800693766409882,0.4375,1,1,10
74201,19,3,0.21440962885645537,0.4,0.125,0,0,0,10,10
74208,240,2,0,0,0,0,0,0,10,10
74209,352,3,0,0,0,0.22009176629808014,0.027777777777777776,1,10,10
74212,191,2,0,0,0,0.5135285497500328,0.10256410256410256,1,10,10
74220,980,3,0,0,0,0,0,0,10,10
74225,112,4,0,0,0,0.2520649403266671,0.08333333333333333,0.3333333333333333,10,10
74234,126,5,0,0,0,0,0,0,10,10
74244,13,3,0,0,0,0,0,0,10,10
74269,8,2,0.8701249883466592,0.5333333333333333,1,0.8701249883466592,0.5333333333333333,1,8,10
74274,6,2,0.3683756341388872,0.25,0.3333333333333333,0.9216017310213247,0.5625,1,6,10
74282,13,1,0.3551034513933852,0.3125,0.16666666666666666,0.5782964958297198,0.3125,1,10,10
74318,5,2,0.4202555937060224,0.26666666666666666,0.5,0.5794722337126029,0.3333333333333333,1,5,10
74319,28,3,0.6037457407573941,0.4375,0.5,0.6938559892787621,0.4375,1,10,10
74322,27,1,1,0.2857142857142857,1,0.9179380981781462,0.2857142857142857,1,10,10
74326,5,4,0.2819460611376823,0.2,0.3333333333333333,0.4970676173700929,0.26666666666666666,1,5,10
74334,11,3,0.35106842466815336,0.3125,0.16666666666666666,0.727329844310522,0.375,1,10,10
74339,21,4,0.4673791184803735,0.375,0.25,0.5224955967919309,0.25,1,10,10
74347,140,4,0,0,0,0,0,0,10,10
74348,35,4,0.2583297509898471,0.046153846153846156,0.25,0.16421958630632802,0.03076923076923077,0.25,10,10
74352,1,5,0,0,0,0.16708474092484848,0.15384615384615385,0.2,1,10
74355,5,5,0,0,0,0.4943572357534483,0.25,1,5,10
74368,6,1,0.1388624438735545,0.0625,0.5,0.22009176629808014,0.0625,1,6,6
74370,1,2,0,0,0,0,0,0,1,10
74373,2,2,0,0,0,0,0,0,2,10
74384,4,5,0.6597133113683123,0.23529411764705882,1,0.7419673643177533,0.35294117647058826,1,4,10
74386,17,4,0.7125523635307983,0.375,1,0.6316243658611127,0.375,1,10,10
74391,3,1,0,0,0,0,0,0,3,3
74406,5,2,0.09642731254500748,0.07142857142857142,0.2,0.12463049348708151,0.07142857142857142,0.3333333333333333,5,10
74408,83,4,0,0,0,0.18340980524840012,0.07407407407407407,0.3333333333333333,10,10
74410,86,3,0,0,0,0.3910649978591252,0.1875,1,10,10
74412,14,5,0.7930574388251275,0.4375,1,0.8429803628739622,0.5,1,10,10
74417,141,4,0,0,0,0.2336508082431053,0.125,0.5,10,10
74420,19,3,0.09478836436955078,0.0625,0.25,0,0,0,10,10
74421,26,3,0.29179010834529484,0.1875,0.25,0.20321489960733968,0.125,0.3333333333333333,10,10
74425,4,2,0.20483424751859086,0.125,0.3333333333333333,0.3301376494471202,0.125,1,4,10
74436,58,6,0.5309999066793252,0.1891891891891892,0.25,0.8643145546088337,0.21621621621621623,1,10,10
74450,585,4,0,0,0,0.7920031270989772,0.75,1,10,10
74456,23574,2,0,0,0,0,0,0,10,10
74464,36,4,0,0,0,0,0,0,10,10
74467,229,5,0,0,0,0.16354138662029633,0.13333333333333333,0.2,10,10
74470,137,4,0,0,0,0.6601585067762744,0.4,1,10,10
74491,18671,2,0,0,0,0,0,0,10,10
74497,484,4,0,0,0,0.5483327772244702,0.22727272727272727,1,10,10
74498,121,5,0,0,0,0.5983950669742497,0.3333333333333333,1,10,10
74500,2,2,0.35895421017163465,0.125,1,0.51071640124967,0.25,1,2,8
74501,5,2,0.5541432109622957,0.25,1,0.5541432109622957,0.25,1,5,10
74502,115,3,0,0,0,0.24926098697416302,0.06666666666666667,1,10,10
74508,493,1,0,0,0,0,0,0,10,10
74512,283,3,0,0,0,0.08514311764162098,0.0625,0.2,10,10
74521,140,3,0,0,0,0,0,0,10,10
74526,1024,3,0,0,0,0.13131424791104238,0.125,0.16666666666666666,10,10
74530,638,2,0,0,0,0.28545175920288457,0.36363636363636365,0.2,10,10
74537,21,2,0.6410457898283652,0.5,0.3333333333333333,0.8318477135310891,0.5,1,10,10
74552,55,3,0,0,0,0.31488013066763093,0.125,1,10,10
74563,488,3,0,0,0,0,0,0,10,10
74569,7,3,0.7619857625270697,0.42857142857142855,1,0.68416540130287,0.42857142857142855,1,7,10
74570,11,1,0.44173955623824723,0.3125,0.3333333333333333,0.5298982599625927,0.3125,1,10,10
74584,1,3,0.29740901205864334,0.0625,1,0.29740901205864334,0.0625,1,1,10
74593,1,2,0.3546717849523194,0.2,1,0.7557806593071948,0.6,1,1,10
74598,1,1,0.2357541930550393,0.05,1,0.2357541930550393,0.05,1,1,1
74618,6,1,0.09173721265128025,0.0625,0.16666666666666666,0.1624889644740723,0.0625,0.5,6,6
74649,16,1,1,0.625,1,1,0.625,1,10,10
74655,8,1,0.8701249883466592,0.5,1,0.8701249883466592,0.5,1,8,8
74657,18,1,0.30865456586885226,0.13793103448275862,0.16666666666666666,0.6627919420317118,0.20689655172413793,1,10,10
74681,2,1,0.29740901205864334,0.09090909090909091,1,0.29740901205864334,0.09090909090909091,1,2,2
74688,81,2,0,0,0,0.35895421017163465,0.125,1,10,10
74693,146,3,0,0,0,0.4683519970294472,0.375,0.5,10,10
74708,12,2,0.4728342014974055,0.42857142857142855,0.3333333333333333,0.5395442943196047,0.42857142857142855,1,10,10
74720,74,3,0,0,0,0,0,0,10,10
74721,17,4,0.28481420121376433,0.11428571428571428,0.16666666666666666,0.5420423054868789,0.14285714285714285,1,10,10
74723,288,3,0,0,0,0.13305201013572895,0.125,0.125,10,10
74728,51,3,0,0,0,0.2837125544970318,0.125,1,10,10
74749,9,4,0.7183627972686238,0.42857142857142855,1,0.6180396628416763,0.42857142857142855,1,9,10
74753,1,1,0,0,0,0,0,0,1,1
74763,851,2,0,0,0,0.2837125544970318,0.125,1,10,10
74765,4,4,0,0,0,0.23719771276929622,0.5,0.2,4,10
74766,270,2,0,0,0,0.7720617383222417,0.3181818181818182,1,10,10
74770,244,3,0,0,0,0,0,0,10,10
74782,22,4,0,0,0,0,0,0,10,10
74800,9,1,0.6917285170751618,1,0.3333333333333333,0.9420781091247596,1,1,9,9
74803,5,3,0.1019109450635844,0,0,0.07339485020696758,0,0,5,10
74805,1,4,0,0,0,0,0,0,1,10
74818,1,3,0.3903800499921017,0.25,1,0.3903800499921017,0.25,1,1,10
74832,330,2,0,0,0,0.804810999209339,0.42105263157894735,1,10,10
74838,129,3,0,0,0,0.12987501165334073,0.13333333333333333,0.1111111111111111,10,10
74848,3,1,0.4690000933206747,0.13043478260869565,1,0.4690000933206747,0.13043478260869565,1,3,3
74858,5,2,0.34369669139214537,0.1875,0.5,0.4152807670887412,0.1875,1,5,10
74862,12,2,1,0.625,1,1,0.625,1,10,10
74899,834,2,0,0,0,0.43545584062957976,0.3125,0.5,10,10
74901,159,5,0,0,0,0.2240055615151755,0.125,0.5,10,10
74904,13,2,0.28058499829668526,0.2,0.16666666666666666,0.4425073528442659,0.24,0.5,10,10
74909,36,4,0,0,0,0.35895421017163465,0.04878048780487805,1,10,10
74917,2,1,0.45650001423154074,0.13333333333333333,1,0.45650001423154074,0.13333333333333333,1,2,2
74966,2,3,0.1388624438735545,0.0625,0.5,0.45374257454118544,0.1875,1,2,10
74975,8,1,0.07336392209936005,0.07142857142857142,0.14285714285714285,0.22009176629808014,0.07142857142857142,1,8,8
74980,123,2,0,0,0,0.08514311764162098,0.0625,0.2,10,10
74981,1,3,0.24926098697416302,0.0625,1,0.588144974916332,0.3125,1,1,10
74983,131,2,0,0,0,0.3195496275649209,0.3076923076923077,0.25,10,10
74999,23,5,0.4011248950259844,0.3125,0.25,0.6601585067762744,0.375,1,10,10
75000,236,3,0,0,0,0.22009176629808014,0.025,1,10,10
75001,25,3,0.43621154230977444,0.4,0.2,0.7702043899253145,0.4666666666666667,1,10,10
75029,1,3,0.22009176629808014,0.02702702702702703,1,0.6934781102068425,0.1891891891891892,1,1,10
75057,15,2,0.5309999066793252,0.5833333333333334,0.25,0.8701249883466592,0.6666666666666666,1,10,10
75063,3,2,0,0,0,0,0,0,3,10
75071,16,3,0.6410457898283652,0.5,0.3333333333333333,1,0.625,1,10,10
75077,21,1,0.430233510948509,0.18518518518518517,0.2,0.6160447007858458,0.2222222222222222,0.3333333333333333,10,10
75086,12,3,1,0.2777777777777778,1,1,0.2777777777777778,1,10,10
75090,3,1,0.4690000933206747,0.1875,1,1,0.625,1,3,10
75098,3,3,0.24890832702259458,0.125,0.5,0.6901935063354874,0.375,1,3,10
75108,1,4,0,0,0,0.10183032621685657,0.0625,0.5,1,10
75119,30,3,0,0,0,0.20483424751859086,0.125,0.3333333333333333,10,10
75120,81,3,0,0,0,0,0,0,10,10
75141,63,4,0,0,0,0.14870450602932167,0.07142857142857142,0.3333333333333333,10,10
75144,2448,3,0,0,0,0.06625422345438903,0.0625,0.1111111111111111,10,10
75150,2448,3,0,0,0,0.0636207881989517,0.0625,0.1,10,10
75171,94,3,0,0,0,0,0,0,10,10
75174,304,3,0,0,0,0.17947710508581732,0.13333333333333333,0.3333333333333333,10,10
75179,1590,3,0,0,0,0.09083416810131835,0,0,10,10
75183,1655,2,0,0,0,0,0,0,10,10
75184,85,3,0,0,0,0,0,0,10,10
75203,1788,2,0,0,0,0,0,0,10,10
75205,13,1,0,0,0,0.11004588314904007,0.0625,0.3333333333333333,10,10
75223,25,3,0,0,0,0,0,0,10,10
75226,22,5,0.12987501165334073,0.13333333333333333,0.1111111111111111,0.3746661058764784,0.2,1,10,10
75227,46,2,0,0,0,0.4458567890377042,0.3157894736842105,0.25,10,10
75262,12,3,1,0.7692307692307693,1,0.914856882358379,0.6923076923076923,1,10,10
75268,25,1,0,0,0,0.07668368701422457,0.06666666666666667,0.3333333333333333,10,10
75271,6,2,1,1,1,0.9930783166417602,1,1,6,10
75282,56,3,0,0,0,0.6385760102070854,0.6666666666666666,1,10,10
75291,70,3,0,0,0,0,0,0,10,10
75293,106,3,0,0,0,0.23944085680261518,0.13636363636363635,0.25,10,10
75295,659,4,0,0,0,0.16354138662029633,0.125,0.2,10,10
75303,1,4,0.22009176629808014,0.0625,1,0.9363792118010483,0.5625,1,1,10
75306,851,2,0,0,0,0,0,0,10,10
75307,383,3,0,0,0,0,0,0,10,10
75311,35,3,0.0636207881989517,0.08333333333333333,0.1,0.06625422345438903,0.08333333333333333,0.1111111111111111,10,10
75325,6022,2,0,0,0,0,0,0,10,10
75327,11,2,0.3692312710536414,0.5,0.3333333333333333,0.4329261794091841,0.3333333333333333,1,10,10
75336,1745,3,0,0,0,0.7125523635307983,0.6,1,10,10
75347,63,2,0,0,0,0.2333380638721043,0.1875,0.3333333333333333,10,10
75359,336,1,0,0,0,0.5580759111248785,0.3333333333333333,1,10,10
75360,14,2,0.1989883538493368,0.23076923076923078,0.14285714285714285,0.714728124377869,0.5384615384615384,1,10,10
75370,18,2,0.9305687780632227,0.5625,1,0.8611375561264454,0.5625,1,10,10
75372,22,2,0.06649967000454629,0.0625,0.1,0.28596727063820676,0.1875,0.3333333333333333,10,10
75391,334,2,0,0,0,0,0,0,10,10
75393,27,4,0.20683985223084844,0.15,0.2,0.2547487447249564,0.15,0.5,10,10
75394,39,3,0,0,0,0.7702043899253145,0.4375,1,10,10
75401,1,2,0.22009176629808014,0.02631578947368421,1,0.5810820381115674,0.13157894736842105,1,1,10
75405,1,5,0.22009176629808014,0.0625,1,0.22009176629808014,0.0625,1,1,10
75407,38,2,0,0,0,0.1499069094438149,0.09090909090909091,0.3333333333333333,10,10
75409,3,2,0.4690000933206747,0.1875,1,0.4690000933206747,0.1875,1,3,10
75412,67,1,0.19930623359011798,0.125,0.125,0.23297260855707358,0.125,0.2,10,10
75415,54,3,0,0,0,0.28481420121376433,0.2857142857142857,0.16666666666666666,10,10
75429,29,3,0,0,0,0.09120217140065603,0.0625,0.2,10,10
75431,334,2,0,0,0,0,0,0,10,10
75432,3,3,0,0,0,0,0,0,3,10
75439,40,1,0,0,0,0.2928895294526188,0.25,0.3333333333333333,10,10
75481,4,2,0.5958985626419364,0.19047619047619047,1,0.640469595039523,0.19047619047619047,1,4,10
75484,2,2,0.35895421017163465,0.125,1,0.5231737964779627,0.25,1,2,10
75512,20,3,0.9422711222172578,0.25,1,0.9151005414726318,0.25,1,10,10
75532,12,1,1,0.45454545454545453,1,1,0.45454545454545453,1,10,10
75543,21,2,0,0,0,0.06625422345438903,0.025,0.1111111111111111,10,10
75553,35,4,0,0,0,0,0,0,10,10
75565,1,1,0,0,0,0,0,0,1,1
75567,8,1,0.8701249883466592,0.6153846153846154,1,0.8701249883466592,0.6153846153846154,1,8,8
75572,7654,1,0,0,0,0,0,0,10,10
75576,375,3,0,0,0,0.2758471541718662,0.1875,0.5,10,10
75577,293,3,0,0,0,0.07336392209936005,0.07142857142857142,0.14285714285714285,10,10
75716,5,2,0.28686517213507123,0.23076923076923078,0.3333333333333333,0.28686517213507123,0.23076923076923078,0.3333333333333333,5,10
75717,3,5,0,0,0,0,0,0,3,10
75724,2,2,0.4819024231716327,0.2857142857142857,1,0.616560651279837,0.42857142857142855,1,2,10
75748,2,4,0.420027879946489,0.125,1,0.7379751484940806,0.375,1,2,10
75762,40,3,0,0,0,0,0,0,10,10
75763,4,2,0,0,0,0,0,0,4,10
75774,32,1,0.04665426760292374,0.0625,0.1,0.3631438091023202,0.125,1,10,4
75777,5,3,0.7138097836082222,0.3125,1,0.5940860286451747,0.3125,1,5,10
75779,7,4,0.2661041393742027,0.375,0.2,0.48772228009582425,0.5,0.3333333333333333,7,10
75785,19,2,0.43621154230977444,0.42857142857142855,0.2,1,0.7142857142857143,1,10,10
75798,189,4,0,0,0,0.11004588314904007,0.0625,0.3333333333333333,10,10
75804,451,2,0,0,0,0.35659643859662626,0.25,0.3333333333333333,10,10
75808,231,3,0,0,0,0.06943122193677725,0.0625,0.125,10,10
75822,2,3,0.40652716006074996,0.125,1,0.6385085174798409,0.25,1,2,10
75824,1,2,0.22009176629808014,0.0625,1,0.35895421017163465,0.125,1,1,10
75825,35,3,0,0,0,0,0,0,10,10
75844,181,1,0,0,0,0.23297260855707358,0.2,0.2,10,10
75847,16,2,0.7336207524107349,0.5333333333333333,0.5,0.9432379215722527,0.6,1,10,10
75848,11,3,0.9094987067248556,0.5,1,0.8505159278909381,0.5,1,10,10
75888,1,3,0,0,0,0,0,0,1,10
75890,54,2,0,0,0,0.40573274212665045,0.1875,1,10,10
75911,4,4,0.6201543156208374,0.25,1,0.7866879031278708,0.375,1,4,10
75978,424,1,0,0,0,0.23680742154717782,0.2,0.25,10,10
75981,1,2,0,0,0,0.23463936301137825,0.3333333333333333,0.3333333333333333,1,10
76006,1,1,0.22009176629808014,0.041666666666666664,1,0.22009176629808014,0.041666666666666664,1,1,1
76039,697,2,0,0,0,0.08422442590963136,0.2,0.16666666666666666,10,10
76054,44,1,0,0,0,0,0,0,10,10
76059,24,3,0,0,0,0.20162682674331223,0.125,0.5,10,10
76064,53,3,0,0,0,0.227162174819248,0.1875,0.2,10,10
76071,4,2,0.22009176629808014,0.0625,1,0.1388624438735545,0.0625,0.5,4,7
76077,73,4,0,0,0,0.7416702490101528,0.1794871794871795,1,10,10
76079,14,4,0.28997736516021183,0.1875,0.3333333333333333,0.6274092458891771,0.3125,1,10,10
76088,1,5,0.2575389154724167,0.0625,1,0.6296491721780324,0.375,1,1,10
76116,299,2,0,0,0,0.7183627972686238,0.6,1,10,10
76118,9,4,0,0,0,0,0,0,9,10
76132,28,5,0.22119341301481263,0.1875,0.16666666666666666,0.2984900352767555,0.125,1,10,10
76133,34,3,0,0,0,0.3301376494471202,0.13333333333333333,1,10,10
76138,309,3,0,0,0,0.16516854514597534,0.125,0.1111111111111111,10,10
76143,198,3,0,0,0,0.06625422345438903,0.0625,0.1111111111111111,10,10
76144,17,3,0,0,0,0.09478836436955078,0.0625,0.25,10,10
76156,22,3,0,0,0,0.09257496258236969,0.0625,0.5,10,10
76194,9552,1,0,0,0,0,0,0,10,10
76201,1564,2,0,0,0,0.1388624438735545,0.03225806451612903,0.5,10,10
76215,2,4,0.35895421017163465,0.125,1,0.5067837010870873,0.25,1,2,10
76224,2,2,0.1388624438735545,0.0625,0.5,0.5658245193320781,0.375,0.5,2,10
76246,8,4,0.8701249883466592,0.5,1,0.9079981725871745,0.5625,1,8,10
76272,3,1,0.2864090071586398,0.25,0.5,0.2864090071586398,0.25,0.5,3,3
76273,9,1,0.6500332220485789,0.4666666666666667,0.5,0.6062415623539279,0.4666666666666667,0.5,9,9
76277,7,3,0,0,0,0,0,0,7,10
76278,2,2,0,0,0,0,0,0,2,4
76282,5,2,0.6489315753318465,0.3125,1,1,0.625,1,5,10
76287,530,2,0,0,0,0.20483424751859086,0.125,0.3333333333333333,10,10
76288,9,3,0.9363792118010483,0.5625,1,0.9787930706003494,0.625,1,9,10
76316,5,2,0.8148375012963579,0.625,1,0.9898341375405377,1,1,5,10
76329,168,3,0,0,0,0.11004588314904007,0.0625,0.3333333333333333,10,10
76349,1,2,0.22009176629808014,0.0625,1,0.22009176629808014,0.0625,1,1,10
76353,41,3,0,0,0,0.4982710309705436,0.3125,0.5,10,10
76358,10,5,1,0.7142857142857143,1,1,0.7142857142857143,1,10,10
76359,2,1,0.38334277998463445,0.2222222222222222,1,0.38334277998463445,0.2222222222222222,1,2,2
76398,9,3,0.716287445502968,0.5,0.5,0.826333328652008,0.5,1,9,10
76402,37,2,0,0,0,0.8701249883466592,0.5,1,10,10
76403,3,3,0.4690000933206747,0.1875,1,0.800693766409882,0.4375,1,3,10
76411,21,1,0.7799082337019198,0.5625,0.5,0.866947989864271,0.5,1,10,10
76417,6,3,0.5423209605615188,0.2777777777777778,0.5,0.6977008874970649,0.2777777777777778,1,6,10
76421,1,2,0.22009176629808014,0.0625,1,0.45374257454118544,0.1875,1,1,10
76422,13,1,1,0.4,1,1,0.4,1,10,10
76447,57,3,0,0,0,0.1860253413966884,0.125,0.3333333333333333,10,10
76451,30,3,0,0,0,0.36352581989644606,0.25,0.5,10,10
76460,92,3,0,0,0,0.06625422345438903,0.07692307692307693,0.1111111111111111,10,10
76488,1,1,0.22009176629808014,0.0625,1,0.22009176629808014,0.0625,1,1,1
76514,8,3,0.5889996919057734,0.375,0.5,0.7082478575798894,0.375,1,8,10
76515,85776,1,0,0,0,0,0,0,10,10
76534,810,3,0,0,0,0.1427951440361373,0.125,0.14285714285714285,10,10
76536,850,3,0,0,0,0.0636207881989517,0.06666666666666667,0.1,10,10
76540,124,2,0,0,0,0.46474568322493615,0.375,0.25,10,10
76542,275,4,0,0,0,0.4283854321084119,0.05172413793103448,1,10,10
76544,144,4,0,0,0,0,0,0,10,10
76547,832,3,0,0,0,0.07336392209936005,0.03225806451612903,0.14285714285714285,10,10
76552,158,2,0,0,0,0.28634598975246917,0.125,1,10,10
76563,24,3,0,0,0,0.4440973278132556,0.1875,1,10,10
76578,213,3,0,0,0,0,0,0,10,10
76580,27,5,0,0,0,0.19252705989441865,0.13333333333333333,0.3333333333333333,10,10
76585,3887,2,0,0,0,0.06625422345438903,0.04,0.1111111111111111,10,10
76587,397,4,0,0,0,0,0,0,10,10
76593,227,5,0,0,0,0,0,0,10,10
76600,8,6,0.09330056740782033,0.0625,0.14285714285714285,0,0,0,8,10
76602,17,4,0.11358538324453456,0.2,0.1111111111111111,0.48617374440204575,0.4,1,10,10
76605,1748,4,0,0,0,0.15850703974098104,0.125,0.2,10,10
76606,6901,3,0,0,0,0,0,0,10,10
76622,2724,3,0,0,0,0,0,0,10,10
76629,10,4,0,0,0,0,0,0,10,10
76647,1393,2,0,0,0,0,0,0,10,10
76648,6,3,0.11004588314904007,0.0625,0.3333333333333333,0.22009176629808014,0.0625,1,6,10
76656,4,3,0.1388624438735545,0.0625,0.5,0.1388624438735545,0.0625,0.5,4,10
76660,1,3,0.29740901205864334,0.0625,1,0.5216414792035848,0.1875,1,1,10
76661,68,3,0,0,0,0.47293279348325756,0.26666666666666666,1,10,10
76664,323,4,0,0,0,0.09467937145175134,0.06451612903225806,0.16666666666666666,10,10
76670,1191,3,0,0,0,0,0,0,10,10
76671,406,4,0,0,0,0,0,0,10,10
76672,511,4,0,0,0,0,0,0,10,10
76675,2527,2,0,0,0,0.1388624438735545,0.0625,0.5,10,10
76678,50,4,0,0,0,0.07205258390751174,0.0625,0.1,10,10
76680,13,3,1,0.625,1,0.8389574121760601,0.5,1,10,10
76695,344,3,0,0,0,0.11004588314904007,0.0625,0.3333333333333333,10,10
76716,188,3,0,0,0,0,0,0,10,10
76718,591,3,0,0,0,0,0,0,10,10
76719,47,4,0,0,0,0.8611375561264454,0.23684210526315788,1,10,10
76734,3,1,0,0,0,0,0,0,3,3
76742,242,1,0,0,0,0,0,0,10,10
76751,368,3,0,0,0,0.09478836436955078,0.0625,0.25,10,10
76752,1085,2,0,0,0,0,0,0,10,10
76760,28,1,0.44173955623824723,0.3125,0.3333333333333333,0.24655055544758617,0.1875,0.25,10,10
76769,226,3,0,0,0,0.06625422345438903,0.0625,0.1111111111111111,10,10
76775,38,3,0,0,0,0.07495345472190745,0.0625,0.3333333333333333,10,10
76776,218,3,0,0,0,0,0,0,10,10
76787,19,3,0.43578299702385653,0.375,0.25,0.5033242827953464,0.25,1,10,10
76799,2,3,0.1388624438735545,0.0625,0.5,0.6489315753318465,0.3125,1,2,10
76809,1,5,0.22009176629808014,0.0625,1,0.6243301345792676,0.375,1,1,10
76813,58,5,0,0,0,0.22009176629808014,0.0625,1,10,10
76820,16,1,0,0,0,0.0794570794327674,0.14285714285714285,0.1,10,10
76822,34,4,0.41889838236671795,0.18518518518518517,0.2,0.7084230133277453,0.18518518518518517,1,10,10
76843,443,3,0,0,0,0,0,0,10,10
76849,252,3,0,0,0,0,0,0,10,10
76852,118,4,0,0,0,0.06943122193677725,0.0625,0.125,10,10
76855,252,3,0,0,0,0.1584091525685025,0.125,0.25,10,10
76863,226,3,0,0,0,0.08397733795705717,0.1,0.16666666666666666,10,10
76884,37,1,0.12987501165334073,0.15384615384615385,0.1111111111111111,0.7151857987862356,0.46153846153846156,1,10,10
76885,49,2,0,0,0,0.0636207881989517,0.0625,0.1,10,10
76886,106,3,0,0,0,0.24823161036660316,0.125,0.3333333333333333,10,10
76892,11,3,0.8487524751529382,0.625,1,0.8958236282594845,0.625,1,10,10
76894,13,2,0,0,0,0,0,0,10,10
76895,4,3,0.22009176629808014,0.0625,1,0.2984900352767555,0.125,1,4,10
76896,15,2,0,0,0,0,0,0,10,10
76904,671,3,0,0,0,0,0,0,10,10
76910,40,2,0.19930623359011798,0.075,0.125,0.2024832320725062,0.05,0.5,10,10
76911,27,1,0,0,0,0,0,0,10,10
76921,3,1,0.5023756245102127,0.1875,1,0.5023756245102127,0.1875,1,3,3
76941,19,3,0.07205258390751174,0.07142857142857142,0.1,0.406033917976247,0.14285714285714285,1,10,10
76965,8,2,0.8701249883466592,0.5,1,1,0.625,1,8,10
76978,9,2,0.5544692437855766,0.42857142857142855,0.5,0.7239169086341296,0.42857142857142855,1,9,10
76983,609,2,0,0,0,0.0772249231846004,0.14285714285714285,0.1,10,10
76991,8,3,0.9094987067248556,0.5,1,0.9094987067248556,0.5,1,8,10
76994,122,1,0,0,0,0.4422195942380129,0.26666666666666666,1,10,10
76997,12,2,1,0.8333333333333334,1,1,0.8333333333333334,1,10,10
77000,3,3,0.4791616403996509,0.2,1,0.7602509257305925,0.4666666666666667,1,3,10
77007,103,3,0,0,0,0.30240383049385083,0.1875,0.5,10,10
77012,2,1,0.35895421017163465,0.125,1,0.35895421017163465,0.125,1,2,2
77037,4,3,0,0,0,0,0,0,4,10
77042,13,1,0.933745776545611,0.5625,1,0.8389574121760601,0.5,1,10,10
77044,18,1,0.35106842466815336,0.3333333333333333,0.16666666666666666,0.866947989864271,0.5333333333333333,1,10,10
77046,74,3,0,0,0,0.6523706084452716,0.14634146341463414,1,10,10
77070,947,1,0,0,0,0.07839826897867533,0.06666666666666667,0.16666666666666666,10,10
77095,390,2,0,0,0,0.0636207881989517,0.0625,0.1,10,10
77100,33,3,0,0,0,0,0,0,10,10
77107,4203,1,0,0,0,0,0,0,10,10
77111,21,2,0.727329844310522,0.375,1,0.4690000933206747,0.1875,1,10,10
77112,16328,1,0,0,0,0.15176219107803537,0.125,0.16666666666666666,10,10
77122,795,2,0,0,0,0.21726071285222984,0.125,0.5,10,10
77123,8,3,0.2891661134037908,0.09090909090909091,0.5,0.05098563282739111,0,0,8,10
77137,66,3,0,0,0,0.8701249883466592,0.5,1,10,10
77161,9,2,0.1627618861993415,0.18181818181818182,0.14285714285714285,0.35895421017163465,0.18181818181818182,1,9,10
77170,719,1,0,0,0,0,0,0,10,10
77173,2,1,0.4361533373077281,0.125,1,0.5698664345004878,0.1875,1,2,3
77178,268,2,0,0,0,0.07336392209936005,0.0625,0.14285714285714285,10,10
77189,15,2,0.3646385665734118,0.3076923076923077,0.25,0.6466492297915689,0.3076923076923077,1,10,10
77192,2157,2,0,0,0,0.2886497650451115,0.42857142857142855,0.2,10,10
77196,62,2,0,0,0,0.3222722491219546,0.1875,0.5,10,10
77204,377,4,0,0,0,0,0,0,10,10
77205,123,6,0,0,0,0.2832325164972662,0.1875,0.3333333333333333,10,10
77206,18,5,0.43621154230977444,0.375,0.2,0.8364586133797035,0.5,1,10,10
77210,222,4,0,0,0,0.12987501165334073,0.125,0.1111111111111111,10,10
77215,2,3,0.22009176629808014,0.07142857142857142,1,0.22009176629808014,0.07142857142857142,1,2,10
77222,102,3,0,0,0,0,0,0,10,10
77224,15,2,0,0,0,0,0,0,10,10
77230,108,3,0,0,0,0.727329844310522,0.375,1,10,10
77239,230,2,0,0,0,0.1388624438735545,0.06666666666666667,0.5,10,10
77251,71,3,0,0,0,0.4483039899025303,0.2857142857142857,1,10,10
77273,89,4,0,0,0,0.16421958630632802,0.13333333333333333,0.25,10,10
77288,450,3,0,0,0,0,0,0,10,10
77295,5313,1,0,0,0,0,0,0,10,10
77300,2340,2,0,0,0,0,0,0,10,10
77302,3,4,0,0,0,0,0,0,3,10
77328,41,2,0,0,0,0.24261785528500338,0.1875,0.25,10,10
77341,2,1,1,1,1,1,1,1,2,2
77350,10,2,0.38871109153721267,0.1875,1,0.29037998465695813,0.1875,0.3333333333333333,10,10
77380,181,1,0,0,0,0.22009176629808014,0.0625,1,10,10
77386,23,2,0.5384313152574519,0.15384615384615385,1,0.5067837010870873,0.15384615384615385,1,10,10
77404,1,2,0,0,0,0,0,0,1,10
77418,18,3,0,0,0,0.793584067764911,0.4375,1,10,10
77419,9,4,0.6116964649298655,0.5333333333333333,0.5,0.8446322487426488,0.5333333333333333,1,9,10
77421,5,2,0.3448782512051085,0.1111111111111111,0.25,0.39941009089331597,0.2222222222222222,0.2,5,10
77426,1,2,0.22009176629808014,0.07142857142857142,1,0.22009176629808014,0.07142857142857142,1,1,10
77430,875,1,0,0,0,0.20829366581033176,0.06666666666666667,0.5,10,10
77434,125,2,0,0,0,0.7917267193679839,0.4375,1,10,10
77463,20,2,0.08514311764162098,0.0625,0.2,0.07336392209936005,0.0625,0.14285714285714285,10,10
77475,1311,2,0,0,0,0,0,0,10,10
77482,2,3,0.3667314583167897,0.14285714285714285,1,0.9566671852577723,0.6428571428571429,1,2,10
77488,14,2,0.6410457898283652,0.5333333333333333,0.3333333333333333,0.8611375561264454,0.6,1,10,10
77490,1,5,0.07336392209936005,0,0,0.5867945846769144,0.35714285714285715,1,1,10
77492,10,3,1,0.7692307692307693,1,1,0.7692307692307693,1,10,10
77499,5,3,0.7349358300248484,0.3125,1,0.7873578877203774,0.375,1,5,10
77504,3,3,0.4690000933206747,0.1875,1,0.7059054020403311,0.375,1,3,10
77581,6,3,0.530190929041704,0.3333333333333333,0.5,0.8104211075738648,0.4666666666666667,1,6,10
77599,1059,2,0,0,0,0,0,0,10,10
77607,630,3,0,0,0,0,0,0,10,10
77608,13534,2,0,0,0,0,0,0,10,10
77610,442,2,0,0,0,0.13305201013572895,0.125,0.125,10,10
77611,62,3,0.12987501165334073,0.125,0.1111111111111111,0.7695261902392829,0.4375,1,10,10
77628,71,2,0,0,0,0.3538168778646238,0.25,0.5,10,10
77631,77,1,0,0,0,0.15176219107803537,0.15384615384615385,0.16666666666666666,10,10
77637,91,2,0,0,0,0.31833954895937183,0.1875,0.5,10,10
77639,45,2,0.35106842466815336,0.3125,0.16666666666666666,0.5363559634917963,0.375,0.5,10,10
77674,171,3,0,0,0,0.2685529228900211,0.1875,0.3333333333333333,10,10
77675,475,3,0,0,0,0.05226551265245022,0.027777777777777776,0.16666666666666666,10,10
77676,86,3,0,0,0,0.63987206321287,0.3125,1,10,10
77679,326,3,0,0,0,0.37878333867593533,0.25,0.5,10,10
77680,1275,2,0,0,0,0.07839826897867533,0.03225806451612903,0.16666666666666666,10,10
77687,1697,2,0,0,0,0.31488013066763093,0.07407407407407407,1,10,10
77695,8,4,0.06943122193677725,0.038461538461538464,0.125,0.3052348839397011,0.07692307692307693,1,8,10
77700,322,3,0,0,0,0,0,0,10,10
77703,48,3,0,0,0,0.14874433492765377,0.0625,0.5,10,10
77705,113,2,0,0,0,0.6313419460517601,0.375,1,10,10
77718,1349,2,0,0,0,0.07839826897867533,0.02631578947368421,0.16666666666666666,10,10
77730,44,3,0,0,0,0.40554109547404177,0.23076923076923078,1,10,10
77732,15,4,0.1584091525685025,0.125,0.25,0.07336392209936005,0.0625,0.14285714285714285,10,10
77733,2,3,0,0,0,0.14465249243306438,0.13333333333333333,0.16666666666666666,2,10
77740,2365,2,0,0,0,0,0,0,10,10
77744,1701,2,0,0,0,0,0,0,10,10
77747,56,4,0,0,0,0.19845012420769512,0.125,0.5,10,10
77756,2,3,0,0,0,0,0,0,2,10
77783,14,2,0.3760515650215231,0.3125,0.16666666666666666,0.614303828942325,0.375,0.5,10,10
77790,45,1,0,0,0,0.35895421017163465,0.125,1,10,10
77791,757,1,0,0,0,0.6168295842361273,0.16666666666666666,1,10,10
77792,11,2,0.09478836436955078,0.06666666666666667,0.25,0.09478836436955078,0.06666666666666667,0.25,10,10
77795,105,1,0,0,0,0.5988751049740154,0.3333333333333333,1,10,10
77817,51,1,0,0,0,0.3499667779514209,0.3,1,10,10
77834,65,4,0,0,0,0.6082965289412681,0.375,1,10,10
77841,3,3,0.5698664345004878,0.1875,1,0.8542474886915268,0.5,1,3,10
77845,474,3,0,0,0,0,0,0,10,10
77856,11,4,0.4011248950259844,0.3333333333333333,0.25,0.7728378251807518,0.4666666666666667,1,10,10
77859,2,3,0.45650001423154074,0.13333333333333333,1,0.1177322080053865,0.06666666666666667,0.5,2,10
77864,2,2,0.7244131064628505,0.5,1,1,1,1,2,7
77880,19,2,0.6410457898283652,0.2,0.3333333333333333,0.67269340399873,0.175,1,10,10
77886,3,6,0.4690000933206747,0.1875,1,1,0.625,1,3,10
77897,2,3,0.45650001423154074,0.13333333333333333,1,0.518700392503421,0.2,1,2,10
77909,1033,3,0,0,0,0.0636207881989517,0.0625,0.1,10,10
77910,271,5,0,0,0,0.09478836436955078,0.024390243902439025,0.25,10,10
77917,1503,5,0,0,0,0,0,0,10,10
77920,2156,2,0,0,0,0,0,0,10,10
77921,104,3,0,0,0,0.2024832320725062,0.125,0.5,10,10
77927,943,3,0,0,0,0.06943122193677725,0.04,0.125,10,10
77928,167,3,0,0,0,0.26873745552689526,0.07692307692307693,0.5,10,10
77943,21,3,0,0,0,0,0,0,10,10
77946,453,2,0,0,0,0,0,0,10,10
77948,418,4,0,0,0,0,0,0,10,10
77962,14,1,0.5309999066793252,0.6363636363636364,0.25,0.6468562235661908,0.6363636363636364,0.5,10,10
77978,4,3,0.6039094289265273,0.26666666666666666,1,0.6039094289265273,0.26666666666666666,1,4,10
77993,197,2,0,0,0,0.08514311764162098,0.0625,0.2,10,10
78020,201,1,0,0,0,0.06625422345438903,0.0625,0.1111111111111111,10,10
78038,33,2,0.0636207881989517,0.041666666666666664,0.1,0.9439492378436963,0.4166666666666667,1,10,10
78055,6,2,0.5072380780124417,0.3125,0.5,0.6300426811446145,0.3125,1,6,10
78061,411,3,0,0,0,0,0,0,10,10
78094,339,2,0,0,0,0,0,0,10,10
78095,50,3,0,0,0,0.2710884709729799,0.2,0.3333333333333333,10,10
78136,22,2,0.3683756341388872,0.19047619047619047,0.3333333333333333,0.576323354912681,0.23809523809523808,1,10,10
78144,4,3,0.3844985279826931,0.13333333333333333,1,0.2357541930550393,0.06666666666666667,1,4,10
78152,22,4,0.12987501165334073,0.125,0.1111111111111111,0.1388624438735545,0.0625,0.5,10,10
78155,15,2,1,0.625,1,1,0.625,1,10,10
78160,17,3,0.7607669782285681,0.5625,0.5,0.8634522818168399,0.5625,1,10,10
78163,188,3,0,0,0,0.35895421017163465,0.125,1,10,10
78189,4,2,0.4690000933206747,0.2,1,0.45374257454118544,0.2,1,4,10
78194,4,3,0.4690000933206747,0.21428571428571427,1,0.5988751049740154,0.35714285714285715,1,4,10
78198,7,2,0,0,0,0,0,0,7,10
78203,35,3,0.43621154230977444,0.375,0.2,0,0,0,10,10
78212,16,2,0,0,0,0.06943122193677725,0.0625,0.125,10,10
78213,41,3,0,0,0,0.31879392588472627,0.1875,0.5,10,10
78244,2,3,0.4419626147081341,0.2222222222222222,1,0.667786061804446,0.4444444444444444,1,2,10
78245,1,1,0,0,0,0,0,0,1,2
78246,1891,1,0,0,0,0,0,0,10,10
78256,1,2,0,0,0,0,0,0,1,10
78257,1,3,0,0,0,0,0,0,1,10
78276,2,2,0,0,0,0.9216017310213247,0.225,1,2,10
78278,14,1,0.5309999066793252,0.6363636363636364,0.25,0.8899541168509598,0.8181818181818182,1,10,10
78293,234,5,0,0,0,0.5224955967919309,0.25,1,10,10
78311,158,3,0,0,0,0.0636207881989517,0.06666666666666667,0.1,10,10
78316,95,3,0,0,0,0.04543406453493625,0,0,10,10
78321,694,3,0,0,0,0,0,0,10,10
78323,936,3,0,0,0,0,0,0,10,10
78330,2752,2,0,0,0,0,0,0,10,10
78338,1,2,0,0,0,0,0,0,1,10
78347,1219,3,0,0,0,0.4300514765683976,0.3333333333333333,0.25,10,10
78349,815,4,0,0,0,0.1388624438735545,0.07142857142857142,0.5,10,10
78352,461,3,0,0,0,0.09478836436955078,0.0625,0.25,10,10
78397,11,2,0,0,0,0,0,0,10,10
78398,156,4,0,0,0,0.613652585753739,0.35714285714285715,1,10,10
78402,57,3,0,0,0,0.09120217140065603,0.0625,0.2,10,10
78485,28,3,0,0,0,0.933745776545611,0.6,1,10,10
78486,1,1,0,0,0,0,0,0,1,1
78493,27,2,0.6165911491285786,0.20512820512820512,0.3333333333333333,0.8236998933965708,0.20512820512820512,1,10,10
78501,19,2,0.6410457898283652,0.5,0.3333333333333333,0.8200685179888281,0.5,1,10,10
78506,1,2,0,0,0,0.0636207881989517,0.0625,0.1,1,10
78521,1,5,0,0,0,0.08746115285403959,0.08333333333333333,0.1111111111111111,1,10
78533,189,2,0,0,0,0.09478836436955078,0.0625,0.25,10,10
78545,2401,3,0,0,0,0,0,0,10,10
78550,188,3,0,0,0,0.6203974344166847,0.125,1,10,10
78555,48,2,0,0,0,0.2685529228900211,0.1875,0.3333333333333333,10,10
78556,13,4,0.12987501165334073,0.125,0.1111111111111111,0.19518900079066107,0.125,0.3333333333333333,10,10
78558,42,4,0,0,0,0.38431135260440824,0.2,1,10,10
78574,7,2,0.8738100898801321,1,1,0.781651097425878,1,0.5,7,7
78617,4,3,0,0,0,0.18764419468809046,0.0625,0.5,4,10
78645,112,2,0,0,0,0.02445464069978668,0,0,10,10
78660,44,3,0,0,0,0.07678279529108115,0.0625,0.25,10,10
78691,150,2,0,0,0,0.9305687780632227,0.6,1,10,10
78695,38,2,0.07444544187113133,0.1,0.1,0.7069543186157401,0.5,1,10,10
78702,143,2,0,0,0,0.04838201975083548,0.0625,0.125,10,10
78704,1435,2,0,0,0,0.15457433957839825,0.125,0.2,10,10
78712,8623,1,0,0,0,0,0,0,10,10
78727,724,2,0,0,0,0.06943122193677725,0.03225806451612903,0.125,10,10
78729,178,3,0,0,0,0.08514311764162098,0.0625,0.2,10,10
78742,3800,1,0,0,0,0,0,0,10,10
78749,118,3,0,0,0,0.21145027911440428,0.1875,0.16666666666666666,10,10
78788,12,1,0.7799082337019198,0.8181818181818182,0.5,0.8643145546088337,0.7272727272727273,1,10,10
78812,79,2,0,0,0,0.24151620856827088,0.125,1,10,10
78814,8,1,0.6794476456821817,0.4375,0.5,0.832815019710631,0.4375,1,8,8
78836,116,3,0,0,0,0.5017493542077719,0.25,1,10,10
78848,13,2,0.9526603142741242,0.625,1,0.941233297798857,0.625,1,10,10
78851,1,1,0.09330056740782033,0,0,0.09330056740782033,0,0,1,1
78874,2,3,0.1083259763160482,0.05555555555555555,0.5,0.17169261031494448,0.05555555555555555,1,2,10
78875,2314,2,0,0,0,0.7506981310294285,0.7142857142857143,1,10,10
78876,3376,2,0,0,0,0,0,0,10,10
78882,17,2,0.27267015568947806,0.3333333333333333,0.14285714285714285,0.8454256604216017,0.6666666666666666,1,10,10
78886,14,2,0.7799082337019198,0.5625,0.5,0.9216017310213247,0.5625,1,10,10
78891,96,2,0,0,0,0.20927226976888424,0.125,0.3333333333333333,10,10
78904,1,1,0,0,0,0,0,0,1,1
78909,1,1,0,0,0,0,0,0,1,1
78920,2,2,0,0,0,0,0,0,2,10
78924,15,1,0,0,0,0,0,0,10,10
78926,2,2,0.1388624438735545,0.06666666666666667,0.5,0.22009176629808014,0.06666666666666667,1,2,10
78941,71,3,0,0,0,0.07858473101834644,0.0625,0.3333333333333333,10,10
78961,15,1,0,0,0,0.4152807670887412,0.2,1,10,10
78963,4,3,0,0,0,0,0,0,4,10
78964,174,2,0,0,0,0.1388624438735545,0.0625,0.5,10,10
78974,65,1,0,0,0,0.6371130896657824,0.20588235294117646,0.5,10,10
78978,28,4,0,0,0,0.12987501165334073,0.125,0.1111111111111111,10,10
78980,19,4,0,0,0,0.1356854453911663,0.125,0.125,10,10
78999,237,3,0,0,0,0.4400667404781943,0.125,0.5,10,10
79031,1,2,0.2300510610426737,0.0625,1,0.5244325293148416,0.3125,1,1,10
79032,8262,1,0,0,0,0.0636207881989517,0.09090909090909091,0.1,10,10
79033,328,2,0,0,0,0.08878855502583598,0.06666666666666667,0.16666666666666666,10,10
79048,43,3,0,0,0,0.7745610100836567,0.4375,1,10,10
79050,24,4,0,0,0,0,0,0,10,10
79055,93,2,0,0,0,0.12987501165334073,0.125,0.1111111111111111,10,10
79061,10,2,0.9575861412006988,0.34615384615384615,1,0.9575861412006988,0.34615384615384615,1,10,10
79089,196,2,0,0,0,0.07839826897867533,0.0625,0.16666666666666666,10,10
79091,191,2,0,0,0,0.7759944384848244,0.34782608695652173,1,10,10
79100,1141,3,0,0,0,0.14876390584057267,0.125,0.2,10,10
79102,6,4,0.11004588314904007,0.0625,0.3333333333333333,0.22784037450527972,0.1875,0.25,6,10
79103,47,2,0,0,0,0,0,0,10,10
79121,21,4,0,0,0,0,0,0,10,10
79142,27,3,0,0,0,0.370880768411608,0.125,1,10,10
79149,9,5,0.6489315753318465,0.3125,1,0.6371523797895855,0.3125,1,9,10
79153,50,4,0.17566862792673435,0.3333333333333333,0.14285714285714285,0.527005883780203,0.3333333333333333,1,10,10
79166,12,3,0.9477344873475498,0.8181818181818182,1,0.9432379215722527,0.8181818181818182,1,10,10
79182,5,1,0.327143279777529,0.23076923076923078,0.5,0.4643513735223198,0.23076923076923078,1,5,5
79189,9,3,0.24890832702259458,0.125,0.5,0.21726071285222984,0.125,0.5,9,10
79190,13,2,0,0,0,0,0,0,10,10
79194,27238,1,0,0,0,0,0,0,10,10
79200,333,3,0,0,0,0.5684579545875155,0.15384615384615385,0.5,10,10
79209,3478,2,0,0,0,0.1584091525685025,0.125,0.25,10,10
79213,152,2,0,0,0,0,0,0,10,10
79215,17,4,0.33691211624277473,0.2,0.5,0.3529461582433961,0.2,0.5,10,10
79222,527,3,0,0,0,0.5478527392247046,0.3125,1,10,10
79226,78,2,0,0,0,0,0,0,10,10
79230,32,4,0,0,0,0.1427951440361373,0.058823529411764705,0.14285714285714285,10,10
79237,66,3,0,0,0,0.08308699565805434,0.06666666666666667,0.14285714285714285,10,10
79240,130,4,0,0,0,0.2344065099232999,0.1875,0.25,10,10
79243,93,4,0,0,0,0.06625422345438903,0.07142857142857142,0.1111111111111111,10,10
79245,8,4,0.35895421017163465,0.13333333333333333,1,0.31488013066763093,0.13333333333333333,1,8,10
79246,60,3,0,0,0,0,0,0,10,10
79259,91,4,0,0,0,0,0,0,10,10
79261,316,2,0,0,0,0.3819603371583235,0.2857142857142857,0.5,10,10
79263,766,2,0,0,0,0.5103515512676446,0.26666666666666666,1,10,10
79264,13,3,0.530190929041704,0.3125,0.5,0.6782961487391511,0.3125,1,10,10
79267,50,2,0,0,0,0.7628592249754043,0.4375,1,10,10
79270,3,3,0.29740901205864334,0.08333333333333333,1,0.3155840027028181,0.25,0.5,3,10
79274,10,4,1,0.625,1,1,0.625,1,10,10
79293,16,3,0.35106842466815336,0.3125,0.16666666666666666,0.7027284035579429,0.4375,1,10,10
79296,2,2,0,0,0,0,0,0,2,10
79300,18,3,0.43621154230977444,0.4,0.2,0.6578986223737446,0.4,1,10,10
79309,6,2,0.727329844310522,0.375,1,0.793584067764911,0.4375,1,6,10
79313,453,2,0,0,0,0,0,0,10,10
79315,27,4,0,0,0,0.3597099118518292,0.05660377358490566,1,10,10
79317,10,4,0,0,0,0,0,0,10,10
79320,109,3,0,0,0,0,0,0,10,10
79352,25,1,0.5309999066793252,0.4375,0.25,0.8318477135310891,0.5,1,10,10
79384,33,5,0,0,0,0.3953144612881589,0.3125,0.25,10,10
79389,53,1,0,0,0,0.2934556883974402,0.125,1,10,10
79394,1,4,0.18660113481564067,0.0625,1,0.37080200816487136,0.1875,1,1,10
79401,2,1,0,0,0,0,0,0,2,5
79409,5,4,0.2601715897738433,0.125,0.5,0.5721684921617437,0.25,1,5,10
79424,2,2,0.39484136206016496,0.125,1,0.39484136206016496,0.125,1,2,6
79483,22,2,0,0,0,0.5711601909662336,0.375,1,10,10
79486,300,3,0,0,0,0.15739671711356246,0,0,10,10
79524,512,4,0,0,0,0,0,0,10,10
79527,1199,4,0,0,0,0,0,0,10,10
79529,781,6,0,0,0,0.09478836436955078,0.0625,0.25,10,10
79537,1,3,0,0,0,0,0,0,1,4
79547,4969,3,0,0,0,0,0,0,10,10
79553,404,4,0,0,0,0,0,0,10,10
79555,371,3,0,0,0,0,0,0,10,10
79560,6626,2,0,0,0,0,0,0,10,10
79562,58,5,0,0,0,0.14876390584057267,0.125,0.2,10,10
79577,3085,2,0,0,0,0,0,0,10,10
79590,319,3,0,0,0,0.06625422345438903,0.0625,0.1111111111111111,10,10
79591,15,4,0.6410457898283652,0.5,0.3333333333333333,0.800693766409882,0.4375,1,10,10
79598,146,3,0,0,0,0,0,0,10,10
79603,4678,2,0,0,0,0,0,0,10,10
79620,192,1,0,0,0,0,0,0,10,10
79625,31,2,0.19930623359011798,0.1875,0.125,0.8630152897016883,0.5,1,10,10
79630,454,2,0,0,0,0.35895421017163465,0.05405405405405406,1,10,10
79633,445,3,0,0,0,0.456899187845258,0.25,1,10,10
79637,6,5,0.11004588314904007,0.07142857142857142,0.3333333333333333,0.39049883891430376,0.2857142857142857,0.5,6,10
79641,1067,3,0,0,0,0.11004588314904007,0.0625,0.3333333333333333,10,10
79655,1497,3,0,0,0,0.26845503571754253,0.1875,0.3333333333333333,10,10
79656,6,4,0.3243401888923699,0.25,0.3333333333333333,0.5414813008877644,0.3125,1,6,10
79658,10,5,0.20904936749052636,0.1875,0.14285714285714285,0.15176219107803537,0.125,0.16666666666666666,10,10
79670,808,2,0,0,0,0.24309789328476902,0.2,0.3333333333333333,10,10
79671,16,2,0.49152914557428096,0.3333333333333333,0.5,0.398959545836168,0.26666666666666666,0.5,10,10
79673,1286,2,0,0,0,0.22009176629808014,0.0625,1,10,10
79691,6,1,0.8696762340896294,0.8333333333333334,1,0.8696762340896294,0.8333333333333334,1,6,6
79706,2150,1,0,0,0,0,0,0,10,10
79709,26,4,0.49770037029839076,0.20833333333333334,0.3333333333333333,0.37231829309018133,0.08333333333333333,0.1111111111111111,10,10
79710,6,3,0,0,0,0.06943122193677725,0.041666666666666664,0.125,6,10
79717,80,2,0,0,0,0,0,0,10,10
79729,10,2,0.9980212250126027,0.8333333333333334,1,1,0.8333333333333334,1,10,10
79734,36,3,0.22937848513836448,0.17391304347826086,0.14285714285714285,0.46895788246069353,0.21739130434782608,1,10,10
79736,12,2,0.4346298575932762,0.23809523809523808,0.3333333333333333,0.04416948230292602,0.047619047619047616,0.1111111111111111,10,10
79745,5,3,0.5637884576902256,0.25,1,0.8346342504878145,0.5,1,5,10
79746,1,3,0,0,0,0,0,0,1,10
79747,2,3,0.35895421017163465,0.15384615384615385,1,0.4690000933206747,0.23076923076923078,1,2,10
79759,163,2,0,0,0,0.16354138662029633,0.125,0.2,10,10
79761,69,3,0,0,0,0.4085760911510072,0.13157894736842105,0.5,10,10
79763,19,3,0,0,0,0.24454640699786684,0.029411764705882353,1,10,10
79764,725,2,0,0,0,0.6816604510406281,0.4375,1,10,10
79765,1,4,0.2538165846357146,0.14285714285714285,1,0.3302229900080503,0.2857142857142857,1,1,10
79779,149,3,0,0,0,0.24926098697416302,0.0625,1,10,10
79784,471,3,0,0,0,0.0636207881989517,0.0625,0.1,10,10
79790,445,3,0,0,0,0.3917034710587319,0.25,0.5,10,10
79792,1155,3,0,0,0,0.22009176629808014,0.0625,1,10,10
79797,50,4,0.06943122193677725,0.0625,0.125,0.09478836436955078,0.0625,0.25,10,10
79800,54,5,0,0,0,0.23085801092701655,0.08571428571428572,0.3333333333333333,10,10
79808,6689,2,0,0,0,0,0,0,10,10
79813,105,3,0,0,0,0.22009176629808014,0.09090909090909091,1,10,10
79818,1,3,0.29740901205864334,0.0625,1,0.29740901205864334,0.0625,1,1,10
79820,142,2,0,0,0,0.3052348839397011,0.125,1,10,10
79827,29,2,0,0,0,0.5645441593704201,0.45454545454545453,1,10,10
79842,7,2,0,0,0,0,0,0,7,10
79849,131,2,0,0,0,0.45374257454118544,0.1875,1,10,10
79854,3,3,0.24890832702259458,0.125,0.5,0.5933607200949345,0.3125,1,3,10
79855,10,2,0.8701249883466592,0.5,1,0.9216017310213247,0.5625,1,10,10
79875,120,3,0,0,0,0.3600558568883671,0.12121212121212122,0.5,10,10
79877,1,5,0.1982726747057622,0.08333333333333333,1,0.6070328723058679,0.3333333333333333,1,1,10
79924,3,3,0.4690000933206747,0.2,1,0.5321408435198608,0.26666666666666666,1,3,10
79955,7,4,0.5806020001118017,0.375,0.5,0.7222954974312066,0.375,1,7,10
79988,2664,3,0,0,0,0,0,0,10,10
79993,35,3,0,0,0,0.11004588314904007,0.0625,0.3333333333333333,10,10
79994,3137,2,0,0,0,0,0,0,10,10
79997,24,4,0,0,0,0.34445239307233994,0.25,0.3333333333333333,10,10
80008,162,3,0,0,0,0.14465249243306438,0.125,0.16666666666666666,10,10
80018,2025,2,0,0,0,0,0,0,10,10
80041,101,2,0,0,0,0.51071640124967,0.14814814814814814,1,10,10
80048,16,4,1,0.625,1,1,0.625,1,10,10
80052,1,3,0.22009176629808014,0.0625,1,0.22009176629808014,0.0625,1,1,10
80075,7,3,0.053397918541038314,0.07142857142857142,0.16666666666666666,0.09458072943404493,0.07142857142857142,0.5,7,10
80079,47,3,0.19930623359011798,0.1875,0.125,0.42883980903376634,0.25,0.5,10,10
80086,2,3,0.35895421017163465,0.125,1,0.35895421017163465,0.125,1,2,10
80095,1,6,0,0,0,0.6968404678259544,0.4,1,1,10
80097,29,2,0,0,0,0.14874433492765377,0.07142857142857142,0.5,10,10
80125,9,3,0.823671124116145,0.5454545454545454,1,0.8537309323493397,0.5454545454545454,1,9,10
80133,25,1,0,0,0,0,0,0,10,10
80369,33,3,0.27267015568947806,0.25,0.14285714285714285,0.6110191504983017,0.3125,1,10,10
80375,7088,1,0,0,0,0,0,0,10,10
80377,13,3,0.2518696694262799,0.25,0.16666666666666666,0.5153661182342341,0.25,1,10,10
80392,3,3,0.35895421017163465,0.13333333333333333,1,0.6325414799409711,0.3333333333333333,1,3,10
80445,1,2,0.29740901205864334,0.0625,1,0.5078965349529868,0.1875,1,1,10
80449,5,2,0.24890832702259458,0.13333333333333333,0.5,0.35895421017163465,0.13333333333333333,1,5,10
80475,104,4,0,0,0,0.4690000933206747,0.2727272727272727,1,10,10
80481,2557,1,0,0,0,0,0,0,10,10
80484,47,2,0,0,0,0.7125523635307983,0.375,1,10,10
80485,1,1,0.29740901205864334,0.0625,1,0.29740901205864334,0.0625,1,1,1
80487,21,2,0,0,0,0.5847876649948586,1,0.3333333333333333,10,10
80488,4,3,0.24890832702259458,0.14285714285714285,0.5,0.7264127302306634,0.5,1,4,10
80491,572,2,0,0,0,0.38733524938550834,0.08695652173913043,1,10,10
80493,13,3,0.11786129917213051,0.125,0.1111111111111111,0.21531546001753635,0.125,0.5,10,10
80497,170,3,0,0,0,0.11752277470724268,0.1111111111111111,0.3333333333333333,10,10
80500,4,4,0.5893002499675077,0.3076923076923077,1,0.7986822334209398,0.5384615384615384,1,4,10
80502,28,3,0.22119341301481263,0.23076923076923078,0.16666666666666666,0.1388624438735545,0.07692307692307693,0.5,10,10
80507,1,4,0.27636045420431316,0.125,1,0.7079266837788063,0.5,1,1,10
80524,26,1,0,0,0,0.057745412348061076,0.125,0.14285714285714285,10,10
80531,18,2,0.2785779383605913,0.25,0.14285714285714285,0.5225345513231656,0.375,0.5,10,10
80534,392,2,0,0,0,0,0,0,10,10
80575,6,5,0.5579502007106953,0.3125,0.5,0.6473005841202907,0.3125,1,6,10
80631,32,4,0,0,0,0.8165901947515998,0.5,1,10,10
80632,251,2,0,0,0,0.06499922211334154,0.0625,0.1,10,10
80635,212,2,0,0,0,0,0,0,10,10
80637,101,2,0,0,0,0.37185395737611554,0.1875,1,10,10
80662,13,3,0.6947651160602988,0.5714285714285714,0.5,0.8553475075669357,0.5714285714285714,1,10,10
80684,42,2,0,0,0,0.20483424751859086,0.125,0.3333333333333333,10,10
80693,100,2,0,0,0,0,0,0,10,10
80699,7,3,0.7890459693613329,0.5,1,0.662991591198965,0.35714285714285715,1,7,10
80724,2,1,0.3599570769546735,0.07142857142857142,1,0.3599570769546735,0.07142857142857142,1,2,2
80726,3,3,0.1388624438735545,0.02564102564102564,0.5,0.2340592065643127,0.07692307692307693,0.5,3,10
80768,23,3,0.0636207881989517,0.07142857142857142,0.1,0.7909506325094736,0.5,1,10,10
80839,5,3,0,0,0,0,0,0,5,10
80841,2,2,0.1595890771248963,0.125,0.5,0,0,0,2,10
80849,17,2,0.3062744973234357,0.5,0.16666666666666666,0.6662577939453029,0.5,1,10,10
80853,24,2,0.5298442565325185,0.4666666666666667,0.25,0.7773365277054465,0.5333333333333333,1,10,10
80858,16,4,0.7799082337019198,0.6,0.5,1,0.6666666666666666,1,10,10
80869,130,3,0,0,0,0.11995432134078117,0.05555555555555555,0.25,10,10
80878,2,3,0,0,0,0.07336392209936005,0.0625,0.14285714285714285,2,10
80880,186,3,0,0,0,0.24877071336369105,0.1875,0.5,10,10
80884,512,2,0,0,0,0.4530643748551538,0.14285714285714285,1,10,10
80892,298,2,0,0,0,0.3209793971017913,0.4,0.5,10,10
80897,120,2,0,0,0,0.36745852005902885,0.3125,0.25,10,10
80906,33,3,0.07730350643290392,0.07142857142857142,0.1,0.26742619438551957,0.07142857142857142,1,10,10
80908,148,4,0,0,0,0,0,0,10,10
80912,115,3,0,0,0,0.2934556883974402,0.125,1,10,10
80915,124,3,0,0,0,0.5658245193320781,0.15789473684210525,0.5,10,10
80928,2782,1,0,0,0,0,0,0,10,10
80948,5,2,0,0,0,0,0,0,5,10
80954,20,2,0.2336508082431053,0.125,0.5,0.09478836436955078,0.0625,0.25,10,10
80965,78,3,0,0,0,0.5884674004369673,0.3333333333333333,1,10,10
80973,140,2,0,0,0,0,0,0,10,10
80989,262,3,0,0,0,0,0,0,10,10
80990,125,3,0,0,0,0,0,0,10,10
81008,74,3,0,0,0,0.09478836436955078,0.0625,0.25,10,10
81009,10,5,0.15850703974098104,0.15384615384615385,0.2,0.40853591842579556,0.23076923076923078,1,10,10
81011,16,3,0,0,0,0,0,0,10,10
81024,55,3,0,0,0,0.3301376494471202,0.125,1,10,10
81026,90,2,0,0,0,0.2895229882348574,0.14285714285714285,1,10,10
81029,11,5,0,0,0,0,0,0,10,10
81040,1009,3,0,0,0,0.17366667134799177,0.07407407407407407,0.3333333333333333,10,10
81046,112,4,0,0,0,0.6378891765242927,0.4666666666666667,0.5,10,10
81047,13,2,0,0,0,0,0,0,10,10
81050,2822,2,0,0,0,0,0,0,10,10
81051,62,3,0,0,0,0.4152807670887412,0.1875,1,10,10
81073,52,4,0,0,0,0,0,0,10,10
81077,81,2,0,0,0,0.07839826897867533,0.06666666666666667,0.16666666666666666,10,10
81080,125,3,0,0,0,0,0,0,10,10
81082,105,3,0,0,0,0.5224955967919309,0.25,1,10,10
81083,8,4,0.09382209734404523,0.07692307692307693,0.125,0.3741113528664685,0.15384615384615385,1,8,10
81085,1985,2,0,0,0,0.1388624438735545,0.0625,0.5,10,10
81094,60,2,0,0,0,0.4152807670887412,0.1875,1,10,10
81096,323,4,0,0,0,0.24890832702259458,0.125,0.5,10,10
81101,365,3,0,0,0,0,0,0,10,10
81124,3498,3,0,0,0,0,0,0,10,10
81127,189,2,0,0,0,0.2698988794159001,0.125,0.5,10,10
81131,48,3,0,0,0,0.3984279345433619,0.3125,0.3333333333333333,10,10
81150,17565,1,0,0,0,0,0,0,10,10
81158,233,2,0,0,0,0,0,0,10,10
81174,698,2,0,0,0,0,0,0,10,10
81175,4,4,0,0,0,0,0,0,4,10
81182,9,2,0,0,0,0,0,0,9,10
81210,26,4,0.43621154230977444,0.375,0.2,0.42367664508731884,0.3125,0.5,10,10
81212,119,2,0,0,0,0.3052348839397011,0.06896551724137931,1,10,10
81215,184,2,0,0,0,0.3301376494471202,0.14285714285714285,1,10,10
81226,88,4,0,0,0,0.06943122193677725,0.0625,0.125,10,10
81230,9,4,0.562276080293013,0.375,0.3333333333333333,0.8000460734455755,0.375,1,9,10
81232,17,4,0,0,0,0.08514311764162098,0.0625,0.2,10,10
81274,150,2,0,0,0,0.07336392209936005,0.0625,0.14285714285714285,10,10
81276,1466,2,0,0,0,0.32458397444423615,0.25,0.25,10,10
81281,541,2,0,0,0,0.0636207881989517,0.0625,0.1,10,10
81296,488,1,0,0,0,0,0,0,10,10
81299,75,2,0,0,0,0.21298206765310915,0.125,1,10,10
81301,132,2,0,0,0,0,0,0,10,10
81331,26,1,0,0,0,0.0636207881989517,0.05555555555555555,0.1,10,10
81334,103,1,0,0,0,0,0,0,10,10
81335,9,2,0.6608712740165161,0.4666666666666667,0.5,0.5899357269409825,0.4666666666666667,0.3333333333333333,9,10
81355,8,2,0.9453500518260334,0.875,1,0,0,0,8,10
81365,10,1,1,0.8333333333333334,1,1,0.8333333333333334,1,10,10
81400,92,3,0,0,0,0.12468575026986017,0.06666666666666667,0.16666666666666666,10,10
81418,11,1,0.6410457898283652,0.5333333333333333,0.3333333333333333,0.8415908474314975,0.5333333333333333,1,10,10
81438,2,5,0,0,0,0.5964152249753296,0.3125,1,2,10
81449,639,1,0,0,0,0.09962965242264374,0.06666666666666667,0.2,10,10
81452,18,2,0.20483424751859086,0.125,0.3333333333333333,0.08514311764162098,0.0625,0.2,10,10
81453,28,4,0,0,0,0,0,0,10,10
81461,810,2,0,0,0,0,0,0,10,10
81466,66,5,0,0,0,0.10345457402608846,0.06666666666666667,0.2,10,10
81471,563,5,0,0,0,0.0636207881989517,0.06666666666666667,0.1,10,10
81472,186,5,0,0,0,0.07336392209936005,0.08333333333333333,0.14285714285714285,10,10
81473,440,4,0,0,0,0.14318335701877086,0.14285714285714285,0.14285714285714285,10,10
81478,122,5,0,0,0,0.08878855502583598,0.0625,0.16666666666666666,10,10
81479,357,4,0,0,0,0,0,0,10,10
81485,2378,3,0,0,0,0,0,0,10,10
81487,222,8,0,0,0,0.08514311764162098,0.0625,0.2,10,10
81489,408,3,0,0,0,0,0,0,10,10
81493,99,4,0,0,0,0.4690000933206747,0.1875,1,10,10
81497,90,4,0,0,0,0,0,0,10,10
81500,2293,4,0,0,0,0,0,0,10,10
81507,10,4,0,0,0,0,0,0,10,10
81514,229,5,0,0,0,0,0,0,10,10
81515,85,5,0,0,0,0,0,0,10,10
81522,2406,3,0,0,0,0,0,0,10,10
81525,799,3,0,0,0,0,0,0,10,10
81531,467,4,0,0,0,0,0,0,10,10
81539,543,5,0,0,0,0,0,0,10,10
81545,208,5,0,0,0,0,0,0,10,10
81547,17,5,0,0,0,0,0,0,10,10
81556,178,4,0,0,0,0,0,0,10,10
81559,251,4,0,0,0,0.2817387036164348,0.14285714285714285,1,10,10
81564,1,4,0.22009176629808014,0.0625,1,0.4323181322709947,0.1875,1,1,10
81569,837,3,0,0,0,0,0,0,10,10
81576,225,5,0,0,0,0,0,0,10,10
81602,2299,2,0,0,0,0,0,0,10,10
81604,1,3,0,0,0,0,0,0,1,10
81612,64,4,0,0,0,0.24573132854020638,0.1875,0.3333333333333333,10,10
81616,144,3,0,0,0,0.1610425878239398,0.125,0.25,10,10
81618,7,2,0.5018040483185394,0.25,0.5,0.5747512855022081,0.25,1,7,10
81619,28,2,0,0,0,0.3877503857178334,0.3125,0.3333333333333333,10,10
81624,2,2,0.22009176629808014,0.04,1,0.22009176629808014,0.04,1,2,10
81636,78,1,0,0,0,0.11004588314904007,0.0625,0.3333333333333333,10,10
81646,113,3,0,0,0,0.39375843764607193,0.2,1,10,10
81648,635,2,0,0,0,0,0,0,10,10
81649,2,3,0,0,0,0.11004588314904007,0.0625,0.3333333333333333,2,10
81653,1497,2,0,0,0,0,0,0,10,10
81656,87,4,0,0,0,0,0,0,10,10
81662,751,3,0,0,0,0.4818998405251556,0.12121212121212122,1,10,10
81664,100,3,0,0,0,0.24151620856827088,0.05555555555555555,1,10,10
81668,23,3,0,0,0,0,0,0,10,10
81683,117,3,0,0,0,0,0,0,10,10
81686,7,2,0,0,0,0,0,0,7,10
81703,66,2,0,0,0,0.6156886473955916,0.19444444444444445,0.5,10,10
81727,21,2,0.0636207881989517,0.0625,0.1,0.6332196796270028,0.3125,1,10,10
81730,3,3,0.4690000933206747,0.1875,1,0.9216017310213247,0.5625,1,3,10
81741,1,2,0,0,0,0,0,0,1,10
81743,22,2,0,0,0,0.31298349214690074,0.25,0.25,10,10
81744,46,2,0,0,0,0.11004588314904007,0.0625,0.3333333333333333,10,10
81746,279,1,0,0,0,0.14465249243306438,0.037037037037037035,0.16666666666666666,10,10
81776,5,2,0.6489315753318465,0.3125,1,0.6489315753318465,0.3125,1,5,10
81796,1,2,0,0,0,0,0,0,1,10
81797,169,2,0,0,0,0.7885497208855956,0.3181818181818182,1,10,10
81810,19,1,0.46474568322493615,0.42857142857142855,0.25,0.9363792118010483,0.6428571428571429,1,10,10
81811,16,3,0,0,0,0.27922641461589975,0.1875,0.25,10,10
81812,4,3,0.1073508639320094,0.0625,0.25,0.3207699124449269,0.1875,0.3333333333333333,4,10
81837,4,1,0.5887600430216148,0.4444444444444444,1,0.5887600430216148,0.4444444444444444,1,4,4
81842,2,4,0.420027879946489,0.14285714285714285,1,0.420027879946489,0.14285714285714285,1,2,9
81852,1,2,0.29839983777453066,0.2,1,0.3882271396459303,0.4,1,1,10
81856,139,3,0,0,0,0,0,0,10,10
81875,10,1,0.3422005896226498,0.3,0.25,0.5666209497825362,0.3,1,10,10
81879,2,1,0.35895421017163465,0.125,1,0.5637884576902256,0.25,1,2,4
81883,7593,1,0,0,0,0.15457433957839825,0.08695652173913043,0.2,10,10
81891,3,3,0.7557806593071948,0.6,1,0.9797073801537619,1,1,3,10
81902,8,5,0.6500332220485789,0.4375,0.5,0.8579809428223729,0.5,1,8,10
81903,41,2,0,0,0,0.15176219107803537,0.125,0.16666666666666666,10,10
81904,73,3,0,0,0,0,0,0,10,10
81908,5,3,0.24890832702259458,0.125,0.5,0.8899541168509598,0.5625,1,5,10
81919,1487,1,0,0,0,0,0,0,10,10
81922,10,2,0.6410457898283652,0.5,0.3333333333333333,0.9216017310213247,0.5625,1,10,10
81923,16,2,0.5708588662113934,0.375,0.5,0.3882251478215035,0.25,0.5,10,10
81924,73,1,0,0,0,0.2984900352767555,0.125,1,10,10
81926,8,2,0.8622785115374445,0.5,1,0.8566967749126226,0.5,1,8,10
81929,9,3,0.716287445502968,0.5,0.5,0.6489315753318465,0.3125,1,9,10
81931,3,4,0,0,0,0.3542214864534539,0.26666666666666666,0.3333333333333333,3,10
81938,56,1,0,0,0,0.7227265726449517,0.6,1,10,10
81941,385,2,0,0,0,0,0,0,10,10
81951,25,3,0,0,0,0,0,0,10,10
81952,5,3,0.08514311764162098,0.0625,0.2,0.09478836436955078,0.0625,0.25,5,10
81956,35,5,0,0,0,0,0,0,10,10
81958,203,3,0,0,0,0,0,0,10,10
81960,166,1,0,0,0,0.1388624438735545,0.05555555555555555,0.5,10,10
81967,72,2,0,0,0,0.22009176629808014,0.0625,1,10,10
81978,214,2,0,0,0,0,0,0,10,10
81995,4,6,0.1388624438735545,0.03571428571428571,0.5,0.49617485766395036,0.17857142857142858,1,4,10
82006,1263,3,0,0,0,0.17630010660342912,0.125,0.3333333333333333,10,10
82013,22,5,0,0,0,0.07839826897867533,0.041666666666666664,0.16666666666666666,10,10
82027,1,2,0,0,0,0,0,0,1,10
82038,137,3,0,0,0,0.20829366581033176,0.125,0.5,10,10
82057,31,3,0.2874476364692017,0.25,0.16666666666666666,0.45374257454118544,0.1875,1,10,10
82070,21,3,0.6410457898283652,0.22857142857142856,0.3333333333333333,0.8122282747268721,0.22857142857142856,1,10,10
82071,23,3,0.7799082337019198,0.5625,0.5,0.8630152897016883,0.5,1,10,10
82101,305,1,0,0,0,0.0636207881989517,0.07142857142857142,0.1,10,10
82102,13,2,0.7799082337019198,0.6428571428571429,0.5,0.977915258848537,0.7142857142857143,1,10,10
82104,16737,1,0,0,0,0,0,0,10,10
82109,3,4,0,0,0,0.13698471029831175,0.2,0.14285714285714285,3,10
82113,36,3,0,0,0,0.2519337456271845,0.3333333333333333,0.2,10,10
82117,56,3,0,0,0,0.2984900352767555,0.13333333333333333,1,10,10
82118,602,2,0,0,0,0.2837125544970318,0.125,1,10,10
82119,29,5,0.1427951440361373,0.125,0.14285714285714285,0.17318663334822612,0.125,0.25,10,10
82120,641,2,0,0,0,0,0,0,10,10
82122,1,4,0.22009176629808014,0.0625,1,0.22009176629808014,0.0625,1,1,10
82124,26,3,0,0,0,0.8572048559638626,0.5333333333333333,1,10,10
82125,276,2,0,0,0,0.02613275632622511,0,0,10,10
82129,69,3,0,0,0,0.04416948230292602,0.0625,0.1111111111111111,10,10
82130,4,3,0.2604979528242145,0.125,0.3333333333333333,0.5908875653400028,0.25,1,4,10
82140,280,3,0,0,0,0,0,0,10,10
82141,37,3,0,0,0,0,0,0,10,10
82153,60,4,0,0,0,0.07336392209936005,0.0625,0.14285714285714285,10,10
82155,12,5,0.4220949603708207,0.25,0.5,0.5173633627401372,0.25,1,10,10
82156,176,3,0,0,0,0.3372080579682881,0.2857142857142857,0.3333333333333333,10,10
82163,11,5,0.3381686774636725,0.3076923076923077,0.5,0.3125291152215463,0.23076923076923078,0.5,10,10
82174,127,3,0,0,0,0.11508023002835535,0.07142857142857142,0.16666666666666666,10,10
82185,2,7,0.1388624438735545,0.03125,0.5,0.5882430983900122,0.125,1,2,10
82187,697,2,0,0,0,0,0,0,10,10
82189,1,4,0,0,0,0,0,0,1,10
82201,141,3,0,0,0,0.2781981696179509,0.2,0.3333333333333333,10,10
82202,56,3,0,0,0,0.6906478832608417,0.375,1,10,10
82208,77,2,0,0,0,0.06943122193677725,0.0625,0.125,10,10
82216,1,3,0.22009176629808014,0.0625,1,0.764095080185809,0.4375,1,1,10
82284,5,3,0.6489315753318465,0.3125,1,0.866947989864271,0.5,1,5,10
82288,17,1,1,0.43478260869565216,1,1,0.43478260869565216,1,10,10
82290,62,1,0,0,0,0.28634598975246917,0.2,1,10,10
82296,2197,1,0,0,0,0,0,0,10,10
82297,155,2,0,0,0,0,0,0,10,10
82298,157,2,0,0,0,0.07839826897867533,0.0625,0.16666666666666666,10,10
82300,45,3,0,0,0,0.6086182388744238,0.3125,1,10,10
82324,2,1,0.35895421017163465,0.09523809523809523,1,0.35895421017163465,0.09523809523809523,1,2,2
82337,14,4,0.19930623359011798,0.08333333333333333,0.125,0.6332196796270028,0.1388888888888889,1,10,10
82338,3,5,0.24890832702259458,0.13333333333333333,0.5,0.2837125544970318,0.13333333333333333,1,3,10
82344,1,4,0,0,0,0.3796482390536365,0.1875,1,1,10
82348,1461,1,0,0,0,0.34369669139214537,0.1875,0.5,10,10
82352,5,3,0.662991591198965,0.3125,1,0.71296056101357,0.375,1,5,10
82389,1418,2,0,0,0,0.07336392209936005,0.0625,0.14285714285714285,10,10
82390,26,4,0,0,0,0,0,0,10,10
82402,69,4,0,0,0,0,0,0,10,10
82407,223,2,0,0,0,0.3222722491219546,0.14285714285714285,0.5,10,10
82410,882,4,0,0,0,0.13698471029831175,0.08333333333333333,0.14285714285714285,10,10
82422,105,2,0,0,0,0.30165888116716855,0.25,0.25,10,10
82424,31,4,0,0,0,0.09478836436955078,0.0625,0.25,10,10
82435,1484,2,0,0,0,0.45374257454118544,0.2,1,10,10
82437,243,3,0,0,0,0.31561692740233804,0.26666666666666666,0.25,10,10
82444,130,3,0,0,0,0.09546043308946732,0.16666666666666666,0.125,10,10
82448,140,3,0,0,0,0.3629118978288612,0.2222222222222222,1,10,10
82449,76,4,0,0,0,0.14876390584057267,0.125,0.2,10,10
82468,89,3,0,0,0,0.596517333399007,0.21428571428571427,1,10,10
82476,742,4,0,0,0,0.14876390584057267,0.125,0.2,10,10
82484,787,2,0,0,0,0,0,0,10,10
82487,24,4,0.21850898654864814,0.2,0.14285714285714285,0.43407249033565376,0.2,1,10,10
82493,2,6,0,0,0,0,0,0,2,10
82495,75,3,0,0,0,0.22009176629808014,0.0625,1,10,10
82496,43,3,0,0,0,0.2984900352767555,0.125,1,10,10
82499,5,6,0.4480706578897771,0.1875,1,0.7279714574894957,0.4375,1,5,10
82509,315,3,0,0,0,0.2745478892647208,0.1875,0.5,10,10
82569,6,3,0.4252168069480822,0.2222222222222222,0.2,0.47202423432895085,0.2222222222222222,0.5,6,10
82571,9,4,0.26742619438551957,0.07692307692307693,1,0.3320916946272092,0.15384615384615385,0.5,9,10
82572,3,6,0.1388624438735545,0.0625,0.5,0.4482145606127126,0.3125,0.5,3,10
82606,32,3,0.5309999066793252,0.4375,0.25,0.7846170207230129,0.4375,1,10,10
82608,36,2,0,0,0,0,0,0,10,10
82613,4,6,0.1388624438735545,0.0625,0.5,0.3052348839397011,0.125,1,4,10
82616,1,3,0.279901702223461,0.06666666666666667,1,0.4198525533351915,0.13333333333333333,1,1,10
82619,63,4,0,0,0,0.3301376494471202,0.125,1,10,10
82626,77,2,0,0,0,0.5420423054868789,0.5,1,10,10
82628,47,2,0,0,0,0.5670429581667765,0.38461538461538464,1,10,10
82635,1825,2,0,0,0,0,0,0,10,10
82642,9,3,0,0,0,0.09478836436955078,0.0625,0.25,9,10
82645,43,5,0,0,0,0,0,0,10,10
82649,21,2,0.5774250016294136,0.4375,0.3333333333333333,0.5328776402545679,0.375,0.5,10,10
82695,33,3,0,0,0,0.2240055615151755,0.125,0.5,10,10
82700,234,3,0,0,0,0.09478836436955078,0.05,0.25,10,10
82701,149,6,0,0,0,0,0,0,10,10
82717,48,2,0,0,0,0.0636207881989517,0.0625,0.1,10,10
82729,3,3,0.15274548932528484,0.04,0.5,0.7079289861345682,0.28,1,3,10
82733,3,4,0,0,0,0,0,0,3,10
82735,31,3,0,0,0,0.826333328652008,0.5,1,10,10
82736,53,2,0,0,0,0.8643145546088337,0.5,1,10,10
82737,84,2,0,0,0,0.3052348839397011,0.125,1,10,10
82738,10,2,0.1442903980098978,0.07142857142857142,0.16666666666666666,0.29740901205864334,0.07142857142857142,1,10,10
82745,1664,2,0,0,0,0,0,0,10,10
82749,305,3,0,0,0,0,0,0,10,10
82750,767,1,0,0,0,0.15457433957839825,0.125,0.2,10,10
82771,264,1,0,0,0,0.19518900079066107,0.125,0.3333333333333333,10,10
82775,83,2,0,0,0,0.42302937529594087,0.3125,0.3333333333333333,10,10
82787,1799,2,0,0,0,0.0636207881989517,0.0625,0.1,10,10
82789,185,3,0,0,0,0.5214682725103094,0.375,1,10,10
82791,2,3,0.5562983930884396,0.5,1,0.9072836011519267,1,1,2,10
82794,398,3,0,0,0,0,0,0,10,10
82798,16,3,0.12987501165334073,0.125,0.1111111111111111,0.21222636597291455,0.125,0.5,10,10
82805,286,3,0,0,0,0.6332196796270028,0.3125,1,10,10
82840,687,2,0,0,0,0.92663607790064,0.5625,1,10,10
82845,192,3,0,0,0,0.08514311764162098,0.0625,0.2,10,10
82849,399,2,0,0,0,0.09962965242264374,0.09090909090909091,0.2,10,10
82852,11896,2,0,0,0,0,0,0,10,10
82856,47,4,0,0,0,0.21458958400904388,0.1875,0.25,10,10
82858,1,4,0,0,0,0.22009176629808014,0.05555555555555555,1,1,10
82861,2,5,0.35895421017163465,0.13333333333333333,1,0.6421867266689009,0.3333333333333333,1,2,10
82862,1,3,0,0,0,0.1483217795594554,0,0,1,10
82893,2894,2,0,0,0,0,0,0,10,10
82903,82,4,0,0,0,0,0,0,10,10
82909,13322,2,0,0,0,0.09478836436955078,0.0625,0.25,10,10
82910,79,3,0,0,0,0.20511666732794356,0.13333333333333333,0.5,10,10
82913,2502,2,0,0,0,0,0,0,10,10
82916,86,3,0,0,0,0,0,0,10,10
82926,48,4,0,0,0,0.14465249243306438,0.125,0.16666666666666666,10,10
82930,233,1,0,0,0,0,0,0,10,10
82945,1,5,0,0,0,0,0,0,1,10
82946,11,4,1,0.625,1,1,0.625,1,10,10
82952,12,3,0.8899541168509598,0.6923076923076923,1,0.9363792118010483,0.6923076923076923,1,10,10
82968,4,1,0.9197207891481876,1,1,0.8772153153380493,1,1,4,4
82988,1,2,0,0,0,0,0,0,1,10
82992,2,3,0.35895421017163465,0.13333333333333333,1,1,0.6666666666666666,1,2,10
83003,3,3,0.1388624438735545,0.0625,0.5,0.07336392209936005,0.0625,0.14285714285714285,3,10
83028,1486,2,0,0,0,0.14201905717762703,0.0625,0.16666666666666666,10,10
83037,2,5,0.15726617308658694,0.06666666666666667,0.5,0.24035316874464127,0.13333333333333333,0.5,2,10
83064,9,3,0,0,0,0.24966402870278917,0.1875,0.3333333333333333,9,10
83071,2,4,0.3799109563336586,0.125,1,0.9261611374479649,0.625,1,2,10
83076,429,2,0,0,0,0.4982710309705436,0.23809523809523808,0.5,10,10
83077,385,3,0,0,0,0.4170606134915054,0.25,0.5,10,10
83081,35,5,0,0,0,0,0,0,10,10
83086,487,2,0,0,0,0.15850703974098104,0.125,0.2,10,10
83097,8,3,0.20483424751859086,0.06060606060606061,0.3333333333333333,0,0,0,8,10
83121,30,3,0,0,0,0.5836175861945262,0.3125,1,10,10
83140,4,2,0.24890832702259458,0.125,0.5,0.35895421017163465,0.125,1,4,10
83151,1,3,0.08584630515747224,0,0,0.14000929331549633,0,0,1,10
83158,20,3,0,0,0,0,0,0,10,10
83162,3,5,0.5698664345004878,0.23076923076923078,1,0.8900887482683918,0.6153846153846154,1,3,10
83165,27773,1,0,0,0,0,0,0,10,10
83175,165,2,0,0,0,0,0,0,10,10
83188,2,3,0,0,0,0.060801447600437354,0.0625,0.2,2,10
83203,165,3,0,0,0,0.3170390947141254,0.1875,0.5,10,10
83214,13,5,0.08425880820666944,0.1,0.1111111111111111,0.35208887506004277,0.2,1,10,10
83232,6,3,0,0,0,0,0,0,6,10
83257,2,3,0.1388624438735545,0.0625,0.5,0.11004588314904007,0.0625,0.3333333333333333,2,10
83260,50,3,0,0,0,0.25284102718517737,0.05714285714285714,0.14285714285714285,10,10
83263,106,2,0,0,0,0.22244584585522362,0.2222222222222222,0.5,10,10
83267,15,2,0.43621154230977444,0.375,0.2,0.9363792118010483,0.5625,1,10,10
83285,140,2,0,0,0,0,0,0,10,10
83305,3,4,0,0,0,0.14465249243306438,0.14285714285714285,0.16666666666666666,3,10
83313,1,4,0.22009176629808014,0.1,1,0.35895421017163465,0.2,1,1,10
83325,84,1,0,0,0,0,0,0,10,10
83334,21,1,0.6410457898283652,0.5,0.3333333333333333,0.6163668470816234,0.4375,0.5,10,10
83344,5,2,0.1274201206755742,0.1111111111111111,0.25,0.11445441006127335,0.1111111111111111,0.2,5,10
83355,4,3,0,0,0,0,0,0,4,7
83397,5006,2,0,0,0,0,0,0,10,10
83412,365,2,0,0,0,0,0,0,10,10
83419,1,3,0,0,0,0,0,0,1,10
83422,38,2,0,0,0,0,0,0,10,10
83427,176,2,0,0,0,0.048484901466889475,0,0,10,10
83437,3,6,0.22009176629808014,0.06666666666666667,1,0.2832325164972662,0.2,0.3333333333333333,3,10
83445,10,2,0.5774250016294136,0.4375,0.3333333333333333,0.7569021067152308,0.4375,1,10,10
83460,62,3,0,0,0,0.3863083732086251,0.13333333333333333,1,10,10
83478,91,3,0,0,0,0,0,0,10,10
83479,4,3,0,0,0,0.27323564797268113,0.16666666666666666,0.3333333333333333,4,10
83493,3,3,0.35895421017163465,0.13333333333333333,1,0.22009176629808014,0.06666666666666667,1,3,10
83505,1796,3,0,0,0,0,0,0,10,10
83506,1366,2,0,0,0,0,0,0,10,10
83513,6,1,0.5744633980765214,0.3125,0.5,0.6990938915636028,0.3125,1,6,6
83520,3,3,0.4690000933206747,0.1875,1,1,0.625,1,3,10
83526,14,1,0.662991591198965,0.2631578947368421,1,0.49234087878204846,0.21052631578947367,1,10,10
83530,308,2,0,0,0,0,0,0,10,10
83533,427,2,0,0,0,0.06943122193677725,0.05263157894736842,0.125,10,10
83543,100,2,0,0,0,0.35895421017163465,0.05714285714285714,1,10,10
83552,11,1,0.21082177602841104,0.15789473684210525,0.125,0.41440869074300907,0.15789473684210525,1,10,10
83572,315,3,0,0,0,0.07336392209936005,0,0,10,10
83574,42,4,0,0,0,0.07839826897867533,0.0625,0.16666666666666666,10,10
83575,335,3,0,0,0,0.12987501165334073,0.125,0.1111111111111111,10,10
83581,627,2,0,0,0,0,0,0,10,10
83590,4,2,0.7653606369886218,0.6666666666666666,1,0.8854598815714875,1,1,4,10
83599,5,2,0.36471135819960177,0.3,0.5,0.5989704028495795,0.5,1,5,10
83608,49,2,0,0,0,0,0,0,10,10
83612,9,3,0.30390988182109396,0.3333333333333333,0.25,0.33360573538545624,0.3333333333333333,0.3333333333333333,9,10
83620,1,4,0.22009176629808014,0.07692307692307693,1,0.22009176629808014,0.07692307692307693,1,1,10
83627,251,2,0,0,0,0.11004588314904007,0.05,0.3333333333333333,10,10
83630,11,3,0,0,0,0,0,0,10,10
83639,831,1,0,0,0,0,0,0,10,10
83650,742,3,0,0,0,0,0,0,10,10
83678,1,3,0,0,0,0.3633412872595719,0.26666666666666666,0.3333333333333333,1,10
83679,13,4,0.5311375203382287,0.46153846153846156,0.3333333333333333,0.20078575937877005,0.15384615384615385,0.16666666666666666,10,10
83716,36,2,0,0,0,0,0,0,10,10
83717,2,3,0,0,0,0,0,0,2,10
83720,18,1,1,0.625,1,0.6816604510406281,0.4375,1,10,10
83721,16,2,0.6410457898283652,0.5,0.3333333333333333,0.7884407279677962,0.5,1,10,10
83801,29,2,0,0,0,0.07336392209936005,0.0625,0.14285714285714285,10,10
83815,23,1,0.6410457898283652,0.5,0.3333333333333333,1,0.625,1,10,10
83817,4,2,0.6597133113683123,0.25,1,0.6597133113683123,0.25,1,4,10
83825,16,4,0.7799082337019198,0.5625,0.5,1,0.625,1,10,10
83854,13,2,0.7606971932189102,0.24242424242424243,0.3333333333333333,0.8943938982876649,0.24242424242424243,1,10,10
83860,4,3,0.2539482674764934,0,0,0.41957351748944016,0.16666666666666666,0.16666666666666666,4,10
83877,48,2,0.08514311764162098,0.07142857142857142,0.2,0.0636207881989517,0.07142857142857142,0.1,10,10
83879,66,1,0,0,0,0.08019144864099469,0,0,10,10
83888,247,2,0,0,0,0,0,0,10,10
83890,144,3,0,0,0,0.2906246349515899,0.1875,0.5,10,10
83898,3876,1,0,0,0,0,0,0,10,10
83910,56,3,0,0,0,0.3557772116892464,0.21428571428571427,1,10,10
83915,99,3,0,0,0,0,0,0,10,10
83921,351,3,0,0,0,0,0,0,10,10
83932,956,2,0,0,0,0,0,0,10,10
83936,12,2,0.3683756341388872,0.25,0.3333333333333333,0.5224955967919309,0.25,1,10,10
83947,43,3,0,0,0,0,0,0,10,10
83949,10,4,0,0,0,0,0,0,10,10
83957,6,3,0.14930215990964954,0.09090909090909091,0.25,0.4290485894061694,0.2727272727272727,0.3333333333333333,6,10
83967,18,3,0.3125291152215463,0.1875,0.5,0.2934556883974402,0.125,1,10,10
83994,16,3,0.13808878655375148,0.16666666666666666,0.2,0.30385299920292913,0.25,0.5,10,10
84011,353,1,0,0,0,0.09521690965546861,0.07142857142857142,0.1,10,10
84014,62,2,0,0,0,0.5470596273055068,0,0,10,10
84020,539,1,0,0,0,0.028995954371097005,0,0,10,10
84031,1,2,0.22009176629808014,0.025,1,0,0,0,1,10
84033,311,2,0,0,0,0.28997736516021183,0.1875,0.3333333333333333,10,10
84060,92,3,0,0,0,0,0,0,10,10
84065,12,5,0.933745776545611,0.4090909090909091,1,1,0.45454545454545453,1,10,10
84071,24,2,0.3586748161721488,0.3125,0.16666666666666666,0.6509571828075813,0.3125,1,10,10
84094,1,3,0.1467278441987201,0.034482758620689655,1,0.2103486323976718,0.06896551724137931,1,1,10
84099,146,3,0,0,0,0,0,0,10,10
84100,179,2,0,0,0,0.08514311764162098,0.0625,0.2,10,10
84103,82,4,0,0,0,0,0,0,10,10
84121,3,3,0,0,0,0,0,0,3,10
84124,97,4,0,0,0,0,0,0,10,10
84139,85,5,0.10779027050187771,0.05,0.1111111111111111,0.32195053918879885,0.1,0.25,10,10
84145,792,1,0,0,0,0,0,0,10,10
84151,22,2,0,0,0,0,0,0,10,10
84157,6,3,0.727329844310522,0.5,1,0.7222954974312066,0.5,1,6,10
84172,81,4,0,0,0,0.3476293915547282,0.1,0.3333333333333333,10,10
84173,22,2,1,0.7692307692307693,1,0.9363792118010483,0.6923076923076923,1,10,10
84228,4,2,0,0,0,0,0,0,4,10
84243,7,3,0.7486882144840218,0.4,1,0.3726703171229509,0.26666666666666666,0.5,7,10
84252,10,2,0,0,0,0,0,0,10,10
84255,57,1,0,0,0,0,0,0,10,10
84256,3,2,0,0,0,0.1356854453911663,0.14285714285714285,0.125,3,10
84257,95,1,0,0,0,0.07336392209936005,0.0625,0.14285714285714285,10,10
84273,4,3,0,0,0,0.15176219107803537,0.125,0.16666666666666666,4,10
84281,424,3,0,0,0,0.11004588314904007,0.07142857142857142,0.3333333333333333,10,10
84288,6,1,0,0,0,0,0,0,6,6
84312,30,4,0,0,0,0.6573300000060734,0.6666666666666666,0.5,10,10
84315,386,2,0,0,0,0,0,0,10,10
84327,131,2,0,0,0,0.21726071285222984,0.125,0.5,10,10
84328,67,3,0,0,0,0.15850703974098104,0.125,0.2,10,10
84329,224,2,0,0,0,0.40030566811860463,0.26666666666666666,0.5,10,10
84332,10,2,0.7799082337019198,0.6428571428571429,0.5,0.7819835854675756,0.5,1,10,10
84333,1,1,0.2357541930550393,0.0625,1,0.2357541930550393,0.0625,1,1,1
84351,4741,1,0,0,0,0,0,0,10,10
84354,6,5,0,0,0,0.15245974194834122,0.044444444444444446,0.3333333333333333,6,10
84373,14,3,0.3725907541108227,0.38461538461538464,0.2,0.7846170207230129,0.5384615384615384,1,10,10
84374,271,2,0,0,0,0.07839826897867533,0.037037037037037035,0.16666666666666666,10,10
84378,35,3,0,0,0,0,0,0,10,10
84392,15,1,0.27267015568947806,0.25,0.14285714285714285,0.3301376494471202,0.125,1,10,10
84414,400,3,0,0,0,0,0,0,10,10
84421,93,3,0,0,0,0.84860265890399,0.21052631578947367,1,10,10
84431,4,3,0.5637884576902256,0.25,1,0.914856882358379,0.5625,1,4,10
84438,31,4,0,0,0,0.6578986223737446,0.375,1,10,10
84440,51,2,0,0,0,0.7728378251807518,0.4375,1,10,10
84445,8,5,0.07336392209936005,0.02564102564102564,0.14285714285714285,0.3732689537968544,0.10256410256410256,0.5,8,10
84446,20,4,0.2934556883974402,0.0625,1,0.3125291152215463,0.09375,0.5,10,10
84456,4,3,0,0,0,0.09330056740782033,0.06666666666666667,0.14285714285714285,4,10
84467,316,3,0,0,0,0,0,0,10,10
84476,1,4,0,0,0,0.6463400915104011,0.4375,0.5,1,10
84480,38,1,0,0,0,0,0,0,10,10
84484,15,1,0.5309999066793252,0.4375,0.25,0.4735717030454861,0.3125,0.5,10,10
84485,13,1,0.7968060432053914,0.6,0.5,0.7318068210920499,0.5333333333333333,0.5,10,10
84642,2336,2,0,0,0,0,0,0,10,10
84649,37,4,0,0,0,0.09478836436955078,0.0625,0.25,10,10
84660,15,2,1,0.625,1,1,0.625,1,10,10
84664,454,3,0,0,0,0.3151625504769836,0.1875,0.5,10,10
84666,5,3,0,0,0,0.09330056740782033,0.06666666666666667,0.14285714285714285,5,10
84679,396,4,0,0,0,0.1388624438735545,0.0625,0.5,10,10
84682,11,5,0.7357387513989937,0.21052631578947367,0.5,0.8532721558012798,0.23684210526315788,0.5,10,10
84685,6,2,0.5291018193088101,0.3125,0.5,0.5835150324104402,0.25,1,6,10
84686,147,1,0,0,0,0.18340980524840012,0.125,0.3333333333333333,10,10
84692,7,6,0.758261733130499,0.5833333333333334,1,0.811649955622271,0.6666666666666666,1,7,10
84694,3,3,0.28189666657366846,0.125,0.5,0.6142446492058858,0.25,1,3,10
84698,886,1,0,0,0,0.31204907722178066,0.13636363636363635,0.5,10,10
84706,65,3,0,0,0,0.6489315753318465,0.3125,1,10,10
84713,68,5,0,0,0,0,0,0,10,10
84715,29,2,0,0,0,0.6489315753318465,0.3125,1,10,10
84722,321,2,0,0,0,0.07336392209936005,0.0625,0.14285714285714285,10,10
84724,33,3,0,0,0,0.17954774358039594,0.1875,0.125,10,10
84725,41,1,1,0.2564102564102564,1,1,0.2564102564102564,1,10,10
84737,1531,2,0,0,0,0,0,0,10,10
84742,286,2,0,0,0,0,0,0,10,10
84750,3,4,0.5487973376826973,0.1875,1,0.6263242762906654,0.25,1,3,10
84765,4,1,0.6597133113683123,0.25,1,0.6597133113683123,0.25,1,4,4
84766,1,3,0.279901702223461,0.0625,1,0.6966339814581947,0.375,1,1,9
84768,71,2,0.10779027050187771,0.125,0.1111111111111111,0.6347548817281522,0.375,1,10,10
84769,54,3,0,0,0,0.3912447715027908,0.1875,1,10,10
84786,86,1,0,0,0,0.5695785062497354,0.3333333333333333,1,10,10
84801,21,2,0.7799082337019198,0.5625,0.5,0.8643145546088337,0.5,1,10,10
84805,28,2,1,0.625,1,0.45056557605879727,0.25,1,10,10
84806,15,4,0,0,0,0,0,0,10,10
84815,2,2,1,1,1,1,1,1,2,10
84818,8,2,0.8701249883466592,0.5,1,1,0.625,1,8,10
84861,11,5,0.6386488249556554,0.4,0.5,0.6789981370781354,0.3333333333333333,1,10,10
84863,8,2,0.760079105197619,0.6363636363636364,1,0.6500332220485789,0.6363636363636364,0.5,8,10
84865,21,2,0,0,0,0.1396181455537491,0.125,0.14285714285714285,10,10
84870,151,3,0,0,0,0.3151625504769836,0.1875,0.5,10,10
84872,9,2,0.4306765580733931,1,0.25,0.6309297535714574,1,0.5,9,10
84874,67,2,0,0,0,0.39484136206016496,0.125,1,10,10
84875,19,2,0.06499922211334154,0.08333333333333333,0.1,0.576003728085674,0.3333333333333333,1,10,10
84897,54,1,0.5774250016294136,0.4375,0.3333333333333333,0.4323181322709947,0.1875,1,10,10
84898,15,3,0.793584067764911,0.4375,1,0.4458567890377042,0.375,0.25,10,10
84900,42,2,0,0,0,0.13698471029831175,0.125,0.14285714285714285,10,10
84902,4,1,0.7328286204777912,1,0.5,1,1,1,4,4
84909,109,4,0,0,0,0.07839826897867533,0.0625,0.16666666666666666,10,10
84917,3,4,0,0,0,0,0,0,3,10
84927,49,4,0,0,0,0.4440973278132556,0.1,1,10,10
84928,878,3,0,0,0,0,0,0,10,10
84932,2061,2,0,0,0,0.09478836436955078,0.027777777777777776,0.25,10,10
84938,30,2,0,0,0,0.5196575323691327,0.2,1,10,10
84947,121,2,0,0,0,0.7125523635307983,0.4,1,10,10
84953,2865,2,0,0,0,0.24890832702259458,0.05405405405405406,0.5,10,10
84957,5,2,0.6115824158176911,0.6666666666666666,0.5,0.8040370779504029,0.6666666666666666,1,5,10
84969,1797,2,0,0,0,0,0,0,10,10
84974,3,5,0,0,0,0,0,0,3,10
84977,700,4,0,0,0,0,0,0,10,10
84983,133,5,0,0,0,0.07336392209936005,0.0625,0.14285714285714285,10,10
84987,358,4,0,0,0,0,0,0,10,10
84990,6,3,0.4787186573378848,0.2,1,0.49668238146903537,0.2,1,6,10
84992,1,2,0.22009176629808014,0.0625,1,0.22009176629808014,0.0625,1,1,10
85006,2,1,0.1388624438735545,0.02564102564102564,0.5,0.1388624438735545,0.02564102564102564,0.5,2,2
85014,13,2,0,0,0,0.15274548932528484,0.07142857142857142,0.5,10,10
85023,1,3,0,0,0,0.34507659156401055,0.15384615384615385,1,1,10
85032,1310,3,0,0,0,0.25469837558210445,0.1875,0.3333333333333333,10,10
85037,53,2,0,0,0,1,0.625,1,10,10
85046,475,3,0,0,0,0.07336392209936005,0.0625,0.14285714285714285,10,10
85049,1,6,0.279901702223461,0.09090909090909091,1,1,0.9090909090909091,1,1,10
85051,3979,2,0,0,0,0.6366824387328316,0.5,1,10,10
85058,4,3,0.254357085436337,0,0,0.4785379058241991,0.25,0.1,4,10
85065,3,2,0.5487973376826973,0.1875,1,0.7137487621889959,0.375,1,3,10
85067,255,3,0,0,0,0.06625422345438903,0.0625,0.1111111111111111,10,10
85070,427,2,0,0,0,0.18340980524840012,0.125,0.3333333333333333,10,10
85079,2932,1,0,0,0,0,0,0,10,10
85081,23,3,0.06625422345438903,0.07692307692307693,0.1111111111111111,0.3195496275649209,0.3076923076923077,0.25,10,10
85087,376,3,0,0,0,0,0,0,10,10
85088,98,3,0,0,0,0,0,0,10,10
85090,5,5,0.28189666657366846,0.13333333333333333,0.5,0.1073508639320094,0.06666666666666667,0.25,5,10
85097,728,2,0,0,0,0.1426431691717161,0.09090909090909091,0.1111111111111111,10,10
85109,4,3,0.5857693289112357,0.09090909090909091,1,0.6189792130521169,0.09090909090909091,1,4,10
85111,9,3,0.6209175148126209,0.4,0.25,0.6957409050755657,0.5,0.5,9,10
85154,8,1,0.35059876941223056,0.17647058823529413,0.5,0.3017012334098271,0.17647058823529413,0.5,8,8
85157,28,1,0,0,0,0.7284112836449064,0.5,1,10,10
85162,22,3,0.7222954974312066,0.4,1,0.7960682542143958,0.5333333333333333,1,10,10
85163,114,2,0,0,0,0.08514311764162098,0.0625,0.2,10,10
85165,50,3,0,0,0,0.3932783996463063,0.2727272727272727,1,10,10
85168,35,2,0,0,0,0.9305687780632227,0.5625,1,10,10
85169,132,2,0,0,0,0,0,0,10,10
85181,3,3,0.24890832702259458,0.125,0.5,0.24890832702259458,0.125,0.5,3,10
85183,5,3,0,0,0,0.05968602240696155,0.07142857142857142,0.1111111111111111,5,10
85185,271,2,0,0,0,0,0,0,10,10
85188,63,3,0,0,0,0.11004588314904007,0.0625,0.3333333333333333,10,10
85193,444,3,0,0,0,0,0,0,10,10
85194,52,3,0,0,0,0.12987501165334073,0.125,0.1111111111111111,10,10
85197,2,1,0.420027879946489,0.13333333333333333,1,0.420027879946489,0.13333333333333333,1,2,2
85203,2,2,0.21398626473452753,0.2,0.5,0.5531464700081437,0.4,1,2,10
85204,1,3,0.22009176629808014,0.0625,1,0.9363792118010483,0.5625,1,1,10
85220,9,2,0.3894507266655181,0.4166666666666667,0.2,0.5996497594911909,0.4166666666666667,1,9,10
85230,1,2,0.26742619438551957,0.0625,1,0.09525913246106908,0.0625,0.16666666666666666,1,10
85234,1,3,0,0,0,0,0,0,1,10
85243,3,3,0.4690000933206747,0.15789473684210525,1,0.42214645308466847,0.15789473684210525,1,3,10
85245,2,2,0.3126667288804499,0.125,1,0.35895421017163465,0.1875,1,2,3
85253,5,3,0.4198004477370829,0.08695652173913043,1,0.6655715232095982,0.30434782608695654,0.5,5,10
85258,953,1,0,0,0,0.21408371436984164,0.1875,0.16666666666666666,10,10
85259,1,3,0.22009176629808014,0.0625,1,0.6025064803817581,0.3125,1,1,10
85265,99,4,0,0,0,0.22009176629808014,0.0625,1,10,10
85288,180,1,0,0,0,0.16920889294334576,0.125,0.125,10,10
85292,1,2,0.24209587273488012,0.0625,1,0.899546649567103,0.5,1,1,10
85308,3,2,0.11004588314904007,0.0625,0.3333333333333333,0.5333765831998211,0.3125,1,3,10
85314,10,3,0.8797953132200464,0.5625,1,0.9415695295595564,0.5625,1,10,10
85315,16,2,0.7537754773756947,0.225,0.5,0.7730810113299461,0.2,1,10,10
85327,2,5,0.3439261989517367,0.13333333333333333,1,0.5869178163188516,0.4666666666666667,0.5,2,10
85332,8,3,0.8701249883466592,0.21052631578947367,1,0.977915258848537,0.2631578947368421,1,8,10
85344,5,1,0.7138097836082222,0.38461538461538464,1,0.7138097836082222,0.38461538461538464,1,5,5
85348,15,3,0.35106842466815336,0.3125,0.16666666666666666,0.6659485553357843,0.4375,1,10,10
85352,91,2,0,0,0,0.33405144466421555,0.21428571428571427,0.5,10,10
85358,52,3,0,0,0,0.5271064966405455,0.2857142857142857,1,10,10
85364,67,3,0,0,0,0,0,0,10,10
85370,143,3,0,0,0,0.07336392209936005,0.02564102564102564,0.14285714285714285,10,10
85371,2044,2,0,0,0,0,0,0,10,10
85373,77,5,0,0,0,0,0,0,10,10
85375,167,2,0,0,0,0,0,0,10,10
85376,442,3,0,0,0,0,0,0,10,10
85393,6,2,0.07839826897867533,0.06666666666666667,0.16666666666666666,0.15176219107803537,0.13333333333333333,0.16666666666666666,6,10
85433,6,2,0,0,0,0,0,0,6,10
85453,12,4,0.0689697160173923,0.09090909090909091,0.2,0.17204192775215021,0.18181818181818182,0.25,10,10
85458,24,2,0.20835604641538982,0.1875,0.16666666666666666,0.13371309719275978,0.0625,0.3333333333333333,10,10
85477,104,2,0,0,0,0.06625422345438903,0.0625,0.1111111111111111,10,10
85479,56,3,0,0,0,0,0,0,10,10
85493,6,2,0.5072380780124417,0.3125,0.5,0.6421867266689009,0.3125,1,6,10
85504,313,2,0,0,0,0.5423640154200348,0.25,1,10,10
85519,44,1,0,0,0,0.26873745552689526,0.2,0.5,10,10
85526,60,2,0,0,0,0.39449523438077905,0.3125,0.3333333333333333,10,10
85531,8,3,0.6489315753318465,0.3333333333333333,1,0.7151857987862356,0.4,1,8,10
85543,100,2,0,0,0,0.1388624438735545,0.0625,0.5,10,10
85561,55237,1,0,0,0,0,0,0,10,10
85566,13,4,1,0.7142857142857143,1,1,0.7142857142857143,1,10,10
85584,1,2,0.4692787260227565,0.3333333333333333,1,0.4692787260227565,0.3333333333333333,1,1,10
85585,25,2,0.1388624438735545,0.0625,0.5,0.09478836436955078,0.0625,0.25,10,10
85597,8,1,0.857673669302587,0.4375,1,0.7561398648862724,0.375,1,8,7
85598,1,2,0,0,0,0.22196797196262485,0.125,0.5,1,10
85622,41,2,0,0,0,0,0,0,10,10
85649,63,2,0,0,0,0.3647442587311445,0.1875,1,10,10
85661,160,2,0,0,0,0,0,0,10,10
85671,11,2,0.35106842466815336,0.3125,0.16666666666666666,0.6203974344166847,0.3125,1,10,10
85672,54,2,0,0,0,0.3398414932237254,0.25,0.3333333333333333,10,10
85678,2,2,0.24926098697416302,0.06666666666666667,1,0.40652716006074996,0.13333333333333333,1,2,10
85680,13,1,0.7799082337019198,0.5625,0.5,1,0.625,1,10,10
85700,222,1,0,0,0,0,0,0,10,10
85710,13,4,1,0.7692307692307693,1,0.9363792118010483,0.6923076923076923,1,10,10
85719,4,1,0.6039094289265273,0.26666666666666666,1,0.6039094289265273,0.26666666666666666,1,4,4
85724,10,3,0.32630327281963784,0.36363636363636365,0.2,0.5348342833068076,0.36363636363636365,1,10,10
85742,65,2,0,0,0,0.21726071285222984,0.125,0.5,10,10
85744,35,3,0,0,0,0.4074153667635756,0.25,0.5,10,10
85755,3,6,0.4690000933206747,0.1875,1,0.9052116356304492,0.5625,1,3,10
85758,107,4,0,0,0,0.2895229882348574,0.08333333333333333,1,10,10
85767,3,2,0.8318724637288825,0.75,1,0.8048099750039491,0.75,1,3,10
85768,51,4,0,0,0,0.41153259956303256,0.3125,0.5,10,10
85772,5,2,0,0,0,0,0,0,5,10
85786,17,1,0.8857316381822387,0.6153846153846154,1,0.7989263603878404,0.5384615384615384,1,10,10
85798,43,2,0,0,0,0.3372494567359742,0.23076923076923078,1,10,10
85802,43,2,0,0,0,0.21222636597291455,0.125,0.5,10,10
85811,10,1,0.617706912693028,0.4,0.5,0.6625355205838541,0.4,1,10,10
85823,1,2,0.07336392209936005,0,0,0.07336392209936005,0,0,1,10
85824,9,3,0.6308221815655695,0.2727272727272727,0.3333333333333333,0.7489872641080236,0.2727272727272727,1,9,10
85828,84,1,0,0,0,0.3667803203729971,0.15151515151515152,0.2,10,10
85838,37,3,0,0,0,0.08514311764162098,0.03333333333333333,0.2,10,10
85840,15,3,0.725394438161821,0.5625,0.5,0.8701249883466592,0.5,1,10,10
85857,3,4,0.22009176629808014,0.027777777777777776,1,0.3301376494471202,0.05555555555555555,1,3,10
85860,96,3,0,0,0,0,0,0,10,10
85868,8,3,0.8701249883466592,0.5,1,0.9363792118010483,0.5625,1,8,10
85869,1,3,0.279901702223461,0.08333333333333333,1,0.3796047002392273,0.16666666666666666,1,1,10
85870,15,3,0.39166820432793426,0.21428571428571427,0.5,0.4855658177990922,0.21428571428571427,1,10,10
85878,226,2,0,0,0,0,0,0,10,10
85883,2,3,0.37519712029518015,0.18181818181818182,1,0.633849110484978,0.45454545454545453,1,2,10
85900,7,4,0,0,0,0,0,0,7,10
85918,1,4,0,0,0,0,0,0,1,10
85921,633,2,0,0,0,0,0,0,10,10
85933,19,4,0,0,0,0.3764459522792426,0.25,0.5,10,10
85938,179,3,0,0,0,0,0,0,10,10
85945,75,4,0,0,0,0.45684571100157256,0.5,0.5,10,10
85953,16,2,0.19930623359011798,0.1875,0.125,0.3683756341388872,0.25,0.3333333333333333,10,10
85956,6,3,0,0,0,0,0,0,6,10
85959,748,2,0,0,0,0,0,0,10,10
85972,46,3,0.6410457898283652,0.5,0.3333333333333333,0.3995688713838975,0.1875,1,10,10
85982,315,2,0,0,0,0.45650001423154074,0.125,1,10,10
86003,11,3,0,0,0,0,0,0,10,10
86015,26,3,0,0,0,0.4362880413154733,0.2857142857142857,1,10,10
86020,11,3,0.9421111095506693,0.6666666666666666,1,0.9716189607861262,0.6666666666666666,1,10,10
86025,64,4,0,0,0,0.1388624438735545,0.0625,0.5,10,10
86026,1,4,0.22009176629808014,0.06666666666666667,1,0.22009176629808014,0.06666666666666667,1,1,10
86031,11,4,1,0.625,1,1,0.625,1,10,10
86033,8,4,0.8701249883466592,0.5333333333333333,1,1,0.6666666666666666,1,8,10
86040,709,3,0,0,0,0.11004588314904007,0.0625,0.3333333333333333,10,10
86041,399,4,0,0,0,0.11004588314904007,0.07142857142857142,0.3333333333333333,10,10
86044,7,5,0.800693766409882,0.4666666666666667,1,1,0.6666666666666666,1,7,10
86062,81,3,0,0,0,0.07863308654329347,0.07692307692307693,0.125,10,10
86065,22,3,0.13911732858229262,0.16666666666666666,0.1111111111111111,0.4487294900778422,0.4166666666666667,0.3333333333333333,10,10
86066,5,4,0.22201468685328482,0.25,0.25,0.4498361516118495,0.25,1,5,10
86067,43,3,0,0,0,0.3903800499921017,0.25,1,10,10
86071,77,6,0,0,0,0.7065836017263628,0.375,1,10,10
86099,22,3,0.43621154230977444,0.375,0.2,0.8553475075669357,0.5,1,10,10
86105,105,3,0,0,0,0.20483424751859086,0.125,0.3333333333333333,10,10
86107,4,2,0,0,0,0,0,0,4,10
86125,31,5,0,0,0,0.2818783759983841,0.2222222222222222,0.5,10,10
86129,18,4,0.48278240920163706,0.175,0.25,0.6683063269107927,0.175,1,10,10
86131,6,3,0.6655842857013617,0.3125,1,0.8617580160085213,0.5,1,6,10
86133,48,4,0.35106842466815336,0.3125,0.16666666666666666,0.37850091886658266,0.1875,1,10,10
86143,32,4,0.796761066247299,0.5,1,0.6410457898283652,0.5,0.3333333333333333,10,10
86152,4,2,0,0,0,0.17366667134799177,0.125,0.3333333333333333,4,10
86163,430,1,0,0,0,0,0,0,10,10
86195,323,2,0,0,0,0,0,0,10,10
86214,1,4,0,0,0,0.2017984705998855,0.125,0.5,1,10
86223,10,2,0.505185145847229,0.4166666666666667,0.5,0.6030789185628018,0.4166666666666667,1,10,10
86227,93,2,0,0,0,0.3932783996463063,0.1875,1,10,10
86335,22,1,0.08514311764162098,0.0625,0.2,0.0636207881989517,0.0625,0.1,10,10
86561,108,3,0,0,0,0.04838201975083548,0,0,10,10
86563,1,2,0,0,0,0.45595039667006443,0.375,0.2,1,10
86578,9,2,0.31388789942377926,0.3,0.25,0.6060188634463399,0.3,1,9,10
86579,6,3,0.07839826897867533,0.0625,0.16666666666666666,0.6020521034564037,0.3125,1,6,10
86618,146,2,0,0,0,0,0,0,10,10
86625,12,2,0.0636207881989517,0.0625,0.1,0.24890832702259458,0.125,0.5,10,10
86628,15,4,0.2583297509898471,0.1875,0.25,0.1388624438735545,0.0625,0.5,10,10
86635,19,2,0,0,0,0,0,0,10,10
86644,24,2,0,0,0,0,0,0,10,10
86651,29,2,0.1356854453911663,0.14285714285714285,0.125,0.15245974194834122,0.14285714285714285,0.3333333333333333,10,10
86652,19,2,0,0,0,1,1,1,10,10
86654,38,3,0,0,0,0.4451989745299881,0.3125,0.5,10,10
86659,1015,2,0,0,0,0.2240055615151755,0.16666666666666666,0.5,10,10
86662,824,2,0,0,0,0.21408371436984164,0.1875,0.16666666666666666,10,10
86664,248,2,0,0,0,0.5326208815196265,0.25,1,10,10
86665,10,4,0.2832325164972662,0.2,0.3333333333333333,0.3301376494471202,0.13333333333333333,1,10,10
86668,10,4,0.9363792118010483,0.5625,1,0.7136540102475307,0.5,0.5,10,10
86669,108,2,0,0,0,0.92663607790064,0.5625,1,10,10
86670,209,3,0,0,0,0,0,0,10,10
86671,117,3,0,0,0,0.43735247915031,0.2,1,10,10
86681,1,2,0,0,0,0,0,0,1,10
86699,394,3,0,0,0,0,0,0,10,10
86701,182,3,0,0,0,0,0,0,10,10
86722,17,3,0,0,0,0.14874433492765377,0.0625,0.5,10,10
86784,141,4,0,0,0,0.5716349530699036,0.375,0.5,10,10
86785,49,4,0,0,0,0.06943122193677725,0.0625,0.125,10,10
86789,13,3,0.4377335187825792,0.3125,0.25,0.6957810562523431,0.3125,1,10,10
86818,9,3,0.4099509148465344,0.3076923076923077,0.5,0.4694544702460292,0.3076923076923077,1,9,10
86822,22,3,0,0,0,0.38163831843713814,0.25,0.3333333333333333,10,10
86825,4,2,0.5311576535478315,0.08108108108108109,1,0.5311576535478315,0.08108108108108109,1,4,10
86830,3,2,0.7227265726449517,0.6,1,0.9427731067700874,1,1,3,10
86831,9,4,0.9363792118010483,0.5625,1,1,0.625,1,9,10
86837,1569,2,0,0,0,0.14782949091545258,0.13333333333333333,0.16666666666666666,10,10
86840,774,1,0,0,0,0,0,0,10,10
86846,1,1,0,0,0,0,0,0,1,1
86848,26,3,0,0,0,0.4252084336260237,0.1875,1,10,10
86852,335,1,0,0,0,0.6489315753318465,0.3125,1,10,10
86862,40,2,0,0,0,0,0,0,10,10
86987,7,1,0.47317514131989385,0.3125,0.3333333333333333,0.47317514131989385,0.3125,0.3333333333333333,7,7
87001,245,3,0,0,0,0.29464381455477134,0.2,0.3333333333333333,10,10
87003,50,3,0,0,0,0,0,0,10,10
87007,6,5,0.5072380780124417,0.3125,0.5,0.7753366239771085,0.4375,1,6,10
87009,371,5,0,0,0,0,0,0,10,10
87016,221,4,0,0,0,0.09478836436955078,0.03225806451612903,0.25,10,10
87031,215,3,0,0,0,0.3706355185414171,0.25,0.5,10,10
87034,1456,2,0,0,0,0,0,0,10,10
87039,31,4,0,0,0,0.22009176629808014,0.025,1,10,10
87044,1401,3,0,0,0,0.22009176629808014,0.0625,1,10,10
87048,41,5,0,0,0,0,0,0,10,10
87058,19,2,0,0,0,0.5533991606031335,0.2857142857142857,1,10,10
87059,16,3,1,0.625,1,1,0.625,1,10,10
87060,201,3,0,0,0,0,0,0,10,10
87061,7,3,0.06234011172320016,0,0,0.0693937203613653,0,0,7,10
87073,10,3,0.6381526507309679,0.375,1,0.7064221401112313,0.375,1,10,10
87086,1442,3,0,0,0,0,0,0,10,10
87105,1,4,0.1135664319411187,0,0,0.157499924945151,0.3333333333333333,0.14285714285714285,1,10
87115,71,5,0,0,0,0.06625422345438903,0.0625,0.1111111111111111,10,10
87118,251,2,0,0,0,0.17947710508581732,0.13333333333333333,0.3333333333333333,10,10
87123,2180,2,0,0,0,0.1374086302940712,0.13333333333333333,0.2,10,10
87127,153,5,0,0,0,0,0,0,10,10
87132,7,2,0.07839826897867533,0.06666666666666667,0.16666666666666666,0.09478836436955078,0.06666666666666667,0.25,7,10
87134,1,4,0.22486036416572236,0.06666666666666667,1,0.2699868404655948,0.13333333333333333,1,1,10
87155,37,3,0,0,0,0.7318317512413369,0.22580645161290322,1,10,10
87160,15,1,0.6410457898283652,0.5333333333333333,0.3333333333333333,0.8115558478722846,0.5333333333333333,1,10,10
87183,10,4,0.7909506325094736,0.4666666666666667,1,0.716485063693381,0.4666666666666667,1,10,10
87186,3,3,0.24890832702259458,0.125,0.5,0.35895421017163465,0.125,1,3,10
87201,52,3,0,0,0,0.8113644480938608,0.6363636363636364,1,10,10
87203,63,2,0,0,0,0.5988751049740154,0.3125,1,10,10
87207,129,3,0,0,0,0.4124497136428909,0.10810810810810811,0.5,10,10
87210,83,3,0,0,0,0,0,0,10,10
87216,1333,2,0,0,0,0.33405144466421555,0.06,0.5,10,10
87230,8,2,0.9558295932317544,1,1,0.9047172294870752,1,1,8,10
87233,402,1,0,0,0,0.24890832702259458,0.2,0.5,10,10
87241,341,3,0,0,0,0.5512027325085471,0.26666666666666666,1,10,10
87243,58,2,0,0,0,0,0,0,10,10
87257,70,2,0,0,0,1,0.5263157894736842,1,10,10
87277,50,3,0,0,0,0.10484411539105797,0.0625,0.5,10,10
87286,5,2,0.2125075044236771,0.125,0.5,0.2125075044236771,0.125,0.5,5,10
87289,6,3,0.11004588314904007,0.0625,0.3333333333333333,0.22119341301481263,0.1875,0.16666666666666666,6,10
87290,1554,2,0,0,0,0.4000232483092519,0.0625,1,10,10
87293,1,8,0,0,0,0.6687607038361472,0.15384615384615385,1,1,10
87297,250,3,0,0,0,0,0,0,10,10
87308,618,2,0,0,0,0.20210734650054762,0.3333333333333333,0.25,10,10
87312,1,2,0.5090967735771897,0.3333333333333333,1,0.5090967735771897,0.3333333333333333,1,1,10
87319,1,2,0.29740901205864334,0.06666666666666667,1,0.29740901205864334,0.06666666666666667,1,1,10
87333,20,5,0.27267015568947806,0.10256410256410256,0.14285714285714285,0.7007731679885373,0.15384615384615385,1,10,10
87336,2246,2,0,0,0,0,0,0,10,10
87367,123,3,0,0,0,0.16582810062389947,0.125,0.3333333333333333,10,10
87368,513,3,0,0,0,0.3052348839397011,0.125,1,10,10
87373,410,2,0,0,0,0.31488013066763093,0.125,1,10,10
87387,30,4,0,0,0,0.7917267193679839,0.17073170731707318,1,10,10
87388,1524,3,0,0,0,0.388244052766991,0.1111111111111111,1,10,10
87407,409,2,0,0,0,0.2529427027676571,0.125,1,10,10
87418,751,2,0,0,0,0,0,0,10,10
87422,21,3,0,0,0,0.3934758558597627,0.3333333333333333,0.5,10,10
87448,1,3,0.2300510610426737,0.0625,1,0.2300510610426737,0.0625,1,1,10
87452,14,5,0.8611375561264454,0.6923076923076923,1,0.7799082337019198,0.6923076923076923,0.5,10,10
87457,122,3,0,0,0,0.1388624438735545,0.0625,0.5,10,10
87470,54,3,0,0,0,0.4260276605334035,0.3333333333333333,0.3333333333333333,10,10
87476,151,4,0,0,0,0.19518900079066107,0.05,0.3333333333333333,10,10
87479,13,3,0.46632790228838356,0.375,0.2,0.5860414682638118,0.25,1,10,10
87514,947,2,0,0,0,0,0,0,10,10
87515,50,4,0,0,0,0.2024832320725062,0.05,0.5,10,10
87526,8,2,0.6182885020492787,1,0.3333333333333333,0.9217868789962073,1,1,8,10
87527,4,2,0.5487973376826973,0.1875,1,0.2575389154724167,0.0625,1,4,10
87532,1,2,0.24209587273488012,0.09090909090909091,1,0.4752427535888053,0.36363636363636365,1,1,10
87537,8,2,0.9094987067248556,0.5,1,0.9556668866636359,0.5625,1,8,10
87541,122,1,0,0,0,0.07096908371312387,0.0625,0.1111111111111111,10,10
87562,372,2,0,0,0,0.20829366581033176,0.046511627906976744,0.5,10,10
87568,206,2,0,0,0,0.6969383549984329,0.375,1,10,10
87609,58,2,0,0,0,0.1799314820111718,0.125,0.25,10,10
87611,1,3,0.4062055059014422,0.3333333333333333,1,0.4062055059014422,0.3333333333333333,1,1,10
87619,12,2,0.9363792118010483,0.34615384615384615,1,1,0.38461538461538464,1,10,10
87627,143,2,0,0,0,0.06625422345438903,0.09090909090909091,0.1111111111111111,10,10
87643,37,3,0,0,0,0.5423640154200348,0.1,1,10,10
87645,33,4,0,0,0,0.6716728681285541,0.1794871794871795,1,10,10
87646,56,3,0,0,0,0.7759944384848244,0.3333333333333333,1,10,10
87648,403,2,0,0,0,0.07336392209936005,0.0625,0.14285714285714285,10,10
87653,2,2,0,0,0,0,0,0,2,10
87660,22,4,0,0,0,0.8454256604216017,0.5333333333333333,1,10,10
87672,3,2,0.2960819109658653,0.3333333333333333,0.5,0.4692787260227565,0.3333333333333333,1,3,10
87691,2,2,0.35895421017163465,0.125,1,0.35895421017163465,0.125,1,2,10
87700,5,2,0.6489315753318465,0.3125,1,0.7859162856301584,0.4375,1,5,10
87715,13,3,0,0,0,0,0,0,10,10
87724,3,2,0.11004588314904007,0.06666666666666667,0.3333333333333333,0.1388624438735545,0.06666666666666667,0.5,3,10
87726,9,3,0.2937830684076611,0.23076923076923078,0.3333333333333333,0.3033882389008914,0.23076923076923078,0.3333333333333333,9,10
87755,15,3,0.09725933453162744,0.125,0.14285714285714285,0.4177731292193501,0.25,1,10,10
87765,15,4,0.3319758569016297,0.45454545454545453,0.16666666666666666,0.43204561058038277,0.45454545454545453,0.5,10,10
87774,67,1,0,0,0,0,0,0,10,10
87808,98,2,0,0,0,0.07839826897867533,0.0625,0.16666666666666666,10,10
87812,21,1,0.12987501165334073,0.14285714285714285,0.1111111111111111,0.9305687780632227,0.6428571428571429,1,10,10
87814,60,5,0,0,0,0.3052348839397011,0.0625,1,10,10
87818,7,4,0,0,0,0,0,0,7,10
87842,73,3,0,0,0,0.4690000933206747,0.08571428571428572,1,10,10
87847,12,2,0.977915258848537,0.2564102564102564,1,0.9716189607861262,0.2564102564102564,1,10,10
87855,18,2,0.6198388604287146,0.5,0.3333333333333333,0.9132354711554559,0.5625,1,10,10
87875,1,2,0.2407230639180285,0.1111111111111111,1,0.5270729026533179,0.4444444444444444,1,1,10
87889,8,3,0.6500332220485789,0.4375,0.5,1,0.625,1,8,10
87890,1,3,0.17828412959034637,0.0625,1,0.17828412959034637,0.0625,1,1,10
87904,1,2,0.29740901205864334,0.07692307692307693,1,0.3680351637959668,0.15384615384615385,1,1,10
87906,1,1,0.22009176629808014,0.02631578947368421,1,0.22009176629808014,0.02631578947368421,1,1,1
87918,7,3,0.08228019372854936,0.125,0.25,0.09552434673554687,0.125,0.3333333333333333,7,10
87922,592,3,0,0,0,0.22009176629808014,0.0625,1,10,10
87934,80,3,0,0,0,0,0,0,10,10
87951,2,3,0.35895421017163465,0.05263157894736842,1,0.43735247915031,0.07894736842105263,1,2,10
87957,12,4,0.2514632262898275,0.25,0.14285714285714285,0.4898296107304408,0.3125,1,10,10
87958,28,2,0,0,0,0.8701249883466592,0.5,1,10,10
87964,7,2,0.7762391257100952,0.3684210526315789,1,0.8881617143233601,0.47368421052631576,1,7,10
87992,11,1,0.5010983378942839,0.42857142857142855,0.2,0.7622589343474114,0.42857142857142855,1,10,10
88006,70,2,0,0,0,0.11004588314904007,0.0625,0.3333333333333333,10,10
88010,98,2,0,0,0,0.6366824387328316,0.5,1,10,10
88025,8,1,0.40934622782968033,0.5714285714285714,0.25,0.637033973357029,0.5714285714285714,1,8,8
88044,22,4,0.07336392209936005,0.0625,0.14285714285714285,0.0636207881989517,0.0625,0.1,10,10
88045,20,5,0,0,0,0,0,0,10,10
88052,17,4,0.27267015568947806,0.25,0.14285714285714285,0.7059054020403311,0.375,1,10,10
88059,283,2,0,0,0,0.354105102365221,0.125,1,10,10
88061,18,3,0.15994726320158723,0.09090909090909091,0.14285714285714285,0.4761102283282676,0.15151515151515152,1,10,10
88065,118,3,0,0,0,0.20511666732794356,0.125,0.5,10,10
88073,1259,1,0,0,0,0.06625422345438903,0.07692307692307693,0.1111111111111111,10,10
88097,50,3,0,0,0,0.37566986542073233,0.25,0.5,10,10
88120,7,2,0.5177872827358966,0.46153846153846156,0.5,0.5830861865612867,0.5384615384615384,0.5,7,10
88137,1,5,0.22009176629808014,0.0625,1,0.20829366581033176,0.125,0.5,1,10
88143,34,2,0.27267015568947806,0.25,0.14285714285714285,0.5415879285615246,0.3125,1,10,10
88145,1,3,0,0,0,0.43919036726810073,0.26666666666666666,0.5,1,10
88146,2,4,0.22009176629808014,0.0625,1,0.22009176629808014,0.0625,1,2,10
88147,11,1,0.1396181455537491,0.125,0.14285714285714285,0.1884441521277154,0.125,0.3333333333333333,10,10
88153,3,2,0.45279417953432816,0.2,1,0.5405772330636751,0.3333333333333333,1,3,8
88156,1,3,0.24926098697416302,0.0625,1,0.24926098697416302,0.0625,1,1,10
88189,69,3,0,0,0,0.14162410033832248,0.25,0.1,10,10
88190,1,3,0.24926098697416302,0.0625,1,0.24926098697416302,0.0625,1,1,10
88201,3,2,0,0,0,0,0,0,3,10
88203,7,2,0.2319564055882463,0.2,0.2,0.4396709349751256,0.2,1,7,10
88225,13,1,0.5328965452000554,0.25,1,0.36352581989644606,0.2,0.5,10,10
88229,10,2,0.15176219107803537,0.125,0.16666666666666666,0.2837125544970318,0.125,1,10,10
88237,1,1,0,0,0,0,0,0,1,1
88262,133,3,0,0,0,0.07839826897867533,0.06666666666666667,0.16666666666666666,10,10
88266,200,2,0,0,0,0,0,0,10,10
88269,341,3,0,0,0,0.24936270394794904,0.1875,0.25,10,10
88286,230,2,0,0,0,0.26582000527739175,0.2222222222222222,0.5,10,10
88307,91,3,0,0,0,0.37859880603906115,0.1875,1,10,10
88308,8,4,0.28997736516021183,0.08823529411764706,0.3333333333333333,0.510069131458292,0.11764705882352941,1,8,10
88311,134,4,0,0,0,0.16354138662029633,0.058823529411764705,0.2,10,10
88321,4,4,0.11004588314904007,0.0625,0.3333333333333333,0.21801641453242443,0.1875,0.16666666666666666,4,10
88332,35,3,0.27267015568947806,0.25,0.14285714285714285,0.38459377241376086,0.25,0.5,10,10
88358,2,4,0,0,0,0,0,0,2,10
88372,412,3,0,0,0,0,0,0,10,10
88378,23,3,0,0,0,0,0,0,10,10
88385,2,2,0.6366824387328316,0.5,1,0.6366824387328316,0.5,1,2,10
88399,3918,1,0,0,0,0,0,0,10,10
88403,85,3,0,0,0,0.16815228646891084,0.125,0.25,10,10
88409,115,5,0,0,0,0.5063209639325833,0.15384615384615385,0.5,10,10
88410,149,3,0,0,0,0.06625422345438903,0.0625,0.1111111111111111,10,10
88416,811,3,0,0,0,0,0,0,10,10
88418,133,3,0,0,0,0,0,0,10,10
88420,5637,2,0,0,0,0,0,0,10,10
88421,4529,2,0,0,0,0,0,0,10,10
88428,562,4,0,0,0,0,0,0,10,10
88430,2246,3,0,0,0,0,0,0,10,10
88432,7902,2,0,0,0,0,0,0,10,10
88435,580,2,0,0,0,0.1610425878239398,0.06896551724137931,0.25,10,10
88444,237,4,0,0,0,0.06625422345438903,0.0625,0.1111111111111111,10,10
88445,5,5,0,0,0,0,0,0,5,10
88447,428,2,0,0,0,0,0,0,10,10
88463,97,3,0,0,0,0.2934556883974402,0.125,1,10,10
88464,6,4,0.08899589877164323,0.0625,0.2,0,0,0,6,10
88467,1,5,0.29740901205864334,0.0625,1,0.7304374201518596,0.375,1,1,10
88477,6,4,0.727329844310522,0.4,1,0.8701249883466592,0.5333333333333333,1,6,10
88546,32,3,0,0,0,0.7180464703647947,0.4666666666666667,1,10,10
88551,341,3,0,0,0,0.10779027050187771,0.05714285714285714,0.1111111111111111,10,10
88553,106,1,0,0,0,0.2798431984275404,0.375,0.25,10,10
88669,12,3,0.8701249883466592,0.6153846153846154,1,0,0,0,10,10
88672,50,2,0,0,0,0.1595890771248963,0.125,0.5,10,10
88673,1,1,0,0,0,0,0,0,1,1
88691,125,2,0,0,0,0.4252084336260237,0.1875,1,10,10
88697,7,2,0.7636256015273513,0.6666666666666666,1,0.8901613104459912,0.7777777777777778,1,7,10
88705,30,3,0,0,0,0.7082803569016884,0.4375,1,10,10
88706,210,3,0,0,0,0.20483424751859086,0.05405405405405406,0.3333333333333333,10,10
88789,11,1,0.6410457898283652,0.6153846153846154,0.3333333333333333,0.933745776545611,0.6923076923076923,1,10,10
88813,809,1,0,0,0,0,0,0,10,10
88828,208,2,0,0,0,0.4252084336260237,0.13043478260869565,1,10,10
88901,4,2,0.4170606134915054,0.2,0.5,0.5005962147771916,0.2,1,4,10
88911,22,1,0,0,0,0.4892776314752161,0.25,1,10,10
88912,26,3,0.0636207881989517,0.07692307692307693,0.1,0.35895421017163465,0.15384615384615385,1,10,10
88918,279,2,0,0,0,0.46299204139243616,0.3125,0.5,10,10
88923,36,3,0,0,0,0.6800340297392059,0.6363636363636364,0.5,10,10
88930,1063,3,0,0,0,0,0,0,10,10
88937,17,3,0.08514311764162098,0.06666666666666667,0.2,0.22009176629808014,0.06666666666666667,1,10,10
88944,387,4,0,0,0,0.46582309483828654,0.25,1,10,10
88947,15,4,0.27267015568947806,0.26666666666666666,0.14285714285714285,0.5363559634917963,0.4,0.5,10,10
88948,16,3,0,0,0,0.0636207881989517,0.0625,0.1,10,10
88950,24,4,0,0,0,0.5793842118830403,0.18421052631578946,0.5,10,10
88952,196,2,0,0,0,0.8512360941594272,0.32,1,10,10
88953,18,3,0.27267015568947806,0.25,0.14285714285714285,0.8096859374674983,0.5,1,10,10
88954,39,2,0,0,0,0.35314377643380906,0.1875,1,10,10
88955,15,3,0.32078959408644814,0.25,1,0.24721831001011818,0.125,1,10,10
88960,35,3,0,0,0,0.800693766409882,0.4375,1,10,10
88964,81,3,0,0,0,0.6371523797895855,0.125,1,10,10
88965,23,4,0.06943122193677725,0.0625,0.125,0.17318663334822612,0.125,0.25,10,10
88966,10,3,0.9363792118010483,0.5625,1,0.7849818707050382,0.4375,1,10,10
88971,63,3,0,0,0,0.3647442587311445,0.1875,1,10,10
88974,3,3,0,0,0,0.17366667134799177,0.125,0.3333333333333333,3,10
88982,23,1,0,0,0,0.6745711375739727,0.375,1,10,10
88984,19,1,0.571614567891588,0.4375,0.3333333333333333,0.5264282969545138,0.3125,1,10,10
88991,20,1,0.19930623359011798,0.1875,0.125,0.48581363574225095,0.3125,0.5,10,10
89010,6,2,0.11004588314904007,0.05263157894736842,0.3333333333333333,0.1388624438735545,0.05263157894736842,0.5,6,10
89025,652,1,0,0,0,0.07336392209936005,0.0625,0.14285714285714285,10,10
89029,5,4,0.6026440940406617,0.3333333333333333,1,0.9311946892549702,0.6666666666666666,1,5,10
89031,67,1,0,0,0,0.7409096387260823,0.6666666666666666,1,10,10
89064,16,1,0.19930623359011798,0.1875,0.125,0.6149518506608846,0.375,1,10,10
89066,5892,1,0,0,0,0,0,0,10,10
89090,7,5,0.07336392209936005,0.02631578947368421,0.14285714285714285,0.38363315291837646,0.07894736842105263,1,7,10
89098,4,2,0.07986155906569621,0,0,0.18543279769614657,0,0,4,10
89108,73,5,0,0,0,0.14187109415106738,0.05,0.5,10,10
89109,34,2,0,0,0,0,0,0,10,10
89110,73,2,0,0,0,0.25284102718517737,0.07894736842105263,0.3333333333333333,10,10
89114,30,3,0,0,0,0.8297197050122154,0.8,1,10,10
89118,26,2,0.4576359845799652,0.46153846153846156,0.25,0.7967610662472991,0.5384615384615384,1,10,10
89132,12,3,0.5875240822078921,1,0.3333333333333333,0.9223260797603763,1,1,10,10
89133,1,3,0.3505016512571929,0.16666666666666666,1,0.38427421757212404,0.16666666666666666,1,1,10
89136,19,2,0.46939498125120904,0.5,0.25,0.729969940985573,0.42857142857142855,1,10,10
89141,4,3,0.5637884576902256,0.2857142857142857,1,0.4690000933206747,0.21428571428571427,1,4,10
89152,1705,2,0,0,0,0.1388624438735545,0.0625,0.5,10,10
89153,16,3,0.588780277175915,0.4666666666666667,0.3333333333333333,1,0.6666666666666666,1,10,10
89168,623,4,0,0,0,0.07839826897867533,0.0625,0.16666666666666666,10,10
89176,43,3,0,0,0,0.26914700121708607,0.1111111111111111,0.25,10,10
89177,5019,2,0,0,0,0,0,0,10,10
89179,2011,3,0,0,0,0,0,0,10,10
89184,2410,3,0,0,0,0,0,0,10,10
89185,1164,3,0,0,0,0,0,0,10,10
89192,304,3,0,0,0,0.05539133043870289,0.0625,0.14285714285714285,10,10
89196,14685,2,0,0,0,0,0,0,10,10
89198,17,1,0.761987946308394,0.4666666666666667,1,0.5360735436824436,0.3333333333333333,1,10,10
89203,1,3,0.22009176629808014,0.02564102564102564,1,0.424926013816671,0.07692307692307693,1,1,10
89215,1,1,0,0,0,0,0,0,1,1
89218,3,3,0.4225051418507037,0.2,1,0.4225051418507037,0.2,1,3,10
89220,2,3,0.1388624438735545,0.0625,0.5,1,0.625,1,2,10
89279,24,2,0.12987501165334073,0.125,0.1111111111111111,1,0.625,1,10,10
89303,969,2,0,0,0,0,0,0,10,10
89304,90,2,0,0,0,0.3476293915547282,0.25,0.3333333333333333,10,10
89305,12,3,0.16354138662029633,0.125,0.2,0.21726071285222984,0.125,0.5,10,10
89306,57,3,0.3012267823634509,0.23076923076923078,0.2,0.3244683063511619,0.15384615384615385,0.5,10,10
89312,40,2,0,0,0,0.2240055615151755,0.15384615384615385,0.5,10,10
89315,3,6,0.4318712756826285,0.1875,1,0.4162831812857904,0.1875,1,3,10
89319,98,3,0,0,0,0,0,0,10,10
89330,54,3,0,0,0,0.4329570418332233,0.3125,0.5,10,10
89333,30,4,0.0636207881989517,0.0625,0.1,0.4252084336260237,0.1875,1,10,10
89342,22,3,0.12987501165334073,0.125,0.1111111111111111,0.46785915648013915,0.375,0.3333333333333333,10,10
89357,21,1,0,0,0,0.4440973278132556,0.1875,1,10,10
89360,52,1,0.5309999066793252,0.4666666666666667,0.25,0.17318663334822612,0.13333333333333333,0.25,10,10
89361,4,1,0.5637884576902256,0.25,1,0.5637884576902256,0.25,1,4,4
89368,2,3,0.5784447668310352,0.4,1,0.6903312577703931,0.6,1,2,10
89399,6,1,0.5496117640865312,0.36363636363636365,1,0.5563566127494769,0.36363636363636365,1,6,6
89402,9,2,0.716287445502968,0.5,0.5,0.7799082337019198,0.5625,0.5,9,10
89403,3,3,0.33634870071741213,0.08333333333333333,0.5,0.33634870071741213,0.08333333333333333,0.5,3,10
89406,2,3,0.4361533373077281,0.13333333333333333,1,0.7452391511216636,0.4,1,2,10
89436,5,5,0.5755676532324865,0.3125,1,0.6122496142821665,0.3125,1,5,10
89467,198,4,0,0,0,0.4768262035220372,0.25,0.3333333333333333,10,10
89500,288,2,0,0,0,0,0,0,10,10
89515,7,4,0.6845924434695378,0.375,1,0.6684322860921872,0.375,1,7,10
89519,9,3,0.716287445502968,0.21052631578947367,0.5,0.8701249883466592,0.21052631578947367,1,9,10
89543,1,2,0.22009176629808014,0.0625,1,0.31488013066763093,0.125,1,1,10
89558,1,2,0.33916020527361607,0.2,1,0.4371994911049731,0.4,1,1,10
89562,2,2,0.2907688915384854,0.125,1,0.4244819887312452,0.1875,1,2,10
89590,11,2,0.12987501165334073,0.13333333333333333,0.1111111111111111,0.29025978496956456,0.2,0.5,10,10
89592,7,3,0.031218489329128234,0,0,0.3631438091023202,0.16666666666666666,1,7,10
89593,93,3,0,0,0,0,0,0,10,10
89607,332,2,0,0,0,0,0,0,10,10
89612,1,3,0,0,0,0,0,0,1,10
89614,15,1,0.6900847436741163,0.5625,0.5,0.8332949387953538,0.625,1,10,10
89616,2,2,0.35895421017163465,0.125,1,0.35895421017163465,0.125,1,2,2
89632,224,1,0,0,0,0,0,0,10,10
89643,8,4,0.44173955623824723,0.3333333333333333,0.3333333333333333,0.6489315753318465,0.3333333333333333,1,8,10
89646,1516,2,0,0,0,0.24890832702259458,0.04878048780487805,0.5,10,10
89653,638,2,0,0,0,0.6530488081313034,0.375,1,10,10
89659,229,2,0,0,0,0,0,0,10,10
89664,146,3,0,0,0,0.1356854453911663,0.125,0.125,10,10
89667,2,2,0.3667314583167897,0.13333333333333333,1,0.48028715584292714,0.3333333333333333,0.5,2,10
89674,2,4,0.37519712029518015,0.125,1,0.8072603775080545,0.4375,1,2,10
89676,10,2,0,0,0,0,0,0,10,10
89684,23,1,0,0,0,0,0,0,10,10
89695,3,3,0.4791616403996509,0.21428571428571427,1,0.4791616403996509,0.21428571428571427,1,3,3
89707,2,1,0,0,0,0,0,0,2,2
89715,7,2,0.5806020001118017,0.375,0.5,0.727329844310522,0.375,1,7,10
89719,29,3,0.12987501165334073,0.125,0.1111111111111111,0.3902801144088436,0.25,1,10,10
89736,9,2,0.7156740492066884,0.6153846153846154,0.5,0.876472840341192,0.6153846153846154,1,9,10
89741,1,4,0.2575389154724167,0.08333333333333333,1,0.365864891788465,0.16666666666666666,1,1,10
89744,2,2,0,0,0,0,0,0,2,10
89747,770,2,0,0,0,0,0,0,10,10
89764,7,2,0.23690530871965637,0.23076923076923078,0.2,0.4690000933206747,0.23076923076923078,1,7,10
89769,1,3,0,0,0,0,0,0,1,10
89775,15473,1,0,0,0,0.11004588314904007,0.047619047619047616,0.3333333333333333,10,10
89779,9,5,0.20894179045354475,0.2,0.16666666666666666,0.2965556406554767,0.13333333333333333,1,9,10
89780,79,3,0,0,0,0.5103515512676446,0.25,1,10,10
89811,75,3,0.12987501165334073,0.125,0.1111111111111111,0.3921578479840863,0.25,0.5,10,10
89816,11,2,1,0.7692307692307693,1,1,0.7692307692307693,1,10,10
89836,83,2,0,0,0,0.4705217111859706,0.08,1,10,10
89841,12,6,0,0,0,0.07336392209936005,0.09090909090909091,0.14285714285714285,10,10
89877,1,3,0.22486036416572236,0.07142857142857142,1,0.5720055908942159,0.35714285714285715,1,1,10
89879,14,3,1,0.6666666666666666,1,0.9305687780632227,0.6,1,10,10
89883,1,3,0.22009176629808014,0.0625,1,0.5321923362337085,0.25,1,1,10
89889,55,3,0,0,0,0.22009176629808014,0.06666666666666667,1,10,10
89892,1082,2,0,0,0,0.4636440365082036,0.25,1,10,10
89900,14,2,0.16354138662029633,0.125,0.2,0.35895421017163465,0.125,1,10,10
89901,4,3,0.35895421017163465,0.13333333333333333,1,0.3301376494471202,0.13333333333333333,1,4,10
89911,10,1,0.6386488249556554,0.375,0.5,0.7837911850126078,0.375,1,10,10
89927,33,1,0.07336392209936005,0.0625,0.14285714285714285,0.18340980524840012,0.125,0.3333333333333333,10,10
89945,3,4,0.12876945773620835,0.06666666666666667,0.3333333333333333,0.2575389154724167,0.06666666666666667,1,3,10
89948,94,1,0,0,0,0.15176219107803537,0.15384615384615385,0.16666666666666666,10,10
89953,8,1,0,0,0,0,0,0,8,8
89958,9,1,0,0,0,0,0,0,9,9
90189,6,2,0.7063906054581909,0.3125,1,0.6957810562523431,0.3125,1,6,6
90211,71,1,0,0,0,0.46318965958284924,0.12121212121212122,1,10,10
90213,94,1,0,0,0,0,0,0,10,10
90243,10,2,0.5309999066793252,0.4375,0.25,0.8389574121760601,0.5,1,10,10
90245,2,1,0.39484136206016496,0.125,1,0.39484136206016496,0.125,1,2,2
90246,2,1,0.16872714292220853,0.0625,0.5,0.16872714292220853,0.0625,0.5,2,2
90292,37,1,0,0,0,0.10117479405202358,0.05,0.16666666666666666,10,10
90309,1,4,0.279901702223461,0.0625,1,0.39763391022884753,0.125,1,1,10
90321,35,1,0,0,0,0,0,0,10,10
90340,36,2,0.13862526152534232,0.125,0.125,0.1774294041962027,0.125,0.3333333333333333,10,10
90352,4,2,0,0,0,0,0,0,4,10
90360,2,4,0.24209587273488012,0.041666666666666664,1,0.48932808448687354,0.16666666666666666,1,2,10
90368,27,2,0,0,0,0.6055047656192208,0.25,1,10,10
90372,11,4,0.7799082337019198,0.6,0.5,1,0.6666666666666666,1,10,10
90380,10,4,0.42883980903376634,0.25,0.5,0.2934556883974402,0.125,1,10,10
90382,7,4,0.800693766409882,0.5833333333333334,1,1,0.8333333333333334,1,7,10
90386,37,2,0.19930623359011798,0.07894736842105263,0.125,0.7880438512463933,0.18421052631578946,1,10,10
90387,10,2,0.9496647758086769,0.6666666666666666,1,0.9705660821622358,0.6666666666666666,1,10,10
90426,15,2,0,0,0,0.22009176629808014,0.0625,1,10,10
90428,4265,2,0,0,0,0,0,0,10,10
90429,15,2,0,0,0,0.07336392209936005,0.07142857142857142,0.14285714285714285,10,10
90433,5,6,0.39660959301978455,0.25,0.5,0.4606482557368592,0.25,1,5,10
90437,56,2,0,0,0,0.4864476482282515,0.25,1,10,10
90454,3,3,0.5487973376826973,0.1875,1,0.7411303320122756,0.375,1,3,10
90457,639,1,0,0,0,0.29659339675602525,0.25,0.2,10,10
90461,25,3,0.07623608126691675,0.14285714285714285,0.125,0.2416626600199873,0.14285714285714285,1,10,10
90474,4,3,0,0,0,0.16325288388338943,0.14285714285714285,0.16666666666666666,4,10
90476,5,1,0.6597133113683123,0.26666666666666666,1,0.6484269901053411,0.26666666666666666,1,5,5
90478,1,4,0,0,0,0,0,0,1,10
90492,9,2,0.28997736516021183,0.1875,0.3333333333333333,0.4440973278132556,0.1875,1,9,10
90509,31,3,0.19930623359011798,0.1875,0.125,0.4521472607752954,0.3125,0.5,10,10
90512,19,3,0,0,0,0.22009176629808014,0.0625,1,10,10
90516,43,3,0,0,0,0.3641605104301305,0.2,1,10,10
90520,38,3,0,0,0,0.6080005872157546,0.4375,0.5,10,10
90524,134,2,0,0,0,0.28189666657366846,0.15384615384615385,0.5,10,10
90526,147,2,0,0,0,0.07839826897867533,0.07692307692307693,0.16666666666666666,10,10
90546,13,1,0,0,0,0,0,0,10,10
90547,46,1,0.2549010058697756,0.25,0.14285714285714285,0.6991522087141786,0.375,1,10,10
90567,2,3,0,0,0,0,0,0,2,10
90573,30,2,0.06625422345438903,0.0625,0.1111111111111111,0.49118023727106,0.25,1,10,10
90605,17,2,0.25638905321640204,0.21428571428571427,0.14285714285714285,0.5780543141793629,0.35714285714285715,1,10,10
90608,20,3,0,0,0,0.6968404678259544,0.375,1,10,10
90641,7,1,0,0,0,0,0,0,7,7
90697,375,2,0,0,0,0.08514311764162098,0.0625,0.2,10,10
90700,51,2,0,0,0,0.43735247915031,0.2,1,10,10
90711,7,3,0.4954588824701808,0.3125,0.5,0.5341769051617133,0.375,0.5,7,10
90713,1,2,0.22009176629808014,0.0625,1,0.5637884576902256,0.25,1,1,10
90739,301,2,0,0,0,0.7065836017263628,0.375,1,10,10
90743,190,1,0,0,0,0.4690000933206747,0.1875,1,10,10
90746,27,2,0.19930623359011798,0.1875,0.125,0.7065632165480471,0.4375,1,10,10
90758,76,1,0,0,0,0.07678279529108115,0.0625,0.25,10,10
90762,14,1,1,0.6666666666666666,1,1,0.6666666666666666,1,10,10
90764,197,4,0,0,0,0.5345090930783465,0.25,1,10,10
90769,1,2,0.24209587273488012,0.09090909090909091,1,0.2930110358433084,0.18181818181818182,1,1,10
90785,853,2,0,0,0,0.046287481291184845,0.027777777777777776,0.125,10,10
90795,22,2,0,0,0,0.4695140628038534,0.375,1,10,10
90816,97,2,0,0,0,0.06428487503000499,0.0625,0.2,10,10
90818,4,3,0,0,0,0.24151620856827088,0.1875,0.3333333333333333,4,10
90823,237,2,0,0,0,0.35895421017163465,0.125,1,10,10
90824,2337,2,0,0,0,0,0,0,10,10
90852,154,2,0,0,0,0,0,0,10,10
90858,7,3,0.24890832702259458,0.125,0.5,0.15850703974098104,0.125,0.2,7,10
90864,925,2,0,0,0,0,0,0,10,10
90866,19,2,0.1610425878239398,0.125,0.25,0.3063365306564336,0.25,0.2,10,10
90872,1,1,0.22009176629808014,0.08333333333333333,1,0.22009176629808014,0.08333333333333333,1,1,1
90880,4,2,0.4011392915782793,0.125,1,0.6028632011996191,0.25,1,4,10
90905,13,3,0.764011805360202,0.4375,1,0.9266360779006398,0.625,1,10,10
90917,3908,2,0,0,0,0,0,0,10,10
90919,1,4,0,0,0,0.34309412892377955,0.25,0.3333333333333333,1,10
90931,898,2,0,0,0,0.16354138662029633,0.125,0.2,10,10
90938,376,3,0,0,0,0,0,0,10,10
90939,15,6,0,0,0,0.0636207881989517,0.0625,0.1,10,10
90942,18,2,0.11004588314904007,0.0625,0.3333333333333333,0.2934556883974402,0.125,1,10,10
90948,1,2,0.07336392209936005,0,0,0.07336392209936005,0,0,1,10
90959,5,3,0.28997736516021183,0.1875,0.3333333333333333,0.8200685179888281,0.5,1,5,10
90974,17,4,0.4673791184803735,0.375,0.25,0.23690530871965637,0.1875,0.2,10,10
90978,5,2,0,0,0,0,0,0,5,10
90983,55,3,0,0,0,0,0,0,10,10
90984,1527,2,0,0,0,0,0,0,10,10
90995,1,2,0.3903800499921017,0.25,1,0.3903800499921017,0.25,1,1,10
91002,5183,1,0,0,0,0.08514311764162098,0.024390243902439025,0.2,10,10
91016,42,2,0,0,0,0.32730659600126993,0.1875,0.5,10,10
91022,1,4,0,0,0,0,0,0,1,10
91030,4,1,0,0,0,0,0,0,4,4
91034,257,2,0,0,0,0.43387415591308165,0.26666666666666666,0.5,10,10
91044,972,1,0,0,0,0,0,0,10,10
91064,18,3,0.9787930706003494,0.25,1,0.9716189607861262,0.25,1,10,10
91071,7,3,0.2906246349515899,0.15789473684210525,0.5,0.4694544702460292,0.21052631578947367,1,7,10
91088,30,2,0,0,0,0.6331992944486871,0.46153846153846156,1,10,10
91095,6,2,0.31388789942377926,0.21428571428571427,0.25,0.6275868235595545,0.42857142857142855,1,6,10
91106,1625,1,0,0,0,0.06625422345438903,0.05,0.1111111111111111,10,10
91107,908,2,0,0,0,0,0,0,10,10
91110,313,2,0,0,0,0,0,0,10,10
91122,50,4,0.7273298443105217,0.4,1,0.4990267326507382,0.4,0.3333333333333333,10,10
91124,38,4,0,0,0,0.2837125544970318,0.125,1,10,10
91127,14,4,0.6410457898283652,0.5,0.3333333333333333,1,0.625,1,10,10
91132,3,2,0.4791616403996509,0.13043478260869565,1,0.4791616403996509,0.13043478260869565,1,3,10
91134,238,3,0,0,0,0.467122359745432,0.25,1,10,10
91135,10536,2,0,0,0,0.22009176629808014,0.0625,1,10,10
91138,43,4,0.0636207881989517,0.06666666666666667,0.1,0.6749359875559982,0.4,1,10,10
91139,69,4,0,0,0,0.1584091525685025,0.13333333333333333,0.25,10,10
91140,75,4,0,0,0,0.09478836436955078,0.0625,0.25,10,10
91141,45,3,0,0,0,0,0,0,10,10
91152,7,3,0,0,0,0,0,0,7,10
91166,945,2,0,0,0,0,0,0,10,10
91169,3,3,0.24890832702259458,0.125,0.5,0.4440973278132556,0.1875,1,3,10
91178,4811,1,0,0,0,0,0,0,10,10
91186,11,3,0.6410457898283652,0.5333333333333333,0.3333333333333333,0.866947989864271,0.5333333333333333,1,10,10
91190,47,2,0,0,0,0.28804928877102476,0.23076923076923078,0.25,10,10
91193,321,3,0,0,0,0.056762078427747324,0.0625,0.2,10,10
91197,4,3,0,0,0,0,0,0,4,10
91218,19,3,0,0,0,0.0728781195196487,0.0625,0.1111111111111111,10,10
91243,2,2,0.3844985279826931,0.08,1,0.6039094289265273,0.16,1,2,10
91248,13,3,1,0.625,1,1,0.625,1,10,10
91261,227,4,0,0,0,0.2934556883974402,0.125,1,10,10
91262,121,2,0,0,0,0,0,0,10,10
91267,8,3,0.5632706182178141,0.4,1,0.6006485186853517,0.7,0.5,8,10
91268,1,5,0,0,0,0.08527698406449685,0.07692307692307693,0.25,1,10
91308,22,1,0.12987501165334073,0.125,0.1111111111111111,0.92663607790064,0.5625,1,10,10
91309,6,2,0.727329844310522,0.375,1,0.9567083294488864,0.625,1,6,10
91329,13,2,0.43621154230977444,0.375,0.2,0.8701249883466592,0.5,1,10,10
91335,12,2,0.35106842466815336,0.3125,0.16666666666666666,0.727329844310522,0.375,1,10,10
91337,234,4,0,0,0,0.2906246349515899,0.08108108108108109,0.5,10,10
91348,73,3,0,0,0,0.5621931439243355,0.3125,1,10,10
91349,34,3,0,0,0,0.38685280723454163,1,0.2,10,10
91350,506,4,0,0,0,0,0,0,10,10
91354,6,2,0,0,0,0,0,0,6,10
91355,14,2,0.5309999066793252,0.3181818181818182,0.25,0.7753366239771085,0.3181818181818182,1,10,10
91357,26,4,0.19930623359011798,0.075,0.125,0.9093618486635721,0.225,1,10,10
91368,73,2,0,0,0,0.45033550118039795,0.3125,1,10,10
91370,256,3,0,0,0,0.9216017310213247,0.225,1,10,10
91371,48,3,0,0,0,0.13698471029831175,0.125,0.14285714285714285,10,10
91376,60,3,0,0,0,0.8342490981200258,0.2,1,10,10
91378,437,2,0,0,0,0.3585186886609939,0.16666666666666666,1,10,10
91380,1960,3,0,0,0,0,0,0,10,10
91382,26,3,0.3953144612881589,0.3125,0.25,0.5572998242663683,0.3125,1,10,10
91386,8,4,0.6172839611614817,0.3125,1,0.6339753813071974,0.375,1,8,10
91394,328,3,0,0,0,0,0,0,10,10
91397,506,4,0,0,0,0,0,0,10,10
91402,1,1,0.2300510610426737,0.05263157894736842,1,0.2300510610426737,0.05263157894736842,1,1,1
91411,9,3,0.8735644944251431,0.225,1,0.5271064966405455,0.1,1,9,10
91414,18,3,0.35106842466815336,0.35714285714285715,0.16666666666666666,0.6267310462031456,0.42857142857142855,1,10,10
91446,1315,2,0,0,0,0.06625422345438903,0.02564102564102564,0.1111111111111111,10,10
91463,614,2,0,0,0,0.0636207881989517,0.0625,0.1,10,10
91467,25,2,0.1356854453911663,0.125,0.125,0.16815228646891084,0.125,0.25,10,10
91468,965,2,0,0,0,0,0,0,10,10
91471,11,4,0.6429235234036079,0.1891891891891892,0.5,0.7759944384848244,0.21621621621621623,1,10,10
91474,390,2,0,0,0,0.31204907722178066,0.07692307692307693,0.5,10,10
91478,406,4,0,0,0,0,0,0,10,10
91489,456,3,0,0,0,0,0,0,10,10
91490,17,4,0,0,0,0,0,0,10,10
91491,38,4,0,0,0,0,0,0,10,10
91497,2,4,0,0,0,0.3451279522040186,0.2222222222222222,1,2,10
91504,4,2,0.5637884576902256,0.4,1,0.5637884576902256,0.4,1,4,10
91513,107,4,0,0,0,0.35314377643380906,0.07894736842105263,1,10,10
91514,11,2,0.22882786096735666,0.2,0.25,0.388736335956392,0.3,0.5,10,10
91529,65,2,0,0,0,0.9305687780632227,0.23076923076923078,1,10,10
91530,613,2,0,0,0,0,0,0,10,10
91539,14,1,0.22886528886257437,0.375,0.14285714285714285,0.6390462311814838,0.625,1,10,10
91565,26,1,0.3986290146022699,0.21428571428571427,0.3333333333333333,0.29664731653078713,0.21428571428571427,0.25,10,10
91576,26,1,0,0,0,0.0636207881989517,0.0625,0.1,10,10
91578,1,1,0,0,0,0,0,0,1,1
91597,17,2,0.35106842466815336,0.3125,0.16666666666666666,0.9305687780632227,0.5625,1,10,10
91598,616,1,0,0,0,0.6332971816211657,0.375,1,10,10
91614,41,5,0.19930623359011798,0.1875,0.125,0.35314377643380906,0.1875,1,10,10
91618,47,3,0,0,0,0,0,0,10,10
91619,27,3,0,0,0,0.511968153494186,0.25,1,10,10
91621,3,4,0,0,0,0.5907272848394971,0.3125,1,3,10
91627,31,3,0,0,0,0,0,0,10,10
91633,7,3,0,0,0,0.07839826897867533,0.0625,0.16666666666666666,7,10
91639,7,4,0.23690530871965637,0.2,0.2,0.3499667779514209,0.2,1,7,10
91642,76,3,0.16354138662029633,0.125,0.2,0.6929852696575346,0.4375,1,10,10
91681,628,4,0,0,0,0,0,0,10,10
91720,1,1,0.0991363373528811,0,0,0.0991363373528811,0,0,1,1
91727,116,3,0,0,0,0.24890832702259458,0.125,0.5,10,10
91732,601,2,0,0,0,0.3052348839397011,0.125,1,10,10
91768,24,1,0.0636207881989517,0.06666666666666667,0.1,0.6020521034564037,0.3333333333333333,1,10,10
91775,830,1,0,0,0,0.5806020001118017,0.375,0.5,10,10
91780,38,2,0,0,0,0.23047380976071705,0.1875,0.25,10,10
91791,96,3,0,0,0,0,0,0,10,10
91810,3,3,0.3301376494471202,0.125,1,0.3301376494471202,0.125,1,3,10
91818,4,6,0.640469595039523,0.3333333333333333,1,0.7065674066041719,0.5833333333333334,1,4,10
91832,13,3,0.8564029905550985,0.625,1,0.9938125636979421,0.625,1,10,10
91835,1,4,0.279901702223461,0.0625,1,0.279901702223461,0.0625,1,1,10
91842,29,2,0,0,0,0.28997736516021183,0.1875,0.3333333333333333,10,10
91847,8,1,0.7917267193679839,0.4666666666666667,1,0.7849818707050382,0.4666666666666667,1,8,8
91857,3,2,0.5311576535478315,0.2727272727272727,1,0.40652716006074996,0.18181818181818182,1,3,10
91872,15022,1,0,0,0,0,0,0,10,10
91873,818,2,0,0,0,0.2837125544970318,0.125,1,10,10
91874,8,4,0.06641976828176249,0.07142857142857142,0.2,0.26342982296622475,0.14285714285714285,1,8,10
91935,3,5,0.5698664345004878,0.25,1,0.5698664345004878,0.25,1,3,10
91946,7,2,0.4617285568034221,0.3333333333333333,0.3333333333333333,0.7746434461674182,0.4666666666666667,1,7,10
91947,16,2,0.7799082337019198,0.5625,0.5,0.7015099647232445,0.5,0.5,10,10
91953,2,4,0.34701127251255487,0.13333333333333333,1,0.7171992496244552,0.4666666666666667,1,2,10
91954,19,1,0.3079033201523544,0.4,0.16666666666666666,0.5604044998628345,0.4,1,10,10
91968,10,4,0.7917267193679839,0.4375,1,0.78180487222265,0.4375,1,10,10
91971,28,3,0,0,0,0.37185395737611554,0.09375,1,10,10
91972,2,2,0.420027879946489,0.125,1,0.420027879946489,0.125,1,2,10
91975,34,3,0,0,0,0.22009176629808014,0.07142857142857142,1,10,10
91980,362,2,0,0,0,0.466277471763641,0.25,1,10,10
91986,624,2,0,0,0,0.09478836436955078,0.0625,0.25,10,10
91994,23,2,0,0,0,0,0,0,10,10
92012,33,2,0,0,0,0,0,0,10,10
92018,177,3,0,0,0,0,0,0,10,10
92027,81,2,0,0,0,0.7212413533207215,0.7142857142857143,1,10,10
92035,29,4,0,0,0,0.06943122193677725,0.0625,0.125,10,10
92045,464,4,0,0,0,0,0,0,10,10
92048,127,3,0,0,0,0,0,0,10,10
92063,85,5,0,0,0,0.07839826897867533,0.025,0.16666666666666666,10,10
92065,105,2,0,0,0,0,0,0,10,10
92066,104,3,0,0,0,0,0,0,10,10
92079,2514,3,0,0,0,0,0,0,10,10
92100,669,2,0,0,0,0,0,0,10,10
92104,671,4,0,0,0,0,0,0,10,10
92109,9,4,0,0,0,0,0,0,9,10
92110,2297,3,0,0,0,0,0,0,10,10
92122,204,3,0,0,0,0.30260241349881345,0.16666666666666666,1,10,10
92123,12,3,0,0,0,0,0,0,10,10
92125,81,5,0,0,0,0.28634598975246917,0.06666666666666667,1,10,10
92129,15427,2,0,0,0,0,0,0,10,10
92132,1,3,0.22009176629808014,0.0625,1,0.7222954974312066,0.375,1,1,10
92137,1,4,0,0,0,0.2532954041105318,0.1875,0.25,1,10
92164,10,2,0.5115583093036551,1,0.3333333333333333,0.9060254355346824,1,1,10,10
92168,395,4,0,0,0,0.1388624438735545,0.0625,0.5,10,10
92179,333,2,0,0,0,0,0,0,10,10
92187,49,3,0,0,0,0,0,0,10,10
92190,12,2,0.2063584839227586,0.2222222222222222,0.25,0.43497000245659306,0.2222222222222222,1,10,10
92193,60,2,0.35106842466815336,0.3333333333333333,0.16666666666666666,1,0.6666666666666666,1,10,10
92196,3,1,0,0,0,0,0,0,3,3
92197,566,2,0,0,0,0.29343678345195273,0.061224489795918366,0.5,10,10
92199,3,5,0.1388624438735545,0.0625,0.5,0.06943122193677725,0.0625,0.125,3,10
92214,22,2,0,0,0,0.35895421017163465,0.13333333333333333,1,10,10
92218,7,1,0,0,0,0,0,0,7,7
92223,1,1,0,0,0,0,0,0,1,1
92227,2,3,0.09257496258236969,0.029411764705882353,0.5,0.20262084573140976,0.058823529411764705,0.5,2,10
92230,1,2,0,0,0,0,0,0,1,10
92244,12,3,1,0.7142857142857143,1,0.9363792118010483,0.6428571428571429,1,10,10
92246,1794,2,0,0,0,0.8550956239938448,0.7777777777777778,1,10,10
92252,5,1,0.662991591198965,0.3125,1,0.9566671852577723,0.5625,1,5,9
92254,312,2,0,0,0,0,0,0,10,10
92256,12,2,0.38129667820798196,0.13636363636363635,0.3333333333333333,0.4690000933206747,0.13636363636363635,1,10,10
92264,1600,1,0,0,0,0,0,0,10,10
92267,302,3,0,0,0,0.1388624438735545,0.0625,0.5,10,10
92315,12,3,0.40344990299373246,0.3125,0.2,0.5373902276999382,0.25,1,10,10
92320,2,3,0.35895421017163465,0.14285714285714285,1,0.9738672436737749,0.7142857142857143,1,2,10
92325,26,1,0,0,0,0.5695785062497354,0.3125,1,10,10
92330,46,1,0.12987501165334073,0.0625,0.1111111111111111,0.29990503169749433,0.09375,0.5,10,10
92331,41,1,0,0,0,0,0,0,10,10
92340,1066,1,0,0,0,0,0,0,10,10
92341,159,2,0,0,0,0,0,0,10,10
92355,5,2,0.2070109115169061,0.14285714285714285,0.5,0.6395136669676862,0.42857142857142855,1,5,10
92357,832,2,0,0,0,0.5311576535478315,0.1875,1,10,10
92383,15,1,0.9216017310213247,0.6428571428571429,1,1,0.7142857142857143,1,10,10
92391,1885,2,0,0,0,0,0,0,10,10
92393,61,2,0,0,0,0.5541432109622957,0.26666666666666666,1,10,10
92406,1,3,0,0,0,0,0,0,1,10
92409,43,2,0,0,0,0.22009176629808014,0.0625,1,10,10
92410,220,2,0,0,0,0.30308203017988256,0.13043478260869565,0.5,10,10
92414,120,3,0,0,0,0,0,0,10,10
92415,7,4,0.3665979643158617,0.25,0.3333333333333333,0.18551114237337177,0.125,0.25,7,10
92416,123,5,0,0,0,0.21726071285222984,0.125,0.5,10,10
92417,123,4,0,0,0,0.23297260855707358,0.1875,0.2,10,10
92424,18,4,0.5309999066793252,0.16279069767441862,0.25,0.6274092458891771,0.11627906976744186,1,10,10
92426,248,2,0,0,0,0,0,0,10,10
92427,5,3,0,0,0,0.1884441521277154,0.16666666666666666,0.3333333333333333,5,10
92437,371,2,0,0,0,0.3854129993211407,0.25,0.5,10,10
92441,16710,1,0,0,0,0,0,0,10,10
92445,1442,3,0,0,0,0,0,0,10,10
92457,87,3,0,0,0,0.1388624438735545,0.02857142857142857,0.5,10,10
92464,17521,1,0,0,0,0,0,0,10,10
92469,644,2,0,0,0,0,0,0,10,10
92492,726,3,0,0,0,0,0,0,10,10
92501,177,2,0,0,0,0,0,0,10,10
92502,147,3,0,0,0,0,0,0,10,10
92503,27,3,0,0,0,0,0,0,10,10
92505,11,1,1,0.9090909090909091,1,1,0.9090909090909091,1,10,10
92519,4,2,0.20483424751859086,0.125,0.3333333333333333,0.3971921948634016,0.25,0.5,4,10
92521,183,2,0,0,0,0,0,0,10,10
92526,29,2,0.0636207881989517,0.0625,0.1,0.06943122193677725,0.0625,0.125,10,10
92527,30,2,0,0,0,0.5404034258882612,0.5,1,10,10
92529,1,2,0.22009176629808014,0.0625,1,0.1388624438735545,0.0625,0.5,1,10
92546,79,2,0,0,0,0.07839826897867533,0.0625,0.16666666666666666,10,10
92563,40,2,0.2874476364692017,0.25,0.16666666666666666,0.2837125544970318,0.125,1,10,10
92564,2,2,0.40652716006074996,0.125,1,0.5668829577079255,0.25,1,2,7
92565,7,2,0.18864549372986197,0.13333333333333333,0.25,0.37320226963128134,0.13333333333333333,1,7,10
92575,26,2,0,0,0,0,0,0,10,10
92579,211,1,0,0,0,0.7753366239771085,0.4375,1,10,10
92591,8,1,0.20798375727063892,0.08695652173913043,0.2,0.22882786096735666,0.08695652173913043,0.25,8,8
92597,46,3,0,0,0,0.3121005699356284,0.21428571428571427,0.5,10,10
92613,299,2,0,0,0,0.70844095012329,0.375,1,10,10
92622,62,3,0,0,0,0.35895421017163465,0.13333333333333333,1,10,10
92627,624,2,0,0,0,0,0,0,10,10
92629,786,3,0,0,0,0,0,0,10,10
92666,21653,1,0,0,0,0,0,0,10,10
92673,57,5,0,0,0,0.3301376494471202,0.125,1,10,10
92674,726,2,0,0,0,0.06943122193677725,0.0625,0.125,10,10
92678,142,2,0,0,0,0.24261785528500338,0.1875,0.25,10,10
92690,7,3,0.5931815595667076,0.5454545454545454,0.5,0.7430884690105225,0.5454545454545454,1,7,10
92691,36,2,0,0,0,0.5173633627401372,0.25,1,10,10
92695,11,3,0.348702247503555,0.6666666666666666,0.2,0.3836491390379004,0.6666666666666666,0.25,10,10
92697,123,2,0,0,0,0.081216719127534,0.06666666666666667,0.2,10,10
92699,1,3,0.3985202681370658,0.2,1,0.17163333740375722,0.2,0.25,1,10
92706,37,3,0,0,0,0,0,0,10,10
92714,1289,2,0,0,0,0,0,0,10,10
92736,3845,2,0,0,0,0,0,0,10,10
92739,114,3,0,0,0,0,0,0,10,10
92740,204,3,0,0,0,0,0,0,10,10
92742,285,3,0,0,0,0,0,0,10,10
92743,1621,2,0,0,0,0,0,0,10,10
92745,1413,3,0,0,0,0,0,0,10,10
92748,438,4,0,0,0,0.1388624438735545,0.043478260869565216,0.5,10,10
92753,541,3,0,0,0,0,0,0,10,10
92758,95,4,0,0,0,0.0636207881989517,0.0625,0.1,10,10
92763,14,2,0,0,0,0,0,0,10,10
92766,1,2,0.22009176629808014,0.02564102564102564,1,0.22009176629808014,0.02564102564102564,1,1,10
92767,3,3,0.24890832702259458,0.125,0.5,0.2745478892647208,0.1875,0.5,3,10
92773,2112,2,0,0,0,0.11640124695923638,0.125,0.1111111111111111,10,10
92780,14,4,0.28997736516021183,0.2,0.3333333333333333,0.5645441593704201,0.3333333333333333,1,10,10
92813,4150,2,0,0,0,0,0,0,10,10
92816,1,4,0,0,0,0,0,0,1,10
92822,145,1,0,0,0,0.29098510172234016,0.25,0.16666666666666666,10,10
92828,858,2,0,0,0,0,0,0,10,10
92835,4710,3,0,0,0,0,0,0,10,10
92853,106,7,0,0,0,0,0,0,10,10
92863,1167,2,0,0,0,0,0,0,10,10
92870,62,2,0,0,0,0.5884674004369673,0.3125,1,10,10
92871,401,3,0,0,0,0,0,0,10,10
92875,56,2,0,0,0,0.1427951440361373,0.13333333333333333,0.14285714285714285,10,10
92878,434,2,0,0,0,0,0,0,10,10
92882,88,4,0,0,0,0.32833216257223347,0.18181818181818182,1,10,10
92883,3277,3,0,0,0,0,0,0,10,10
92889,23,2,0.4813620316486797,0.6,0.3333333333333333,0.5160122237332677,0.5,0.3333333333333333,10,10
92891,748,1,0,0,0,0.046287481291184845,0,0,10,10
92897,4,4,0,0,0,0.2204386078501931,0.25,0.3333333333333333,4,10
92901,28,3,0,0,0,0.3866487390011009,0.1111111111111111,1,10,10
92903,3,3,0,0,0,0.06943122193677725,0.0625,0.125,3,10
92914,1,2,0,0,0,0,0,0,1,4
92920,439,3,0,0,0,0,0,0,10,10
92926,21,2,0.43621154230977444,0.42857142857142855,0.2,0.716287445502968,0.5714285714285714,0.5,10,10
92928,254,3,0,0,0,0,0,0,10,10
92938,660,2,0,0,0,0.3667803203729971,0.17857142857142858,0.2,10,10
92943,867,2,0,0,0,0,0,0,10,10
92952,1466,3,0,0,0,0.09478836436955078,0.038461538461538464,0.25,10,10
92974,29,4,0,0,0,0,0,0,10,10
92975,407,2,0,0,0,0.2984900352767555,0.125,1,10,10
92982,1,3,0,0,0,0,0,0,1,10
92984,158,3,0,0,0,0.2240055615151755,0.125,0.5,10,10
92997,952,2,0,0,0,0.22009176629808014,0.0625,1,10,10
93014,68,3,0,0,0,0.15457433957839825,0.125,0.2,10,10
93016,388,2,0,0,0,0.17366667134799177,0.125,0.3333333333333333,10,10
93024,282,3,0,0,0,0,0,0,10,10
93028,97,2,0,0,0,0.2934556883974402,0.1,1,10,10
93039,38,2,0,0,0,0.0636207881989517,0.0625,0.1,10,10
93041,17,2,0.3586748161721488,0.35714285714285715,0.16666666666666666,0.8599815164368666,0.5714285714285714,1,10,10
93049,134,3,0,0,0,0.3764459522792426,0.21052631578947367,0.5,10,10
93063,47,1,0.27267015568947806,0.25,0.14285714285714285,0.3953144612881589,0.3125,0.25,10,10
93074,815,3,0,0,0,0.9911205770005564,1,1,10,10
93078,9,3,0.4284901688720099,0.1875,1,0.3347696763243422,0.1875,0.5,9,10
93089,3,3,0.12876945773620835,0.1,0.3333333333333333,0.45888089573980323,0.4,0.5,3,10
93090,26,2,0,0,0,0.35895421017163465,0.125,1,10,10
93094,9,6,0,0,0,0,0,0,9,10
93095,16,5,0.0636207881989517,0.0625,0.1,0.45374257454118544,0.1875,1,10,10
93097,6,5,0,0,0,0.06943122193677725,0.07142857142857142,0.125,6,10
93110,62,3,0,0,0,0.20511666732794356,0.13333333333333333,0.5,10,10
93111,4922,2,0,0,0,0.06625422345438903,0.027777777777777776,0.1111111111111111,10,10
93112,257,3,0,0,0,0.38868058940212497,0.1875,1,10,10
93115,337,3,0,0,0,0,0,0,10,10
93116,95,3,0,0,0,0.11004588314904007,0.0625,0.3333333333333333,10,10
93127,617,1,0,0,0,0.14782949091545258,0.125,0.16666666666666666,10,10
93133,1,2,0,0,0,0,0,0,1,10
93147,6,4,0.49196117811891327,0.5,0.5,0.22659405685438733,0.3333333333333333,0.3333333333333333,6,10
93152,10,1,0.6168295842361273,0.4166666666666667,1,0.5983950669742497,0.4166666666666667,1,10,10
93161,11,3,0.8784704433360985,1,1,0.9156704416554409,1,1,10,10
93162,15,4,0.5309999066793252,0.4375,0.25,0.8320008152323771,0.5,1,10,10
93163,13,4,0.43621154230977444,0.375,0.2,0.5075394027672818,0.3125,1,10,10
93182,195,2,0,0,0,0.2240055615151755,0.125,0.5,10,10
93184,1176,2,0,0,0,0.0636207881989517,0.0625,0.1,10,10
93233,61,2,0,0,0,0,0,0,10,10
93239,33,4,0,0,0,0.4818998405251556,0.25,1,10,10
93247,328,3,0,0,0,0,0,0,10,10
93249,211,3,0,0,0,0.24618570546556082,0.15,0.25,10,10
93251,68,3,0,0,0,0.09478836436955078,0.0625,0.25,10,10
93252,92,3,0,0,0,0.20511666732794356,0.125,0.5,10,10
93253,2,4,0,0,0,0,0,0,2,10
93257,684,3,0,0,0,0,0,0,10,10
93275,25,3,0,0,0,0.35583989829307827,1,0.25,10,10
93278,187,2,0,0,0,0.06768971444980863,0.0625,0.1111111111111111,10,10
93299,16,2,0.1671604549662023,0.3333333333333333,0.16666666666666666,0.7653606369886218,0.6666666666666666,1,10,10
93304,123,4,0,0,0,0.1388624438735545,0.0625,0.5,10,10
93311,532,2,0,0,0,0.2514041486191284,0.12,0.5,10,10
93312,14,3,0.0636207881989517,0.07142857142857142,0.1,0.514186364257749,0.35714285714285715,1,10,10
93316,4,4,0.35895421017163465,0.16666666666666666,1,0.4252084336260237,0.25,1,4,10
93317,2798,2,0,0,0,0,0,0,10,10
93326,9669,1,0,0,0,0,0,0,10,10
93336,18,3,0,0,0,0,0,0,10,10
93345,356,3,0,0,0,0,0,0,10,10
93349,23,4,0,0,0,0,0,0,10,10
93369,2,3,0.29740901205864334,0.08333333333333333,1,0.25373508625667784,0.16666666666666666,0.5,2,10
93374,1,3,0.22009176629808014,0.06666666666666667,1,0.3585186886609939,0.13333333333333333,1,1,10
93376,4,3,0.5637884576902256,0.26666666666666666,1,0.8701249883466592,0.5333333333333333,1,4,10
93577,61,2,0,0,0,0.07839826897867533,0.0625,0.16666666666666666,10,10
93580,2,4,0.35895421017163465,0.125,1,0.8630152897016883,0.5,1,2,10
93581,6,2,0.5311576535478315,0.25,1,0.5311576535478315,0.25,1,6,10
93586,34,3,0,0,0,0,0,0,10,10
93591,58,4,0,0,0,0.22009176629808014,0.03225806451612903,1,10,10
93597,1726,2,0,0,0,0.06625422345438903,0.09090909090909091,0.1111111111111111,10,10
93621,3,3,0.2103273013617644,0.1111111111111111,1,0.13270175241752769,0.1111111111111111,0.5,3,10
93626,11,2,0.43621154230977444,0.5454545454545454,0.2,0.6473362615659564,0.5454545454545454,1,10,10
93640,2,5,0,0,0,0,0,0,2,10
93642,1,4,0,0,0,0,0,0,1,10
93652,150,2,0,0,0,0.8701249883466592,0.5,1,10,10
93654,132,4,0,0,0,0,0,0,10,10
93656,516,3,0,0,0,0.4943572357534483,0.25,1,10,10
93663,103,2,0.06625422345438903,0.0625,0.1111111111111111,0,0,0,10,10
93686,4,3,0.5958985626419364,0.4,1,0.32619079656228545,0.3,0.3333333333333333,4,10
93705,274,3,0,0,0,0.21222636597291455,0.125,0.5,10,10
93717,9,3,0.720827029843942,0.5,0.5,0.9335825589985792,0.5625,1,9,10
93718,49,2,0,0,0,0.523153411299647,0.3125,1,10,10
93771,1,5,0.22009176629808014,0.0625,1,0.8512360941594272,0.5,1,1,10
93778,16,4,1,0.6666666666666666,1,1,0.6666666666666666,1,10,10
93784,12,2,0,0,0,0,0,0,10,10
93790,44,4,0,0,0,0.14465249243306438,0.125,0.16666666666666666,10,10
93813,5,2,0.6489315753318465,0.4166666666666667,1,0.6489315753318465,0.4166666666666667,1,5,10
93834,119,4,0,0,0,0,0,0,10,10
93856,23,4,0.12987501165334073,0.14285714285714285,0.1111111111111111,0.3222722491219546,0.21428571428571427,0.5,10,10
93858,6,4,0.1089364926177559,0.125,0.25,0.07311683844390994,0.125,0.1,6,10
93886,406,4,0,0,0,0,0,0,10,10
93914,26,2,0.12987501165334073,0.05555555555555555,0.1111111111111111,0.92663607790064,0.25,1,10,10
93917,19,2,0.7799082337019198,0.47368421052631576,0.5,1,0.5263157894736842,1,10,10
93925,306,2,0,0,0,0,0,0,10,10
93932,413,2,0,0,0,0,0,0,10,10
93944,24,3,0,0,0,0,0,0,10,10
93952,735,2,0,0,0,0,0,0,10,10
93955,208,2,0,0,0,0.06943122193677725,0.07142857142857142,0.125,10,10
93964,1,2,0,0,0,0.06625422345438903,0.0625,0.1111111111111111,1,10
93983,68,1,0,0,0,0,0,0,10,10
93997,8,2,0.07336392209936005,0.07142857142857142,0.14285714285714285,0.06943122193677725,0.07142857142857142,0.125,8,10
94016,80,3,0,0,0,0.22009176629808014,0.0625,1,10,10
94021,2,3,0,0,0,0,0,0,2,10
94029,2,4,0,0,0,0,0,0,2,10
94039,9,3,0.1356854453911663,0.05555555555555555,0.125,0.22979561007468535,0.08333333333333333,0.2,9,10
94041,1,6,0,0,0,0,0,0,1,10
94043,81,2,0,0,0,0.025457581554214143,0,0,10,10
94070,1,3,0,0,0,0.0636207881989517,0.0625,0.1,1,10
94088,790,1,0,0,0,0.05226551265245022,0.05263157894736842,0.16666666666666666,10,10
94090,8,4,0.8701249883466592,0.5,1,1,0.625,1,8,10
94091,40,2,0,0,0,0,0,0,10,10
94123,10,1,0.2920742270644659,0.25,0.14285714285714285,0.36742877334905977,0.25,0.3333333333333333,10,10
94125,6,4,0.2604979528242145,0.14285714285714285,0.3333333333333333,0.276301310023846,0.14285714285714285,0.5,6,10
94129,3,3,0,0,0,0,0,0,3,10
94130,24,2,0,0,0,0,0,0,10,10
94134,2653,3,0,0,0,0,0,0,10,10
94148,3,3,0.5487973376826973,0.2727272727272727,1,0.5487973376826973,0.2727272727272727,1,3,10
94161,10,2,0.293416398273637,0.25,0.2,0.5271064966405455,0.25,1,10,10
94166,12311,1,0,0,0,0,0,0,10,10
94167,256,4,0,0,0,0.045432163246112496,0.07692307692307693,0.1,10,10
94170,83,3,0,0,0,0,0,0,10,10
94174,1382,2,0,0,0,0,0,0,10,10
94190,6,2,0,0,0,0.04241385879930114,0.0625,0.1,6,10
94215,28,1,0,0,0,0,0,0,10,10
94241,21,2,0,0,0,0.07839826897867533,0.0625,0.16666666666666666,10,10
94246,32,1,0.43621154230977444,0.3,0.2,0.84860265890399,0.4,1,10,10
94256,42,1,0.037830782424723944,0,0,0,0,0,10,10
94267,75,2,0,0,0,0.23492596975604033,0.3333333333333333,0.16666666666666666,10,10
94268,18,2,0,0,0,0.07668368701422457,0.0625,0.3333333333333333,10,10
94271,12,1,0.7799082337019198,0.5625,0.5,1,0.625,1,10,10
94275,12,4,0.6410457898283652,0.5,0.3333333333333333,0.6489315753318465,0.3125,1,10,10
94282,35,3,0,0,0,0,0,0,10,10
94284,55,2,0,0,0,0.40853591842579556,0.2,1,10,10
94286,70,3,0,0,0,0.7975167679274937,0.25,1,10,10
94289,81,2,0,0,0,0.3301376494471202,0.125,1,10,10
94292,808,2,0,0,0,0.11004588314904007,0.0625,0.3333333333333333,10,10
94296,305,2,0,0,0,0,0,0,10,10
94306,737,3,0,0,0,0.3819603371583235,0.2222222222222222,0.5,10,10
94307,244,3,0,0,0,0,0,0,10,10
94314,2,1,0.35895421017163465,0.14285714285714285,1,0.35895421017163465,0.14285714285714285,1,2,2
94318,614,3,0,0,0,0.227162174819248,0.1875,0.2,10,10
94320,300,3,0,0,0,0.20262084573140976,0.125,0.5,10,10
94326,10,2,0.4167917214543616,0.3157894736842105,0.25,0.5181190644203317,0.2631578947368421,1,10,10
94330,4,4,0.35895421017163465,0.14285714285714285,1,0.2895229882348574,0.14285714285714285,1,4,10
94333,43,3,0,0,0,0.11004588314904007,0.08333333333333333,0.3333333333333333,10,10
94335,3,2,0,0,0,0.2336508082431053,0.13333333333333333,0.5,3,10
94358,2,3,0,0,0,0,0,0,2,10
94362,5,4,0.11004588314904007,0.0625,0.3333333333333333,0.3668007055513128,0.25,0.5,5,10
94363,646,3,0,0,0,0.09917593722704846,0.125,0.2,10,10
94364,168,3,0,0,0,0,0,0,10,10
94367,48,2,0,0,0,0.6484708194963305,0.35714285714285715,1,10,10
94370,13,3,0,0,0,0,0,0,10,10
94373,1,3,0.2300510610426737,0.0625,1,0.22709190059773315,0.125,0.5,1,10
94376,81,2,0,0,0,0,0,0,10,10
94384,117,3,0,0,0,0,0,0,10,10
94385,41,3,0.2781981696179509,0.1875,0.3333333333333333,0.3052348839397011,0.125,1,10,10
94386,9,5,0.07336392209936005,0.0625,0.14285714285714285,0.2399208948023808,0.1875,0.3333333333333333,9,10
94396,45,3,0,0,0,0.7876719091337833,0.25925925925925924,1,10,10
94403,16,5,0,0,0,0,0,0,10,10
94405,159,6,0,0,0,0.11004588314904007,0.030303030303030304,0.3333333333333333,10,10
94406,6,4,0,0,0,0,0,0,6,10
94416,1082,4,0,0,0,0,0,0,10,10
94423,40,3,0.0636207881989517,0.0625,0.1,0.6489315753318465,0.3125,1,10,10
94425,87,5,0,0,0,0,0,0,10,10
94428,24,3,0,0,0,0,0,0,10,10
94434,43,3,0,0,0,0.28634598975246917,0.125,1,10,10
94435,217,3,0,0,0,0.06943122193677725,0.0625,0.125,10,10
94441,6,1,0,0,0,0,0,0,6,6
94454,15,3,0,0,0,0.14876390584057267,0.125,0.2,10,10
94456,9,3,0.3725907541108227,0.1282051282051282,0.2,0.6546634730814677,0.15384615384615385,1,9,10
94458,1,3,0,0,0,0,0,0,1,10
94472,638,2,0,0,0,0.07839826897867533,0.06666666666666667,0.16666666666666666,10,10
94487,283,3,0,0,0,0.1388624438735545,0.024390243902439025,0.5,10,10
94491,2,3,0,0,0,0,0,0,2,10
94496,836,4,0,0,0,0,0,0,10,10
94504,195,3,0,0,0,0.22009176629808014,0.0625,1,10,10
94526,17,2,0.3533354833984669,0.35714285714285715,0.16666666666666666,0.6931232414598578,0.5714285714285714,1,10,10
94553,18,3,0.9716189607861262,0.2564102564102564,1,1,0.2564102564102564,1,10,10
94558,8,3,0.9094987067248556,0.5,1,0.9094987067248556,0.5,1,8,10
94562,13,2,0,0,0,0,0,0,10,10
94982,5,1,0,0,0,0,0,0,5,5
94984,172,3,0,0,0,0.2279382616777583,0.13043478260869565,0.2,10,10
94992,9,2,0.40030566811860463,0.25,0.5,0.49367903606741653,0.25,1,9,10
94996,7,4,0,0,0,0.2240055615151755,0.125,0.5,7,10
95015,5,4,0,0,0,0,0,0,5,10
95023,1,4,0.22009176629808014,0.08333333333333333,1,0.22009176629808014,0.08333333333333333,1,1,10
95026,12,2,1,0.7142857142857143,1,1,0.7142857142857143,1,10,10
95029,22,2,0,0,0,0.09382209734404523,0.0625,0.125,10,10
95039,453,2,0,0,0,0,0,0,10,10
95042,33,4,0.4131279133289226,0.25,0.5,0.18340980524840012,0.125,0.3333333333333333,10,10
95052,125,3,0,0,0,0,0,0,10,10
95056,118,4,0,0,0,0.11004588314904007,0.06666666666666667,0.3333333333333333,10,10
95061,114,4,0,0,0,0.1388624438735545,0.0625,0.5,10,10
95064,226,3,0,0,0,0.11505351121173782,0.07142857142857142,0.2,10,10
95067,3494,2,0,0,0,0.28634598975246917,0.04,1,10,10
95070,920,3,0,0,0,0.1427951440361373,0.07142857142857142,0.14285714285714285,10,10
95091,1048,2,0,0,0,0,0,0,10,10
95102,12,3,1,0.6666666666666666,1,1,0.6666666666666666,1,10,10
95103,9470,1,0,0,0,0,0,0,10,10
95107,1,2,0,0,0,0,0,0,1,10
95113,6,3,0.727329844310522,0.15789473684210525,1,1,0.2631578947368421,1,6,10
95114,2,2,0.35895421017163465,0.125,1,0.35895421017163465,0.125,1,2,10
95116,228,2,0,0,0,0.44169679029972647,0.23076923076923078,1,10,10
95135,5,4,0.34369669139214537,0.25,0.5,0.4011248950259844,0.4166666666666667,0.25,5,10
95144,37,2,0,0,0,0.09970299801576629,0.0625,0.16666666666666666,10,10
95157,16,1,0.7799082337019198,0.5625,0.5,1,0.625,1,10,10
95162,478,2,0,0,0,0.07336392209936005,0.09090909090909091,0.14285714285714285,10,10
95195,12,2,0.3699005897433761,0.3125,0.16666666666666666,0.9177985487809515,0.5625,1,10,10
95196,44,3,0.12987501165334073,0.14285714285714285,0.1111111111111111,0.8454256604216017,0.5714285714285714,1,10,10
95198,1058,1,0,0,0,0,0,0,10,10
95208,24,3,0,0,0,0.31488013066763093,0.125,1,10,10
95216,51,3,0,0,0,0.914856882358379,0.5625,1,10,10
95228,4,3,0.37217192514325476,0.1875,0.5,0.5087695504286516,0.25,1,4,10
95247,29,3,0,0,0,0.2178549817758321,0.2857142857142857,0.3333333333333333,10,10
95248,9361,1,0,0,0,0,0,0,10,10
95249,2,2,0,0,0,0,0,0,2,10
95267,194,2,0,0,0,0.2934556883974402,0.125,1,10,10
95269,36,3,0.13268893656315017,0.14285714285714285,0.1111111111111111,0.6279028930005585,0.42857142857142855,1,10,10
95277,93,2,0,0,0,0.34445239307233994,0.26666666666666666,0.3333333333333333,10,10
95279,89,2,0,0,0,0.12770002111802792,0.125,0.2,10,10
95285,58,4,0.5309999066793252,0.175,0.25,0.8415908474314975,0.2,1,10,10
95286,8,3,0.8701249883466592,0.5,1,0.800693766409882,0.4375,1,8,10
95296,37,3,0,0,0,0.3269563644556953,0.2,1,10,10
95298,74,2,0,0,0,0.42883980903376634,0.26666666666666666,0.5,10,10
95302,157,3,0,0,0,0.08514311764162098,0.0625,0.2,10,10
95306,17,1,0.4560324765404191,0.36363636363636365,0.25,0.7693787395805535,0.5454545454545454,1,10,10
95310,8,1,0.8701249883466592,0.23529411764705882,1,0.8701249883466592,0.23529411764705882,1,8,8
95326,6642,1,0,0,0,0,0,0,10,10
95328,2005,2,0,0,0,0,0,0,10,10
95333,269,2,0,0,0,0,0,0,10,10
95341,17,3,0.7799082337019198,0.6,0.5,0.9216017310213247,0.6,1,10,10
95356,16,2,0.7799082337019198,0.5625,0.5,1,0.625,1,10,10
95363,8,3,0.49042453559086546,0.125,1,0.31833954895937183,0.09375,0.5,8,10
95431,2,3,0,0,0,0.09478836436955078,0.0625,0.25,2,10
95445,23,3,0,0,0,0.3301376494471202,0.125,1,10,10
95450,25,3,0.28997736516021183,0.1875,0.3333333333333333,0.1610425878239398,0.125,0.25,10,10
95453,14,2,0.503606702604699,0.3333333333333333,1,0.5388856921828065,0.3333333333333333,1,10,10
95460,27,2,0.5774250016294136,0.4375,0.3333333333333333,0.19930623359011798,0.1875,0.125,10,10
95461,193,2,0,0,0,0.6163668470816234,0.4375,0.5,10,10
95464,22,1,0.12987501165334073,0.125,0.1111111111111111,0.5388856921828065,0.25,1,10,10
95475,2,2,0.35895421017163465,0.125,1,0.8200685179888281,0.5,1,2,10
95494,15,1,0.33169367308920716,0.15384615384615385,0.25,0.4124497136428909,0.15384615384615385,0.5,10,10
95502,6,1,0.8391982533282583,0.6666666666666666,1,0.8391982533282583,0.6666666666666666,1,6,7
95508,2,3,0,0,0,0,0,0,2,10
95531,325,5,0,0,0,0.19111743953238722,0.1875,0.3333333333333333,10,10
95543,35,2,0.15176219107803537,0.125,0.16666666666666666,0.3499667779514209,0.1875,1,10,10
95549,3,5,0.24890832702259458,0.125,0.5,0.37185395737611554,0.1875,1,3,10
95573,46,3,0,0,0,0,0,0,10,10
95578,56,3,0,0,0,0.35266373843404347,0.25,0.3333333333333333,10,10
95582,41,2,0,0,0,0.760079105197619,0.5384615384615384,1,10,10
95583,153,2,0,0,0,0.1388624438735545,0.0625,0.5,10,10
95590,211,3,0,0,0,0.09478836436955078,0.08333333333333333,0.25,10,10
95592,504,2,0,0,0,0,0,0,10,10
95599,8,4,0.8456703476468725,0.5,1,0.8765535101057759,0.5625,1,8,10
95613,384,2,0,0,0,0.07839826897867533,0.0625,0.16666666666666666,10,10
95615,229,3,0,0,0,0,0,0,10,10
95616,46,3,0,0,0,0,0,0,10,10
95617,32,3,0.12987501165334073,0.13333333333333333,0.1111111111111111,0.8643145546088337,0.5333333333333333,1,10,10
95634,1097,3,0,0,0,0,0,0,10,10
95687,442,4,0,0,0,0.06943122193677725,0.025,0.125,10,10
95693,100,3,0,0,0,0.08514311764162098,0.0625,0.2,10,10
95695,236,5,0,0,0,0,0,0,10,10
95703,4,5,0,0,0,0.2520649403266671,0.075,0.3333333333333333,4,10
95715,1,4,0.22009176629808014,0.0625,1,0.2837125544970318,0.125,1,1,10
95733,12,3,0.96331803895032,0.625,1,0.941233297798857,0.625,1,10,10
95737,15,4,0.06625422345438903,0.0625,0.1111111111111111,0.12987501165334073,0.125,0.1111111111111111,10,10
95740,258,3,0,0,0,0.09478836436955078,0.0625,0.25,10,10
95744,302,3,0,0,0,0,0,0,10,10
95750,96,4,0,0,0,0.06943122193677725,0.0625,0.125,10,10
95756,23,1,0.20904936749052636,0.08823529411764706,0.14285714285714285,0.34739931667632884,0.08823529411764706,1,10,10
95763,4405,2,0,0,0,0.0636207881989517,0.0625,0.1,10,10
95765,50,4,0,0,0,0.06943122193677725,0.0625,0.125,10,10
95767,2850,3,0,0,0,0,0,0,10,10
95768,1778,4,0,0,0,0,0,0,10,10
95769,2,3,0.45650001423154074,0.13333333333333333,1,0.45650001423154074,0.13333333333333333,1,2,10
95778,54,3,0,0,0,0.727329844310522,0.42857142857142855,1,10,10
95782,15,3,0.12054710171248399,0.0625,0.25,0.38818246147833363,0.125,1,10,10
95788,1,2,0,0,0,0,0,0,1,10
95794,23,1,0,0,0,0.4919690319640038,0.25,1,10,10
95820,3,3,0,0,0,0,0,0,3,10
95822,69,1,0,0,0,0.2934556883974402,0.18181818181818182,1,10,10
95824,4,4,0.09684208768602304,0.06666666666666667,0.25,0.318162148722555,0.2,1,4,10
95832,658,2,0,0,0,0.21408371436984164,0.1111111111111111,0.16666666666666666,10,10
95836,13,3,1,0.6666666666666666,1,1,0.6666666666666666,1,10,10
95847,153,4,0,0,0,0.4847119890255185,0.08,1,10,10
95852,329,4,0,0,0,0.15336737402844913,0.03571428571428571,1,10,10
95853,1797,3,0,0,0,0.07839826897867533,0.023255813953488372,0.16666666666666666,10,10
95862,2169,2,0,0,0,0,0,0,10,10
95863,9,3,0.1356854453911663,0.125,0.125,0.19518900079066107,0.125,0.3333333333333333,9,10
95870,30,5,0,0,0,0.33431872426919745,0.1875,0.5,10,10
95871,28,4,0.2874476364692017,0.25,0.16666666666666666,0.28088150105118154,0.1875,0.5,10,10
95881,287,2,0,0,0,0.13278301876594611,0.16666666666666666,0.2,10,10
95886,18,3,0.11503864280713952,0.125,0.125,0.24546723881833396,0.125,1,10,10
95891,2,5,0,0,0,0,0,0,2,10
95910,295,2,0,0,0,0.6442227883107534,0.3181818181818182,0.5,10,10
95917,2,3,0.26742619438551957,0.0625,1,0.26742619438551957,0.0625,1,2,10
95960,801,2,0,0,0,0,0,0,10,10
95961,1644,1,0,0,0,0,0,0,10,10
95980,195,4,0,0,0,0.5701406500739014,0.3333333333333333,1,10,10
96004,13,2,0.43621154230977444,0.42857142857142855,0.2,0.933745776545611,0.6428571428571429,1,10,10
96012,20,4,0,0,0,0,0,0,10,10
96015,15,3,0.1388624438735545,0.0625,0.5,0.22009176629808014,0.0625,1,10,10
96030,158,3,0,0,0,0.06625422345438903,0.045454545454545456,0.1111111111111111,10,10
96034,24,5,0,0,0,0.5199967979955745,0.25,1,10,10
96035,31,4,0.12987501165334073,0.125,0.1111111111111111,0.7605591431973847,0.4375,1,10,10
96041,17,2,1,0.5,1,1,0.5,1,10,10
96060,5,1,0.20478943046125,0.125,0.25,0.23409589913160483,0.125,0.3333333333333333,5,5
96062,3,1,1,1,1,1,1,1,3,3
96088,2,1,0.09257496258236969,0.047619047619047616,0.5,0.09257496258236969,0.047619047619047616,0.5,2,2
96089,3,2,0.45650001423154074,0.13333333333333333,1,0.36960187743166634,0.2,0.5,3,10
96093,43,3,0,0,0,0.2024832320725062,0.125,0.5,10,10
96094,48,2,0.22119341301481263,0.1875,0.16666666666666666,0.0636207881989517,0.0625,0.1,10,10
96104,180,1,0,0,0,0.2934556883974402,0.125,1,10,10
96118,53,2,0,0,0,0.643090684664426,0.375,1,10,10
96160,26,2,0,0,0,0.4791616403996509,0.2,1,10,10
96183,3,2,0.1388624438735545,0.0625,0.5,0.1388624438735545,0.0625,0.5,3,10
96270,19,4,0.5309999066793252,0.4375,0.25,0.14782949091545258,0.125,0.16666666666666666,10,10
96274,38,3,0,0,0,0.08514311764162098,0.0625,0.2,10,10
96279,57,2,0,0,0,0.7791714369672127,0.6363636363636364,1,10,10
96294,32,4,0.08514311764162098,0.0625,0.2,0.29025978496956456,0.1875,0.5,10,10
96299,20,4,0,0,0,0.05226551265245022,0.0625,0.16666666666666666,10,10
96309,356,3,0,0,0,0.2529427027676571,0.125,1,10,10
96328,8,3,0.15850703974098104,0.125,0.2,0.2984900352767555,0.125,1,8,10
96329,7,3,0.11004588314904007,0.0625,0.3333333333333333,0.22009176629808014,0.0625,1,7,10
96336,89,3,0,0,0,0.3378862576543198,0.25,0.3333333333333333,10,10
96338,249,2,0,0,0,0.20511666732794356,0.125,0.5,10,10
96339,1,2,0,0,0,0.053397918541038314,0.0625,0.16666666666666666,1,10
96348,304,2,0,0,0,0.11004588314904007,0.043478260869565216,0.3333333333333333,10,10
96370,31,3,0,0,0,0.5072380780124417,0.3125,0.5,10,10
96382,188,1,0,0,0,0.2279382616777583,0.2,0.2,10,10
96383,5,2,0.2781499255771804,0.25,0.3333333333333333,0.48743356179143793,0.25,1,5,10
96401,19,2,0.08761171322929574,0.16666666666666666,0.14285714285714285,0.26283513968788724,0.16666666666666666,1,10,10
96405,7546,1,0,0,0,0,0,0,10,10
96415,67,3,0,0,0,0.1799314820111718,0.125,0.25,10,10
96418,507,2,0,0,0,0.6469184483093142,0.375,1,10,10
96424,6,3,0.35234186415547,0.1875,0.3333333333333333,0.5513275302443498,0.1875,1,6,10
96456,25,1,0,0,0,0,0,0,10,10
96459,690,4,0,0,0,0,0,0,10,10
96471,2972,3,0,0,0,0,0,0,10,10
96490,2,4,0.35895421017163465,0.04878048780487805,1,0.5637884576902256,0.0975609756097561,1,2,10
96493,6,2,0.34369669139214537,0.08571428571428572,0.5,0.28997736516021183,0.08571428571428572,0.3333333333333333,6,10
96500,27,2,1,0.625,1,0.6402900881481707,0.4375,0.5,10,10
96503,1,4,0.22009176629808014,0.03333333333333333,1,0.9216017310213247,0.3,1,1,10
96510,9,2,0,0,0,0,0,0,9,10
96518,151,3,0,0,0,0,0,0,10,10
96522,40,2,0,0,0,0.1427951440361373,0.13333333333333333,0.14285714285714285,10,10
96526,6,3,0.21222636597291455,0.05263157894736842,0.5,0.2742848206396422,0.07894736842105263,1,6,10
96532,9,3,0.0546305608968178,0.09090909090909091,0.16666666666666666,0.09676403950167096,0.09090909090909091,0.5,9,10
96536,2,4,0.18764419468809046,0.0625,0.5,0.18764419468809046,0.0625,0.5,2,10
96540,17,3,0,0,0,0,0,0,10,10
96541,70,4,0,0,0,0.1388624438735545,0.0625,0.5,10,10
96553,36,1,0,0,0,0.6313419460517601,0.375,1,10,10
96555,107,3,0,0,0,0.4546857860580769,0.25,1,10,10
96566,319,2,0,0,0,0.2614432242450501,0.1875,0.3333333333333333,10,10
96576,51,3,0,0,0,0.1799314820111718,0.125,0.25,10,10
96578,792,2,0,0,0,0,0,0,10,10
96579,9,1,0.4330549290057018,0.3125,0.5,0.4705561169627617,0.3125,0.5,9,9
96580,15,3,0,0,0,0,0,0,10,10
96586,15,2,0.7799082337019198,0.5625,0.5,1,0.625,1,10,10
96591,1,2,0.09578105912639352,0,0,0.12599661914210789,0,0,1,10
96592,89,3,0,0,0,0,0,0,10,10
96602,24,3,0.716287445502968,0.5333333333333333,0.5,0.7104770117651424,0.5333333333333333,0.5,10,10
96613,80,3,0,0,0,0.24966402870278917,0.16666666666666666,0.3333333333333333,10,10
96615,79,3,0,0,0,0.06943122193677725,0.0625,0.125,10,10
96616,41,3,0,0,0,0.20511666732794356,0.13333333333333333,0.5,10,10
96622,8,4,0,0,0,0,0,0,8,10
96623,83,3,0,0,0,0,0,0,10,10
96630,15,4,0.41740246484502236,0.375,0.2,0.697285857522106,0.375,1,10,10
96633,20,3,0.09151596308824027,0.06666666666666667,0.125,0.11004588314904007,0.06666666666666667,0.3333333333333333,10,10
96666,21,2,0.24832731843796826,0.18181818181818182,0.14285714285714285,0.46776976648651997,0.36363636363636365,0.3333333333333333,10,10
96682,22,3,0.1610425878239398,0.14285714285714285,0.25,0.09478836436955078,0.07142857142857142,0.25,10,10
96686,3,2,0,0,0,0,0,0,3,10
96689,100,1,0,0,0,0.11004588314904007,0.0625,0.3333333333333333,10,4
96690,12,2,0.22119341301481263,0.1875,0.16666666666666666,0.16354138662029633,0.125,0.2,10,10
96693,1,1,0.22009176629808014,0.0625,1,0.22009176629808014,0.0625,1,1,1
96699,49,3,0,0,0,0.4571816076546107,0.3125,0.5,10,10
96703,188,1,0,0,0,0.19518900079066107,0.13333333333333333,0.3333333333333333,10,10
96739,9,3,0.2583297509898471,0.1111111111111111,0.25,0.4979120568441115,0.14814814814814814,1,9,10
96741,20,3,0.12987501165334073,0.125,0.1111111111111111,0.44793214080335997,0.25,1,10,10
96751,24,4,0,0,0,0.6937613565160448,0.4,1,10,10
96752,3,5,0.24926098697416302,0.0625,1,0.2768684716462677,0.1875,0.5,3,10
96812,48,4,0,0,0,0.23680742154717782,0.25,0.25,10,10
96819,8,4,0.35848513082853684,0.4444444444444444,0.25,0.6652104162612476,0.6666666666666666,1,8,10
96826,45,3,0,0,0,0,0,0,10,10
96833,2,3,0.35895421017163465,0.13333333333333333,1,0.35895421017163465,0.13333333333333333,1,2,10
96840,268,2,0,0,0,0.11004588314904007,0.06666666666666667,0.3333333333333333,10,10
96842,2,4,0,0,0,0,0,0,2,10
96863,5,2,0.7138097836082222,0.3125,1,0.8000460734455755,0.375,1,5,10
96871,67,3,0,0,0,0.5428183923453893,0.23809523809523808,1,10,10
96881,6260,1,0,0,0,0.0636207881989517,0.0625,0.1,10,10
96886,16,4,0.6410457898283652,0.5,0.3333333333333333,0.9363792118010483,0.5625,1,10,10
96889,50,2,0,0,0,0.419619541018513,0.2857142857142857,0.5,10,10
96895,1,4,0,0,0,0.4689503999545294,0.5,0.5,1,10
96901,4,3,0.5637884576902256,0.25,1,0.727329844310522,0.375,1,4,10
96918,4,3,0.5637884576902256,0.25,1,0.5423640154200348,0.25,1,4,10
96922,77,4,0,0,0,0,0,0,10,10
96925,1703,1,0,0,0,0,0,0,10,10
96936,2,2,0,0,0,0,0,0,2,10
96937,9163,1,0,0,0,0,0,0,10,10
96947,184,4,0,0,0,0.06625422345438903,0.0625,0.1111111111111111,10,10
96957,7,2,0,0,0,0,0,0,7,10
96958,1,3,0.22009176629808014,0.0625,1,0.4690000933206747,0.1875,1,1,10
96968,279,2,0,0,0,0,0,0,10,10
96974,21,5,0.7799082337019198,0.23684210526315788,0.5,0.7827392871477701,0.21052631578947367,1,10,10
96979,65,4,0,0,0,0.6848374495230163,0.175,1,10,10
96980,10,1,0.7799082337019198,0.225,0.5,0.8899541168509598,0.225,1,10,10
96985,2021,2,0,0,0,0,0,0,10,10
96991,53,3,0,0,0,0.9716189607861262,0.24390243902439024,1,10,10
97005,4,3,0.6039094289265273,0.26666666666666666,1,0.857673669302587,0.4666666666666667,1,4,10
97006,120,2,0,0,0,0.19930623359011798,0.1875,0.125,10,10
97007,4955,2,0,0,0,0.0636207881989517,0.09090909090909091,0.1,10,10
97011,93,3,0,0,0,0,0,0,10,10
97020,123,4,0,0,0,0.4283854321084119,0.1875,1,10,10
97021,94,3,0,0,0,0.5224955967919309,0.25,1,10,10
97024,116,4,0,0,0,0.07839826897867533,0.0625,0.16666666666666666,10,10
97035,122,4,0,0,0,0.3668007055513128,0.10256410256410256,0.5,10,10
97045,752,3,0,0,0,0,0,0,10,10
97047,6,3,0.6317835583033273,0.3333333333333333,1,0.4362187292870759,0.3333333333333333,0.2,6,10
97053,4,4,0.6597133113683123,0.3333333333333333,1,1,0.8333333333333334,1,4,10
97088,36,2,0,0,0,0.914856882358379,0.5625,1,10,10
97094,75,2,0,0,0,0.2300510610426737,0.0625,1,10,10
97097,107,2,0,0,0,0,0,0,10,10
97109,97,2,0,0,0,0.42883980903376634,0.3076923076923077,0.5,10,10
97111,131,3,0,0,0,0.15139734109601002,0.125,0.2,10,10
97112,99,4,0,0,0,0.20483424751859086,0.125,0.3333333333333333,10,10
97118,10,5,0.5079937796926363,0.375,0.3333333333333333,0.8318477135310891,0.5,1,10,10
97119,5921,2,0,0,0,0.22009176629808014,0.0625,1,10,10
97122,96,2,0,0,0,0.5914640815742043,0.3333333333333333,0.5,10,10
97126,54,2,0,0,0,0.1427951440361373,0.125,0.14285714285714285,10,10
97131,22,5,1,0.3225806451612903,1,0.9266360779006398,0.3225806451612903,1,10,10
97132,3,2,0,0,0,0,0,0,3,10
97135,5,2,0.20483424751859086,0.125,0.3333333333333333,0.35895421017163465,0.125,1,5,10
97142,1,3,0,0,0,0,0,0,1,10
97150,3,4,0,0,0,0.24890832702259458,0.125,0.5,3,10
97152,108,3,0,0,0,0.09478836436955078,0.0625,0.25,10,10
97153,213,3,0,0,0,0,0,0,10,10
97155,41,4,0,0,0,0.15457433957839825,0.125,0.2,10,10
97158,18,3,0,0,0,0,0,0,10,10
97226,51,2,0,0,0,0.21726071285222984,0.125,0.5,10,10
97246,52,2,0,0,0,0.19518900079066107,0.14285714285714285,0.3333333333333333,10,10
97260,264,4,0,0,0,0.046287481291184845,0.0625,0.125,10,10
97275,1,1,0.24926098697416302,0.045454545454545456,1,0.24926098697416302,0.045454545454545456,1,1,1
97307,1110,3,0,0,0,0,0,0,10,10
97309,170,4,0,0,0,0.0636207881989517,0.0625,0.1,10,10
97331,3,4,0.1388624438735545,0.06666666666666667,0.5,0.3301376494471202,0.13333333333333333,1,3,10
97340,12,5,0.12987501165334073,0.125,0.1111111111111111,0.4152807670887412,0.1875,1,10,10
97358,14,1,0.7670273914429263,0.4375,1,0.9305687780632227,0.5625,1,10,10
97363,93,4,0,0,0,0.31488013066763093,0.125,1,10,10
97368,50,2,0,0,0,0.08878855502583598,0.1,0.16666666666666666,10,10
97370,211,4,0,0,0,0.17947710508581732,0.125,0.3333333333333333,10,10
97376,1,2,0,0,0,0,0,0,1,10
97386,40,3,0,0,0,0.7155506487682609,0.375,1,10,10
97468,60,3,0,0,0,0.42724449526787633,0.3125,0.5,10,10
97474,2770,1,0,0,0,0.09478836436955078,0.06666666666666667,0.25,10,10
97506,776,3,0,0,0,0.08514311764162098,0.0625,0.2,10,10
97509,563,2,0,0,0,0.02208474115146301,0,0,10,10
97515,1,4,0,0,0,0.29314363336506033,0.1875,0.5,1,10
97522,2,4,0.1388624438735545,0.02564102564102564,0.5,0.18777172527312785,0.05128205128205128,0.5,2,10
97544,324,2,0,0,0,0.44412286644879784,0.5,0.5,10,10
97547,1324,2,0,0,0,0.09478836436955078,0.020833333333333332,0.25,10,10
97548,14,3,0,0,0,0.06625422345438903,0.0625,0.1111111111111111,10,10
97549,87,4,0,0,0,0.2837125544970318,0.125,1,10,10
97551,6,5,0,0,0,0.20262084573140976,0.125,0.5,6,10
97556,310,2,0,0,0,0.1388624438735545,0.03571428571428571,0.5,10,10
97558,222,3,0,0,0,0.229697286539585,0.09375,0.3333333333333333,10,10
97572,1,5,0.24209587273488012,0.034482758620689655,1,0.40385174981968147,0.10344827586206896,1,1,10
97584,10,3,0.96331803895032,0.625,1,0.96331803895032,0.625,1,10,10
97586,13,3,0,0,0,0,0,0,10,10
97699,6,1,0.42883980903376634,0.25,0.5,0.5637884576902256,0.25,1,6,6
97712,1,3,0.22009176629808014,0.06666666666666667,1,0.6155176560709151,0.4666666666666667,1,1,10
97717,2,3,0.35895421017163465,0.125,1,0.4884006765390575,0.25,1,2,10
97719,17,2,0.20904936749052636,0.14285714285714285,0.14285714285714285,0.6332196796270028,0.23809523809523808,1,10,10
97736,34,1,0.12987501165334073,0.09523809523809523,0.1111111111111111,0.3324958573847505,0.19047619047619047,0.5,10,10
97741,6,1,1,1,1,1,1,1,6,6
97753,59,2,0,0,0,0.14201905717762703,0.125,0.16666666666666666,10,10
97776,1,4,0.18660113481564067,0.06666666666666667,1,0.2530698001594849,0.13333333333333333,1,1,10
97783,12,3,0,0,0,0,0,0,10,10
97793,1086,2,0,0,0,0.09478836436955078,0.0625,0.25,10,10
97803,76,2,0,0,0,0,0,0,10,10
97805,4,2,0.17323812606207392,0.15384615384615385,0.3333333333333333,0.606408723614746,0.38461538461538464,1,4,10
97807,8,3,0.9094987067248556,0.5,1,0.9556668866636359,0.5625,1,8,10
97812,10,2,0.654213072443085,0.7777777777777778,0.3333333333333333,0.9001028253370155,0.7777777777777778,1,10,10
97817,7,1,0.07336392209936005,0.0625,0.14285714285714285,0.07336392209936005,0.0625,0.14285714285714285,7,7
97818,1,3,0.22486036416572236,0.03571428571428571,1,0.5036882912446857,0.14285714285714285,1,1,10
97829,21,4,0.2344065099232999,0.1111111111111111,0.25,0.22009176629808014,0.037037037037037035,1,10,10
97836,11,4,0.6276054559155869,0.5,0.3333333333333333,0.8376030662362992,0.5,1,10,10
97845,63,2,0.12987501165334073,0.125,0.1111111111111111,0.7569021067152308,0.4375,1,10,10
97855,166,2,0,0,0,0.11004588314904007,0.0625,0.3333333333333333,10,10
97861,95,3,0,0,0,0.08009687781155747,0.0625,0.16666666666666666,10,10
97903,4,3,0.34369669139214537,0.1875,0.5,0.800693766409882,0.4375,1,4,10
97916,2241,2,0,0,0,0,0,0,10,10
97919,131,4,0,0,0,0,0,0,10,10
97923,73,3,0,0,0,0.6830838076905164,0.375,1,10,10
97965,8,5,0.3063365306564336,0.2857142857142857,0.2,0.32730659600126993,0.21428571428571427,0.5,8,10
97971,224,3,0,0,0,0,0,0,10,10
97972,62,5,0,0,0,0.6489315753318465,0.3125,1,10,10
97981,7,3,0.38568879408194356,0.35714285714285715,0.3333333333333333,0.5174612499126157,0.2857142857142857,1,7,10
98002,971,2,0,0,0,0,0,0,10,10
98013,3,2,0.5023756245102127,0.1875,1,0.5863529624672699,0.25,1,3,7
98015,19,2,0,0,0,0,0,0,10,10
98018,13,1,1,0.625,1,1,0.625,1,10,10
98049,1,5,0,0,0,0.4291411337886065,0.26666666666666666,1,1,10
98070,2,3,0.420027879946489,0.16666666666666666,1,0.7073960776103205,0.5,1,2,10
98087,174,2,0,0,0,0.25677372734776016,0.0625,1,10,10
98104,47,3,0,0,0,0.3995688713838975,0.21428571428571427,1,10,10
98107,201,3,0,0,0,0.07336392209936005,0.0625,0.14285714285714285,10,10
98120,313,3,0,0,0,0.3379841448267984,0.1,0.3333333333333333,10,10
98124,245,3,0,0,0,0.6042577106420473,0.375,1,10,10
98126,581,2,0,0,0,0,0,0,10,10
98135,322,2,0,0,0,0,0,0,10,10
98141,179,2,0,0,0,0,0,0,10,10
98147,116,4,0,0,0,0.07839826897867533,0.0625,0.16666666666666666,10,10
98148,4,3,0.1388624438735545,0.07142857142857142,0.5,0.22009176629808014,0.07142857142857142,1,4,10
98151,7,3,0.33169367308920716,0.25,0.25,0.7058075148678526,0.375,1,7,10
98157,43,2,0,0,0,0.42333070005078094,0.25,1,10,10
98160,2,6,0,0,0,0,0,0,2,10
98179,22,4,0,0,0,0.22009176629808014,0.0625,1,10,10
98201,65,2,0,0,0,0.21252302622743086,0.3333333333333333,0.2,10,10
98214,4,4,0,0,0,0,0,0,4,10
98220,35,6,0,0,0,0.1388624438735545,0.0625,0.5,10,10
98222,505,3,0,0,0,0,0,0,10,10
98223,190,3,0,0,0,0.11004588314904007,0.06666666666666667,0.3333333333333333,10,10
98227,566,3,0,0,0,0,0,0,10,10
98238,18,3,0.27267015568947806,0.26666666666666666,0.14285714285714285,0.5239294981581574,0.3333333333333333,1,10,10
98244,27,3,0,0,0,0.1388624438735545,0.06666666666666667,0.5,10,10
98270,17,1,0.7799082337019198,0.6,0.5,1,0.6666666666666666,1,10,10
98276,9,1,0.9363792118010483,0.5625,1,0.9363792118010483,0.5625,1,9,9
98283,206,3,0,0,0,0,0,0,10,10
98297,205,4,0,0,0,0.08397733795705717,0.0625,0.16666666666666666,10,10
98298,7750,2,0,0,0,0,0,0,10,10
98299,1,8,0,0,0,0.2906246349515899,0.1875,0.5,1,10
98300,268,3,0,0,0,0,0,0,10,10
98304,100,4,0,0,0,0.2336508082431053,0.125,0.5,10,10
98305,380,4,0,0,0,0,0,0,10,10
98307,85,4,0,0,0,0.0636207881989517,0.0625,0.1,10,10
98310,4861,2,0,0,0,0,0,0,10,10
98311,111,3,0,0,0,0,0,0,10,10
98316,1738,3,0,0,0,0,0,0,10,10
98318,68,3,0,0,0,0,0,0,10,10
98319,8,3,0.08514311764162098,0.0625,0.2,0,0,0,8,10
98323,391,3,0,0,0,0,0,0,10,10
98333,53,3,0,0,0,0,0,0,10,10
98363,41,2,0,0,0,0.7457912185292984,0.625,1,10,10
98376,19,2,0,0,0,0.39375843764607193,0.1875,1,10,10
98382,2,3,0.14187109415106738,0.06666666666666667,0.5,0.7060695757118364,0.4,1,2,10
98385,2,2,0,0,0,0,0,0,2,10
98386,77,3,0,0,0,0.33480714634441017,0.25,0.3333333333333333,10,10
98399,2,3,0,0,0,0,0,0,2,10
98400,1325,2,0,0,0,0,0,0,10,10
98404,5,1,0,0,0,0,0,0,5,5
98406,47,2,0,0,0,0.07336392209936005,0.0625,0.14285714285714285,10,10
98422,19,4,0,0,0,0.06625422345438903,0.0625,0.1111111111111111,10,10
98425,1,3,0.29740901205864334,0.1,1,0.29740901205864334,0.1,1,1,10
98437,20,3,0.27267015568947806,0.25,0.14285714285714285,0.7951657524814091,0.5,1,10,10
98445,250,2,0,0,0,0,0,0,10,10
98447,106,5,0,0,0,0,0,0,10,10
98458,1345,2,0,0,0,0.07839826897867533,0.0625,0.16666666666666666,10,10
98460,1126,1,0,0,0,0.22009176629808014,0.0625,1,10,10
98462,242,3,0,0,0,0,0,0,10,10
98469,5,2,0.6205505361179727,0.3333333333333333,1,0.6274092458891771,0.3333333333333333,1,5,10
98470,5562,1,0,0,0,0,0,0,10,10
98471,140,4,0,0,0,0.4000232483092519,0.07894736842105263,1,10,10
98473,975,3,0,0,0,0.40853591842579556,0.1875,1,10,10
98474,65,4,0,0,0,0.933745776545611,0.28125,1,10,10
98482,21,2,0.19930623359011798,0.1875,0.125,0.8611375561264454,0.5625,1,10,10
98498,5557,1,0,0,0,0,0,0,10,10
98516,8,2,0.22882786096735666,0.13333333333333333,0.25,0.45650001423154074,0.13333333333333333,1,8,10
98517,26,4,0,0,0,0.0636207881989517,0.09090909090909091,0.1,10,10
98532,171,4,0,0,0,0.8283056420594358,0.4375,1,10,10
98534,331,3,0,0,0,0.1427951440361373,0.08,0.14285714285714285,10,10
98551,3,4,0,0,0,0,0,0,3,10
98570,2,5,0.18764419468809046,0.0625,0.5,0.247330217095052,0.125,0.5,2,10
98594,880,3,0,0,0,0.06625422345438903,0.0625,0.1111111111111111,10,10
98596,123,2,0,0,0,0.3301376494471202,0.125,1,10,10
98615,7,2,0,0,0,0,0,0,7,10
98619,23,3,0.19930623359011798,0.2,0.125,0.7573821447149964,0.4666666666666667,1,10,10
98629,187,3,0,0,0,0.47842151728792726,0.25,1,10,10
98633,694,1,0,0,0,0,0,0,10,10
98635,1879,2,0,0,0,0.0636207881989517,0.0625,0.1,10,10
98641,1,2,0,0,0,0,0,0,1,10
98657,116,2,0,0,0,0.3921578479840863,0.10256410256410256,0.5,10,10
98658,6,4,0.5287133633686515,0.25,1,0.1499069094438149,0.0625,1,6,10
98666,7,5,0,0,0,0.04241385879930114,0.06666666666666667,0.1,7,10
98668,2,3,0.8401851084845681,1,1,0.8401851084845681,1,1,2,10
98669,117,2,0,0,0,0.5867019542713146,0.3333333333333333,1,10,10
98674,1,3,0.1982726747057622,0.0625,1,0.38591686939385267,0.125,1,1,10
98675,186,3,0,0,0,0.06625422345438903,0.06666666666666667,0.1111111111111111,10,10
98689,9639,1,0,0,0,0.0728781195196487,0.0625,0.1111111111111111,10,10
98699,33,2,0,0,0,0,0,0,10,10
98730,101,2,0,0,0,0.17318663334822612,0.125,0.25,10,10
98740,2,2,0.35895421017163465,0.125,1,0.35895421017163465,0.125,1,2,10
98754,36,5,0,0,0,0.4400163579154972,0.1875,1,10,10
98755,2,7,0,0,0,0.0636207881989517,0.025,0.1,2,10
98756,42,5,0,0,0,0,0,0,10,10
98768,626,2,0,0,0,0,0,0,10,10
98770,85,4,0,0,0,0.13720222316885192,0.08,0.25,10,10
98771,3,3,0.24890832702259458,0.13333333333333333,0.5,0.8167891381241769,0.5333333333333333,1,3,10
98792,9,3,0.9316827003504699,0.6,1,0.9743760426540914,0.6666666666666666,1,9,10
98805,2,2,0.22009176629808014,0.025,1,0.1388624438735545,0.025,0.5,2,2
98812,38,2,0.3669544978984211,0.38461538461538464,0.16666666666666666,0.17165062877724396,0.15384615384615385,0.25,10,10
98831,10,1,0.3915823049101415,0.1875,0.5,0.5698664345004878,0.1875,1,10,10
98861,12,4,0.12987501165334073,0.125,0.1111111111111111,0.40030566811860463,0.25,0.5,10,10
98863,134,3,0,0,0,0.5431008121547419,0.375,0.5,10,10
98865,26,4,0.12987501165334073,0.15384615384615385,0.1111111111111111,0.4789015552876929,0.3076923076923077,1,10,10
98866,100,3,0,0,0,0.31879392588472627,0.1875,0.5,10,10
98942,6948,1,0,0,0,0,0,0,10,10
98949,72,2,0,0,0,0.11004588314904007,0.06666666666666667,0.3333333333333333,10,10
98961,2,3,0.35895421017163465,0.125,1,0.22009176629808014,0.0625,1,2,10
98968,842,2,0,0,0,0.15824816867981356,0.13333333333333333,0.2,10,10
98971,24,2,0,0,0,0.0636207881989517,0.0625,0.1,10,10
98995,428,2,0,0,0,0,0,0,10,10
99011,227,2,0,0,0,0.06625422345438903,0.0625,0.1111111111111111,10,10
99016,108,2,0,0,0,0.0636207881989517,0.0625,0.1,10,10
99068,492,1,0,0,0,0.5392968862278847,0.6,1,10,10
99098,711,3,0,0,0,0,0,0,10,10
99102,1729,3,0,0,0,0,0,0,10,10
99105,544,3,0,0,0,0,0,0,10,10
99106,48,4,0,0,0,0.2984900352767555,0.125,1,10,10
99107,367,4,0,0,0,0.08878855502583598,0.06666666666666667,0.16666666666666666,10,10
99111,504,4,0,0,0,0,0,0,10,10
99117,16,3,1,0.7692307692307693,1,0.6764792086485426,0.46153846153846156,0.5,10,10
99120,10,2,0.8534611057480674,0.5384615384615384,1,0.8011604859949609,0.5384615384615384,1,10,10
99124,65,3,0,0,0,0.3372080579682881,0.25,0.3333333333333333,10,10
99131,1,2,0.27636045420431316,0.125,1,0.27636045420431316,0.125,1,1,1
99133,1442,2,0,0,0,0,0,0,10,10
99135,129,5,0,0,0,0,0,0,10,10
99146,741,3,0,0,0,0,0,0,10,10
99147,428,4,0,0,0,0,0,0,10,10
99149,28322,1,0,0,0,0,0,0,10,10
99157,4,3,0.3301376494471202,0.15384615384615385,1,0.3995688713838975,0.23076923076923078,1,4,10
99161,1,5,0,0,0,0.0636207881989517,0.0625,0.1,1,10
99167,15,4,0.206415932235089,0.2,0.14285714285714285,0.55206785919664,0.4,0.5,10,10
99171,79,4,0,0,0,0.11004588314904007,0.0625,0.3333333333333333,10,10
99182,1,3,0,0,0,0.4024697156876682,0.3125,0.5,1,10
99184,1073,1,0,0,0,0,0,0,10,10
99186,244,2,0,0,0,0,0,0,10,10
99190,2,2,0.420027879946489,0.125,1,0.420027879946489,0.125,1,2,10
99220,38,2,0,0,0,0.14782949091545258,0.125,0.16666666666666666,10,10
99221,42,4,0,0,0,0,0,0,10,10
99233,461,5,0,0,0,0,0,0,10,10
99236,730,2,0,0,0,0.0636207881989517,0.0625,0.1,10,10
99237,292,3,0,0,0,0.15850703974098104,0.05,0.2,10,10
99240,730,2,0,0,0,0,0,0,10,10
99242,68,4,0,0,0,0,0,0,10,10
99273,50,2,0,0,0,0.3207739579659793,0.16666666666666666,1,10,10
99279,1,3,0.22009176629808014,0.09090909090909091,1,0.746704595889468,0.6363636363636364,1,1,10
99281,32,1,1,0.22727272727272727,1,1,0.22727272727272727,1,10,10
99287,13,6,0.5098388491294251,0.375,0.3333333333333333,0.48638523927211863,0.3125,0.5,10,10
99299,37,3,0,0,0,0.22486036416572236,0.0625,1,10,10
99303,42,3,0,0,0,0.7034066032439745,0.3157894736842105,1,10,10
99336,1,3,0,0,0,0.3323479826322174,0.16666666666666666,1,1,10
99350,509,4,0,0,0,0.07839826897867533,0.0625,0.16666666666666666,10,10
99356,2,5,0,0,0,0,0,0,2,10
99358,428,2,0,0,0,0.13698471029831175,0.13333333333333333,0.14285714285714285,10,10
99359,16,3,0,0,0,0.5925111105360528,0.4,1,10,10
99365,23,2,0,0,0,0.38508696649785973,0.15384615384615385,1,10,10
99369,4,1,0.5321923362337085,0.25,1,0.6122496142821665,0.3125,1,4,5
99371,3,3,0.4690000933206747,0.1875,1,0.5423640154200348,0.25,1,3,10
99384,28,2,0.0636207881989517,0.0625,0.1,0.4319964223378389,0.3125,0.3333333333333333,10,10
99388,5,3,0.35895421017163465,0.16666666666666666,1,0.22009176629808014,0.08333333333333333,1,5,10
99391,3,4,0.19092086617893464,0.16666666666666666,0.5,0.19092086617893464,0.16666666666666666,0.5,3,10
99396,29,3,0,0,0,0.36378941206720433,0.2,1,10,10
99418,7,2,0,0,0,0,0,0,7,10
99425,6361,1,0,0,0,0,0,0,10,10
99428,3150,2,0,0,0,0.08514311764162098,0.0625,0.2,10,10
99430,114,3,0,0,0,0.5919268187287082,0.3125,1,10,10
99431,93,4,0,0,0,0.07336392209936005,0.047619047619047616,0.14285714285714285,10,10
99435,42,2,0,0,0,0,0,0,10,10
99436,15,2,1,0.25,1,0.977915258848537,0.25,1,10,10
99441,3,2,0.26322757470677666,0.14285714285714285,1,0.21888810838148898,0.14285714285714285,1,3,10
99442,20,2,0.08829915600403987,0.06666666666666667,0.125,0.1399508511117305,0.06666666666666667,0.3333333333333333,10,10
99450,3,4,0,0,0,0,0,0,3,10
99465,75416,1,0,0,0,0,0,0,10,10
99471,1,3,0,0,0,0,0,0,1,10
99492,278,3,0,0,0,0.45094977722509666,0.2857142857142857,1,10,10
99499,80,2,0,0,0,0.2832325164972662,0.1875,0.3333333333333333,10,10
99501,225,1,0,0,0,0,0,0,10,10
99517,124,2,0,0,0,0.752969406552648,0.175,1,10,10
99533,69,3,0,0,0,0,0,0,10,10
99534,728,3,0,0,0,0,0,0,10,10
99538,308,3,0,0,0,0.44803002797583846,0.26666666666666666,1,10,10
99540,3553,1,0,0,0,0.07336392209936005,0.08333333333333333,0.14285714285714285,10,10
99542,796,2,0,0,0,0.15457433957839825,0.11764705882352941,0.2,10,10
99546,337,2,0,0,0,0,0,0,10,10
99548,31,2,0,0,0,0.2890008545086454,0.25,0.5,10,10
99561,17,2,0.47176662260549374,0.4375,0.25,0.8578443758788938,0.5,1,10,10
99571,119,4,0,0,0,0,0,0,10,10
99594,13,3,0.9076473607985496,0.625,1,0.8653843823111553,0.625,1,10,10
99611,191,3,0,0,0,0,0,0,10,10
99614,182,2,0,0,0,0.07839826897867533,0.0625,0.16666666666666666,10,10
99622,171,1,0,0,0,0.07336392209936005,0.0625,0.14285714285714285,10,10
99629,10,2,0.583717693439764,0.8571428571428571,0.25,0.6920788373899056,0.5714285714285714,1,10,10
99638,2,2,0.22870824380075022,0.14285714285714285,0.5,0.36249399002998095,0.14285714285714285,1,2,10
99640,78,1,0,0,0,0,0,0,10,10
99649,38,2,0.27267015568947806,0.25,0.14285714285714285,0.1388624438735545,0.0625,0.5,10,10
99655,2,2,0.35895421017163465,0.125,1,0.35895421017163465,0.125,1,2,10
99666,342,4,0,0,0,0,0,0,10,10
99676,308,2,0,0,0,0,0,0,10,10
99677,24,3,0.08514311764162098,0.08333333333333333,0.2,0.22009176629808014,0.08333333333333333,1,10,10
99679,1327,2,0,0,0,0.09684208768602304,0.0625,0.25,10,10
99682,132,3,0,0,0,0,0,0,10,10
99685,1351,2,0,0,0,0,0,0,10,10
99689,230,3,0,0,0,0,0,0,10,10
99696,33,2,0,0,0,0,0,0,10,10
99697,32,4,0,0,0,0,0,0,10,10
99704,155,3,0,0,0,0,0,0,10,10
99712,12,2,0,0,0,0,0,0,10,10
99716,191,2,0,0,0,0.06943122193677725,0.0625,0.125,10,10
99719,788,3,0,0,0,0.12730755037824867,0.05405405405405406,0.16666666666666666,10,10
99724,15,3,0,0,0,0,0,0,10,10
99733,79,2,0,0,0,0.3052348839397011,0.125,1,10,10
99735,728,3,0,0,0,0.2895229882348574,0.125,1,10,10
99745,16,3,0.35106842466815336,0.3125,0.16666666666666666,0.8579809428223729,0.5,1,10,10
99747,70,3,0,0,0,0.1388624438735545,0.0625,0.5,10,10
99753,23,3,0.12987501165334073,0.13333333333333333,0.1111111111111111,0.8701249883466592,0.5333333333333333,1,10,10
99761,7,3,0.6219194762475476,0.375,0.5,0.7890365294329028,0.5625,0.5,7,10
99763,1,2,0.22009176629808014,0.025,1,0.3824031620995705,0.075,1,1,10
99765,23,3,0,0,0,0.4539036202482202,0.3333333333333333,1,10,10
99766,315,3,0,0,0,0.18524876814802907,0.15384615384615385,0.3333333333333333,10,10
99768,896,1,0,0,0,0,0,0,10,10
99773,1,3,0,0,0,0.1388624438735545,0.0625,0.5,1,10
99782,65,1,0,0,0,0.24913449842026078,0.25,0.14285714285714285,10,10
99787,27,2,0,0,0,0.16421958630632802,0.08,0.25,10,10
99792,6,4,0.04154349782902717,0,0,0.08308699565805434,0,0,6,10
99793,7,2,0.2832325164972662,0.2,0.3333333333333333,0.4220949603708207,0.26666666666666666,0.5,7,10
99794,4,3,0.14870450602932167,0.06666666666666667,0.3333333333333333,0.5765024246531174,0.3333333333333333,1,4,10
99809,396,3,0,0,0,0,0,0,10,10
99818,107,4,0,0,0,0,0,0,10,10
99821,299,1,0,0,0,0.2279382616777583,0.07692307692307693,0.2,10,10
99822,23,3,0,0,0,0.284449351231739,0.26666666666666666,0.2,10,10
99823,14041,1,0,0,0,0,0,0,10,10
99825,120,3,0,0,0,0.43735247915031,0.1875,1,10,10
99846,265,5,0,0,0,0.1083259763160482,0.07692307692307693,0.5,10,10
99856,743,4,0,0,0,0,0,0,10,10
99873,19,1,0.27267015568947806,0.2,0.14285714285714285,0.8701249883466592,0.4,1,10,10
99877,2,1,1,1,1,1,1,1,2,2
99879,7,2,0,0,0,0,0,0,7,10
99896,2,5,0.22009176629808014,0.030303030303030304,1,0.4702164940206036,0.15151515151515152,1,2,10
99900,2745,2,0,0,0,0.2934556883974402,0.125,1,10,10
99902,713,2,0,0,0,0.1388624438735545,0.08333333333333333,0.5,10,10
99941,41,1,0,0,0,0.08829915600403987,0.09090909090909091,0.125,10,10
99949,2,2,0.35895421017163465,0.125,1,0.8482378089219647,0.5,1,2,10
99950,207,3,0,0,0,0.28634598975246917,0.125,1,10,10
99951,8,4,0,0,0,0.21222636597291455,0.125,0.5,8,10
99960,19,3,0.1427951440361373,0.18181818181818182,0.14285714285714285,0.5446757407423163,0.45454545454545453,1,10,10
100004,3,1,0.4690000933206747,0.1875,1,0.8701249883466592,0.5,1,3,8
100009,30,1,0,0,0,0.5190001798654488,0.375,0.3333333333333333,10,10
100010,9,5,0.5893002499675077,0.12903225806451613,1,0.524453836935658,0.12903225806451613,1,9,10
100038,5,2,0.20483424751859086,0.125,0.3333333333333333,0.2240055615151755,0.125,0.5,5,10
100046,600,5,0,0,0,0.07257302962625321,0.07142857142857142,0.125,10,10
100051,14839,2,0,0,0,0,0,0,10,10
100053,698,4,0,0,0,0,0,0,10,10
100059,44,3,0,0,0,0.6621137423456801,0.375,1,10,10
100064,682,3,0,0,0,0.11965140339054489,0.027777777777777776,0.14285714285714285,10,10
100084,11,2,0.45292310624138815,0.4,0.2,0.6902433906599497,0.3333333333333333,1,10,10
100089,14,2,0.5722699332580188,0.5,0.3333333333333333,0.530139492605269,0.3333333333333333,0.1111111111111111,10,10
100099,8,2,0.6441943605085224,1,0.5,0.7202097522096597,1,0.2,8,10
100101,23,4,0,0,0,0.4690000933206747,0.1875,1,10,10
100151,1744,3,0,0,0,0,0,0,10,10
100156,452,3,0,0,0,0,0,0,10,10
100160,539,3,0,0,0,0.06625422345438903,0.0625,0.1111111111111111,10,10
100162,808,3,0,0,0,0,0,0,10,10
100164,3,4,0.4690000933206747,0.2,1,0.4690000933206747,0.2,1,3,10
100165,3048,2,0,0,0,0.23690530871965637,0.14285714285714285,0.2,10,10
100177,52,4,0,0,0,0.523153411299647,0.1282051282051282,1,10,10
100195,3,6,0.1388624438735545,0.0625,0.5,0.1388624438735545,0.0625,0.5,3,10
100208,23,3,0.0636207881989517,0.0625,0.1,0.22009176629808014,0.0625,1,10,10
100215,7700,1,0,0,0,0,0,0,10,10
100218,118,4,0,0,0,0,0,0,10,10
100223,1883,3,0,0,0,0.08514311764162098,0.08333333333333333,0.2,10,10
100242,1,3,0,0,0,0,0,0,1,10
100249,1,3,0,0,0,0,0,0,1,10
100250,626,2,0,0,0,0.11004588314904007,0.0625,0.3333333333333333,10,10
100254,119,3,0,0,0,0.10828075925487264,0.07692307692307693,0.2,10,10
100260,106,3,0,0,0,0,0,0,10,10
100271,191,2,0,0,0,0.11004588314904007,0.0625,0.3333333333333333,10,10
100276,932,2,0,0,0,0,0,0,10,10
100281,27,3,0.0636207881989517,0.0625,0.1,0.9363792118010483,0.5625,1,10,10
100302,17,1,0.6410457898283652,0.7272727272727273,0.3333333333333333,1,0.9090909090909091,1,10,10
100304,2,2,0,0,0,0,0,0,2,10
100313,12,3,0.9074250374176303,0.6,1,0.92757976238259,0.6,1,10,10
100320,5,3,0.5927618472407821,0.17391304347826086,1,0.6201543156208374,0.17391304347826086,1,5,10
100331,1,4,0.17169261031494448,0.0625,1,0.05168462573864535,0.0625,0.1111111111111111,1,10
100345,54,3,0,0,0,0.07839826897867533,0.0625,0.16666666666666666,10,10
100350,285,3,0,0,0,0.20511666732794356,0.125,0.5,10,10
100352,670,2,0,0,0,0,0,0,10,10
100356,410,2,0,0,0,0.07336392209936005,0.0625,0.14285714285714285,10,10
100360,6,5,0.23219699466362198,0.08333333333333333,0.25,0.11004588314904007,0.027777777777777776,0.3333333333333333,6,10
100364,24,3,0.09478836436955078,0.0625,0.25,0.11004588314904007,0.0625,0.3333333333333333,10,10
100375,15,2,0.35106842466815336,0.35714285714285715,0.16666666666666666,0.8701249883466592,0.5714285714285714,1,10,10
100376,30,1,0.7799082337019198,0.5625,0.5,0.571614567891588,0.4375,0.3333333333333333,10,10
100392,1,1,0.22009176629808014,0.025,1,0.22009176629808014,0.025,1,1,1
100404,7,2,0.23690530871965637,0.2,0.2,0.4690000933206747,0.2,1,7,10
100407,5,3,0.7138097836082222,0.5,1,0.8222158066082194,0.7,1,5,10
100414,60,2,0,0,0,0,0,0,10,10
100423,10,2,0.7486999155903521,0.5,0.5,0.3119969023879004,0.125,1,10,10
100428,6,5,0.5806020001118017,0.23809523809523808,0.5,0.9368077570869661,0.42857142857142855,1,6,10
100433,8,6,0.848861944492567,0.5,1,0.899477229698041,0.5625,1,8,10
100438,456,4,0,0,0,0.09478836436955078,0.0625,0.25,10,10
100447,3,3,0,0,0,0,0,0,3,10
100472,2,3,0.39484136206016496,0.18181818181818182,1,0.39484136206016496,0.18181818181818182,1,2,10
100477,2,4,0.39484136206016496,0.125,1,0.4434267750732641,0.1875,1,2,10
100481,5,3,0,0,0,0,0,0,5,10
100483,10,4,0.24655055544758617,0.075,0.25,0.40853591842579556,0.075,1,10,10
100491,6,4,0.08009687781155747,0.0625,0.16666666666666666,0.7920353750861068,0.4375,1,6,10
100499,10,4,0,0,0,0,0,0,10,10
100508,86,3,0,0,0,0,0,0,10,10
100513,1,4,0,0,0,0.21726071285222984,0.125,0.5,1,10
100539,44,1,0,0,0,0.6186764869122403,0.3125,1,10,10
100546,7,1,0.4880270375294321,0.3333333333333333,0.3333333333333333,0.6491433236125839,0.3333333333333333,1,7,7
100547,3,5,0.11004588314904007,0.09090909090909091,0.3333333333333333,0,0,0,3,10
100551,25,3,0,0,0,0.3693362536342716,0.26666666666666666,0.5,10,10
100599,9,4,0,0,0,0.29740901205864334,0.13333333333333333,1,9,10
100603,2,1,0.35895421017163465,0.125,1,0.35895421017163465,0.125,1,2,2
100611,18472,1,0,0,0,0,0,0,10,10
100612,13,2,0.14804095548293264,0.3333333333333333,0.125,0,0,0,10,10
100615,313,4,0,0,0,0,0,0,10,10
100617,655,4,0,0,0,0,0,0,10,10
100618,1219,5,0,0,0,0,0,0,10,10
100626,857,2,0,0,0,0.09478836436955078,0.06666666666666667,0.25,10,10
100631,104,4,0,0,0,0.6339753813071974,0.15,1,10,10
100632,62,3,0,0,0,0.5388856921828065,0.1,1,10,10
100635,248,2,0,0,0,0.1799314820111718,0.08,0.25,10,10
100637,31,3,0.08397733795705717,0.0625,0.16666666666666666,0,0,0,10,10
100646,5,3,0.4498912217400155,0.4,0.5,0.698724648930478,0.5,1,5,10
100680,2,3,0.35895421017163465,0.08695652173913043,1,0.39563617122131467,0.08695652173913043,1,2,10
100699,56,2,0,0,0,0,0,0,10,10
100745,4,2,0,0,0,0,0,0,4,10
100780,367,1,0,0,0,0.21222636597291455,0.125,0.5,10,10
100784,12,2,0.7486999155903521,0.5714285714285714,0.5,0.9061779470067727,0.5714285714285714,1,10,10
100787,706,1,0,0,0,0,0,0,10,10
100788,329,1,0,0,0,0,0,0,10,10
100800,18,1,0.6163668470816234,0.4375,0.5,0.6078421520159136,0.375,1,10,10
100807,8,2,0.7312625444731047,0.2,1,0.7827392871477701,0.22857142857142856,1,8,10
100833,6,3,0.09478836436955078,0.0625,0.25,0.09478836436955078,0.0625,0.25,6,10
100836,14,2,1,0.6666666666666666,1,1,0.6666666666666666,1,10,10
100841,5,3,0,0,0,0,0,0,5,10
100842,90,4,0,0,0,0.5352543167750637,0.25,1,10,10
100845,110,2,0,0,0,0.2746417884214161,0.13043478260869565,0.5,10,10
100846,70,3,0,0,0,0.07336392209936005,0.06666666666666667,0.14285714285714285,10,10
100866,3,3,0.3024402401149683,0.125,0.5,0.640469595039523,0.25,1,3,10
100878,3,3,0.420027879946489,0.2,1,0.4717125056851344,0.3,1,3,10
100921,12,5,0.1581220294860863,0.14285714285714285,0.14285714285714285,0.18238589776004135,0.14285714285714285,0.25,10,10
100929,1,2,0,0,0,0,0,0,1,10
100938,27,3,0.4880270375294321,0.375,0.3333333333333333,0.6316243658611127,0.375,1,10,10
100963,2545,2,0,0,0,0.4074153667635756,0.25,0.5,10,10
100969,203,3,0,0,0,0.11004588314904007,0.02564102564102564,0.3333333333333333,10,10
100982,464,2,0,0,0,0.24890832702259458,0.04081632653061224,0.5,10,10
100983,3,3,0.4690000933206747,0.1875,1,0.9363792118010483,0.5625,1,3,10
100998,14,3,0.2615963259463382,0.1875,0.3333333333333333,0.4323181322709947,0.1875,1,10,10
101000,4,3,0,0,0,0,0,0,4,10
101004,152,2,0,0,0,0.9363792118010483,0.6923076923076923,1,10,10
101010,18291,2,0,0,0,0,0,0,10,10
101013,364,2,0,0,0,0.2934556883974402,0.16666666666666666,1,10,10
101014,39,4,0.19930623359011798,0.1875,0.125,0.3621108234757072,0.1875,1,10,10
101016,1,1,0,0,0,0,0,0,1,1
101026,273,2,0,0,0,0,0,0,10,10
101043,16,3,0.35106842466815336,0.3125,0.16666666666666666,0.6816604510406281,0.4375,1,10,10
101044,614,2,0,0,0,0,0,0,10,10
101047,164,3,0,0,0,0.2997945043398921,0.1875,0.5,10,10
101060,2,3,0.4361533373077281,0.15384615384615385,1,0.6881780193257718,0.38461538461538464,1,2,10
101105,2,5,0.35895421017163465,0.05714285714285714,1,0.6464018466408363,0.17142857142857143,1,2,10
101109,24,1,1,0.625,1,0.92663607790064,0.5625,1,10,10
101116,8,3,0,0,0,0,0,0,8,10
101176,2,6,0,0,0,0.22882786096735666,0.13333333333333333,0.25,2,10
101188,17,2,0.35106842466815336,0.3125,0.16666666666666666,0.9768562593544076,0.625,1,10,10
101194,3269,3,0,0,0,0,0,0,10,10
101208,2084,2,0,0,0,0,0,0,10,10
101209,1603,3,0,0,0,0,0,0,10,10
101223,41,3,0,0,0,0.866947989864271,0.5,1,10,10
101230,1,2,0.22009176629808014,0.06666666666666667,1,0.22009176629808014,0.06666666666666667,1,1,1
101241,8143,1,0,0,0,0,0,0,10,10
101248,69,2,0,0,0,0.2357541930550393,0.08333333333333333,1,10,10
101269,21,1,0.19930623359011798,0.1875,0.125,0.4915261823075979,0.3125,0.5,10,10
101281,8,1,0.22009176629808014,0.0625,1,0.06943122193677725,0.0625,0.125,8,8
101305,45,2,0,0,0,0.2731381260017305,0.375,0.25,10,10
101306,6,3,0.4690000933206747,0.2,1,0.51071640124967,0.26666666666666666,1,6,10
101329,1018,1,0,0,0,0,0,0,10,10
101331,18,3,0.04241385879930114,0.07692307692307693,0.1,0.20262084573140976,0.15384615384615385,0.5,10,10
101333,6,3,0.27951492300770964,0.25,0.3333333333333333,0.4875305524756449,0.3333333333333333,1,6,10
101353,136,2,0,0,0,0,0,0,10,10
101392,1,3,0,0,0,0.07336392209936005,0.0625,0.14285714285714285,1,10
101394,40,1,0.2693581454414097,0.26666666666666666,0.14285714285714285,0.8408436653657579,0.4666666666666667,1,10,10
101398,54,3,0,0,0,0.3570764765963919,0.1875,1,10,10
101400,213,3,0,0,0,0.32458397444423615,0.25,0.25,10,10
101407,3,5,0.5698664345004878,0.1875,1,0.8773649372714659,0.5,1,3,10
101420,49,4,0,0,0,0.30701473034246535,0.1875,0.5,10,10
101422,1,3,0,0,0,0,0,0,1,10
101440,8,2,0,0,0,0,0,0,8,10
101457,4,2,0,0,0,0,0,0,4,10
101467,2,4,0.35895421017163465,0.125,1,0.8842812967720378,0.5625,1,2,10
101492,4,4,0.3780584428859573,0.1875,0.5,0.41410316128303337,0.25,0.5,4,10
101495,99,4,0,0,0,0.1073508639320094,0.08333333333333333,0.25,10,10
101496,13,5,0.26131488014297655,0.25,0.16666666666666666,0.6595200335766678,0.375,1,10,10
101501,26,4,0.35106842466815336,0.3125,0.16666666666666666,0.7058075148678526,0.375,1,10,10
101504,185,1,0,0,0,0.11004588314904007,0.07142857142857142,0.3333333333333333,10,10
101523,1,2,0.22009176629808014,0.0625,1,0.7510916729774053,0.5,1,1,10
101524,20,1,0.20362448363868388,0.1875,0.125,0.8857316381822387,0.5,1,10,10
101527,8,3,0.6037457407573941,0.17647058823529413,0.5,0.7436041517241594,0.20588235294117646,1,8,10
101529,3,4,0.4791616403996509,0.2727272727272727,1,0.7857612278370889,0.6363636363636364,1,3,8
101545,14,2,0.9363792118010483,0.5625,1,0.8115558478722846,0.5,1,10,10
101611,48,2,0,0,0,1,0.625,1,10,10
101635,106,3,0,0,0,0.4346298575932762,0.3125,0.3333333333333333,10,10
101643,101,3,0,0,0,0,0,0,10,10
101644,123,3,0,0,0,0.3921578479840863,0.15384615384615385,0.5,10,10
101646,6,2,0.07839826897867533,0.07142857142857142,0.16666666666666666,0.22009176629808014,0.07142857142857142,1,6,10
101655,13,3,0.16421958630632802,0.05128205128205128,0.25,0.31646181538412904,0.10256410256410256,0.3333333333333333,10,10
101656,38,3,0.19930623359011798,0.1875,0.125,0.3822360008387525,0.3125,0.25,10,10
101657,12,2,0.5373738093622551,0.42857142857142855,0.3333333333333333,0.50584797799981,0.42857142857142855,0.3333333333333333,10,10
101658,10,3,0.3035593238776853,0.25,0.25,0.35571312846729725,0.25,0.5,10,10
101662,14,1,1,0.625,1,1,0.625,1,10,10
101675,3,2,0.11502553052133685,0.0625,0.3333333333333333,0.2300510610426737,0.0625,1,3,10
101681,15,3,0.7799082337019198,0.6428571428571429,0.5,0.933745776545611,0.6428571428571429,1,10,10
101683,12,5,0.2556197614173303,0.1111111111111111,0.16666666666666666,0.767655432888763,0.2222222222222222,1,10,10
101692,14,4,0.9524016186546208,0.625,1,1,0.625,1,10,10
101703,34,2,0.0636207881989517,0.02631578947368421,0.1,0.9305687780632227,0.23684210526315788,1,10,10
101713,2,3,0.35895421017163465,0.125,1,0.9421111095506693,0.625,1,2,10
101719,3,3,0.46497413531917675,0.1875,1,0.7890450135057799,0.5625,1,3,10
101725,22,2,0.0636207881989517,0.0625,0.1,1,0.625,1,10,10
101732,19,4,0.6410457898283652,0.21621621621621623,0.3333333333333333,0.9216017310213247,0.24324324324324326,1,10,10
101736,1103,3,0,0,0,0.31204907722178066,0.09375,0.5,10,10
101742,47,3,0,0,0,0.35895421017163465,0.125,1,10,10
101758,304,3,0,0,0,0.3052348839397011,0.125,1,10,10
101759,472,2,0,0,0,0.13305201013572895,0.13333333333333333,0.125,10,10
101761,26,4,0,0,0,0.47842151728792726,0.26666666666666666,1,10,10
101764,17,3,0.12987501165334073,0.14285714285714285,0.1111111111111111,0.7123736502858727,0.5,1,10,10
101766,474,4,0,0,0,0,0,0,10,10
101784,7,1,0.35920382144435087,0,0,0.35920382144435087,0,0,7,7
101790,73,1,0,0,0,0.16354138662029633,0.15384615384615385,0.2,10,10
101793,5,2,0.6608397947263838,0.8,0.5,0.8687949224876581,0.8,1,5,10
101805,6,3,0.8000460734455755,0.375,1,0.9490848368915717,0.5625,1,6,10
101810,416,3,0,0,0,1,1,1,10,10
101812,8,3,0.1427951440361373,0.15384615384615385,0.14285714285714285,0.7155506487682609,0.46153846153846156,1,8,10
101817,3,2,0.6934264036172708,1,0.5,1,1,1,3,10
101821,11,2,0.2715666231427311,0.4,0.2,0.6179367886094942,0.4,1,10,10
101839,1,5,0,0,0,0,0,0,1,10
101842,1,6,0.26742619438551957,0.0625,1,0.7598850099631943,0.4375,1,1,10
101851,9,3,0.819759212655973,0.6,1,0.7158528240576217,0.6,0.3333333333333333,9,10
101856,1002,2,0,0,0,0.6343524338792674,0.4666666666666667,1,10,10
101867,11,1,0.5309999066793252,0.4375,0.25,0.8603818544462509,0.5,1,10,10
101882,4,1,0.7751482523375255,0.6666666666666666,1,0.7751482523375255,0.6666666666666666,1,4,4
101899,4,1,0.2336508082431053,0.13333333333333333,0.5,0.3301376494471202,0.13333333333333333,1,4,4
101904,1,2,0.22009176629808014,0.0625,1,0.22009176629808014,0.0625,1,1,1
101905,1779,1,0,0,0,0.5486641162327787,0.42857142857142855,0.5,10,10
101914,11,4,0.9755453593002132,0.625,1,0.9567083294488864,0.625,1,10,10
101917,3,2,0.3245414823406441,0.2857142857142857,0.5,0.4680258505411214,0.2857142857142857,1,3,10
101939,16,4,1,0.625,1,1,0.625,1,10,10
101962,20,2,0.29993088983163674,0.3076923076923077,0.14285714285714285,0.8000460734455755,0.46153846153846156,1,10,10
101969,33,3,0,0,0,0.41338034030572435,0.5,0.3333333333333333,10,10
101976,4,3,0.3502636138908894,0.3,0.5,0.6993983530064639,0.6,1,4,10
101979,1065,3,0,0,0,0.664550862590272,0.75,1,10,10
101981,14,1,0.5467588651850904,0.6,0.25,0.6380039365826193,0.4,1,10,10
101983,11,1,0.7799082337019198,0.5625,0.5,0.9216017310213247,0.5625,1,10,10
101989,5,4,0.3096238602472246,0.25,0.5,0.552562894251131,0.3333333333333333,1,5,10
101991,2,2,0.45650001423154074,0.125,1,0.45650001423154074,0.125,1,2,10
101993,1,1,0,0,0,0,0,0,1,1
101996,115,3,0,0,0,0.7183424120903081,0.4375,1,10,10
102020,12,2,0.5137904800705166,0.4444444444444444,1,0.43822918213205725,0.4444444444444444,0.5,10,10
102026,263,1,0,0,0,0.2240055615151755,0.125,0.5,10,10
102029,209,3,0,0,0,0.1994180451961522,0.13333333333333333,0.3333333333333333,10,10
102032,25,1,0,0,0,0.08090973693930592,0.07142857142857142,0.1,10,10
102033,3,4,0.35895421017163465,0.18181818181818182,1,0.42883980903376634,0.36363636363636365,0.5,3,10
102046,4,3,0.4690000933206747,0.2,1,1,0.6666666666666666,1,4,10
102047,1155,1,0,0,0,0,0,0,10,10
102060,19,3,0.43845529888693857,0.7142857142857143,0.16666666666666666,0.9093183643170806,1,1,10,10
102069,1,3,0,0,0,0,0,0,1,10
102074,20,2,0.43621154230977444,0.4,0.2,0.7506372960520508,0.4666666666666667,1,10,10
102077,16,2,0.6410457898283652,0.5714285714285714,0.3333333333333333,0.9363792118010483,0.6428571428571429,1,10,10
102085,1468,2,0,0,0,0.6334468165144638,0.6666666666666666,0.5,10,10
102096,187,1,0,0,0,0.16421958630632802,0.125,0.25,10,10
102103,1,5,0.22009176629808014,0.1,1,0.800693766409882,0.7,1,1,10
102104,1,6,0.0991363373528811,0,0,0.2272234270063059,0.06666666666666667,0.25,1,10
102106,1,3,0.29740901205864334,0.0625,1,0.3680351637959668,0.125,1,1,10
102108,201,2,0,0,0,0.6156597083120647,0.4444444444444444,1,10,10
102126,16,3,0.06625422345438903,0.07142857142857142,0.1111111111111111,0.22009176629808014,0.07142857142857142,1,10,10
102150,2,5,0.39484136206016496,0.15384615384615385,1,0.9058516050475467,0.6923076923076923,1,2,10
102156,2,2,0,0,0,0,0,0,2,10
102159,383,2,0,0,0,0.6134284280864849,0.5,1,10,10
102164,6,4,0.7790889382842405,0.375,1,0.7790889382842405,0.375,1,6,10
102185,228,1,0,0,0,0.3734870761500326,0.3125,0.25,10,10
102191,10,1,0.28997736516021183,0.1875,0.3333333333333333,0.31879392588472627,0.1875,0.5,10,9
102192,41,3,0,0,0,0.11360070423970328,0.06666666666666667,0.125,10,10
102200,1,3,0.21260923656925967,0.14285714285714285,1,0.21260923656925967,0.14285714285714285,1,1,10
102221,3,3,0,0,0,0.11358538324453456,0.125,0.1111111111111111,3,10
102224,58,1,0,0,0,0.800693766409882,0.4375,1,10,10
102240,1,4,0.29740901205864334,0.06666666666666667,1,0.5905760489948395,0.3333333333333333,1,1,10
102252,110,4,0,0,0,0.1347578087129495,0.09090909090909091,0.14285714285714285,10,10
102258,71905,1,0,0,0,0,0,0,10,10
102260,4,2,0.20483424751859086,0.15384615384615385,0.3333333333333333,0.35895421017163465,0.15384615384615385,1,4,10
102262,7280,2,0,0,0,0,0,0,10,10
102263,504,2,0,0,0,0.7116179486056782,0.4,1,10,10
102265,1,1,0,0,0,0,0,0,1,1
102292,114,1,0,0,0,0.4825387500873842,0.375,0.3333333333333333,10,10
102296,4,3,0.49722434689424005,0.2727272727272727,1,0.6084707922400721,0.36363636363636365,1,4,10
102297,13,2,0.35106842466815336,0.3333333333333333,0.16666666666666666,0.6489315753318465,0.3333333333333333,1,10,10
102299,685,1,0,0,0,0,0,0,10,10
102304,28,3,0,0,0,0.29740901205864334,0.09090909090909091,1,10,10
102305,2,2,0.29740901205864334,0.08333333333333333,1,0.29740901205864334,0.08333333333333333,1,2,10
102307,4,3,0.5637884576902256,0.3333333333333333,1,0.6785038377365555,0.5,1,4,10
102308,17,3,0.22398720019488638,0.2222222222222222,0.125,0.3403963511666563,0.1111111111111111,1,10,10
102325,6,3,0.7713023273551554,0.4,1,0.7821808872216572,0.4,1,6,10
102326,4,3,0.5126165629532832,0.25,1,0.8369256770986023,0.5,1,4,10
102328,7,2,0,0,0,0,0,0,7,10
102331,20,3,0.6410457898283652,0.5333333333333333,0.3333333333333333,1,0.6666666666666666,1,10,10
102334,112,2,0,0,0,0.279901702223461,0.0625,1,10,10
102343,75,2,0,0,0,0.5375847613405781,0.1875,1,10,10
102344,16,2,0.6410457898283652,0.5714285714285714,0.3333333333333333,1,0.7142857142857143,1,10,10
102345,1,4,0.22009176629808014,0.0625,1,0.727329844310522,0.375,1,1,10
102350,1,4,0,0,0,0.11248476194813903,0.0625,0.5,1,10
102358,4,3,0.515889298427605,0.2727272727272727,1,0.4648227634645506,0.2727272727272727,1,4,10
102359,10,2,0.29612446818732513,0.4,0.2,0.6499585627060159,0.4,1,10,10
102360,16,3,0.5309999066793252,0.4375,0.25,0.8579809428223729,0.5,1,10,10
102361,2855,3,0,0,0,0.2379016308486397,0.1875,0.16666666666666666,10,10
102362,1877,2,0,0,0,0.09478836436955078,0.0625,0.25,10,10
102369,24,3,0,0,0,0.6448244864271547,0.5,1,10,10
102375,3,2,0.35895421017163465,0.16666666666666666,1,0.35895421017163465,0.16666666666666666,1,3,10
102393,7,3,0.8873335660815357,0.875,1,0.9805201056238131,1,1,7,10
102395,3751,1,0,0,0,0,0,0,10,10
102401,137,1,0,0,0,0,0,0,10,10
102402,5,3,0.1274201206755742,0.1111111111111111,0.25,0.2958603580505538,0.1111111111111111,1,5,10
102435,18,2,0.7799082337019198,0.5625,0.5,0.8611375561264454,0.5625,1,10,10
102436,86,1,0,0,0,0.4556051495874604,1,0.2,10,10
102441,5,2,0.6471469406568421,0.5,1,0.5029165480782185,0.4,1,5,10
102446,12,2,0.7649544505855145,0.8888888888888888,0.5,0.8959590319849099,0.8888888888888888,1,10,10
102448,532,2,0,0,0,0.3301376494471202,0.125,1,10,10
102465,1,3,0.29740901205864334,0.07142857142857142,1,0.29740901205864334,0.07142857142857142,1,1,10
102469,5,2,0.6287982464630402,0.3076923076923077,1,0.5136240535264184,0.23076923076923078,1,5,10
102471,164,2,0,0,0,0.7582378528772369,0.6666666666666666,1,10,10
102477,9,3,0.8996972507513683,0.6,1,0.8900917305098635,0.6,1,9,10
102484,4,3,0.37941405415148566,0.25,1,0.5829485244140089,0.625,0.5,4,10
102488,4,3,0,0,0,0,0,0,4,10
102490,4,2,1,1,1,1,1,1,4,10
102507,6,2,0.6489315753318465,0.5,1,0.6172839611614817,0.5,1,6,10
102519,85,2,0,0,0,0,0,0,10,10
102538,1,2,0.3546717849523194,0.2,1,0.3546717849523194,0.2,1,1,2
102543,11,2,1,0.625,1,1,0.625,1,10,10
102561,2,1,0,0,0,0,0,0,2,2
102562,63,2,0,0,0,0.22009176629808014,0.0625,1,10,10
102569,2639,4,0,0,0,0.7315449642824574,0.5384615384615384,1,10,10
102570,47,4,0,0,0,0,0,0,10,10
102571,3,3,0.47207331052714424,0.1875,1,0.5216414792035848,0.1875,1,3,10
102580,512,2,0,0,0,0.07336392209936005,0.06666666666666667,0.14285714285714285,10,10
102589,1,3,0,0,0,0,0,0,1,10
102591,58,3,0,0,0,0.09173721265128025,0.06666666666666667,0.16666666666666666,10,10
102605,16,3,0.12987501165334073,0.13333333333333333,0.1111111111111111,0.35895421017163465,0.13333333333333333,1,10,10
102610,56,3,0.10866808225369018,0.125,0.1111111111111111,0.42724449526787633,0.3125,0.5,10,10
102631,345,2,0,0,0,0,0,0,10,10
102654,61,4,0,0,0,0.20483424751859086,0.05263157894736842,0.3333333333333333,10,10
102662,1199,2,0,0,0,0.20483424751859086,0.125,0.3333333333333333,10,10
102665,59,3,0,0,0,0.06625422345438903,0.0625,0.1111111111111111,10,10
102674,409,2,0,0,0,0.1884441521277154,0.125,0.3333333333333333,10,10
102684,6,1,0.28997736516021183,0.23076923076923078,0.3333333333333333,0.31204907722178066,0.23076923076923078,0.5,6,6
102693,55,4,0,0,0,0,0,0,10,10
102697,104,3,0,0,0,0,0,0,10,10
102699,5,4,0.1799314820111718,0.125,0.25,0.15850703974098104,0.125,0.2,5,10
102701,54,6,0,0,0,0.20827328063201606,0.1875,0.16666666666666666,10,10
102703,3,4,0,0,0,0,0,0,3,10
102705,335,3,0,0,0,0,0,0,10,10
102706,3,4,0.35895421017163465,0.125,1,0.5631102580041938,0.3125,1,3,10
102721,169,2,0,0,0,0,0,0,10,10
102723,59,3,0,0,0,0,0,0,10,10
102724,37,4,0,0,0,0.07336392209936005,0.0625,0.14285714285714285,10,10
102728,11237,1,0,0,0,0,0,0,10,10
102732,4,5,0,0,0,0,0,0,4,10
102740,6136,3,0,0,0,0.22044053267486038,0.3333333333333333,0.14285714285714285,10,10
102742,6,4,0.8000460734455755,0.6,1,0.8000460734455755,0.6,1,6,10
102753,23,3,0,0,0,0.5266128295913879,0.5,0.5,10,10
102755,3,3,0,0,0,0.26187874575569087,0.1875,0.5,3,10
102756,211,2,0,0,0,0.6851198693323689,0.7272727272727273,0.5,10,10
102767,11,2,0.34236574416173654,0.375,0.3333333333333333,0.553731377871312,0.375,1,10,10
102771,12,3,0.33230348530638715,0.26666666666666666,0.2,0.37832397911867593,0.2,0.5,10,10
102774,7,3,0.6105858728157116,0.5,1,0.5407153339336951,0.5,1,7,10
102776,7,3,0.8134958441530689,0.4375,1,0.9200326865267714,0.5625,1,7,10
102812,15,2,0.35106842466815336,0.3333333333333333,0.16666666666666666,0.8701249883466592,0.5333333333333333,1,10,10
102819,7,3,0.2604979528242145,0.2,0.25,0.503150297935451,0.2,1,7,10
102823,36,3,0,0,0,0.5599332595218056,0.3125,1,10,10
102834,57,2,0,0,0,0.42049964660493067,0.35714285714285715,0.5,10,10
102847,10,1,1,0.7142857142857143,1,1,0.7142857142857143,1,10,10
102854,33,1,0,0,0,0.3060115778056325,0.2,0.3333333333333333,10,10
102859,20,3,0.0636207881989517,0.0625,0.1,0.9102464554748231,0.5625,1,10,10
102865,3634,1,0,0,0,0.06625422345438903,0.0625,0.1111111111111111,10,10
102874,20,2,0.12987501165334073,0.13333333333333333,0.1111111111111111,0.7948833326720564,0.5333333333333333,1,10,10
102877,10,3,0.9368077570869661,0.6428571428571429,1,0.9510907186004267,0.6428571428571429,1,10,10
102885,94,4,0,0,0,0.2837125544970318,0.06060606060606061,1,10,10
102895,3,2,0,0,0,0,0,0,3,10
102899,38,2,0,0,0,0.8165901947515998,0.5,1,10,10
102904,29,3,0,0,0,0.7885497208855956,0.5384615384615384,1,10,10
102905,19,3,0.43621154230977444,0.375,0.2,1,0.625,1,10,10
102914,4088,2,0,0,0,0,0,0,10,10
102921,1328,3,0,0,0,0,0,0,10,10
102924,332,3,0,0,0,0,0,0,10,10
102930,3,3,0.4690000933206747,0.1875,1,0.6772733739526907,0.375,1,3,10
102937,4,1,0.23968543142182333,0.13333333333333333,0.3333333333333333,0.3684548891580317,0.13333333333333333,1,4,4
102942,1,2,0.22009176629808014,0.08333333333333333,1,0.447029639070373,0.25,1,1,10
102952,37,2,0,0,0,0.933745776545611,0.6923076923076923,1,10,10
102956,8,3,0.857673669302587,0.4375,1,0.857673669302587,0.4375,1,8,10
102971,86,3,0,0,0,0.07730350643290392,0.0625,0.1,10,10
102972,135,3,0,0,0,0.36792125721353275,0.1875,1,10,10
102978,77,3,0,0,0,1,0.625,1,10,10
102979,5,2,0.7530215460689473,0.5555555555555556,1,0.7530215460689473,0.5555555555555556,1,5,5
102980,8,2,0.6500332220485789,0.30434782608695654,0.5,0.8651923663606461,0.34782608695652173,1,8,10
102992,5,1,0,0,0,0,0,0,5,5
102993,2,3,0,0,0,0,0,0,2,10
102995,2,4,0,0,0,0,0,0,2,10
103013,2,4,0,0,0,0.5626475208496899,0.4666666666666667,0.3333333333333333,2,10
103017,43,2,0,0,0,0.27282351819770073,0.1875,0.3333333333333333,10,10
103029,9,2,0.9363792118010483,0.6,1,1,0.6666666666666666,1,9,10
103031,7,2,0,0,0,0,0,0,7,10
103034,947,2,0,0,0,0.3321737110889728,0.25,0.3333333333333333,10,10
103049,1,2,0,0,0,0,0,0,1,9
103050,1,3,0,0,0,0,0,0,1,10
103053,227,2,0,0,0,0.32776097292662437,0.25,0.25,10,10
103090,181,2,0,0,0,0.3570764765963919,0.1875,1,10,10
103111,1193,3,0,0,0,0,0,0,10,10
103112,152,3,0,0,0,0.1388624438735545,0.07142857142857142,0.5,10,10
103113,2824,1,0,0,0,0,0,0,10,10
103120,21,1,0.27267015568947806,0.26666666666666666,0.14285714285714285,1,0.6666666666666666,1,10,10
103130,191,2,0,0,0,0.14588900179744113,0.2,0.14285714285714285,10,10
103138,28,1,0,0,0,0.4443070175133393,0.23809523809523808,0.3333333333333333,10,10
103142,17,1,1,0.625,1,1,0.625,1,10,10
103154,5,1,0,0,0,0,0,0,5,5
103190,23,3,0,0,0,0,0,0,10,10
103201,25,5,0.0636207881989517,0.0625,0.1,0.4888292218249754,0.25,1,10,10
103203,818,2,0,0,0,0,0,0,10,10
103205,200,3,0,0,0,0.20511666732794356,0.18181818181818182,0.5,10,10
103206,31,8,0,0,0,0.20927226976888424,0.125,0.3333333333333333,10,10
103219,134,2,0,0,0,1,0.8333333333333334,1,10,10
103233,82,2,0,0,0,0,0,0,10,10
103234,7,2,0,0,0,0,0,0,7,10
103242,4,2,0.5637884576902256,0.2857142857142857,1,0.4690000933206747,0.21428571428571427,1,4,10
103244,4,2,0.53686474870653,0.2857142857142857,1,0.524648928407747,0.2857142857142857,1,4,10
103247,9,3,0.07495345472190745,0.0625,0.14285714285714285,0.1952690126921057,0.125,0.5,9,10
103249,48,2,0,0,0,0.6489315753318465,0.3125,1,10,10
103254,14,1,0,0,0,0,0,0,10,10
103263,64,4,0,0,0,0.4530643748551538,0.25,1,10,10
103306,100,2,0,0,0,0,0,0,10,10
103311,2,5,0.24209587273488012,0.09090909090909091,1,0.3874365156088697,0.18181818181818182,1,2,10
103315,48,3,0,0,0,0.07839826897867533,0.025,0.16666666666666666,10,10
103331,41,3,0.0636207881989517,0.0625,0.1,0.3301376494471202,0.125,1,10,10
103372,44,2,0,0,0,0.07336392209936005,0.07692307692307693,0.14285714285714285,10,10
103381,186,3,0,0,0,0,0,0,10,10
103393,4640,1,0,0,0,0,0,0,10,10
103397,1,5,0.22009176629808014,0.025,1,0.6282812906925691,0.15,1,1,10
103401,1,2,0.22009176629808014,0.03571428571428571,1,0.22009176629808014,0.03571428571428571,1,1,1
103404,207,4,0,0,0,0,0,0,10,10
103406,249,3,0,0,0,0.09478836436955078,0.0625,0.25,10,10
103407,1640,1,0,0,0,0.26845503571754253,0.08571428571428572,0.3333333333333333,10,10
103410,2,3,0.4554327452915171,0.2857142857142857,1,0.4554327452915171,0.2857142857142857,1,2,10
103442,115,2,0,0,0,0.11004588314904007,0.0625,0.3333333333333333,10,10
103443,74,1,0,0,0,0,0,0,10,10
103447,5,5,0.47171391087334197,0.25,0.5,0.7196548917423647,0.375,1,5,10
103450,1,3,0,0,0,0.7510916729774053,0.6666666666666666,1,1,10
103460,7,1,0.3405647621862236,0.08571428571428572,0.3333333333333333,0.4755134108426828,0.08571428571428572,1,7,7
103461,10,2,0.25476549787484776,0.23076923076923078,0.25,0.417387424060141,0.23076923076923078,1,10,10
103470,3,6,0.15726617308658694,0.07142857142857142,0.5,0.27547201582192754,0.07142857142857142,1,3,10
103481,8207,1,0,0,0,0,0,0,10,10
103490,269,3,0,0,0,0.2560956285453115,0.2222222222222222,0.5,10,10
103492,32,5,0.23865109000959459,0.25,0.14285714285714285,0.4312130497279778,0.3125,0.3333333333333333,10,10
103494,37,2,0,0,0,0.2934556883974402,0.11764705882352941,1,10,10
103500,8,2,0.7879805799931952,0.4375,1,0.7749315318280786,0.4375,1,8,10
103505,1,3,0,0,0,0,0,0,1,10
103570,12,2,0,0,0,0,0,0,10,10
103577,15,4,0,0,0,0.07336392209936005,0.0625,0.14285714285714285,10,10
103582,5,3,0.14874433492765377,0.1,0.5,0.2357541930550393,0.1,1,5,10
103588,199,4,0,0,0,0.11004588314904007,0.06666666666666667,0.3333333333333333,10,10
103589,548,2,0,0,0,0.11004588314904007,0.06666666666666667,0.3333333333333333,10,10
103620,1659,3,0,0,0,0,0,0,10,10
103621,19,4,0,0,0,0.11004588314904007,0.0625,0.3333333333333333,10,10
103623,85,2,0,0,0,0,0,0,10,10
103628,73,3,0,0,0,0,0,0,10,10
103632,53,3,0,0,0,0.22082856303278728,0.2,0.2,10,10
103648,426,5,0,0,0,0.2578753740644927,0.1875,0.3333333333333333,10,10
103653,185,2,0,0,0,0.48533041909127933,0.6666666666666666,0.25,10,10
103677,9666,2,0,0,0,0,0,0,10,10
103683,17,4,0,0,0,0,0,0,10,10
103700,124,2,0,0,0,0.5344281285215616,0.35714285714285715,1,10,10
103701,123,3,0,0,0,0,0,0,10,10
103705,13,4,0,0,0,0.09448730548047111,0.16666666666666666,0.1111111111111111,10,10
103706,2,3,0,0,0,0.23504554941448536,0.1111111111111111,1,2,10
103709,96,3,0,0,0,0.0636207881989517,0.0625,0.1,10,10
103710,173,2,0,0,0,0.07839826897867533,0.06666666666666667,0.16666666666666666,10,10
103711,18,4,0,0,0,0,0,0,10,10
103714,9,4,0.07336392209936005,0.0625,0.14285714285714285,0.06943122193677725,0.0625,0.125,9,10
103722,33,3,0,0,0,0,0,0,10,10
103727,29,3,0.12987501165334073,0.16666666666666666,0.1111111111111111,0.7019727018777484,0.5,1,10,10
103728,34,4,0,0,0,0.3149608464566687,0.1875,1,10,10
103747,1,3,0,0,0,0.3431215558595395,0.36363636363636365,0.5,1,10
103749,166,3,0,0,0,0.0636207881989517,0.0625,0.1,10,10
103754,1413,3,0,0,0,0,0,0,10,10
103769,773,2,0,0,0,0.06943122193677725,0.0625,0.125,10,10
103771,12,3,0.06499922211334154,0.1,0.1,0.2998138188876298,0.2,1,10,10
103778,223,3,0,0,0,0,0,0,10,10
103794,78,2,0,0,0,0.15139734109601002,0.125,0.2,10,10
103799,186,3,0,0,0,0,0,0,10,10
103801,47,1,0.2700193392678607,0.21428571428571427,0.25,0.31082564503837423,0.21428571428571427,0.5,10,10
103803,47,4,0,0,0,0,0,0,10,10
103806,208,3,0,0,0,0.1668079615767874,0.13333333333333333,0.3333333333333333,10,10
103816,328,3,0,0,0,0,0,0,10,10
103822,8,4,0,0,0,0,0,0,8,10
103824,66,3,0,0,0,0.0636207881989517,0.0625,0.1,10,10
103826,161,3,0,0,0,0.34369669139214537,0.1875,0.5,10,10
103829,8,2,0.5111707781750245,0.375,0.3333333333333333,0.8572048559638626,0.5,1,8,10
103847,21,3,0.23773355670838656,0.25,0.14285714285714285,0.658979398485006,0.375,1,10,10
103848,25,2,0.27267015568947806,0.25,0.14285714285714285,1,0.625,1,10,10
103851,9,4,0.6421867266689009,0.13513513513513514,1,0.46270962158308354,0.10810810810810811,1,9,10
103860,459,2,0,0,0,0.09478836436955078,0.06666666666666667,0.25,10,10
103870,1391,2,0,0,0,0.17366667134799177,0.030303030303030304,0.3333333333333333,10,10
103875,29,2,0.08069862424496003,0.0625,0.14285714285714285,0.08623628983735337,0.0625,0.16666666666666666,10,10
103878,2,5,0.22009176629808014,0.0625,1,0.2984900352767555,0.125,1,2,10
103880,192,3,0,0,0,0.2984900352767555,0.125,1,10,10
103881,54,2,0,0,0,0.41320541532308547,0.2631578947368421,0.3333333333333333,10,10
103889,123,3,0,0,0,0,0,0,10,10
103902,111,2,0,0,0,0.6575684939154073,0.45454545454545453,1,10,10
103904,319,4,0,0,0,0.08514311764162098,0.023809523809523808,0.2,10,10
103909,386,3,0,0,0,0.09478836436955078,0.0625,0.25,10,10
103912,1047,1,0,0,0,0,0,0,10,10
103941,2,4,0.3667314583167897,0.13333333333333333,1,0.8580685481773537,0.5333333333333333,1,2,10
103952,1,2,0.22009176629808014,0.0625,1,0.5017289690294563,0.3125,1,1,10
103962,4,2,0,0,0,0,0,0,4,10
103970,7,3,0.08514311764162098,0.09090909090909091,0.2,0.08514311764162098,0.09090909090909091,0.2,7,10
103983,9,2,0.32458397444423615,0.25,0.25,0.2874476364692017,0.25,0.16666666666666666,9,10
103984,9,2,0.1356854453911663,0.125,0.125,0.25967457165153096,0.1875,0.5,9,10
104003,3,2,0,0,0,0.06625422345438903,0.06666666666666667,0.1111111111111111,3,10
104016,5,3,0.6489315753318465,0.3125,1,0.6489315753318465,0.3125,1,5,10
104034,2,3,0.09257496258236969,0.027777777777777776,0.5,0.1467278441987201,0.027777777777777776,1,2,10
104039,11,3,0.0636207881989517,0.0625,0.1,0.11004588314904007,0.0625,0.3333333333333333,10,10
104040,1826,1,0,0,0,0.06943122193677725,0.02857142857142857,0.125,10,10
104047,12,2,1,0.6666666666666666,1,1,0.6666666666666666,1,10,10
104051,4348,1,0,0,0,0.38113435412201996,0.2,1,10,10
104054,86,2,0,0,0,0.7510916729774053,0.2857142857142857,1,10,10
104084,198,3,0,0,0,0.5201260947073776,0.2857142857142857,1,10,10
104087,38796,1,0,0,0,0,0,0,10,10
104097,118,3,0,0,0,0.26742619438551957,0.0625,1,10,10
104102,2,4,0.1388624438735545,0.025,0.5,0.4440973278132556,0.075,1,2,10
104116,733,2,0,0,0,0,0,0,10,10
104117,263,2,0,0,0,0.07336392209936005,0.0625,0.14285714285714285,10,10
104141,491,2,0,0,0,0,0,0,10,10
104150,53,2,0,0,0,0.45532425925768355,0.3125,0.5,10,10
104151,48,4,0,0,0,0.15850703974098104,0.05714285714285714,0.2,10,10
104153,295,1,0,0,0,0.2710884709729799,0.1875,0.3333333333333333,10,10
104156,32,2,0.6133512609988989,0.4375,0.5,0.2877217525130495,0.25,0.25,10,10
104157,48,2,0,0,0,0.8572048559638626,0.5,1,10,10
104161,8,4,0.9072551142784716,0.5333333333333333,1,1,0.6666666666666666,1,8,10
104175,8,4,0,0,0,0,0,0,8,10
104176,116,2,0,0,0,0,0,0,10,10
104185,18,3,0,0,0,0.299586732626449,0.23076923076923078,1,10,10
104186,55,3,0,0,0,0.2024832320725062,0.125,0.5,10,10
104188,13,3,0.32898368351669033,0.3125,0.16666666666666666,0.7474845692754816,0.4375,1,10,10
104192,4282,2,0,0,0,0.24630238874072996,0.25,0.5,10,10
104195,390,2,0,0,0,0.22009176629808014,0.0625,1,10,10
104197,6,5,0,0,0,0,0,0,6,10
104204,1610,3,0,0,0,0,0,0,10,10
104238,4,1,0,0,0,0,0,0,4,4
104248,10,1,0.20483424751859086,0.13333333333333333,0.3333333333333333,0.3052348839397011,0.13333333333333333,1,10,10
104254,130,2,0,0,0,0.0636207881989517,0.0625,0.1,10,10
104255,135,2,0,0,0,0,0,0,10,10
104300,53,3,0,0,0,0.3063365306564336,0.36363636363636365,0.2,10,10
104311,84,2,0,0,0,0.14201905717762703,0.125,0.16666666666666666,10,10
104313,70,2,0,0,0,0.4412851793128928,0.25,1,10,10
104329,5,1,0.6489315753318465,0.38461538461538464,1,0.6489315753318465,0.38461538461538464,1,5,5
104345,102,2,0,0,0,0.8701249883466592,0.20512820512820512,1,10,10
104352,3,4,0.1399508511117305,0.0625,0.3333333333333333,0.5009883901072308,0.25,1,3,10
104369,99,3,0,0,0,0,0,0,10,10
104375,150,3,0,0,0,0,0,0,10,10
104380,4,1,0.33882776425833894,0.3333333333333333,0.3333333333333333,0.5208608031906568,0.3333333333333333,1,4,4
104385,45,1,0,0,0,0.7702043899253145,0.4375,1,10,10
104397,559,3,0,0,0,0,0,0,10,10
104399,298,4,0,0,0,0,0,0,10,10
104401,59,4,0,0,0,0,0,0,10,10
104404,3,3,0.5023756245102127,0.3,1,0.7568663274087005,0.6,1,3,10
104406,24,4,0.27267015568947806,0.36363636363636365,0.14285714285714285,0.47293279348325756,0.36363636363636365,1,10,10
104432,1,3,0,0,0,0.8611375561264454,0.75,1,1,10
104436,10,3,0.07336392209936005,0.0625,0.14285714285714285,0,0,0,10,10
104438,3,7,0.24890832702259458,0.125,0.5,0.4885468020156227,0.25,1,3,10
104446,118,3,0,0,0,0,0,0,10,10
104448,30,2,0,0,0,0.6334982227809455,0.7142857142857143,0.5,10,10
104454,5,3,0,0,0,0,0,0,5,10
104459,119,3,0,0,0,0.14876390584057267,0.13333333333333333,0.2,10,10
104460,7,4,0,0,0,0,0,0,7,10
104461,249,3,0,0,0,0.5637884576902256,0.0975609756097561,1,10,10
104464,9,3,0.3063365306564336,0.26666666666666666,0.2,0.3398414932237254,0.26666666666666666,0.3333333333333333,9,10
104465,7934,1,0,0,0,0.07839826897867533,0.03125,0.16666666666666666,10,10
104473,469,2,0,0,0,0.15139734109601002,0.125,0.2,10,10
104477,101,2,0,0,0,0.2984900352767555,0.05,1,10,10
104485,8,1,0.7745610100836567,0.1891891891891892,1,0.9316277775573522,0.2702702702702703,1,8,10
104545,1,1,0,0,0,0,0,0,1,1
104557,1,1,0.22009176629808014,0.0625,1,0.22009176629808014,0.0625,1,1,1
104560,1,1,0.15716946203669288,0.1,1,0.15716946203669288,0.1,1,1,1
104571,12,2,1,0.625,1,1,0.625,1,10,10
104585,1,3,0.22009176629808014,0.0625,1,0.22009176629808014,0.0625,1,1,10
104623,1,4,0,0,0,0,0,0,1,10
104656,7,2,0.07839826897867533,0.0625,0.16666666666666666,0.1584091525685025,0.125,0.25,7,10
104657,121,3,0,0,0,0.32730659600126993,0.21428571428571427,0.5,10,10
104658,64,3,0,0,0,0,0,0,10,10
104681,8,6,0.5343015864296754,0.5454545454545454,0.3333333333333333,0.7385158985806739,0.7272727272727273,0.5,8,10
104682,25,3,0,0,0,0.31833954895937183,0.1875,0.5,10,10
104683,1,2,0,0,0,0.29740901205864334,0.07142857142857142,1,1,10
104702,59,3,0,0,0,0.22009176629808014,0.09090909090909091,1,10,10
104703,28,2,0,0,0,0.38121301394452073,0.2857142857142857,1,10,10
104711,3,4,0.4690000933206747,0.21428571428571427,1,0,0,0,3,10
104717,2,4,0,0,0,0,0,0,2,10
104726,8,3,0.5772186080753552,0.375,0.5,0.6835432521410663,0.4375,1,8,10
104730,13,2,0.6717668555811599,0.6153846153846154,0.5,0.8190747899629893,0.6153846153846154,1,10,10
104733,1,3,0.29740901205864334,0.1,1,0.4595027459687517,0.3,1,1,10
104736,2,3,0,0,0,0,0,0,2,10
104749,532,3,0,0,0,0,0,0,10,10
104753,174,2,0,0,0,0,0,0,10,10
104764,11,3,0.5422473813186844,0.4166666666666667,0.25,0.788554066778107,0.5,1,10,10
104766,13,5,0.6410457898283652,0.5,0.3333333333333333,0.92663607790064,0.5625,1,10,10
104776,13,3,0.32042621874720933,0.5,0.2,0.3830900190455522,0.5,0.2,10,10
104782,9,3,0.3725907541108227,0.3125,0.2,0.34369669139214537,0.1875,0.5,9,10
104789,131,3,0,0,0,0.28088150105118154,0.21428571428571427,0.5,10,10
104791,119,3,0,0,0,0.6996664230165877,0.18421052631578946,1,10,10
104793,29,3,0.045432163246112496,0.0625,0.1,0.3110795869444057,0.1875,0.5,10,10
104805,131,3,0,0,0,0.4291411337886065,0.25,1,10,10
104845,31,2,0,0,0,0.31691619230948354,0.25,0.25,10,10
104860,15,2,1,0.625,1,1,0.625,1,10,10
104861,11,4,1,0.6666666666666666,1,0.9537125187088151,0.6666666666666666,1,10,10
104865,195,4,0,0,0,0.20483424751859086,0.125,0.3333333333333333,10,10
104875,36,1,0,0,0,0.27267015568947806,0.25,0.14285714285714285,10,10
104876,91,1,0,0,0,0,0,0,10,10
104881,112,1,0,0,0,0.22009176629808014,0.0625,1,10,10
104885,1,4,0.22009176629808014,0.0625,1,0.7721596254947202,0.4375,1,1,10
104886,8,2,0,0,0,0.10345457402608846,0.1,0.2,8,10
104899,58,2,0,0,0,0.31707418618435657,0.2857142857142857,0.5,10,10
104911,6386,1,0,0,0,0.09478836436955078,0.08333333333333333,0.25,10,10
104918,12,3,0.3979478965435962,0.22727272727272727,0.25,0.09478836436955078,0.045454545454545456,0.25,10,10
104925,122,4,0,0,0,0.3976722328631673,0.25,0.5,10,10
104929,39,5,0,0,0,0.24719347973735914,0.25,0.2,10,10
104930,93,3,0,0,0,0.24890832702259458,0.125,0.5,10,10
104939,34,3,0,0,0,0.7183627972686238,0.375,1,10,10
104947,55,2,0,0,0,0.08194584134522671,0.1,0.16666666666666666,10,10
104953,7620,2,0,0,0,0,0,0,10,10
104961,5141,3,0,0,0,0,0,0,10,10
104968,256,3,0,0,0,0,0,0,10,10
104973,1549,3,0,0,0,0.07336392209936005,0,0,10,10
104984,1344,3,0,0,0,0,0,0,10,10
105001,470,3,0,0,0,0.3668007055513128,0.26666666666666666,0.5,10,10
105009,8,1,0,0,0,0,0,0,8,8
105012,44,4,0,0,0,0.35895421017163465,0.13333333333333333,1,10,10
105018,1603,2,0,0,0,0,0,0,10,10
105019,1711,2,0,0,0,0.08514311764162098,0.047619047619047616,0.2,10,10
105023,146,4,0,0,0,0,0,0,10,10
105029,1751,2,0,0,0,0,0,0,10,10
105038,309,2,0,0,0,0.3301376494471202,0.125,1,10,10
105050,50,4,0,0,0,0.24966402870278917,0.21428571428571427,0.3333333333333333,10,10
105056,1421,2,0,0,0,0.2816575879096918,0.2,0.5,10,10
105058,11,4,0.23690530871965637,0.23076923076923078,0.2,0.11004588314904007,0.07692307692307693,0.3333333333333333,10,10
105065,5,3,0.6489315753318465,0.35714285714285715,1,0.35106842466815336,0.35714285714285715,0.16666666666666666,5,10
105084,22,1,0,0,0,0.5002875276852252,0.36363636363636365,1,10,10
105090,5,2,0.09478836436955078,0.06666666666666667,0.25,0.1388624438735545,0.06666666666666667,0.5,5,10
105106,567,1,0,0,0,0,0,0,10,10
105108,15,6,0,0,0,0.06943122193677725,0.0625,0.125,10,10
105114,204,4,0,0,0,0.3714891073940902,0.09375,1,10,10
105116,25,3,0,0,0,0.2629929692100511,0.1875,0.25,10,10
105118,3,4,0.37519712029518015,0.1875,1,0.9464004029551654,0.625,1,3,10
105142,2,2,0.45650001423154074,0.2,1,0.6301653161143503,0.4,1,2,4
105170,17,3,0,0,0,0.0636207881989517,0.029411764705882353,0.1,10,10
105171,49,4,0,0,0,0,0,0,10,10
105181,112,3,0,0,0,0.5009732673492617,0.25,1,10,10
105192,213,2,0,0,0,0.0728781195196487,0.0625,0.1111111111111111,10,10
105210,18,1,0.7799082337019198,0.5625,0.5,1,0.625,1,10,10
105239,34,3,0,0,0,0.39356081945565896,0.25,0.5,10,10
105246,44,2,0,0,0,0.2583297509898471,0.1875,0.25,10,10
105261,1,4,1,1,1,1,1,1,1,10
105283,3,4,0.11004588314904007,0.0625,0.3333333333333333,0.4066392799050654,0.3125,0.3333333333333333,3,10
105293,110,2,0,0,0,0.3125291152215463,0.25,0.5,10,10
105317,21,3,0,0,0,0.3005260969186081,0.25,0.2,10,10
105322,2,3,0.4361533373077281,0.125,1,0.6928695627682528,0.375,1,2,10
105329,4,3,0,0,0,0,0,0,4,10
105349,3,3,0.4690000933206747,0.075,1,0.9755453593002132,0.25,1,3,10
105355,221,2,0,0,0,0.03159612145651692,0,0,10,10
105356,8,4,0.06319224291303384,0.07142857142857142,0.25,0.03159612145651692,0,0,8,10
105363,6,4,0.6402867744926026,0.35714285714285715,1,0.7711850326349617,0.42857142857142855,1,6,10
105402,1,3,0.22009176629808014,0.02564102564102564,1,0.36885567213865283,0.07692307692307693,1,1,10
105408,2,3,0.19669535981097366,0.2,0.5,0.5426782540125368,0.4,1,2,10
105420,15,2,0.4092928621252131,0.25,0.2,0.6363267294448245,0.25,1,10,10
105437,238,2,0,0,0,0.1982726747057622,0.0625,1,10,10
105442,13,3,0.9305687780632227,0.6,1,0.6812060741152737,0.4666666666666667,1,10,10
105450,240,3,0,0,0,0.023143740645592423,0,0,10,10
105458,32,3,0,0,0,0.2984900352767555,0.125,1,10,10
105462,4,2,0.14870450602932167,0.09090909090909091,0.3333333333333333,0.18764419468809046,0.09090909090909091,0.5,4,10
105471,2,2,0.35895421017163465,0.125,1,0.35895421017163465,0.125,1,2,4
105473,47,4,0.5309999066793252,0.16666666666666666,0.25,0.3052348839397011,0.047619047619047616,1,10,10
105479,13,3,0.5319439058516651,0.30434782608695654,0.25,0.9303689568821905,0.391304347826087,1,10,10
105485,31,4,0,0,0,0.727329844310522,0.375,1,10,10
105499,15,4,1,0.625,1,1,0.625,1,10,10
105502,16,1,0.5097929772796745,0.4666666666666667,0.25,0.7027284035579429,0.4666666666666667,1,10,10
105524,2,1,0.17659831200807974,0.0625,0.5,0.279901702223461,0.0625,1,2,2
105528,2,4,0,0,0,0.3562071871080222,1,0.16666666666666666,2,10
105536,2,5,0,0,0,0.4072714386022689,0.5,0.5,2,10
105542,34,2,0,0,0,0.933745776545611,0.5625,1,10,10
105543,4,2,0.5311576535478315,0.1875,1,0.43447685454500645,0.1875,1,4,10
105559,4056,1,0,0,0,0,0,0,10,10
105574,11,1,1,0.6666666666666666,1,1,0.6666666666666666,1,10,10
105578,2,2,0.7244131064628505,0.5,1,0.4441718626302019,0.25,1,2,10
105586,76,3,0,0,0,0.1388624438735545,0.03125,0.5,10,10
105594,100,2,0,0,0,0.6149518506608846,0.375,1,10,10
105595,39,4,0,0,0,0.14876390584057267,0.05405405405405406,0.2,10,10
105609,7,1,0.28997736516021183,0.1875,0.3333333333333333,0.4690000933206747,0.1875,1,7,7
105627,17,1,0.20424960638019765,0.2857142857142857,0.2,0.5528957440478057,0.7142857142857143,0.5,10,10
105632,115,1,0,0,0,0.5426733272972645,0.5555555555555556,1,10,10
105649,93,3,0,0,0,0.4915261823075979,0.125,0.5,10,10
105665,8,6,0.39724368757724937,0.25,0.5,0.5056427642465516,0.375,0.5,8,10
105671,7,2,0,0,0,0.3557772116892464,0.08108108108108109,1,7,10
105674,2,3,0.420027879946489,0.18181818181818182,1,0.6718090637849978,0.45454545454545453,1,2,10
105703,233,3,0,0,0,0.0636207881989517,0.06666666666666667,0.1,10,10
105710,712,3,0,0,0,0.21726071285222984,0.125,0.5,10,10
105715,201,2,0,0,0,0.07336392209936005,0.06666666666666667,0.14285714285714285,10,10
105723,10,2,0.44566267928543984,0.375,0.2,0.6861294264988879,0.375,1,10,10
105727,8,2,0.5744633980765214,0.35714285714285715,0.5,0.6199462085736674,0.2857142857142857,1,8,10
105728,6,3,0.8358912271816661,0.75,1,0.8358912271816661,0.75,1,6,10
105737,169,2,0,0,0,0.15457433957839825,0.125,0.2,10,10
105738,318,2,0,0,0,0.07839826897867533,0.0625,0.16666666666666666,10,10
105758,17,3,0,0,0,0.1388624438735545,0.06666666666666667,0.5,10,10
105765,1200,1,0,0,0,0,0,0,10,10
105769,9,6,0.28997736516021183,0.2,0.3333333333333333,0.2837125544970318,0.13333333333333333,1,9,10
105774,50,3,0,0,0,0.33774013217775467,0.10256410256410256,0.5,10,10
105781,84,3,0,0,0,0,0,0,10,10
105782,50,3,0.27267015568947806,0.25,0.14285714285714285,0.8701249883466592,0.5,1,10,10
105783,20,6,0.43621154230977444,0.42857142857142855,0.2,0.4220949603708207,0.2857142857142857,0.5,10,10
105850,3,2,0.11004588314904007,0.045454545454545456,0.3333333333333333,0.06943122193677725,0.045454545454545456,0.125,3,10
105855,562,3,0,0,0,0.11004588314904007,0.06666666666666667,0.3333333333333333,10,10
105857,68,2,0,0,0,0,0,0,10,10
105858,19,3,0,0,0,0,0,0,10,10
105859,65,2,0,0,0,0,0,0,10,10
105861,980,1,0,0,0,0.08514311764162098,0.06666666666666667,0.2,10,10
105867,135,4,0,0,0,0.44168491303869717,0.1875,1,10,10
105877,131,3,0,0,0,0.1388624438735545,0.0625,0.5,10,10
105878,79,5,0,0,0,0.4099509148465344,0.26666666666666666,0.5,10,10
105891,649,2,0,0,0,0.2742654694553681,0.07692307692307693,0.3333333333333333,10,10
105899,60,3,0,0,0,0.2837125544970318,0.15384615384615385,1,10,10
105900,38,3,0,0,0,0.35895421017163465,0.2,1,10,10
105903,1103,2,0,0,0,0,0,0,10,10
105905,247,3,0,0,0,0.32195053918879885,0.25,0.25,10,10
105910,307,2,0,0,0,0,0,0,10,10
105914,6,5,0.09478836436955078,0.07142857142857142,0.25,0.09478836436955078,0.07142857142857142,0.25,6,10
105923,1380,2,0,0,0,0.06943122193677725,0.03333333333333333,0.125,10,10
105944,1,4,0,0,0,0.2298401750281299,0.1111111111111111,1,1,10
105964,216,5,0,0,0,0.06943122193677725,0.04,0.125,10,10
105966,96,5,0,0,0,0.2336508082431053,0.125,0.5,10,10
105974,76,2,0,0,0,0.24890832702259458,0.125,0.5,10,10
105975,376,2,0,0,0,0,0,0,10,10
105977,44,3,0,0,0,0.07336392209936005,0.0625,0.14285714285714285,10,10
105990,33,4,0,0,0,0.06625422345438903,0.0625,0.1111111111111111,10,10
105997,294,2,0,0,0,0,0,0,10,10
106018,80,2,0,0,0,0.601478309969242,0.5,1,10,10
106028,2,4,0.3439261989517367,0.1,1,0.7136686080525688,0.35,1,2,10
106042,4432,2,0,0,0,0,0,0,10,10
106046,1179,3,0,0,0,0,0,0,10,10
106048,134,3,0,0,0,0.22009176629808014,0.06666666666666667,1,10,10
106050,438,3,0,0,0,0,0,0,10,10
106052,4,2,0,0,0,0,0,0,4,10
106054,991,2,0,0,0,0,0,0,10,10
106067,151,3,0,0,0,0,0,0,10,10
106069,5,2,0.15101961822780524,0.25,0.2,0,0,0,5,10
106080,17,4,0.11874120956503345,0.13333333333333333,0.125,0.29930333095084405,0.13333333333333333,1,10,10
106084,110,3,0,0,0,0.2336508082431053,0.125,0.5,10,10
106089,102,3,0,0,0,0,0,0,10,10
106093,116,4,0,0,0,0.31833954895937183,0.1875,0.5,10,10
106097,1,4,0,0,0,0,0,0,1,10
106103,8,5,0.33137615838942036,0.26666666666666666,0.2,0.5744100400547356,0.3333333333333333,1,8,10
106107,1041,1,0,0,0,0.17366667134799177,0.125,0.3333333333333333,10,10
106109,2,2,0,0,0,0,0,0,2,10
106112,1099,2,0,0,0,0.2520649403266671,0.1875,0.3333333333333333,10,10
106117,185,3,0,0,0,0.0636207881989517,0.07142857142857142,0.1,10,10
106118,73,3,0,0,0,0.32412959751888165,0.25,0.3333333333333333,10,10
106123,7,2,0.5378003827621997,1,0.3333333333333333,0.7039180890341347,0.5,1,7,10
106137,2,4,0,0,0,0.1427951440361373,0.125,0.14285714285714285,2,10
106141,727,4,0,0,0,0.09478836436955078,0.02564102564102564,0.25,10,10
106146,608,5,0,0,0,0,0,0,10,10
106152,4,7,0.09670595926290661,0.125,0.25,0.1122721418777878,0.125,0.3333333333333333,4,10
106156,96,6,0,0,0,0.4252084336260237,0.08333333333333333,1,10,10
106166,38,5,0,0,0,0.22009176629808014,0.0625,1,10,10
106179,286,3,0,0,0,0,0,0,10,10
106182,5,5,0,0,0,0,0,0,5,10
106185,13,2,0.22909581076138769,0.1875,0.16666666666666666,0.4866706255184209,0.25,1,10,10
106187,265,3,0,0,0,0.07336392209936005,0.0625,0.14285714285714285,10,10
106190,281,1,0,0,0,0.3347092591719316,0.2857142857142857,0.3333333333333333,10,10
106191,2,2,0.3844985279826931,0.08,1,0.7713767478340385,0.32,1,2,10
106218,12,1,0.5040610795300535,0.375,0.3333333333333333,0.7503359712972107,0.4375,1,10,10
106235,5924,2,0,0,0,0.06943122193677725,0.0625,0.125,10,10
106276,17,3,0.7276427210494696,0.7272727272727273,0.5,0.914856882358379,0.8181818181818182,1,10,10
106300,3,1,0.5698664345004878,0.25,1,0.5698664345004878,0.25,1,3,3
106302,11,1,0,0,0,0,0,0,10,10
106308,295,1,0,0,0,0.5074846245760625,0.6,1,10,10
106327,6,2,0.644360401969657,0.13636363636363635,1,0.8525616864755696,0.20454545454545456,1,6,10
106332,13,2,0.07336392209936005,0.0625,0.14285714285714285,0.2934556883974402,0.125,1,10,10
106340,61,3,0,0,0,0.5684579545875155,0.14285714285714285,0.5,10,10
106355,3,2,0,0,0,0,0,0,3,10
106375,6,2,0.19518900079066107,0.2,0.3333333333333333,0.14465249243306438,0.2,0.16666666666666666,6,10
106377,3,2,0,0,0,0,0,0,3,10
106382,20,3,0,0,0,0,0,0,10,10
106406,60,4,0,0,0,0.3009227163652773,0.1875,1,10,10
106433,14,3,0.1529568984821733,0.125,0.14285714285714285,0.6190305915201614,0.375,1,10,10
106439,4,5,0.5798181675610379,0.3076923076923077,1,0.8563136313271654,0.6153846153846154,1,4,10
106443,3,2,0.4690000933206747,0.08571428571428572,1,0.5637884576902256,0.11428571428571428,1,3,4
106445,125,3,0,0,0,0.7849818707050382,0.4375,1,10,10
106452,37,4,0,0,0,0.49828993591603105,0.25,1,10,10
106457,11,3,0,0,0,0.20511666732794356,0.125,0.5,10,10
106458,10,4,0.20833921021495985,0.2,0.14285714285714285,0.39873915876395294,0.2,1,10,10
106460,2,5,0.4307161650218526,0.2222222222222222,1,0.5375999779250833,0.4444444444444444,1,2,10
106465,6,4,0.4110745015388912,0.2,1,0.5546943123419679,0.3333333333333333,1,6,10
106472,18,4,0.07336392209936005,0.0625,0.14285714285714285,0.08514311764162098,0.0625,0.2,10,10
106480,186,1,0,0,0,0.08514311764162098,0.0625,0.2,10,10
106487,2,2,0.35895421017163465,0.125,1,0.653146695303782,0.375,1,2,10
106488,43,1,0,0,0,0.420217226795578,0.3125,0.3333333333333333,10,10
106493,3,5,0,0,0,0.0636207881989517,0.0625,0.1,3,10
106495,271,1,0,0,0,0.1610425878239398,0.125,0.25,10,10
106503,111,2,0,0,0,0.07839826897867533,0.0625,0.16666666666666666,10,10
106513,6,1,0.7511878763989214,0.375,1,0.7612740507878117,0.375,1,6,6
106517,5,3,0.42883980903376634,0.3076923076923077,0.5,0.7975167679274937,0.6153846153846154,1,5,10
106520,3927,1,0,0,0,0,0,0,10,10
106526,41,2,0,0,0,0.54739836229935,0.25,1,10,10
106534,1,3,0.279901702223461,0.0625,1,0.45650001423154074,0.125,1,1,10
106536,5,2,0.12757065486846522,0.125,0.25,0.08562385971917216,0.125,0.1,5,10
106546,18,1,0.21923226558667672,0.2,0.125,0.49910637925339735,0.2,1,10,10
106560,33,1,0,0,0,0.8820678949848568,0.5625,1,10,10
106574,49,3,0,0,0,0.5009732673492617,0.25,1,10,10
106584,120,2,0,0,0,0,0,0,10,10
106612,5,2,0.470318793006252,0.2,1,0.5917430276315934,0.26666666666666666,1,5,10
106621,2,3,0.35895421017163465,0.14285714285714285,1,0.24890832702259458,0.14285714285714285,0.5,2,10
106644,2,2,0,0,0,0,0,0,2,10
106646,167,2,0,0,0,0.22009176629808014,0.06666666666666667,1,10,10
106653,1,2,0,0,0,0,0,0,1,10
106656,5,2,0,0,0,0,0,0,5,10
106661,62,3,0,0,0,0.22009176629808014,0.06666666666666667,1,10,10
106667,17,5,0,0,0,0.4319964223378389,0.3125,0.3333333333333333,10,10
106668,1655,3,0,0,0,0.2614432242450501,0.0967741935483871,0.3333333333333333,10,10
106670,4,5,0.2666214314551734,0.13333333333333333,0.5,0.6617260407800375,0.3333333333333333,1,4,10
106688,87,3,0,0,0,0.3321737110889728,0.25,0.3333333333333333,10,10
106692,487,3,0,0,0,0,0,0,10,10
106694,44,4,0,0,0,0,0,0,10,10
106700,271,2,0,0,0,0.2475310813521633,0.375,0.16666666666666666,10,10
106715,21,3,0.0636207881989517,0.02631578947368421,0.1,0.08514311764162098,0.02631578947368421,0.2,10,10
106739,12,2,0,0,0,0,0,0,10,10
106899,662,3,0,0,0,0,0,0,10,10
106902,372,3,0,0,0,0,0,0,10,10
106916,4,1,0.5637884576902256,0.25,1,0.5637884576902256,0.25,1,4,4
106942,3,1,0,0,0,0,0,0,3,3
106960,1,4,0,0,0,0.17189017085234806,0.18181818181818182,0.2,1,10
106986,1,2,0,0,0,0,0,0,1,10
106995,14,3,1,0.2857142857142857,1,1,0.2857142857142857,1,10,10
106999,2,4,0.3126667288804499,0.125,1,0.9537125187088151,0.625,1,2,10
107014,1,2,0,0,0,0,0,0,1,4
107020,20,2,0.13565197343244778,0.3333333333333333,0.1,0.5833416105149333,1,0.3333333333333333,10,10
107022,49,3,0,0,0,0.5599332595218056,0.3125,1,10,10
107026,136,1,0,0,0,0,0,0,10,10
107030,3,2,0,0,0,0,0,0,3,10
107039,279,3,0,0,0,0.23810832444078323,0.1875,0.25,10,10
107041,3957,3,0,0,0,0,0,0,10,10
107045,921,1,0,0,0,0.378002100396839,1,0.125,10,10
107048,7,2,0.800693766409882,0.25925925925925924,1,0.8796171333733009,0.2962962962962963,1,7,10
107053,67,2,0,0,0,0,0,0,10,10
107054,209,4,0,0,0,0,0,0,10,10
107056,78,3,0,0,0,0.14782949091545258,0.125,0.16666666666666666,10,10
107060,53,3,0,0,0,0,0,0,10,10
107061,100,2,0,0,0,0.8036377128140482,0.6153846153846154,1,10,10
107077,55,3,0,0,0,0.1982726747057622,0.0625,1,10,10
107081,498,2,0,0,0,0.6530488081313034,0.375,1,10,10
107082,5,2,0.42883980903376634,0.25,0.5,1,0.625,1,5,10
107095,97,2,0,0,0,0.43735247915031,0.1875,1,10,10
107106,9,3,0.8671632851903102,0.9,1,0.8444032919122354,0.8,1,9,10
107110,14,3,0.19930623359011798,0.1875,0.125,0.7806789870618771,0.5,1,10,10
107129,1,5,0.22009176629808014,0.0625,1,0.22979561007468535,0.1875,0.2,1,10
107145,4,5,0.09478836436955078,0.025,0.25,0.7219549320833372,0.175,1,4,10
107148,36,4,0,0,0,0,0,0,10,10
107149,5180,3,0,0,0,0,0,0,10,10
107195,1753,2,0,0,0,0,0,0,10,10
107211,264,3,0,0,0,0,0,0,10,10
107290,5291,2,0,0,0,0,0,0,10,10
107296,5,3,0.09478836436955078,0.02564102564102564,0.25,0,0,0,5,10
107314,11,4,0.27018413554251913,0.1875,0.2,0.45650001423154074,0.125,1,10,10
107326,59,3,0,0,0,0.6332196796270028,0.1282051282051282,1,10,10
107330,2194,2,0,0,0,0.22009176629808014,0.0625,1,10,10
107338,197,2,0,0,0,0.6971916943458012,0.4375,1,10,10
107358,1794,3,0,0,0,0.06943122193677725,0.09090909090909091,0.125,10,10
107359,306,3,0,0,0,0.1899554781668293,0.125,0.3333333333333333,10,10
107365,472,3,0,0,0,0,0,0,10,10
107370,26,3,0,0,0,0.5996943318813953,0.375,1,10,10
107385,190,2,0,0,0,0,0,0,10,10
107390,3,4,0,0,0,0,0,0,3,10
107391,2212,3,0,0,0,0.17366667134799177,0.125,0.3333333333333333,10,10
107435,4,4,0.1388624438735545,0.0625,0.5,0,0,0,4,10
107474,140,2,0,0,0,0,0,0,10,10
107499,7,2,0.4513104654156402,0.4166666666666667,0.3333333333333333,0.662991591198965,0.4166666666666667,1,7,10
107541,189,2,0,0,0,0.24926098697416302,0.0625,1,10,10
107549,160,3,0,0,0,0.16815228646891084,0.125,0.25,10,10
107564,4,2,0.23968543142182333,0.125,0.3333333333333333,0.4675528554456613,0.1875,1,4,10
107579,88,4,0,0,0,0.0636207881989517,0.07142857142857142,0.1,10,10
107591,6,4,0.3298258719144275,0.2,0.3333333333333333,0.4298313337784634,0.2,0.2,6,10
107592,1,2,0.22009176629808014,0.0625,1,1,0.625,1,1,10
107602,16,4,1,0.625,1,1,0.625,1,10,10
107614,24733,1,0,0,0,0,0,0,10,10
107616,81,3,0,0,0,0.22009176629808014,0.08333333333333333,1,10,10
107627,27,5,0,0,0,0.7631925784528221,0.175,1,10,10
107632,322,2,0,0,0,0,0,0,10,10
107654,1080,3,0,0,0,0,0,0,10,10
107662,1,1,0.22009176629808014,0.0625,1,0.22009176629808014,0.0625,1,1,1
107667,18,4,0.19377587176165892,0.2727272727272727,0.14285714285714285,0.6255980354186202,0.5454545454545454,1,10,10
107668,246,2,0,0,0,0.14782949091545258,0.13333333333333333,0.16666666666666666,10,10
107674,101,4,0,0,0,0.22009176629808014,0.0625,1,10,10
107679,126,3,0,0,0,0.11687310552101379,0.02631578947368421,0.25,10,10
107683,308,2,0,0,0,0,0,0,10,10
107684,254,3,0,0,0,0.31488013066763093,0.125,1,10,10
107686,86,2,0,0,0,0,0,0,10,10
107688,1285,2,0,0,0,0.18340980524840012,0.125,0.3333333333333333,10,10
107717,2,1,0.35895421017163465,0.125,1,0.35895421017163465,0.125,1,2,2
107724,125,4,0,0,0,0.17630010660342912,0.18181818181818182,0.3333333333333333,10,10
107733,238,3,0,0,0,0.10862618464590855,0.14285714285714285,0.16666666666666666,10,10
107736,24,3,0,0,0,0,0,0,10,10
107739,2358,3,0,0,0,0,0,0,10,10
107741,226,4,0,0,0,0,0,0,10,10
107748,378,2,0,0,0,0,0,0,10,10
107750,1,2,0,0,0,0,0,0,1,1
107752,21,3,0.20362448363868388,0.1875,0.125,0.48897527775571964,0.25,1,10,10
107753,14,2,1,0.625,1,1,0.625,1,10,10
107757,3,3,0.5698664345004878,0.1875,1,1,0.625,1,3,10
107759,14,2,1,0.7142857142857143,1,1,0.7142857142857143,1,10,10
107764,37,1,0.19930623359011798,0.2,0.125,0.7975167679274937,0.5333333333333333,1,10,10
107774,36,2,0,0,0,0.5314124697687972,0.2727272727272727,1,10,10
107789,6,2,0.18107726328866403,0.13333333333333333,0.3333333333333333,0.268392904549786,0.13333333333333333,1,6,10
107790,80,2,0,0,0,0.15139734109601002,0.125,0.2,10,10
107803,147,3,0,0,0,1,0.38461538461538464,1,10,10
107833,285,2,0,0,0,0,0,0,10,10
107838,18,2,0.10779027050187771,0.05128205128205128,0.1111111111111111,0.2855902880722746,0.05128205128205128,1,10,10
107854,390,2,0,0,0,0.0636207881989517,0.0625,0.1,10,10
107857,1221,2,0,0,0,0,0,0,10,10
107859,26,3,0.3622110185568614,0.375,0.2,0.6804477200307443,0.375,1,10,10
107860,323,3,0,0,0,0.20511666732794356,0.125,0.5,10,10
107883,23,2,0,0,0,0,0,0,10,10
107891,143,1,0,0,0,0,0,0,10,10
107894,23,2,0,0,0,0,0,0,10,10
107898,1,1,0,0,0,0,0,0,1,1
107900,3,2,0,0,0,0.06625422345438903,0.06666666666666667,0.1111111111111111,3,10
107907,224,1,0,0,0,0.03668196104968002,0,0,10,10
107908,29,2,0,0,0,0,0,0,10,10
107910,27,2,0,0,0,0,0,0,10,10
107912,22,3,0.18483973532780196,0,0,0.44953993212429644,0.1111111111111111,1,10,10
107913,8,3,0.09388586263656393,0.06666666666666667,0.125,0.16815228646891084,0.06666666666666667,0.25,8,10
107929,24,1,0.12987501165334073,0.125,0.1111111111111111,0.641481311339006,0.5,0.5,10,10
107939,2,3,0,0,0,0,0,0,2,10
107943,7,3,0.305560916762982,0.25,0.25,0.6851198693323689,0.5,0.5,7,10
107971,320,2,0,0,0,0,0,0,10,10
108003,15,2,0.6410457898283652,0.5,0.3333333333333333,0.9305687780632227,0.5625,1,10,10
108010,14,3,0.3552980447923742,0.25,0.25,0.6039094289265273,0.25,1,10,10
108028,1,3,0,0,0,0,0,0,1,10
108033,1,6,0.271281339099942,0.125,1,0.3326629546828495,0.5,0.25,1,10
108042,2,1,0.4361533373077281,0.125,1,0.4361533373077281,0.125,1,2,2
108043,15214,1,0,0,0,0,0,0,10,10
108045,819,2,0,0,0,0,0,0,10,10
108046,3,5,0.35895421017163465,0.05,1,0.5997524414021516,0.2,0.5,3,10
108048,2,3,0.1388624438735545,0.09090909090909091,0.5,0.22009176629808014,0.09090909090909091,1,2,10
108053,406,2,0,0,0,0.20829366581033176,0.16666666666666666,0.5,10,10
108062,1669,2,0,0,0,0,0,0,10,10
108068,528,3,0,0,0,0.1884441521277154,0.125,0.3333333333333333,10,10
108070,17,3,0.12987501165334073,0.125,0.1111111111111111,0.7682269253321374,0.4375,1,10,10
108072,551,2,0,0,0,0.338049541999999,0.125,1,10,10
108083,17,3,0,0,0,0.16453180213583168,0.13333333333333333,0.25,10,10
108088,19,4,0,0,0,0.06646866534384419,0.0625,0.16666666666666666,10,10
108090,77,2,0,0,0,0.3491674885454865,0.21428571428571427,0.5,10,10
108091,81,2,0,0,0,0.06943122193677725,0.0625,0.125,10,10
108100,1,2,0.22009176629808014,0.025,1,0.22009176629808014,0.025,1,1,4
108148,371,2,0,0,0,0.0636207881989517,0.0625,0.1,10,10
108149,19,4,0,0,0,0.1222340873029917,0.125,0.125,10,10
108156,290,3,0,0,0,0.07336392209936005,0.045454545454545456,0.14285714285714285,10,10
108157,29,3,0.0636207881989517,0.0625,0.1,0.2777045025687933,0.25,0.16666666666666666,10,10
108158,9,4,0.23047380976071705,0.1875,0.25,0.2745478892647208,0.1875,0.5,9,10
108176,1,2,0.07668368701422457,0,0,0.07668368701422457,0,0,1,10
108202,22,3,0,0,0,0,0,0,10,10
108215,23,3,0.0636207881989517,0.07142857142857142,0.1,0.1758519817957967,0.14285714285714285,0.2,10,10
108237,32,1,0.3816977467696756,0.25,0.2,0.9093618486635721,0.375,1,10,10
108240,1,1,0.36249399002998095,0.14285714285714285,1,0.36249399002998095,0.14285714285714285,1,1,1
108279,13,2,0.7799082337019198,0.5625,0.5,0.9216017310213247,0.5625,1,10,10
108285,1,2,0.22009176629808014,0.03571428571428571,1,0.20483424751859086,0.07142857142857142,0.3333333333333333,1,10
108289,24,1,0.0636207881989517,0.06666666666666667,0.1,1,0.6666666666666666,1,10,10
108290,17,1,0.4956973966399597,0.46153846153846156,0.25,0.8144294483315054,0.5384615384615384,1,10,10
108292,16,1,1,0.6666666666666666,1,0.8532721558012798,0.6,0.5,10,10
108304,14,1,1,0.7692307692307693,1,1,0.7692307692307693,1,10,10
108308,10,2,0.716287445502968,0.5,0.5,1,0.625,1,10,10
108314,22,4,0,0,0,0.30330220076399533,0.16666666666666666,1,10,10
108331,35,4,0,0,0,0.22009176629808014,0.02631578947368421,1,10,10
108404,17,2,0.7799082337019198,0.6428571428571429,0.5,1,0.7142857142857143,1,10,10
108406,2,3,0.22009176629808014,0.0625,1,0.36792125721353275,0.1875,1,2,10
108407,67,3,0,0,0,0.8318477135310891,0.5,1,10,10
108412,1,2,0,0,0,0.42887461596749427,0.3125,0.5,1,10
108416,2,1,0.18764419468809046,0.07142857142857142,0.5,0.18764419468809046,0.07142857142857142,0.5,2,2
108423,63,2,0,0,0,0.7191184989488184,0.4375,1,10,10
108426,455,3,0,0,0,0.16815228646891084,0.14285714285714285,0.25,10,10
108436,3,4,0.5487973376826973,0.0967741935483871,1,0.5905289425745078,0.12903225806451613,1,3,10
108442,2,4,0.35895421017163465,0.125,1,0.7411902110103872,0.4375,1,2,10
108446,455,2,0,0,0,0.10723796140986701,0.1111111111111111,0.1,10,10
108460,16,2,0.07096908371312387,0.025,0.1111111111111111,0.21971341864077765,0.05,0.5,10,10
108463,4,2,0.4690000933206747,0.1875,1,0.4690000933206747,0.1875,1,4,10
108485,3,1,0.4690000933206747,0.0967741935483871,1,0.4690000933206747,0.0967741935483871,1,3,3
108493,179,2,0,0,0,0,0,0,10,10
108501,85,1,0,0,0,0,0,0,10,10
108513,2,2,0.35895421017163465,0.2,1,0.4440973278132556,0.3,1,2,5
108543,17,2,0.327924684022561,0.3125,0.16666666666666666,0.6913454341311477,0.375,1,10,10
108544,99,3,0,0,0,0.15911440935700208,0.13333333333333333,0.16666666666666666,10,10
108551,7,1,0.23690530871965637,0.21428571428571427,0.2,0.38363315291837646,0.21428571428571427,1,7,7
108560,2,3,0.45650001423154074,0.13333333333333333,1,0.6391088824734692,0.3333333333333333,1,2,10
108566,106,4,0,0,0,0.7019727018777484,0.375,1,10,10
108570,3,3,0.10183032621685657,0.06666666666666667,0.5,0,0,0,3,10
108571,23,3,0,0,0,0,0,0,10,10
108575,128,3,0,0,0,0.09478836436955078,0.06666666666666667,0.25,10,10
108581,3622,2,0,0,0,0,0,0,10,10
108583,232,3,0,0,0,0,0,0,10,10
108604,47,3,0,0,0,0,0,0,10,10
108634,285,1,0,0,0,0,0,0,10,10
108645,4,3,0.5458358164199129,0.25,1,0.605263859616695,0.3125,1,4,10
108657,4,1,0.6201543156208374,0.25,1,0.6201543156208374,0.25,1,4,4
108662,2,2,0,0,0,0,0,0,2,10
108666,829,1,0,0,0,0,0,0,10,10
108700,5,2,0,0,0,0,0,0,5,10
108702,15,1,0.7799082337019198,0.5625,0.5,0.92663607790064,0.5625,1,10,10
108832,6,4,0.42883980903376634,0.25,0.5,0.8643145546088337,0.5,1,6,10
108835,28,3,0.27267015568947806,0.10810810810810811,0.14285714285714285,0.2514632262898275,0.10810810810810811,0.14285714285714285,10,10
108848,5,2,0.49067552256135205,0.3333333333333333,1,0.30806560271330813,0.3333333333333333,0.5,5,10
108851,6,1,1,1,1,1,1,1,6,6
108854,4,4,0.5637884576902256,0.3333333333333333,1,1,0.8333333333333334,1,4,10
108859,15,2,0.35106842466815336,0.3125,0.16666666666666666,0.6429235234036079,0.4375,0.5,10,10
108867,17,3,0.6410457898283652,0.5,0.3333333333333333,0.8611375561264454,0.5625,1,10,10
108868,41,2,0,0,0,0.8643145546088337,0.5,1,10,10
108877,50,2,0,0,0,0.3683756341388872,0.3333333333333333,0.3333333333333333,10,10
108880,2,4,0.40652716006074996,0.125,1,0.7663968770040297,0.375,1,2,10
108882,4,1,0.41761443305159,0.1875,0.5,0.5163134845149011,0.1875,1,4,4
108914,7,2,0.08914206479517318,0.06666666666666667,0.3333333333333333,0.17828412959034637,0.06666666666666667,1,7,10
108915,48,3,0,0,0,0.7215194105726963,0.4375,1,10,10
108916,5,2,0,0,0,0,0,0,5,10
108921,225,2,0,0,0,0.3499667779514209,0.1875,1,10,10
108928,277,2,0,0,0,0.6025064803817581,0.3333333333333333,1,10,10
108929,986,2,0,0,0,0.12944646636742288,0.125,0.25,10,10
108947,5,3,0.32570104495038144,0.25,0.5,0.42427840936187455,0.25,1,5,10
108952,965,2,0,0,0,0,0,0,10,10
108966,71,2,0,0,0,0.5806020001118017,0.375,0.5,10,10
108985,16,1,0.46262768423667733,0.3157894736842105,0.25,0.7175867104101135,0.3157894736842105,1,10,10
108995,23,1,0.43621154230977444,0.375,0.2,0.7909506325094736,0.4375,1,10,10
109002,3,3,0.5698664345004878,0.1875,1,0.5698664345004878,0.1875,1,3,10
109020,4,2,0.26582000527739175,0.2222222222222222,0.5,0.38334277998463445,0.2222222222222222,1,4,10
109027,2,1,0,0,0,0,0,0,2,2
109075,1,2,0.39425270953183084,0.16666666666666666,1,0.39425270953183084,0.16666666666666666,1,1,10
109087,406,2,0,0,0,0.38148029915855786,0.2,0.5,10,10
109103,18,2,0.7799082337019198,0.5625,0.5,0.7015099647232445,0.5,0.5,10,10
109109,4,4,0.5138780239927594,0.4,1,0.40986231418563485,0.4,1,4,10
109117,2436,1,0,0,0,0,0,0,10,10
109119,6,4,0.07839826897867533,0.05555555555555555,0.16666666666666666,0.3570764765963919,0.16666666666666666,1,6,10
109120,20,5,0,0,0,0,0,0,10,10
109123,131,3,0,0,0,0.29343678345195273,0.1875,0.5,10,10
109124,39,4,0,0,0,0.22009176629808014,0.0625,1,10,10
109127,473,2,0,0,0,0.6173363491126534,0.4166666666666667,1,10,10
109134,740,2,0,0,0,0.07839826897867533,0.06666666666666667,0.16666666666666666,10,10
109142,48,4,0,0,0,0.6500332220485789,0.4375,0.5,10,10
109151,11,4,1,0.6666666666666666,1,1,0.6666666666666666,1,10,10
109156,24,1,0.6410457898283652,0.21621621621621623,0.3333333333333333,1,0.2702702702702703,1,10,10
109159,16,2,0.4116172833337002,0.38461538461538464,0.2,0.8127346672231845,0.5384615384615384,1,10,10
109165,42,1,0,0,0,0.1884441521277154,0.125,0.3333333333333333,10,10
109166,4,3,0.5637884576902256,0.25,1,0.7614732800774204,0.4375,1,4,10
109173,1,2,0.26742619438551957,0.06666666666666667,1,0.3236685753595891,0.06666666666666667,1,1,10
109182,6,1,0,0,0,0,0,0,6,6
109191,426,2,0,0,0,0.06625422345438903,0.0625,0.1111111111111111,10,10
109199,1169,1,0,0,0,0.07839826897867533,0.038461538461538464,0.16666666666666666,10,10
109202,80,2,0,0,0,0.2816575879096918,0.1875,0.5,10,10
109204,1,3,0,0,0,0.42566281055137817,0.3125,0.3333333333333333,1,10
109207,119,3,0,0,0,0.2895229882348574,0.125,1,10,10
109211,104,2,0,0,0,0,0,0,10,10
109212,94,3,0,0,0,0,0,0,10,10
109216,18,1,0.35106842466815336,0.3333333333333333,0.16666666666666666,0.914856882358379,0.6,1,10,10
109229,172,3,0,0,0,0.07336392209936005,0.0625,0.14285714285714285,10,10
109238,22,2,0.12987501165334073,0.125,0.1111111111111111,0.32149616226344435,0.25,0.3333333333333333,10,10
109241,10,3,0.8899541168509598,0.5625,1,0.914856882358379,0.5625,1,10,10
109242,3,5,0.4198525533351915,0.16666666666666666,1,0.6090519215431118,0.3333333333333333,1,3,10
109243,2,1,0.4361533373077281,0.15384615384615385,1,0.4361533373077281,0.15384615384615385,1,2,2
109260,2,4,0,0,0,0.29886852007208875,0.125,1,2,10
109298,160,2,0,0,0,0.08514311764162098,0.08333333333333333,0.2,10,10
109307,2,3,0.420027879946489,0.2,1,0.30610519970358585,0.3,0.3333333333333333,2,10
109330,136,2,0,0,0,0,0,0,10,10
109356,283,3,0,0,0,0.22009176629808014,0.0625,1,10,10
109359,165,2,0,0,0,0.14201905717762703,0.125,0.16666666666666666,10,10
109370,336,3,0,0,0,0.0636207881989517,0.0625,0.1,10,10
109371,459,4,0,0,0,0,0,0,10,10
109373,203,5,0,0,0,0.08514311764162098,0.043478260869565216,0.2,10,10
109379,156,3,0,0,0,0,0,0,10,10
109384,2,4,0.41253177989255346,0.25,1,0.9496719893335548,1,1,2,10
109396,1,3,0.24926098697416302,0.0625,1,0.6245450711124516,0.3125,1,1,10
109397,2,3,0,0,0,0,0,0,2,10
109400,1,4,0,0,0,0,0,0,1,10
109418,11,4,0.3633412872595719,0.25,0.3333333333333333,0.4595326231006953,0.25,1,10,10
109430,4,3,0.35895421017163465,0.14285714285714285,1,0.9216017310213247,0.6428571428571429,1,4,10
109438,146,1,0,0,0,0.4317198317965996,0.2777777777777778,0.3333333333333333,10,10
109446,114,4,0,0,0,0.18340980524840012,0.125,0.3333333333333333,10,10
109451,350,3,0,0,0,0.5326208815196265,0.11764705882352941,1,10,10
109454,19,3,0.1619033762876465,0.2,0.16666666666666666,0.39763391022884753,0.2,1,10,10
109456,1207,2,0,0,0,0.08514311764162098,0.0625,0.2,10,10
109464,307,3,0,0,0,0,0,0,10,10
109466,75,4,0,0,0,0.21222636597291455,0.125,0.5,10,10
109470,439,3,0,0,0,0,0,0,10,10
109471,41,3,0.43621154230977444,0.375,0.2,0.5958595188912911,0.3125,1,10,10
109474,7,4,0.44173955623824723,0.3125,0.3333333333333333,0.6809047493604334,0.375,1,7,10
109475,304,3,0,0,0,0,0,0,10,10
109486,2711,4,0,0,0,0.1388624438735545,0.02857142857142857,0.5,10,10
109492,27,3,0,0,0,0.2570898793051383,0.3333333333333333,0.25,10,10
109493,190,3,0,0,0,0.9363792118010483,0.225,1,10,10
109499,527,3,0,0,0,0.09478836436955078,0.0625,0.25,10,10
109512,620,3,0,0,0,0.07336392209936005,0.02631578947368421,0.14285714285714285,10,10
109518,502,3,0,0,0,0,0,0,10,10
109528,78,5,0,0,0,0.20829366581033176,0.125,0.5,10,10
109531,4,4,0.49042453559086546,0.23076923076923078,1,0.7775500257642896,0.5384615384615384,1,4,10
109548,357,4,0,0,0,0,0,0,10,10
109549,1287,2,0,0,0,0,0,0,10,10
109553,56,3,0,0,0,0.4990267326507382,0.15789473684210525,0.3333333333333333,10,10
109554,24,3,0,0,0,0.21222636597291455,0.125,0.5,10,10
109569,1729,3,0,0,0,0.09478836436955078,0.0625,0.25,10,10
109571,423,4,0,0,0,0.793584067764911,0.1794871794871795,1,10,10
109577,258,3,0,0,0,0,0,0,10,10
109579,1299,3,0,0,0,0,0,0,10,10
109583,244,4,0,0,0,0,0,0,10,10
109585,1548,2,0,0,0,0,0,0,10,10
109588,17,4,0,0,0,0.78180487222265,0.1794871794871795,1,10,10
109607,4419,2,0,0,0,0.07839826897867533,0.0625,0.16666666666666666,10,10
109610,396,2,0,0,0,0.1388624438735545,0.06666666666666667,0.5,10,10
109625,32,3,0,0,0,0,0,0,10,10
109629,897,2,0,0,0,0,0,0,10,10
109632,22,2,0.30712981332153244,0.6,0.125,0.8304198973631919,0.8,1,10,10
109634,37,1,0,0,0,0.5548989126424902,0.3125,1,10,10
109645,9,1,0.15850703974098104,0.18181818181818182,0.2,0.16354138662029633,0.18181818181818182,0.2,9,9
109649,1,3,0,0,0,0.10828075925487264,0.1,0.2,1,10
109657,4,2,0.5637884576902256,0.4,1,0.5637884576902256,0.4,1,4,10
109659,4,3,0.6039094289265273,0.36363636363636365,1,0.6951116003271834,0.45454545454545453,1,4,10
109670,1,3,0.29740901205864334,0.06666666666666667,1,0.6424956338731981,0.4,1,1,10
109680,5,4,0.6825137723293194,0.5,1,0.8441515559274271,0.8,1,5,10
109685,10770,1,0,0,0,0,0,0,10,10
109687,40,2,0,0,0,0.5637884576902256,0.3076923076923077,1,10,10
109691,1,4,0,0,0,0,0,0,1,10
109731,52,1,0.12987501165334073,0.14285714285714285,0.1111111111111111,0.14876390584057267,0.14285714285714285,0.2,10,10
109734,9,2,0.716287445502968,0.5,0.5,0.8701249883466592,0.5,1,9,10
109739,1,2,0,0,0,0.4225051418507037,0.2,1,1,10
109751,53,2,0,0,0,0.564890104406958,0.35294117647058826,0.5,10,10
109760,3930,2,0,0,0,0,0,0,10,10
109770,395,2,0,0,0,0.20483424751859086,0.125,0.3333333333333333,10,10
109773,1,4,0,0,0,0.14943426003604438,0.125,0.3333333333333333,1,10
109782,3,3,0.4690000933206747,0.1875,1,0.4690000933206747,0.1875,1,3,10
109796,4417,2,0,0,0,0,0,0,10,10
109797,29,7,0,0,0,0.4334877371639459,0.4,1,10,10
109811,1173,3,0,0,0,0,0,0,10,10
109814,21,3,0.19930623359011798,0.1875,0.125,1,0.625,1,10,10
109816,133,3,0,0,0,0.2876263497141272,0.1,0.5,10,10
109821,291,2,0,0,0,0.21222636597291455,0.125,0.5,10,10
109842,1187,3,0,0,0,0,0,0,10,10
109843,274,1,0,0,0,0,0,0,10,10
109853,4484,2,0,0,0,0,0,0,10,10
109862,985,2,0,0,0,0,0,0,10,10
109863,37,4,0,0,0,0.0636207881989517,0.043478260869565216,0.1,10,10
109866,157309,1,0,0,0,0,0,0,10,10
109882,18,2,0,0,0,0.05073392086327236,0,0,10,10
109884,14651,2,0,0,0,0.07839826897867533,0.021739130434782608,0.16666666666666666,10,10
109886,3,6,0,0,0,0,0,0,3,10
109888,878,3,0,0,0,0.04803505593834116,0.06666666666666667,0.1,10,10
109894,2159,3,0,0,0,0.09478836436955078,0.0625,0.25,10,10
109899,2730,3,0,0,0,0,0,0,10,10
109900,8033,2,0,0,0,0,0,0,10,10
109903,60,4,0,0,0,0,0,0,10,10
109914,33,3,0,0,0,0.6434035614033736,0.375,1,10,10
109922,1631,2,0,0,0,0.09478836436955078,0.0625,0.25,10,10
109928,454,3,0,0,0,0,0,0,10,10
109935,3,3,0,0,0,0.16933929492839028,0.2727272727272727,0.14285714285714285,3,10
109940,1,4,0.22009176629808014,0.027777777777777776,1,0.5357086937004183,0.1388888888888889,1,1,10
109951,19,3,0.09179977573848408,0.14285714285714285,0.1111111111111111,0.30495225413002947,0.14285714285714285,1,10,10
109953,782,3,0,0,0,0.3052348839397011,0.125,1,10,10
109967,651,2,0,0,0,0.0636207881989517,0.029411764705882353,0.1,10,10
109969,288,3,0,0,0,0.28596727063820676,0.2,0.3333333333333333,10,10
109973,38,4,0,0,0,0,0,0,10,10
109991,11,4,0.06625422345438903,0.0625,0.1111111111111111,0.1388624438735545,0.0625,0.5,10,10
109999,2,6,0,0,0,0.17191280514492113,0.15384615384615385,0.5,2,10
110016,1687,2,0,0,0,0,0,0,10,10
110024,1,4,0,0,0,0,0,0,1,10
110031,15,3,0,0,0,0.07839826897867533,0.03125,0.16666666666666666,10,10
110039,233,2,0,0,0,0.32730659600126993,0.1875,0.5,10,10
110047,59,4,0,0,0,0.5263304097820353,0.3125,1,10,10
110048,48,4,0,0,0,0.15139734109601002,0.18181818181818182,0.2,10,10
110057,32,1,0,0,0,0,0,0,10,10
110064,182,3,0,0,0,0.37040398304192346,0.4,1,10,10
110069,267,3,0,0,0,0.5321408435198608,0.26666666666666666,1,10,10
110075,32,2,0,0,0,0.06625422345438903,0.0625,0.1111111111111111,10,10
110081,10,2,0.23690530871965637,0.2,0.2,0.43735247915031,0.2,1,10,10
110082,21,3,0,0,0,0.19518900079066107,0.125,0.3333333333333333,10,10
110093,34,1,0,0,0,0.35895421017163465,0.125,1,10,10
110115,52,4,0,0,0,0.18340980524840012,0.125,0.3333333333333333,10,10
110128,520,2,0,0,0,0,0,0,10,10
110133,657,2,0,0,0,0.22009176629808014,0.06666666666666667,1,10,10
110137,72,5,0,0,0,0.5152880109744814,0.15384615384615385,0.5,10,10
110147,191,3,0,0,0,0.09525913246106908,0.0625,0.16666666666666666,10,10
110156,24,4,0,0,0,0.09478836436955078,0.030303030303030304,0.25,10,10
110158,5,4,0,0,0,0.22009176629808014,0.07142857142857142,1,5,10
110164,296,4,0,0,0,0,0,0,10,10
110168,1975,2,0,0,0,0.26180807422707547,0.2,0.3333333333333333,10,10
110170,321,4,0,0,0,0,0,0,10,10
110188,40,4,0,0,0,0.4690000933206747,0.1875,1,10,10
110192,321,3,0,0,0,0.06943122193677725,0.0625,0.125,10,10
110193,598,3,0,0,0,0,0,0,10,10
110208,44,2,0,0,0,0.22009176629808014,0.0625,1,10,10
110210,180,1,0,0,0,0.2866919347890071,0.1875,0.5,10,10
110217,82,4,0,0,0,0.16421958630632802,0.125,0.25,10,10
110253,14,4,0,0,0,0.755533416278847,0.5,1,10,10
110273,553,1,0,0,0,0,0,0,10,10
110281,177,4,0,0,0,0.11004588314904007,0.043478260869565216,0.3333333333333333,10,10
110284,302,3,0,0,0,0,0,0,10,10
110289,24,3,0.32898368351669033,0.3125,0.16666666666666666,0.800693766409882,0.4375,1,10,10
110303,2,6,0.42704005288919455,0.2222222222222222,1,0.5579592577029059,0.3333333333333333,1,2,10
110305,50,3,0,0,0,1,1,1,10,10
110307,136,3,0,0,0,0,0,0,10,10
110324,23,1,0.27267015568947806,0.3333333333333333,0.14285714285714285,0.7125523635307983,0.5,1,10,10
110335,5,3,0,0,0,0.14782949091545258,0.18181818181818182,0.16666666666666666,5,10
110336,31,3,0,0,0,0.09478836436955078,0.06666666666666667,0.25,10,10
110340,18,3,0,0,0,0,0,0,10,10
110345,179,2,0,0,0,0.9415695295595564,0.6,1,10,10
110346,34,4,0,0,0,0.37923771560128977,0.3125,0.25,10,10
110364,23,4,0.048585413013099134,0.08333333333333333,0.1111111111111111,0,0,0,10,10
110367,5,3,0.1799314820111718,0.125,0.25,0.54739836229935,0.25,1,5,10
110369,11,4,0.968183127309004,0.6666666666666666,1,0.9825594806633607,0.6666666666666666,1,10,10
110375,5,2,0.7138097836082222,0.3125,1,0.7138097836082222,0.3125,1,5,10
110385,1,3,0.2542008779489662,0.125,1,0.7647259933313354,0.75,1,1,10
110401,15,2,0.5009732673492617,0.25,1,0.2745478892647208,0.1875,0.5,10,10
110403,2,1,0.45650001423154074,0.14285714285714285,1,0.45650001423154074,0.14285714285714285,1,2,2
110414,1,3,0.26742619438551957,0.07692307692307693,1,0.6710479134113747,0.38461538461538464,1,1,10
110416,24,1,0.12987501165334073,0.13333333333333333,0.1111111111111111,0.3062386434839551,0.26666666666666666,0.25,10,10
110418,2896,3,0,0,0,0,0,0,10,10
110425,8561,2,0,0,0,0,0,0,10,10
110433,413,3,0,0,0,0.14465249243306438,0.125,0.16666666666666666,10,10
110434,409,3,0,0,0,0,0,0,10,10
110443,1228,3,0,0,0,0,0,0,10,10
110447,953,3,0,0,0,0,0,0,10,10
110468,45,4,0,0,0,0.3052348839397011,0.125,1,10,10
110507,6,2,0,0,0,0,0,0,6,10
110509,34,2,0.3882047626431879,0.3125,0.25,0.1584091525685025,0.125,0.25,10,10
110515,1,3,0.22009176629808014,0.045454545454545456,1,0.3052348839397011,0.09090909090909091,1,1,10
110521,577,2,0,0,0,0.27235727895053036,0.08695652173913043,1,10,10
110527,9,1,0.07839826897867533,0.1,0.16666666666666666,0.1388624438735545,0.1,0.5,9,9
110539,80,3,0,0,0,0.35314377643380906,0.1875,1,10,10
110550,14,3,0.5309999066793252,0.5384615384615384,0.25,0.7799082337019198,0.6923076923076923,0.5,10,10
110556,13,4,0,0,0,0,0,0,10,10
110568,296,2,0,0,0,0,0,0,10,10
110579,394,4,0,0,0,0.27215072888274483,0.07142857142857142,1,10,10
110583,46,2,0,0,0,0.24926098697416302,0.0625,1,10,10
110585,75,3,0,0,0,0.8512360941594272,0.2,1,10,10
110600,80,3,0,0,0,0.08514311764162098,0.0625,0.2,10,10
110602,62,2,0,0,0,0,0,0,10,10
110607,23,1,0.27267015568947806,0.25,0.14285714285714285,0.8236998933965708,0.5,1,10,10
110614,893,2,0,0,0,0.31488013066763093,0.125,1,10,10
110618,2,1,0.1388624438735545,0.0625,0.5,0.22009176629808014,0.0625,1,2,2
110623,511,1,0,0,0,0.07839826897867533,0.043478260869565216,0.16666666666666666,10,10
110634,402,2,0,0,0,0.1388624438735545,0.06666666666666667,0.5,10,10
110676,9,2,0.08514311764162098,0.0625,0.2,0.11004588314904007,0.0625,0.3333333333333333,9,10
110687,78,2,0,0,0,0.4847119890255185,0.26666666666666666,1,10,10
110692,1,4,0.29740901205864334,0.0625,1,0.14870450602932167,0.0625,0.3333333333333333,1,10
110694,6,4,0.7602419900843778,0.375,1,0.9502477611198407,0.625,1,6,10
110695,27,3,0,0,0,0.24926098697416302,0.09090909090909091,1,10,10
110722,36,3,0,0,0,0.8630152897016881,0.5625,1,10,10
110738,616,2,0,0,0,0.11505351121173782,0.07692307692307693,0.2,10,10
110744,3,4,0,0,0,0.39449523438077905,0.3125,0.3333333333333333,3,10
110748,6,4,0.727329844310522,0.375,1,0.8115558478722846,0.5,1,6,10
110749,99,3,0,0,0,0.11004588314904007,0.0625,0.3333333333333333,10,10
110776,79,3,0,0,0,0.6710694787292656,0.3125,1,10,10
110785,54,4,0,0,0,0.8993195683207924,0.9090909090909091,1,10,10
110789,55,4,0,0,0,0.4349768833818852,0.2,1,10,10
110796,3,4,0,0,0,0.5216414792035848,0.1875,1,3,10
110802,57,2,0,0,0,0.9363792118010483,0.5625,1,10,10
110808,45,2,0,0,0,0,0,0,10,10
110815,126,1,0,0,0,0.03668196104968002,0,0,10,10
110831,122,1,0,0,0,0.31488013066763093,0.125,1,10,10
110832,6,2,0,0,0,0.4422195942380129,0.3076923076923077,1,6,10
110834,49,3,0,0,0,0.6794478199836815,0.38461538461538464,1,10,10
110835,24,5,0.5309999066793252,0.4375,0.25,0.9363792118010483,0.5625,1,10,10
110844,2,5,0.7653606369886218,0.6666666666666666,1,0.9217868789962073,1,1,2,10
110848,41,3,0.4150046129101238,0.1935483870967742,0.2,0.48649183542828267,0.16129032258064516,0.5,10,10
110849,11,6,0.03415550360927405,0,0,0.09588662117285177,0,0,10,10
110852,3,5,0,0,0,0.31598177738436345,0.2857142857142857,0.25,3,10
110876,7,3,0,0,0,0,0,0,7,10
110877,35,1,0,0,0,0.6787622294601761,1,0.5,10,10
110879,1,3,0.34340284320443354,0.25,1,0.34340284320443354,0.25,1,1,10
110884,1,3,0.22009176629808014,0.0625,1,0.424926013816671,0.1875,1,1,10
110910,1,3,0.4692787260227565,0.3333333333333333,1,0.4692787260227565,0.3333333333333333,1,1,10
110913,1220,1,0,0,0,0.06943122193677725,0.034482758620689655,0.125,10,10
111413,43,3,0,0,0,0.15031332214283932,0.16666666666666666,0.3333333333333333,10,10
111415,74,2,0,0,0,0.4447551423209717,0.25,1,10,10
111422,372,2,0,0,0,0.1884441521277154,0.06451612903225806,0.3333333333333333,10,10
111424,3,3,0.1399508511117305,0.06666666666666667,0.3333333333333333,0.325061438500447,0.13333333333333333,0.5,3,10
111429,18,3,0,0,0,0.45650001423154074,0.125,1,10,10
111437,34,2,0,0,0,0.31488013066763093,0.125,1,10,10
111447,175,3,0,0,0,0.8659476009588057,0.5333333333333333,1,10,10
111456,25,3,0,0,0,0,0,0,10,10
111464,1,5,0,0,0,0,0,0,1,10
111471,12,1,1,0.6666666666666666,1,1,0.6666666666666666,1,10,10
111478,1,6,0.26409240746185286,0.1111111111111111,1,0.3196336599818528,0.2222222222222222,1,1,10
111492,238,2,0,0,0,0,0,0,10,10
111503,30,2,0,0,0,0.1610425878239398,0.14285714285714285,0.25,10,10
111509,297,3,0,0,0,0.07336392209936005,0.0625,0.14285714285714285,10,10
111532,43,5,0,0,0,0,0,0,10,10
111547,3965,3,0,0,0,0,0,0,10,10
111549,6882,1,0,0,0,0.11004588314904007,0.0625,0.3333333333333333,10,10
111552,489,3,0,0,0,0.388244052766991,0.1875,1,10,10
111557,151,4,0,0,0,0.11004588314904007,0.0625,0.3333333333333333,10,10
111562,112,3,0,0,0,0.3308744461818273,0.25,0.3333333333333333,10,10
111564,89,3,0,0,0,0.4920062203073636,0.25,1,10,10
111577,91,4,0,0,0,0.1388624438735545,0.0625,0.5,10,10
111580,78,4,0,0,0,0.0636207881989517,0.0625,0.1,10,10
111582,932,3,0,0,0,0,0,0,10,10
111588,69,3,0,0,0,0.056762078427747324,0.0625,0.2,10,10
111603,112,2,0,0,0,0.11004588314904007,0.0625,0.3333333333333333,10,10
111604,31,3,0,0,0,0.06943122193677725,0.0625,0.125,10,10
111615,19,3,0,0,0,0.4412851793128928,0.25,1,10,10
111616,193,2,0,0,0,0.07075576072108061,0.1111111111111111,0.1111111111111111,10,10
111622,3549,1,0,0,0,0,0,0,10,10
111628,2344,2,0,0,0,0,0,0,10,10
111629,3,2,0.4323181322709947,0.1875,1,0.8900056095648077,0.5625,1,3,10
111633,884,1,0,0,0,0.1388624438735545,0.05,0.5,10,10
111634,95,3,0,0,0,0.39376351437055535,0.26666666666666666,0.5,10,10
111639,321,2,0,0,0,0,0,0,10,10
111664,22,2,0.27267015568947806,0.25,0.14285714285714285,0.7353797772725617,0.4375,1,10,10
111677,1,3,0.22009176629808014,0.06666666666666667,1,0.835780413693672,0.5333333333333333,1,1,10
111682,91,2,0,0,0,0.24573132854020638,0.1875,0.3333333333333333,10,10
111686,1,5,0.2575389154724167,0.0625,1,0.5487973376826973,0.1875,1,1,10
111689,13,2,0.5309999066793252,0.4666666666666667,0.25,0.8701249883466592,0.5333333333333333,1,10,10
111690,4,4,0.37396538635807963,0.2222222222222222,0.5,0.6185503720564074,0.4444444444444444,1,4,10
111691,2,1,0.35895421017163465,0.125,1,0.35895421017163465,0.125,1,2,2
111695,2,4,0.2300510610426737,0.0625,1,0.2996649302239864,0.1875,0.5,2,10
111697,1,4,0,0,0,0.21643353787186348,0.125,0.5,1,10
111709,8,6,0.5544692437855766,0.375,0.5,0.6408089257735509,0.375,1,8,10
111711,4,7,0.3362741576267856,0.2222222222222222,1,0.9100698716340228,0.8888888888888888,1,4,10
111733,7,3,0.2683028632288978,0.25,0.2,0.7673319525104525,0.5833333333333334,1,7,10
111739,9,1,0.46896257776537437,0.3125,0.3333333333333333,0.4487294900778422,0.3125,0.3333333333333333,9,9
111759,491,1,0,0,0,0.07336392209936005,0.047619047619047616,0.14285714285714285,10,10
111762,33,2,0,0,0,0.6775170330669437,0.4375,1,10,10
111766,412,2,0,0,0,0.3030616450015669,0.25,0.25,10,10
111767,276,3,0,0,0,0.7065443116025597,0.32,0.5,10,10
111778,6,4,0,0,0,0,0,0,6,10
111780,1046,1,0,0,0,0,0,0,10,10
111782,30,3,0,0,0,0.23047380976071705,0.21428571428571427,0.25,10,10
111787,24,1,0.13698471029831175,0.0625,0.14285714285714285,0.3195496275649209,0.125,0.3333333333333333,10,10
111788,5,1,0.37217192514325476,0.2727272727272727,0.5,0.4819367425138076,0.2727272727272727,1,5,5
111797,737,2,0,0,0,0,0,0,10,10
111814,765,2,0,0,0,0.20904936749052636,0.11538461538461539,0.14285714285714285,10,10
111820,3,3,0,0,0,0.07336392209936005,0.0625,0.14285714285714285,3,10
111828,26,3,0,0,0,0.2126918984263706,0.1,0.5,10,10
111834,15,4,1,0.625,1,0.800693766409882,0.4375,1,10,10
111836,1964,2,0,0,0,0.06943122193677725,0.043478260869565216,0.125,10,10
111839,5,3,0,0,0,0,0,0,5,10
111841,42,3,0,0,0,0.9052116356304492,0.2647058823529412,1,10,10
111842,985,2,0,0,0,0.11004588314904007,0.07692307692307693,0.3333333333333333,10,10
111849,97,3,0,0,0,0.1388624438735545,0.0625,0.5,10,10
111854,2,5,0,0,0,0,0,0,2,10
111864,1869,3,0,0,0,0.42333070005078094,0.25,1,10,10
111867,4814,3,0,0,0,0,0,0,10,10
111876,272,3,0,0,0,0.2575389154724167,0.07142857142857142,1,10,10
111887,5,4,0,0,0,0.16958010263680803,0.2,0.3333333333333333,5,10
111960,443,2,0,0,0,0,0,0,10,10
111961,137,2,0,0,0,0.5077181160122074,0.11428571428571428,1,10,10
111966,552,2,0,0,0,0.6235744328990729,0.45454545454545453,1,10,10
111985,16,3,0,0,0,0.7016660917998309,0.6666666666666666,1,10,10
112013,1452,3,0,0,0,0.09907759915099076,0.0625,0.25,10,10
112014,70,3,0,0,0,0.4780944026820895,0.1875,1,10,10
112019,17,3,0.6410457898283652,0.5,0.3333333333333333,0.6618313225363274,0.375,1,10,10
112023,80,4,0,0,0,0.4573192213135142,0.14285714285714285,1,10,10
112024,4548,2,0,0,0,0,0,0,10,10
112042,802,3,0,0,0,0.0636207881989517,0.02631578947368421,0.1,10,10
112050,251,4,0,0,0,0.28634598975246917,0.125,1,10,10
112058,9,1,0.9672068480996276,1,1,0.9860433320650158,1,1,9,9
112063,16,3,0.6410457898283652,0.5,0.3333333333333333,1,0.625,1,10,10
112068,15,3,0,0,0,0,0,0,10,10
112070,238,2,0,0,0,0.16872714292220853,0.0625,0.5,10,10
112072,70,1,0,0,0,0.24787451257311421,0.1875,0.25,10,10
112075,60,2,0,0,0,0.7670273914429263,0.4375,1,10,10
112078,177,4,0,0,0,0.22009176629808014,0.0625,1,10,10
112080,17,4,0.43621154230977444,0.375,0.2,0.5337225282363589,0.375,0.5,10,10
112086,15,5,0,0,0,0,0,0,10,10
112100,26,3,0,0,0,0,0,0,10,10
112102,32,3,0.0636207881989517,0.0625,0.1,0.7909506325094736,0.4375,1,10,10
112107,62,4,0,0,0,0.19518900079066107,0.14285714285714285,0.3333333333333333,10,10
112110,67,4,0,0,0,0.2832325164972662,0.1875,0.3333333333333333,10,10
112116,99,4,0,0,0,0,0,0,10,10
112118,37,4,0,0,0,0.09684208768602304,0.07692307692307693,0.25,10,10
112133,747,3,0,0,0,0.4291411337886065,0.13333333333333333,1,10,10
112135,4419,2,0,0,0,0,0,0,10,10
112138,977,4,0,0,0,0,0,0,10,10
112148,29,4,0,0,0,0,0,0,10,10
112155,72,3,0,0,0,0,0,0,10,10
112180,946,3,0,0,0,0,0,0,10,10
112185,1263,3,0,0,0,0,0,0,10,10
112198,61,2,0,0,0,0.19518900079066107,0.125,0.3333333333333333,10,10
112199,280,4,0,0,0,0.11004588314904007,0.041666666666666664,0.3333333333333333,10,10
112205,4,4,0,0,0,0,0,0,4,10
112210,738,3,0,0,0,0.2895229882348574,0.13333333333333333,1,10,10
112215,836,3,0,0,0,0.3746661058764784,0.10714285714285714,1,10,10
112223,101,3,0,0,0,0.2685529228900211,0.1875,0.3333333333333333,10,10
112227,981,3,0,0,0,0.16815228646891084,0.125,0.25,10,10
112253,5,4,0,0,0,0.1799314820111718,0.058823529411764705,0.25,5,10
112257,9,4,0.6951116003271834,0.4166666666666667,1,0.5887238769318153,0.4166666666666667,1,9,10
112259,2,1,0.14514605925250643,0.07692307692307693,0.5,0.2300510610426737,0.07692307692307693,1,2,2
112279,4,3,0.2604979528242145,0.2,0.3333333333333333,0.45650001423154074,0.2,1,4,10
112284,572,2,0,0,0,0.07495345472190745,0.07142857142857142,0.14285714285714285,10,10
112291,428,2,0,0,0,0.420217226795578,0.15625,0.3333333333333333,10,10
112292,42,4,0,0,0,0.6300426811446145,0.3125,1,10,10
112295,5,2,0,0,0,0,0,0,5,10
112297,21,3,0,0,0,0,0,0,10,10
112306,41,2,0,0,0,0.22009176629808014,0.0625,1,10,10
112312,398513,2,0,0,0,0,0,0,10,10
112328,23,4,0.968403878543483,0.2702702702702703,1,1,0.2702702702702703,1,10,10
112337,2,3,0.35895421017163465,0.125,1,1,0.625,1,2,10
112385,5,3,0,0,0,0.29205213505621097,0.1875,0.3333333333333333,5,10
112386,379,2,0,0,0,0,0,0,10,10
112388,29,3,0,0,0,0,0,0,10,10
112403,84,3,0,0,0,0,0,0,10,10
112408,2,4,0,0,0,0.4690000933206747,0.1875,1,2,10
112418,15,1,0,0,0,0.420027879946489,0.13333333333333333,1,10,10
112420,2,4,0,0,0,0,0,0,2,10
112428,465,2,0,0,0,0,0,0,10,10
112429,34,3,0,0,0,0,0,0,10,10
112431,9,3,0,0,0,0,0,0,9,10
112442,62,2,0,0,0,0.22009176629808014,0.0625,1,10,10
112489,479,3,0,0,0,0.06625422345438903,0.07142857142857142,0.1111111111111111,10,10
112490,409,4,0,0,0,0,0,0,10,10
112494,4614,3,0,0,0,0,0,0,10,10
112495,2887,2,0,0,0,0,0,0,10,10
112503,90,3,0,0,0,0,0,0,10,10
112509,213,3,0,0,0,0,0,0,10,10
112512,406,2,0,0,0,0,0,0,10,10
112513,61461,2,0,0,0,0,0,0,10,10
112519,455,3,0,0,0,0,0,0,10,10
112520,965,5,0,0,0,0,0,0,10,10
112535,275,3,0,0,0,0,0,0,10,10
112540,33,6,0,0,0,0,0,0,10,10
112547,335,4,0,0,0,0,0,0,10,10
112559,42,5,0,0,0,0.388204326280566,0.09523809523809523,1,10,10
112565,251,3,0,0,0,0.06625422345438903,0.02564102564102564,0.1111111111111111,10,10
112566,2,3,0,0,0,0.39749351961824175,0.3125,0.3333333333333333,2,10
112574,67,2,0,0,0,0.1610425878239398,0.125,0.25,10,10
112576,260,2,0,0,0,0.46724535763533925,0.6666666666666666,0.3333333333333333,10,10
112578,1498,3,0,0,0,0,0,0,10,10
112579,5,5,0.22009176629808014,0.06666666666666667,1,0.17630010660342912,0.13333333333333333,0.3333333333333333,5,10
112585,2769,2,0,0,0,0,0,0,10,10
112588,32,3,0,0,0,0,0,0,10,10
112591,386,2,0,0,0,0,0,0,10,10
112597,638,4,0,0,0,0,0,0,10,10
112605,11,4,0.0636207881989517,0.0625,0.1,0.08514311764162098,0.0625,0.2,10,10
112607,366,2,0,0,0,0,0,0,10,10
112618,39,3,0,0,0,0.2895229882348574,0.13333333333333333,1,10,10
112620,175,3,0,0,0,0.1388624438735545,0.0625,0.5,10,10
112623,49,3,0,0,0,0,0,0,10,10
112629,14,4,0.24261785528500338,0.09090909090909091,0.25,0.34685330469621795,0.12121212121212122,0.3333333333333333,10,10
112630,2552,4,0,0,0,0,0,0,10,10
112634,404,3,0,0,0,0.07336392209936005,0.0625,0.14285714285714285,10,10
112636,19205,2,0,0,0,0,0,0,10,10
112643,315,3,0,0,0,0,0,0,10,10
112653,1,2,0,0,0,0,0,0,1,10
112654,16,4,0.06943122193677725,0.0625,0.125,0,0,0,10,10
112660,161,4,0,0,0,0,0,0,10,10
112662,541,4,0,0,0,0.12463049348708151,0.07692307692307693,0.3333333333333333,10,10
112665,12,1,0.11004588314904007,0.1,0.3333333333333333,0.08514311764162098,0.1,0.2,10,6
112669,526,3,0,0,0,0,0,0,10,10
112671,310,3,0,0,0,0,0,0,10,10
112677,332,4,0,0,0,0.22009176629808014,0.025,1,10,10
112678,36,3,0,0,0,0,0,0,10,10
112682,213,3,0,0,0,0,0,0,10,10
112689,89,3,0,0,0,0,0,0,10,10
112699,22,3,0,0,0,0,0,0,10,10
112813,77,3,0,0,0,0,0,0,10,10
112818,1,4,0,0,0,0.2357541930550393,0.0625,1,1,10
112825,313,2,0,0,0,0,0,0,10,10
112839,26,3,0,0,0,0,0,0,10,10
112846,148,5,0,0,0,0.09478836436955078,0.030303030303030304,0.25,10,10
112847,164,2,0,0,0,0,0,0,10,10
112879,4,3,0.5637884576902256,0.25,1,0.6274092458891771,0.3125,1,4,10
112881,488,2,0,0,0,0,0,0,10,10
112897,324,3,0,0,0,0,0,0,10,10
112898,5,2,0.20483424751859086,0.125,0.3333333333333333,0.5009732673492617,0.25,1,5,10
112911,40,4,0,0,0,0,0,0,10,10
112926,3,3,0,0,0,0,0,0,3,10
112932,2,4,0,0,0,0.18991938084196824,0.13333333333333333,0.5,2,10
112935,172,3,0,0,0,0,0,0,10,10
112938,1,5,0,0,0,0.11243018208286118,0.07692307692307693,0.3333333333333333,1,10
112957,1124,3,0,0,0,0,0,0,10,10
112971,2,3,0,0,0,0,0,0,2,10
112973,44,4,0,0,0,0.04890928139957336,0.0625,0.14285714285714285,10,10
112974,556,3,0,0,0,0,0,0,10,10
112979,17,6,0,0,0,0.14874433492765377,0.08333333333333333,0.5,10,10
112994,65,4,0,0,0,0,0,0,10,10
113003,84,3,0,0,0,0,0,0,10,10
113012,1,4,0,0,0,0.4291411337886065,0.10256410256410256,1,1,10
113020,31,3,0,0,0,0.07839826897867533,0.0625,0.16666666666666666,10,10
113021,29,2,0,0,0,0,0,0,10,10
113027,388,4,0,0,0,0,0,0,10,10
113038,22,2,0,0,0,0.3714891073940902,0.1875,1,10,10
113042,3866,2,0,0,0,0,0,0,10,10
113058,45,4,0,0,0,0,0,0,10,10
113061,73,3,0,0,0,0,0,0,10,10
113082,455,4,0,0,0,0,0,0,10,10
113093,2,2,0,0,0,0,0,0,2,10
113104,24,3,0,0,0,0.07336392209936005,0.02702702702702703,0.14285714285714285,10,10
113114,180,3,0,0,0,0.07336392209936005,0.0625,0.14285714285714285,10,10
113115,509,1,0,0,0,0,0,0,10,10
113121,2,3,0.1388624438735545,0.07142857142857142,0.5,0.35388057316851623,0.2857142857142857,0.5,2,10
113152,111,3,0,0,0,0,0,0,10,10
113165,7,4,0,0,0,0,0,0,7,10
113167,23,3,0,0,0,0.29655073104721996,0.21428571428571427,1,10,10
113180,7,3,0.20483424751859086,0.125,0.3333333333333333,0,0,0,7,10
113181,144,3,0,0,0,0.048585413013099134,0.0625,0.1111111111111111,10,10
113198,496,2,0,0,0,0,0,0,10,10
113200,4,5,0,0,0,0,0,0,4,10
113203,214,4,0,0,0,0,0,0,10,10
113208,1302,2,0,0,0,0,0,0,10,10
113214,26,3,0,0,0,0,0,0,10,10
113217,167,2,0,0,0,0,0,0,10,10
113230,17,3,0,0,0,0,0,0,10,10
113233,5873,2,0,0,0,0,0,0,10,10
113236,1215,3,0,0,0,0,0,0,10,10
113241,80,4,0,0,0,0,0,0,10,10
113243,3,3,0,0,0,0.14778659226136612,0.18181818181818182,0.16666666666666666,3,10
113251,238,4,0,0,0,0,0,0,10,10
113257,13,1,0.35106842466815336,0.3125,0.16666666666666666,0.486471450249967,0.375,0.3333333333333333,10,10
113269,125,3,0,0,0,0,0,0,10,10
113273,479,4,0,0,0,0,0,0,10,10
113274,183,2,0,0,0,0,0,0,10,10
113278,982,3,0,0,0,0,0,0,10,10
113282,595,2,0,0,0,0,0,0,10,10
113288,5,3,0,0,0,0,0,0,5,10
113311,183,3,0,0,0,0.09676403950167096,0.07692307692307693,0.5,10,10
113319,870,2,0,0,0,0,0,0,10,10
113321,10,3,0.2583297509898471,0.07692307692307693,0.25,0.29343678345195273,0.07692307692307693,0.5,10,10
113326,348,4,0,0,0,0,0,0,10,10
113328,2,2,0,0,0,0,0,0,2,10
113329,2962,3,0,0,0,0,0,0,10,10
113366,845,2,0,0,0,0,0,0,10,10
113370,15,4,0.2134894960461195,0.1875,0.125,0.14874433492765377,0.0625,0.5,10,10
113371,192,3,0,0,0,0,0,0,10,10
113379,137,3,0,0,0,0.2575389154724167,0.09090909090909091,1,10,10
113381,50,5,0,0,0,0.18764419468809046,0.0625,0.5,10,10
113382,359,3,0,0,0,0,0,0,10,10
113386,60,3,0,0,0,0,0,0,10,10
113393,38,4,0,0,0,0.0676892029442097,0.0625,0.25,10,10
113404,899,3,0,0,0,0,0,0,10,10
113411,20,5,0,0,0,0.2816575879096918,0.09090909090909091,0.5,10,10
113416,26,3,0,0,0,0,0,0,10,10
113417,674,3,0,0,0,0,0,0,10,10
113420,20,3,0,0,0,0,0,0,10,10
113422,1382,3,0,0,0,0,0,0,10,10
113445,2,4,0.4361533373077281,0.125,1,0.5698664345004878,0.1875,1,2,10
113450,34,3,0,0,0,0.24890832702259458,0.125,0.5,10,10
113453,5,5,0.22593278672186473,0.25,0.25,0.21114212060575094,0.25,0.25,5,10
113461,11,4,0.1492567166404778,0.125,0.14285714285714285,0.30673474805689827,0.125,1,10,10
113724,16,2,0.7799082337019198,0.5625,0.5,1,0.625,1,10,10
113726,1,4,0,0,0,0,0,0,1,10
113733,19,3,0,0,0,0.2934556883974402,0.13333333333333333,1,10,10
113744,3,4,0.3310900025014237,0.3333333333333333,0.5,0.7011404294055333,0.6666666666666666,1,3,10
113745,153,3,0,0,0,0,0,0,10,10
113751,111,4,0,0,0,0,0,0,10,10
113760,117,3,0,0,0,0,0,0,10,10
113763,141,3,0,0,0,0.43339986677447023,0.25,1,10,10
113764,64,3,0,0,0,0.9216017310213247,0.23076923076923078,1,10,10
113776,14,2,0.35106842466815336,0.3125,0.16666666666666666,0.6172839611614817,0.3125,1,10,10
113788,53,4,0,0,0,0.09478836436955078,0.0625,0.25,10,10
113793,446,4,0,0,0,0.07839826897867533,0.0625,0.16666666666666666,10,10
113801,32,4,0,0,0,0.1669349140823134,0.14285714285714285,0.16666666666666666,10,10
113810,1361,3,0,0,0,0,0,0,10,10
113820,3056,3,0,0,0,0,0,0,10,10
113828,23,3,0,0,0,0.3683756341388872,0.25,0.3333333333333333,10,10
113829,5527,2,0,0,0,0.22009176629808014,0.0625,1,10,10
113831,3,2,0,0,0,0,0,0,3,10
113838,4,6,0,0,0,0,0,0,4,10
113849,362,3,0,0,0,0,0,0,10,10
113853,75,3,0,0,0,0.6203974344166847,0.3125,1,10,10
113854,5,2,0.4690000933206747,0.1875,1,0.22009176629808014,0.0625,1,5,10
113857,1546,2,0,0,0,0.11004588314904007,0.03571428571428571,0.3333333333333333,10,10
113863,840,3,0,0,0,0.2895229882348574,0.16666666666666666,1,10,10
113864,448,5,0,0,0,0.14501300499131864,0.1111111111111111,0.5,10,10
113870,495,2,0,0,0,0.20483424751859086,0.13333333333333333,0.3333333333333333,10,10
113878,195,4,0,0,0,0.07839826897867533,0.0625,0.16666666666666666,10,10
113881,287,5,0,0,0,0.06943122193677725,0.025,0.125,10,10
113883,196,5,0,0,0,0.22009176629808014,0.0625,1,10,10
113884,2023,3,0,0,0,0.11004588314904007,0.0625,0.3333333333333333,10,10
113888,304,3,0,0,0,0,0,0,10,10
113892,150,2,0,0,0,0.1388624438735545,0.0625,0.5,10,10
113896,1520,5,0,0,0,0,0,0,10,10
113915,10,4,0.4304515585191244,0.15384615384615385,0.3333333333333333,0.5595550833787397,0.1282051282051282,1,10,10
113921,3,4,0,0,0,1,1,1,3,10
113928,4,4,0.0715672426213396,0.0625,0.25,0,0,0,4,10
113931,2,5,0.3667314583167897,0.13333333333333333,1,0.6772067280241673,0.4666666666666667,1,2,10
113935,127,2,0,0,0,0,0,0,10,10
113955,1109,2,0,0,0,0.35895421017163465,0.16666666666666666,1,10,10
113956,136,2,0,0,0,0.26203184745697894,0.05555555555555555,0.5,10,10
113959,2446,2,0,0,0,0,0,0,10,10
113960,253,3,0,0,0,0.25369348563159444,0.14285714285714285,0.5,10,10
113996,4,3,0.14187109415106738,0.0625,0.5,0.06768971444980863,0.0625,0.1111111111111111,4,10
114000,516,2,0,0,0,0.14201905717762703,0.125,0.16666666666666666,10,10
114002,2565,2,0,0,0,0.06625422345438903,0.041666666666666664,0.1111111111111111,10,10
114020,2167,1,0,0,0,0,0,0,10,10
114023,412,2,0,0,0,0,0,0,10,10
114033,2,3,0.45650001423154074,0.14285714285714285,1,0.522968679575385,0.21428571428571427,1,2,10
114035,762,1,0,0,0,0,0,0,10,10
114038,107,2,0,0,0,0.07839826897867533,0.0625,0.16666666666666666,10,10
114041,3,1,0.1388624438735545,0.07692307692307693,0.5,0.22009176629808014,0.07692307692307693,1,3,3
114051,49,3,0,0,0,0.09478836436955078,0.0625,0.25,10,10
114065,1,4,0.1982726747057622,0.0625,1,0.1982726747057622,0.0625,1,1,10
114083,350,3,0,0,0,0.07336392209936005,0.0625,0.14285714285714285,10,10
114084,374,3,0,0,0,0.35895421017163465,0.125,1,10,10
114095,60,2,0,0,0,0.7846170207230129,0.4375,1,10,10
114098,6,1,1,1,1,1,1,1,6,6
114107,1,2,0,0,0,0,0,0,1,1
114123,1,3,0.29740901205864334,0.07142857142857142,1,0.3965453494115244,0.14285714285714285,1,1,10
114138,21,1,0,0,0,0,0,0,10,10
114139,1,2,0,0,0,0,0,0,1,1
114140,6,1,0,0,0,0,0,0,6,6
114152,2,4,0.7653606369886218,0.6666666666666666,1,0.9674679834891694,1,1,2,10
114172,1,2,0,0,0,0,0,0,1,10
114182,1403,2,0,0,0,0.16815228646891084,0.15384615384615385,0.25,10,10
114186,6,4,0.727329844310522,0.24,1,0.9091099481035072,0.4,1,6,10
114208,14,3,1,0.45454545454545453,1,0.8848364951460377,0.36363636363636365,1,10,10
114239,123,4,0,0,0,0.5184650094568696,0.3,0.5,10,10
114241,52,4,0.28481420121376433,0.25,0.16666666666666666,0.2024832320725062,0.125,0.5,10,10
114246,1192,2,0,0,0,0,0,0,10,10
114249,33,3,0,0,0,0.5631102580041938,0.3125,1,10,10
114317,78,2,0,0,0,0,0,0,10,10
114321,16,5,0.17722149243865498,0.1875,0.125,0.6271665677137862,0.375,1,10,10
114322,61,4,0,0,0,0.07839826897867533,0.06666666666666667,0.16666666666666666,10,10
114324,1741,2,0,0,0,0,0,0,10,10
114333,2,4,0.3667314583167897,0.125,1,0.5600305932318571,0.3125,1,2,10
114364,8,3,0.41014343478173027,0.22727272727272727,0.3333333333333333,0.4705561169627617,0.22727272727272727,0.5,8,10
114395,1,3,0.29740901205864334,0.07692307692307693,1,0.45732200097127595,0.3076923076923077,1,1,10
114407,1,3,0,0,0,0,0,0,1,10
114450,2,3,0.45650001423154074,0.125,1,0.5875532910708158,0.25,1,2,10
114465,29,4,0.20832496953896984,0.1875,0.125,0.24422365840349722,0.125,0.5,10,10
114466,22,5,0.06625422345438903,0.0625,0.1111111111111111,0.37185395737611554,0.1875,1,10,10
114476,36,5,0,0,0,0.21408371436984164,0.08108108108108109,0.16666666666666666,10,10
114486,7,6,0.3850547874749319,0.25,0.3333333333333333,0.6485555090237797,0.375,1,7,10
114489,440,3,0,0,0,0.06625422345438903,0.047619047619047616,0.1111111111111111,10,10
114504,2,1,0.5129861293403476,0.25,1,0.5129861293403476,0.25,1,2,2
114509,1,2,0.2575389154724167,0.07692307692307693,1,0.4517111969459372,0.23076923076923078,1,1,10
114522,7,5,0.7430884690105225,0.6,1,0.8857316381822387,0.8,1,7,10
114551,1142,2,0,0,0,0.06625422345438903,0.0625,0.1111111111111111,10,10
114553,158,3,0,0,0,0.08514311764162098,0.0625,0.2,10,10
114555,98,4,0,0,0,0.1388624438735545,0.0625,0.5,10,10
114566,39,4,0,0,0,0.4419626147081341,0.2222222222222222,1,10,10
114578,110,3,0,0,0,0.4252084336260237,0.1875,1,10,10
114589,3,3,0.490222650816517,0.3,1,0.5596643073295069,0.3,1,3,10
114594,78,1,0,0,0,0.38634741424626085,0.3125,0.25,10,10
114620,2,2,0.38334277998463445,0.2222222222222222,1,0.38334277998463445,0.2222222222222222,1,2,10
114625,19,4,0,0,0,0,0,0,10,10
114633,16,2,0.13268893656315017,0.13333333333333333,0.1111111111111111,0.1441324524030455,0.13333333333333333,0.25,10,10
114648,4,2,0.5637884576902256,0.1,1,0.6489315753318465,0.125,1,4,10
114650,10,2,0.7208857319153568,0.5625,0.5,0.9390070228073616,0.5625,1,10,10
114654,3,6,0.5375847613405781,0.1875,1,1,0.625,1,3,10
114689,1,1,0,0,0,0,0,0,1,1
114701,12,1,0.07839826897867533,0.0625,0.16666666666666666,0.22009176629808014,0.0625,1,10,10
114733,46,1,0,0,0,0.20829366581033176,0.125,0.5,10,10
114745,5,2,0.5903681847779133,0.3125,1,0.6090519215431118,0.3125,1,5,6
114752,15,3,0.12987501165334073,0.125,0.1111111111111111,0.5599332595218056,0.3125,1,10,10
114756,19,4,1,0.2564102564102564,1,1,0.2564102564102564,1,10,10
114759,1,2,0.29740901205864334,0.07142857142857142,1,0.29740901205864334,0.07142857142857142,1,1,10
114766,428,2,0,0,0,0.06625422345438903,0.0625,0.1111111111111111,10,10
114767,189,3,0,0,0,0,0,0,10,10
114784,36,2,0,0,0,0.9052116356304492,0.5625,1,10,10
114799,535,2,0,0,0,0.23996197183135234,0.2857142857142857,0.25,10,10
114918,3,2,0.2855902880722746,0.125,1,0.2340592065643127,0.1875,0.5,3,10
114924,10,1,0.5425047669714629,0.4375,0.25,0.658180781680049,0.4375,0.5,10,10
114927,136,2,0,0,0,0.41939799988819815,0.25,1,10,10
114928,19,4,0.8419084268512763,0.625,1,0.7473980342366936,0.5625,1,10,10
114934,32,4,0,0,0,0.36398855705094996,0.21428571428571427,1,10,10
114941,57,3,0.06350608830737939,0.06666666666666667,0.16666666666666666,0,0,0,10,10
114963,1,2,0.2575389154724167,0.0625,1,0.3684548891580317,0.125,1,1,8
114973,113,1,0,0,0,0,0,0,10,10
114993,2,3,0.3439261989517367,0.07692307692307693,1,0.3141427378152049,0.07692307692307693,1,2,10
115010,411,1,0,0,0,0,0,0,10,10
115012,9,8,0.4673791184803735,0.17142857142857143,0.25,0.3917034710587319,0.11428571428571428,0.5,9,10
115019,82,3,0,0,0,0.466277471763641,0.25,1,10,10
115022,20,3,0,0,0,0,0,0,10,10
115024,502,2,0,0,0,0.30308203017988256,0.21428571428571427,0.5,10,10
115029,834,2,0,0,0,0,0,0,10,10
115034,23,3,0,0,0,0.1388624438735545,0.0625,0.5,10,10
115040,196,3,0,0,0,0.07336392209936005,0.0625,0.14285714285714285,10,10
115050,124,3,0,0,0,0.41257709725198666,0.17142857142857143,0.5,10,10
115064,70,1,0,0,0,0.4451010873575096,0.3125,0.5,10,10
115070,7,4,0.16354138662029633,0.05405405405405406,0.2,0.5306806689154828,0.13513513513513514,1,7,10
115078,9,3,0.716287445502968,0.5,0.5,0.92663607790064,0.5625,1,9,10
115079,1,2,0.18660113481564067,0.02564102564102564,1,0.7889672245867932,0.23076923076923078,1,1,10
115100,3,1,0.3301376494471202,0.09090909090909091,1,0.39375843764607193,0.13636363636363635,1,3,10
115111,1,4,0.3985202681370658,0.2,1,0.6499585627060159,0.4,1,1,10
115117,35,4,0,0,0,0.6131471927654584,0.5,1,10,10
115119,8,5,0.8701249883466592,0.20512820512820512,1,1,0.2564102564102564,1,8,10
115152,1,6,0.34323912424252423,0.16666666666666666,1,0.34323912424252423,0.16666666666666666,1,1,10
115164,61,3,0,0,0,0.6793879715827479,0.17142857142857143,1,10,10
115177,5,5,0.1802373693171696,0.125,0.25,0.3272503892359564,0.25,0.3333333333333333,5,10
115185,79,3,0,0,0,0.45374257454118544,0.07692307692307693,1,10,10
115189,284,2,0,0,0,0.023062928964042207,0,0,10,10
115193,508,2,0,0,0,0,0,0,10,10
115199,125,3,0,0,0,0.8200685179888281,0.2,1,10,10
115208,180,3,0,0,0,0.1396181455537491,0.125,0.14285714285714285,10,10
115219,128,1,0,0,0,0,0,0,10,7
115239,2,3,0.1388624438735545,0.02564102564102564,0.5,0.5347292187903202,0.1282051282051282,1,2,10
115240,1,3,0,0,0,0,0,0,1,10
115248,28,1,0,0,0,0.8521705090845474,0.5,1,10,10
115249,23,3,0,0,0,0.7309989523023463,0.21052631578947367,0.5,10,10
115255,2,4,0.4361533373077281,0.13333333333333333,1,0.7892929555584944,0.4666666666666667,1,2,10
115269,640,1,0,0,0,0.11004588314904007,0.07692307692307693,0.3333333333333333,10,10
115274,26,3,0,0,0,0.6563033086078546,0.4375,1,10,10
115282,8,2,0.7967610662472991,0.4375,1,0.7065836017263628,0.375,1,8,10
115292,45,1,0,0,0,0.4073174795910971,0.25,0.5,10,10
115297,25,3,0.12987501165334073,0.14285714285714285,0.1111111111111111,0.2984900352767555,0.14285714285714285,1,10,10
115298,2,3,0.35895421017163465,0.125,1,1,0.625,1,2,10
115302,1,2,0,0,0,0,0,0,1,10
115306,3,2,0.21222636597291455,0.06666666666666667,0.5,0.36018420099044063,0.13333333333333333,0.5,3,10
115319,178,2,0,0,0,0.92663607790064,0.5625,1,10,10
115320,31,3,0,0,0,0.7155506487682609,0.42857142857142855,1,10,10
115326,51,1,0,0,0,0.3882047626431879,0.3125,0.25,10,10
115332,3,2,0,0,0,0.2583297509898471,0.1875,0.25,3,10
115340,3,2,0.4361533373077281,0.2,1,0.46002283320678117,0.3,1,3,10
115342,2,3,0.44768932210481877,0.2222222222222222,1,0.44768932210481877,0.2222222222222222,1,2,10
115346,45,3,0,0,0,0.6564190965850926,0.375,1,10,10
115363,14,2,1,0.625,1,1,0.625,1,10,10
115527,1,2,0.29740901205864334,0.0625,1,0.3965453494115244,0.125,1,1,10
115528,8,2,0.8701249883466592,0.5,1,0.9363792118010483,0.5625,1,8,10
115530,19,2,0,0,0,0.2357541930550393,0.034482758620689655,1,10,10
115574,3,1,0.6448244864271547,0.5,1,0.6448244864271547,0.5,1,3,3
115579,15,2,0.42885250070855385,0.25,0.1111111111111111,0.7105909741653426,0.5,1,10,10
115580,13,2,1,0.7142857142857143,1,1,0.7142857142857143,1,10,10
115581,3,2,0.5023756245102127,0.21428571428571427,1,0.824936733218368,0.5714285714285714,1,3,10
115586,48,2,0,0,0,0.13305201013572895,0.125,0.125,10,10
115608,32,3,0,0,0,0,0,0,10,10
115609,17,3,0,0,0,0.6165069278606929,0.4444444444444444,1,10,10
115610,320,3,0,0,0,0.43185029686127374,0.1282051282051282,0.5,10,10
115632,2,2,0.29740901205864334,0.0625,1,0.5565211389359331,0.25,1,2,10
115633,1,3,0.26742619438551957,0.038461538461538464,1,0.32685423758230164,0.07692307692307693,1,1,10
115634,6,3,0,0,0,0,0,0,6,10
115644,143,3,0,0,0,0.24655055544758617,0.1875,0.25,10,10
115654,805,2,0,0,0,0.16354138662029633,0.125,0.2,10,10
115674,8,2,0.1799314820111718,0.125,0.25,0.3301376494471202,0.125,1,8,10
115677,3,4,0.4690000933206747,0.23076923076923078,1,0.8643145546088337,0.6153846153846154,1,3,10
115680,5,3,0.42883980903376634,0.26666666666666666,0.5,0.8364586133797035,0.5333333333333333,1,5,10
115681,26,1,0,0,0,0.2750465585642125,0.125,1,10,10
115686,16,1,1,0.625,1,1,0.625,1,10,10
115696,4,4,0.6201543156208374,0.25,1,0.9921086444723336,0.625,1,4,10
115714,338,2,0,0,0,0,0,0,10,10
115718,2,6,0,0,0,0.24703059344735182,0.1875,0.3333333333333333,2,10
115726,5,5,0.6489315753318465,0.3125,1,1,0.625,1,5,10
115736,23,4,0.13911732858229262,0.13333333333333333,0.1111111111111111,0,0,0,10,10
115738,19,4,0.36009095819122555,0.3333333333333333,0.2,0.48107765189751833,0.2,1,10,10
115745,15,2,0.6410457898283652,0.5,0.3333333333333333,0.5711601909662336,0.375,1,10,10
115747,22,2,0.06319224291303384,0.03571428571428571,0.25,0.499830437883566,0.17857142857142858,1,10,10
115753,12,3,0.31297374272228967,0.26666666666666666,0.2,0.5620315878307343,0.4,0.5,10,10
115763,1,2,0.2300510610426737,0.045454545454545456,1,0.5632706182178141,0.18181818181818182,1,1,7
115780,124,4,0,0,0,0.04890928139957336,0.029411764705882353,0.14285714285714285,10,10
115782,6,4,0.056762078427747324,0.02857142857142857,0.2,0,0,0,6,10
115785,1,2,0.29740901205864334,0.07142857142857142,1,0.29740901205864334,0.07142857142857142,1,1,10
115786,6724,1,0,0,0,0,0,0,10,10
115787,21,4,0.43621154230977444,0.4,0.2,0.7849818707050382,0.4666666666666667,1,10,10
115794,10,3,0.7799082337019198,0.23076923076923078,0.5,0.9363792118010483,0.23076923076923078,1,10,10
115816,3,3,0.24009123728639692,0.07692307692307693,0.3333333333333333,0.7198057652225512,0.5384615384615384,0.3333333333333333,3,10
115826,5,2,0.2604979528242145,0.14285714285714285,0.3333333333333333,0.45650001423154074,0.14285714285714285,1,5,10
115831,2,3,0.37519712029518015,0.125,1,0.48915828037309345,0.25,1,2,10
115838,6,2,0.28997736516021183,0.08108108108108109,0.3333333333333333,0.49214383396626715,0.08108108108108109,1,6,10
115843,14,1,1,0.7142857142857143,1,1,0.7142857142857143,1,10,10
115845,18,2,0.6530488081313034,0.3157894736842105,1,0.5774250016294136,0.3684210526315789,0.3333333333333333,10,10
115858,3,1,0.4690000933206747,0.1875,1,0.4690000933206747,0.1875,1,3,3
115871,5,2,0.2604979528242145,0.1111111111111111,0.3333333333333333,0.4819869961407344,0.2777777777777778,0.5,5,10
115878,2,2,0.35895421017163465,0.13333333333333333,1,0.5388856921828065,0.26666666666666666,1,2,10
115888,19,1,0.5309999066793252,0.4375,0.25,0.7695261902392829,0.4375,1,10,10
115890,26,4,0,0,0,0.67175898907361,0.375,1,10,10
115900,1,3,0.22009176629808014,0.0625,1,0.5423640154200348,0.25,1,1,10
115908,1,2,0.2357541930550393,0.07692307692307693,1,0.7790889382842405,0.46153846153846156,1,1,6
