structural_cap,anchored_cap,single_token_cap,structural_admitted,anchored_admitted,single_token_admitted,combined_admitted,coverage_pct,combined_degradation,degradation_relative_pct
1,1,1,20,240,20,280,1.246771751714311,0.00113322915819003,0.4853058077422452
1,1,2,20,240,52,312,1.3892599519102324,0.0011608236034583441,0.49712313917371603
1,1,3,20,240,73,333,1.4827678332888057,0.0012216705337284028,0.5231808596532267
1,1,5,20,240,102,362,1.6118977647163593,0.0013070890216669295,0.559761358827231
1,1,10,20,240,172,432,1.923590702644937,0.0014462210041601975,0.6193446819871462
1,1,20,20,240,279,539,2.400035622050049,0.0019989151612253286,0.8560361599555717
1,1,30,20,240,335,595,2.6493899723929113,0.002419903104736998,1.0363244030696066
1,1,50,20,240,376,636,2.8319529788939355,0.0029514627224267176,1.2639650067036423
1,1,75,20,240,407,667,2.969988422833734,0.0032932191264614663,1.4103223136194571
1,1,100,20,240,425,685,3.05013803544394,0.003453243653147142,1.4788528765867928
1,1,150,20,240,457,717,3.1926262356398607,0.0037530863110778467,1.6072606061717394
1,1,250,20,240,503,763,3.3974530234214977,0.004120469904635965,1.7645927665158465
1,1,500,20,240,559,819,3.6468073737643603,0.004521949508901085,1.9365265561044553
1,1,1000,20,240,620,880,3.9184255053878347,0.004857397429937377,2.080182252833956
1,1,2500,20,240,673,933,4.1544215869623295,0.005029720861963988,2.153979826579907
1,1,5000,20,240,722,982,4.372606643512334,0.005096669215168936,2.1826504836966314
1,1,10000,20,240,767,1027,4.572980675037849,0.0051377403659047804,2.2002392192482274
1,1,50000,20,240,816,1076,4.791165731587853,0.005152348180388733,2.2064950212245957
1,1,200000,20,240,823,1083,4.822335025380711,0.005152348180388733,2.2064950212245957
1,2,1,20,382,20,422,1.879063140083712,0.0019084317794355876,0.817286618109282
1,2,2,20,382,52,454,2.021551340279633,0.0019360262247039017,0.829103949540753
1,2,3,20,382,73,475,2.1150592216582065,0.0019968731549739605,0.8551616700202636
1,2,5,20,382,102,504,2.24418915308576,0.002082291642912487,0.8917421691942676
1,2,10,20,382,172,574,2.555882091014338,0.002221423625405755,0.9513254923541831
1,2,20,20,382,279,681,3.0323270104194497,0.0027741177824708863,1.1880169703226084
1,2,30,20,382,335,737,3.281681360762312,0.0031951057259825555,1.3683052134366434
1,2,50,20,382,376,778,3.464244367263336,0.003726665343672275,1.595945817070679
1,2,75,20,382,407,809,3.6022798112031342,0.004068421747707024,1.742303123986494
1,2,100,20,382,425,827,3.6824294238133404,0.0042284462743927,1.8108336869538295
1,2,150,20,382,457,859,3.8249176240092617,0.004528288932323404,1.9392414165387764
1,2,250,20,382,503,905,4.029744411790898,0.004895672525881523,2.0965735768828835
1,2,500,20,382,559,961,4.279098762133761,0.005297152130146643,2.2685073664714923
1,2,1000,20,382,620,1022,4.550716893757236,0.005632600051182934,2.412163063200993
1,2,2500,20,382,673,1075,4.786712975331731,0.005804923483209545,2.4859606369469436
1,2,5000,20,382,722,1124,5.004898031881734,0.005871871836414494,2.514631294063668
1,2,10000,20,382,767,1169,5.205272063407249,0.005912942987150338,2.532220029615264
1,2,50000,20,382,816,1218,5.423457119957254,0.00592755080163429,2.5384758315916325
1,2,200000,20,382,823,1225,5.454626413750111,0.00592755080163429,2.5384758315916325
1,3,1,20,482,20,522,2.3243387656959658,0.0024444968441282577,1.0468566810951216
1,3,2,20,482,52,554,2.466826965891887,0.002472091289396572,1.0586740125265925
1,3,3,20,482,73,575,2.56033484727046,0.0025329382196666306,1.084731733006103
1,3,5,20,482,102,604,2.689464778698014,0.0026183567076051573,1.1213122321801072
1,3,10,20,482,172,674,3.001157716626592,0.0027574886900984252,1.1808955553400227
1,3,20,20,482,279,781,3.4776026360317034,0.0033101828471635564,1.417587033308448
1,3,30,20,482,335,837,3.726956986374566,0.0037311707906752256,1.597875276422483
1,3,50,20,482,376,878,3.90951999287559,0.004262730408364945,1.8255158800565188
1,3,75,20,482,407,909,4.047555436815388,0.004604486812399694,1.9718731869723334
1,3,100,20,482,425,927,4.127705049425594,0.00476451133908537,2.040403749939669
1,3,150,20,482,457,959,4.270193249621515,0.0050643539970160745,2.168811479524616
1,3,250,20,482,503,1005,4.475020037403152,0.005431737590574193,2.326143639868723
1,3,500,20,482,559,1061,4.724374387746015,0.005833217194839313,2.498077429457332
1,3,1000,20,482,620,1122,4.99599251936949,0.0061686651158756045,2.641733126186833
1,3,2500,20,482,673,1175,5.231988600943984,0.0063409885479022154,2.715530699932783
1,3,5000,20,482,722,1224,5.4501736574939885,0.006407936901107164,2.744201357049508
1,3,10000,20,482,767,1269,5.650547689019502,0.006449008051843008,2.761790092601104
1,3,50000,20,482,816,1318,5.868732745569508,0.0064636158663269605,2.768045894577472
1,3,200000,20,482,823,1325,5.899902039362366,0.0064636158663269605,2.768045894577472
1,5,1,20,631,20,671,2.987799447858224,0.0030266957603834466,1.2961835831412694
1,5,2,20,631,52,703,3.1302876480541455,0.0030542902056517607,1.3080009145727403
1,5,3,20,631,73,724,3.2237955294327185,0.0031151371359218194,1.3340586350522508
1,5,5,20,631,102,753,3.3529254608602725,0.003200555623860346,1.3706391342262552
1,5,10,20,631,172,823,3.6646183987888508,0.003339687606353614,1.4302224573861706
1,5,20,20,631,279,930,4.141063318193962,0.003892381763418745,1.6669139353545959
1,5,30,20,631,335,986,4.390417668536824,0.0043133697069304144,1.8472021784686308
1,5,50,20,631,376,1027,4.572980675037849,0.004844929324620134,2.0748427821026665
1,5,75,20,631,407,1058,4.711016118977647,0.005186685728654883,2.2212000890184815
1,5,100,20,631,425,1076,4.791165731587853,0.005346710255340559,2.289730651985817
1,5,150,20,631,457,1108,4.933653931783774,0.005646552913271263,2.4181383815707638
1,5,250,20,631,503,1154,5.138480719565411,0.0060139365068293815,2.575470541914871
1,5,500,20,631,559,1210,5.387835069908274,0.006415416111094502,2.7474043315034797
1,5,1000,20,631,620,1271,5.659453201531748,0.006750864032130793,2.8910600282329804
1,5,2500,20,631,673,1324,5.895449283106243,0.006923187464157404,2.964857601978931
1,5,5000,20,631,722,1373,6.113634339656247,0.006990135817362353,2.9935282590956556
1,5,10000,20,631,767,1418,6.314008371181762,0.007031206968098197,3.011116994647252
1,5,50000,20,631,816,1467,6.532193427731765,0.007045814782582149,3.01737279662362
1,5,200000,20,631,823,1474,6.563362721524624,0.007045814782582149,3.01737279662362
1,10,1,20,877,20,917,4.083177486864369,0.0035667723878010094,1.5274715993534644
1,10,2,20,877,52,949,4.225665687060291,0.0035943668330693235,1.5392889307849353
1,10,3,20,877,73,970,4.319173568438864,0.003655213763339382,1.5653466512644458
1,10,5,20,877,102,999,4.448303499866417,0.003740632251277909,1.6019271504384505
1,10,10,20,877,172,1069,4.759996437794995,0.003879764233771177,1.6615104735983655
1,10,20,20,877,279,1176,5.236441357200107,0.004432458390836308,1.898201951566791
1,10,30,20,877,335,1232,5.485795707542969,0.004853446334347977,2.0784901946808256
1,10,50,20,877,376,1273,5.668358714043993,0.005385005952037697,2.3061307983148613
1,10,75,20,877,407,1304,5.806394157983792,0.005726762356072446,2.4524881052306764
1,10,100,20,877,425,1322,5.886543770593998,0.0058867868827581216,2.5210186681980122
1,10,150,20,877,457,1354,6.029031970789919,0.006186629540688826,2.649426397782959
1,10,250,20,877,503,1400,6.233858758571556,0.006554013134246944,2.8067585581270658
1,10,500,20,877,559,1456,6.483213108914418,0.006955492738512065,2.9786923477156746
1,10,1000,20,877,620,1517,6.754831240537892,0.007290940659548356,3.1223480444451757
1,10,2500,20,877,673,1570,6.990827322112388,0.007463264091574967,3.1961456181911263
1,10,5000,20,877,722,1619,7.2090123786623925,0.007530212444779916,3.2248162753078504
1,10,10000,20,877,767,1664,7.409386410187907,0.00757128359551576,3.242405010859447
1,10,50000,20,877,816,1713,7.62757146673791,0.007585891409999712,3.248660812835815
1,10,200000,20,877,823,1720,7.658740760530769,0.007585891409999712,3.248660812835815
1,20,1,20,1110,20,1150,5.12066969454092,0.004319337768363657,1.8497580029932497
1,20,2,20,1110,52,1182,5.263157894736842,0.004346932213631971,1.8615753344247206
1,20,3,20,1110,73,1203,5.356665776115416,0.00440777914390203,1.8876330549042313
1,20,5,20,1110,102,1232,5.485795707542969,0.004493197631840556,1.9242135540782352
1,20,10,20,1110,172,1302,5.797488645471547,0.004632329614333824,1.9837968772381507
1,20,20,20,1110,279,1409,6.273933564876659,0.0051850237713989555,2.2204883552065757
1,20,30,20,1110,335,1465,6.5232879152195204,0.005606011714910625,2.400776598320611
1,20,50,20,1110,376,1506,6.705850921720545,0.0061375713326003445,2.6284172019546466
1,20,75,20,1110,407,1537,6.843886365660344,0.006479327736635093,2.774774508870461
1,20,100,20,1110,425,1555,6.92403597827055,0.006639352263320769,2.843305071837797
1,20,150,20,1110,457,1587,7.066524178466471,0.006939194921251474,2.971712801422744
1,20,250,20,1110,503,1633,7.271350966248108,0.007306578514809592,3.129044961766851
1,20,500,20,1110,559,1689,7.52070531659097,0.007708058119074712,3.3009787513554603
1,20,1000,20,1110,620,1750,7.792323448214445,0.008043506040111004,3.444634448084961
1,20,2500,20,1110,673,1803,8.02831952978894,0.008215829472137615,3.518432021830911
1,20,5000,20,1110,722,1852,8.246504586338945,0.008282777825342563,3.5471026789476356
1,20,10000,20,1110,767,1897,8.446878617864458,0.008323848976078407,3.5646914144992317
1,20,50000,20,1110,816,1946,8.665063674414462,0.00833845679056236,3.5709472164756
1,20,200000,20,1110,823,1953,8.69623296820732,0.00833845679056236,3.5709472164756
1,30,1,20,1234,20,1274,5.6728114703001165,0.005199767650514581,2.2268024269119766
1,30,2,20,1234,52,1306,5.815299670496037,0.005227362095782895,2.2386197583434475
1,30,3,20,1234,73,1327,5.90880755187461,0.0052882090260529535,2.264677478822958
1,30,5,20,1234,102,1356,6.037937483302164,0.00537362751399148,2.301257977996962
1,30,10,20,1234,172,1426,6.349630421230742,0.005512759496484748,2.3608413011568774
1,30,20,20,1234,279,1533,6.826075340635854,0.006065453653549879,2.597532779125303
1,30,30,20,1234,335,1589,7.075429690978716,0.0064864415970615485,2.777821022239338
1,30,50,20,1234,376,1630,7.2579926974797395,0.007018001214751268,3.0054616258733735
1,30,75,20,1234,407,1661,7.396028141419539,0.007359757618786017,3.151818932789188
1,30,100,20,1234,425,1679,7.476177754029745,0.007519782145471693,3.220349495756524
1,30,150,20,1234,457,1711,7.618665954225666,0.007819624803402397,3.348757225341471
1,30,250,20,1234,503,1757,7.823492742007303,0.008187008396960516,3.5060893856855775
1,30,500,20,1234,559,1813,8.072847092350164,0.008588488001225636,3.6780231752741868
1,30,1000,20,1234,620,1874,8.34446522397364,0.008923935922261927,3.821678872003688
1,30,2500,20,1234,673,1927,8.580461305548134,0.009096259354288538,3.8954764457496385
1,30,5000,20,1234,722,1976,8.79864636209814,0.009163207707493487,3.9241471028663626
1,30,10000,20,1234,767,2021,8.999020393623653,0.009204278858229331,3.941735838417959
1,30,50000,20,1234,816,2070,9.217205450173656,0.009218886672713283,3.947991640394327
1,30,200000,20,1234,823,2077,9.248374743966515,0.009218886672713283,3.947991640394327
1,50,1,20,1348,20,1388,6.180425683498085,0.005842540566715515,2.5020701669249137
1,50,2,20,1348,52,1420,6.322913883694007,0.005870135011983829,2.5138874983563846
1,50,3,20,1348,73,1441,6.41642176507258,0.005930981942253888,2.539945218835895
1,50,5,20,1348,102,1470,6.545551696500134,0.0060164004301924146,2.5765257180098993
1,50,10,20,1348,172,1540,6.857244634428711,0.0061555324126856825,2.636109041169815
1,50,20,20,1348,279,1647,7.333689553833824,0.006708226569750814,2.87280051913824
1,50,30,20,1348,335,1703,7.5830439041766855,0.007129214513262483,3.0530887622522753
1,50,50,20,1348,376,1744,7.765606910677709,0.007660774130952203,3.280729365886311
1,50,75,20,1348,407,1775,7.903642354617508,0.008002530534986951,3.4270866728021256
1,50,100,20,1348,425,1793,7.983791967227714,0.008162555061672627,3.495617235769461
1,50,150,20,1348,457,1825,8.126280167423635,0.008462397719603332,3.6240249653544083
1,50,250,20,1348,503,1871,8.331106955205273,0.00882978131316145,3.7813571256985155
1,50,500,20,1348,559,1927,8.580461305548134,0.00923126091742657,3.9532909152871243
1,50,1000,20,1348,620,1988,8.852079437171609,0.009566708838462862,4.096946612016625
1,50,2500,20,1348,673,2041,9.088075518746104,0.009739032270489473,4.170744185762575
1,50,5000,20,1348,722,2090,9.30626057529611,0.009805980623694421,4.199414842879301
1,50,10000,20,1348,767,2135,9.506634606821622,0.009847051774430265,4.217003578430896
1,50,50000,20,1348,816,2184,9.724819663371626,0.009861659588914218,4.2232593804072645
1,50,200000,20,1348,823,2191,9.755988957164485,0.009861659588914218,4.2232593804072645
1,75,1,20,1422,20,1462,6.509929646451153,0.00640806262572427,2.744255198663463
1,75,2,20,1422,52,1494,6.652417846647074,0.006435657070992584,2.756072530094934
1,75,3,20,1422,73,1515,6.745925728025648,0.006496504001262643,2.7821302505744443
1,75,5,20,1422,102,1544,6.875055659453201,0.00658192248920117,2.8187107497484485
1,75,10,20,1422,172,1614,7.18674859738178,0.006721054471694438,2.8782940729083637
1,75,20,20,1422,279,1721,7.663193516786891,0.007273748628759569,3.1149855508767894
1,75,30,20,1422,335,1777,7.912547867129753,0.007694736572271238,3.2952737939908245
1,75,50,20,1422,376,1818,8.095110873630777,0.008226296189960958,3.5229143976248602
1,75,75,20,1422,407,1849,8.233146317570576,0.008568052593995706,3.669271704540675
1,75,100,20,1422,425,1867,8.313295930180782,0.008728077120681382,3.73780226750801
1,75,150,20,1422,457,1899,8.455784130376703,0.009027919778612087,3.866209997092957
1,75,250,20,1422,503,1945,8.66061091815834,0.009395303372170205,4.023542157437064
1,75,500,20,1422,559,2001,8.909965268501201,0.009796782976435325,4.195475947025673
1,75,1000,20,1422,620,2062,9.181583400124676,0.010132230897471617,4.339131643755174
1,75,2500,20,1422,673,2115,9.417579481699171,0.010304554329498228,4.412929217501124
1,75,5000,20,1422,722,2164,9.635764538249177,0.010371502682703176,4.441599874617849
1,75,10000,20,1422,767,2209,9.836138569774691,0.01041257383343902,4.459188610169445
1,75,50000,20,1422,816,2258,10.054323626324695,0.010427181647922973,4.465444412145813
1,75,200000,20,1422,823,2265,10.085492920117552,0.010427181647922973,4.465444412145813
1,100,1,20,1455,20,1495,6.656870602903197,0.006590506777887278,2.8223869745654646
1,100,2,20,1455,52,1527,6.7993588030991186,0.0066181012231555925,2.8342043059969355
1,100,3,20,1455,73,1548,6.892866684477691,0.006678948153425651,2.8602620264764465
1,100,5,20,1455,102,1577,7.021996615905245,0.006764366641364178,2.8968425256504506
1,100,10,20,1455,172,1647,7.333689553833824,0.006903498623857446,2.956425848810366
1,100,20,20,1455,279,1754,7.810134473238935,0.007456192780922577,3.193117326778791
1,100,30,20,1455,335,1810,8.059488823581797,0.007877180724434246,3.3734055698928263
1,100,50,20,1455,376,1851,8.24205183008282,0.008408740342123966,3.6010461735268615
1,100,75,20,1455,407,1882,8.38008727402262,0.008750496746158715,3.7474034804426766
1,100,100,20,1455,425,1900,8.460236886632826,0.00891052127284439,3.8159340434100124
1,100,150,20,1455,457,1932,8.602725086828746,0.009210363930775095,3.944341772994959
1,100,250,20,1455,503,1978,8.807551874610384,0.009577747524333213,4.1016739333390655
1,100,500,20,1455,559,2034,9.056906224953245,0.009979227128598334,4.273607722927675
1,100,1000,20,1455,620,2095,9.328524356576722,0.010314675049634625,4.417263419657176
1,100,2500,20,1455,673,2148,9.564520438151215,0.010486998481661236,4.491060993403127
1,100,5000,20,1455,722,2197,9.78270549470122,0.010553946834866185,4.519731650519851
1,100,10000,20,1455,767,2242,9.983079526226735,0.010595017985602029,4.537320386071447
1,100,50000,20,1455,816,2291,10.201264582776739,0.010609625800085981,4.543576188047815
1,100,200000,20,1455,823,2298,10.232433876569596,0.010609625800085981,4.543576188047815
1,150,1,20,1497,20,1537,6.843886365660344,0.006740434976521964,2.886593781296381
1,150,2,20,1497,52,1569,6.9863745658562655,0.006768029421790278,2.898411112727852
1,150,3,20,1497,73,1590,7.079882447234838,0.006828876352060337,2.9244688332073623
1,150,5,20,1497,102,1619,7.2090123786623925,0.0069142948399988635,2.9610493323813665
1,150,10,20,1497,172,1689,7.52070531659097,0.0070534268224921315,3.0206326555412817
1,150,20,20,1497,279,1796,7.997150235996081,0.007606120979557263,3.257324133509707
1,150,30,20,1497,335,1852,8.246504586338945,0.008027108923068932,3.437612376623742
1,150,50,20,1497,376,1893,8.429067592839969,0.008558668540758652,3.665252980257778
1,150,75,20,1497,407,1924,8.567103036779766,0.0089004249447934,3.8116102871735924
1,150,100,20,1497,425,1942,8.647252649389973,0.009060449471479076,3.8801408501409282
1,150,150,20,1497,457,1974,8.789740849585893,0.00936029212940978,4.008548579725875
1,150,250,20,1497,503,2020,8.99456763736753,0.009727675722967899,4.165880740069982
1,150,500,20,1497,559,2076,9.243921987710394,0.01012915532723302,4.337814529658591
1,150,1000,20,1497,620,2137,9.515540119333869,0.01046460324826931,4.481470226388091
1,150,2500,20,1497,673,2190,9.751536200908362,0.010636926680295922,4.555267800134042
1,150,5000,20,1497,722,2239,9.969721257458367,0.01070387503350087,4.583938457250767
1,150,10000,20,1497,767,2284,10.17009528898388,0.010744946184236714,4.601527192802363
1,150,50000,20,1497,816,2333,10.388280345533886,0.010759553998720667,4.607782994778732
1,150,200000,20,1497,823,2340,10.419449639326743,0.010759553998720667,4.607782994778732
1,250,1,20,1526,20,1566,6.973016297087897,0.006853436827980647,2.9349868661390928
1,250,2,20,1526,52,1598,7.115504497283818,0.006881031273248961,2.9468041975705637
1,250,3,20,1526,73,1619,7.2090123786623925,0.00694187820351902,2.9728619180500746
1,250,5,20,1526,102,1648,7.338142310089946,0.007027296691457546,3.0094424172240783
1,250,10,20,1526,172,1718,7.649835248018523,0.007166428673950814,3.069025740383994
1,250,20,20,1526,279,1825,8.126280167423635,0.007719122831015945,3.3057172183524193
1,250,30,20,1526,335,1881,8.375634517766498,0.008140110774527615,3.4860054614664544
1,250,50,20,1526,376,1922,8.558197524267522,0.008671670392217334,3.71364606510049
1,250,75,20,1526,407,1953,8.69623296820732,0.009013426796252083,3.8600033720163047
1,250,100,20,1526,425,1971,8.776382580817527,0.009173451322937759,3.9285339349836406
1,250,150,20,1526,457,2003,8.918870781013448,0.009473293980868464,4.056941664568587
1,250,250,20,1526,503,2049,9.123697568795084,0.009840677574426582,4.214273824912694
1,250,500,20,1526,559,2105,9.373051919137946,0.010242157178691702,4.386207614501303
1,250,1000,20,1526,620,2166,9.644670050761421,0.010577605099727994,4.5298633112308035
1,250,2500,20,1526,673,2219,9.880666132335916,0.010749928531754604,4.603660884976755
1,250,5000,20,1526,722,2268,10.09885118888592,0.010816876884959553,4.632331542093479
1,250,10000,20,1526,767,2313,10.299225220411435,0.010857948035695397,4.649920277645076
1,250,50000,20,1526,816,2362,10.517410276961439,0.01087255585017935,4.656176079621444
1,250,200000,20,1526,823,2369,10.548579570754297,0.01087255585017935,4.656176079621444
1,500,1,20,1545,20,1585,7.057618665954226,0.006923870549894129,2.9651501336993005
1,500,2,20,1545,52,1617,7.200106866150147,0.006951464995162443,2.9769674651307714
1,500,3,20,1545,73,1638,7.2936147475287205,0.007012311925432502,3.0030251856102823
1,500,5,20,1545,102,1667,7.422744678956274,0.007097730413371028,3.0396056847842865
1,500,10,20,1545,172,1737,7.734437616884851,0.007236862395864296,3.0991890079442017
1,500,20,20,1545,279,1844,8.210882536289963,0.0077895565529294275,3.335880485912627
1,500,30,20,1545,335,1900,8.460236886632826,0.008210544496441097,3.516168729026662
1,500,50,20,1545,376,1941,8.64279989313385,0.008742104114130816,3.743809332660698
1,500,75,20,1545,407,1972,8.780835337073649,0.009083860518165565,3.890166639576513
1,500,100,20,1545,425,1990,8.860984949683855,0.009243885044851241,3.9586972025438483
1,500,150,20,1545,457,2022,9.003473149879776,0.009543727702781946,4.087104932128795
1,500,250,20,1545,503,2068,9.208299937661412,0.009911111296340064,4.244437092472902
1,500,500,20,1545,559,2124,9.457654288004274,0.010312590900605184,4.4163708820615115
1,500,1000,20,1545,620,2185,9.72927241962775,0.010648038821641476,4.560026578791012
1,500,2500,20,1545,673,2238,9.965268501202244,0.010820362253668087,4.633824152536962
1,500,5000,20,1545,722,2287,10.18345355775225,0.010887310606873035,4.662494809653687
1,500,10000,20,1545,767,2332,10.383827589277763,0.01092838175760888,4.680083545205283
1,500,50000,20,1545,816,2381,10.602012645827767,0.010942989572092832,4.686339347181652
1,500,200000,20,1545,823,2388,10.633181939620625,0.010942989572092832,4.686339347181652
1,1000,1,20,1550,20,1590,7.079882447234838,0.006927137266525163,2.966549106309414
1,1000,2,20,1550,52,1622,7.222370647430759,0.006954731711793477,2.9783664377408847
1,1000,3,20,1550,73,1643,7.315878528809333,0.007015578642063536,3.004424158220395
1,1000,5,20,1550,102,1672,7.4450084602368864,0.0071009971300020625,3.0410046573943994
1,1000,10,20,1550,172,1742,7.756701398165465,0.00724012911249533,3.1005879805543146
1,1000,20,20,1550,279,1849,8.233146317570576,0.0077928232695604616,3.33727945852274
1,1000,30,20,1550,335,1905,8.482500667913438,0.00821381121307213,3.517567701636775
1,1000,50,20,1550,376,1946,8.665063674414462,0.00874537083076185,3.7452083052708107
1,1000,75,20,1550,407,1977,8.803099118354261,0.0090871272347966,3.8915656121866253
1,1000,100,20,1550,425,1995,8.883248730964468,0.009247151761482275,3.960096175153961
1,1000,150,20,1550,457,2027,9.025736931160388,0.00954699441941298,4.088503904738908
1,1000,250,20,1550,503,2073,9.230563718942026,0.009914378012971098,4.245836065083015
1,1000,500,20,1550,559,2129,9.479918069284887,0.010315857617236218,4.417769854671624
1,1000,1000,20,1550,620,2190,9.751536200908362,0.01065130553827251,4.561425551401125
1,1000,2500,20,1550,673,2243,9.987532282482857,0.01082362897029912,4.635223125147076
1,1000,5000,20,1550,722,2292,10.205717339032862,0.01089057732350407,4.663893782263799
1,1000,10000,20,1550,767,2337,10.406091370558377,0.010931648474239913,4.681482517815396
1,1000,50000,20,1550,816,2386,10.624276427108379,0.010946256288723866,4.687738319791764
1,1000,200000,20,1550,823,2393,10.655445720901238,0.010946256288723866,4.687738319791764
1,2500,1,20,1553,20,1593,7.093240716003206,0.006930628150351781,2.9680440786042643
1,2500,2,20,1553,52,1625,7.235728916199127,0.006958222595620095,2.9798614100357352
1,2500,3,20,1553,73,1646,7.3292367975777015,0.007019069525890154,3.0059191305152457
1,2500,5,20,1553,102,1675,7.458366729005254,0.00710448801382868,3.04249962968925
1,2500,10,20,1553,172,1745,7.7700596669338315,0.007243619996321948,3.102082952849165
1,2500,20,20,1553,279,1852,8.246504586338945,0.0077963141533870794,3.3387744308175904
1,2500,30,20,1553,335,1908,8.495858936681806,0.008217302096898749,3.5190626739316255
1,2500,50,20,1553,376,1949,8.67842194318283,0.008748861714588468,3.7467032775656612
1,2500,75,20,1553,407,1980,8.816457387122629,0.009090618118623217,3.893060584481476
1,2500,100,20,1553,425,1998,8.896606999732834,0.009250642645308893,3.9615911474488117
1,2500,150,20,1553,457,2030,9.039095199928756,0.009550485303239598,4.089998877033758
1,2500,250,20,1553,503,2076,9.243921987710394,0.009917868896797716,4.247331037377865
1,2500,500,20,1553,559,2132,9.493276338053255,0.010319348501062836,4.419264826966474
1,2500,1000,20,1553,620,2193,9.76489446967673,0.010654796422099128,4.562920523695975
1,2500,2500,20,1553,673,2246,10.000890551251224,0.010827119854125739,4.636718097441926
1,2500,5000,20,1553,722,2295,10.219075607801228,0.010894068207330687,4.66538875455865
1,2500,10000,20,1553,767,2340,10.419449639326743,0.010935139358066531,4.682977490110247
1,2500,50000,20,1553,816,2389,10.637634695876748,0.010949747172550484,4.689233292086615
1,2500,200000,20,1553,823,2396,10.668803989669605,0.010949747172550484,4.689233292086615
1,5000,1,20,1555,20,1595,7.10214622851545,0.006930628150351781,2.9680440786042643
1,5000,2,20,1555,52,1627,7.244634428711372,0.006958222595620095,2.9798614100357352
1,5000,3,20,1555,73,1648,7.338142310089946,0.007019069525890154,3.0059191305152457
1,5000,5,20,1555,102,1677,7.467272241517499,0.00710448801382868,3.04249962968925
1,5000,10,20,1555,172,1747,7.778965179446078,0.007243619996321948,3.102082952849165
1,5000,20,20,1555,279,1854,8.255410098851188,0.0077963141533870794,3.3387744308175904
1,5000,30,20,1555,335,1910,8.50476444919405,0.008217302096898749,3.5190626739316255
1,5000,50,20,1555,376,1951,8.687327455695074,0.008748861714588468,3.7467032775656612
1,5000,75,20,1555,407,1982,8.825362899634873,0.009090618118623217,3.893060584481476
1,5000,100,20,1555,425,2000,8.90551251224508,0.009250642645308893,3.9615911474488117
1,5000,150,20,1555,457,2032,9.048000712441,0.009550485303239598,4.089998877033758
1,5000,250,20,1555,503,2078,9.252827500222638,0.009917868896797716,4.247331037377865
1,5000,500,20,1555,559,2134,9.5021818505655,0.010319348501062836,4.419264826966474
1,5000,1000,20,1555,620,2195,9.773799982188976,0.010654796422099128,4.562920523695975
1,5000,2500,20,1555,673,2248,10.009796063763469,0.010827119854125739,4.636718097441926
1,5000,5000,20,1555,722,2297,10.227981120313475,0.010894068207330687,4.66538875455865
1,5000,10000,20,1555,767,2342,10.42835515183899,0.010935139358066531,4.682977490110247
1,5000,50000,20,1555,816,2391,10.646540208388993,0.010949747172550484,4.689233292086615
1,5000,200000,20,1555,823,2398,10.67770950218185,0.010949747172550484,4.689233292086615
1,10000,1,20,1556,20,1596,7.1065989847715745,0.006930628150351781,2.9680440786042643
1,10000,2,20,1556,52,1628,7.249087184967495,0.006958222595620095,2.9798614100357352
1,10000,3,20,1556,73,1649,7.3425950663460675,0.007019069525890154,3.0059191305152457
1,10000,5,20,1556,102,1678,7.471724997773623,0.00710448801382868,3.04249962968925
1,10000,10,20,1556,172,1748,7.7834179357022,0.007243619996321948,3.102082952849165
1,10000,20,20,1556,279,1855,8.259862855107311,0.0077963141533870794,3.3387744308175904
1,10000,30,20,1556,335,1911,8.509217205450174,0.008217302096898749,3.5190626739316255
1,10000,50,20,1556,376,1952,8.691780211951198,0.008748861714588468,3.7467032775656612
1,10000,75,20,1556,407,1983,8.829815655890997,0.009090618118623217,3.893060584481476
1,10000,100,20,1556,425,2001,8.909965268501201,0.009250642645308893,3.9615911474488117
1,10000,150,20,1556,457,2033,9.052453468697124,0.009550485303239598,4.089998877033758
1,10000,250,20,1556,503,2079,9.25728025647876,0.009917868896797716,4.247331037377865
1,10000,500,20,1556,559,2135,9.506634606821622,0.010319348501062836,4.419264826966474
1,10000,1000,20,1556,620,2196,9.778252738445097,0.010654796422099128,4.562920523695975
1,10000,2500,20,1556,673,2249,10.014248820019592,0.010827119854125739,4.636718097441926
1,10000,5000,20,1556,722,2298,10.232433876569596,0.010894068207330687,4.66538875455865
1,10000,10000,20,1556,767,2343,10.43280790809511,0.010935139358066531,4.682977490110247
1,10000,50000,20,1556,816,2392,10.650992964645116,0.010949747172550484,4.689233292086615
1,10000,200000,20,1556,823,2399,10.682162258437973,0.010949747172550484,4.689233292086615
1,50000,1,20,1557,20,1597,7.111051741027696,0.006930628150351781,2.9680440786042643
1,50000,2,20,1557,52,1629,7.253539941223617,0.006958222595620095,2.9798614100357352
1,50000,3,20,1557,73,1650,7.34704782260219,0.007019069525890154,3.0059191305152457
1,50000,5,20,1557,102,1679,7.476177754029745,0.00710448801382868,3.04249962968925
1,50000,10,20,1557,172,1749,7.7878706919583225,0.007243619996321948,3.102082952849165
1,50000,20,20,1557,279,1856,8.264315611363433,0.0077963141533870794,3.3387744308175904
1,50000,30,20,1557,335,1912,8.513669961706297,0.008217302096898749,3.5190626739316255
1,50000,50,20,1557,376,1953,8.69623296820732,0.008748861714588468,3.7467032775656612
1,50000,75,20,1557,407,1984,8.834268412147118,0.009090618118623217,3.893060584481476
1,50000,100,20,1557,425,2002,8.914418024757325,0.009250642645308893,3.9615911474488117
1,50000,150,20,1557,457,2034,9.056906224953245,0.009550485303239598,4.089998877033758
1,50000,250,20,1557,503,2080,9.261733012734883,0.009917868896797716,4.247331037377865
1,50000,500,20,1557,559,2136,9.511087363077745,0.010319348501062836,4.419264826966474
1,50000,1000,20,1557,620,2197,9.78270549470122,0.010654796422099128,4.562920523695975
1,50000,2500,20,1557,673,2250,10.018701576275715,0.010827119854125739,4.636718097441926
1,50000,5000,20,1557,722,2299,10.236886632825719,0.010894068207330687,4.66538875455865
1,50000,10000,20,1557,767,2344,10.437260664351234,0.010935139358066531,4.682977490110247
1,50000,50000,20,1557,816,2393,10.655445720901238,0.010949747172550484,4.689233292086615
1,50000,200000,20,1557,823,2400,10.686615014694095,0.010949747172550484,4.689233292086615
1,200000,1,20,1557,20,1597,7.111051741027696,0.006930628150351781,2.9680440786042643
1,200000,2,20,1557,52,1629,7.253539941223617,0.006958222595620095,2.9798614100357352
1,200000,3,20,1557,73,1650,7.34704782260219,0.007019069525890154,3.0059191305152457
1,200000,5,20,1557,102,1679,7.476177754029745,0.00710448801382868,3.04249962968925
1,200000,10,20,1557,172,1749,7.7878706919583225,0.007243619996321948,3.102082952849165
1,200000,20,20,1557,279,1856,8.264315611363433,0.0077963141533870794,3.3387744308175904
1,200000,30,20,1557,335,1912,8.513669961706297,0.008217302096898749,3.5190626739316255
1,200000,50,20,1557,376,1953,8.69623296820732,0.008748861714588468,3.7467032775656612
1,200000,75,20,1557,407,1984,8.834268412147118,0.009090618118623217,3.893060584481476
1,200000,100,20,1557,425,2002,8.914418024757325,0.009250642645308893,3.9615911474488117
1,200000,150,20,1557,457,2034,9.056906224953245,0.009550485303239598,4.089998877033758
1,200000,250,20,1557,503,2080,9.261733012734883,0.009917868896797716,4.247331037377865
1,200000,500,20,1557,559,2136,9.511087363077745,0.010319348501062836,4.419264826966474
1,200000,1000,20,1557,620,2197,9.78270549470122,0.010654796422099128,4.562920523695975
1,200000,2500,20,1557,673,2250,10.018701576275715,0.010827119854125739,4.636718097441926
1,200000,5000,20,1557,722,2299,10.236886632825719,0.010894068207330687,4.66538875455865
1,200000,10000,20,1557,767,2344,10.437260664351234,0.010935139358066531,4.682977490110247
1,200000,50000,20,1557,816,2393,10.655445720901238,0.010949747172550484,4.689233292086615
1,200000,200000,20,1557,823,2400,10.686615014694095,0.010949747172550484,4.689233292086615
2,1,1,21,240,20,281,1.2512245079704336,0.00113322915819003,0.4853058077422452
2,1,2,21,240,52,313,1.393712708166355,0.0011608236034583441,0.49712313917371603
2,1,3,21,240,73,334,1.4872205895449284,0.0012216705337284028,0.5231808596532267
2,1,5,21,240,102,363,1.616350520972482,0.0013070890216669295,0.559761358827231
2,1,10,21,240,172,433,1.9280434589010595,0.0014462210041601975,0.6193446819871462
2,1,20,21,240,279,540,2.4044883783061715,0.0019989151612253286,0.8560361599555717
2,1,30,21,240,335,596,2.653842728649034,0.002419903104736998,1.0363244030696066
2,1,50,21,240,376,637,2.8364057351500582,0.0029514627224267176,1.2639650067036423
2,1,75,21,240,407,668,2.974441179089857,0.0032932191264614663,1.4103223136194571
2,1,100,21,240,425,686,3.054590791700062,0.003453243653147142,1.4788528765867928
2,1,150,21,240,457,718,3.197078991895984,0.0037530863110778467,1.6072606061717394
2,1,250,21,240,503,764,3.4019057796776204,0.004120469904635965,1.7645927665158465
2,1,500,21,240,559,820,3.6512601300204826,0.004521949508901085,1.9365265561044553
2,1,1000,21,240,620,881,3.9228782616439575,0.004857397429937377,2.080182252833956
2,1,2500,21,240,673,934,4.158874343218452,0.005029720861963988,2.153979826579907
2,1,5000,21,240,722,983,4.377059399768457,0.005096669215168936,2.1826504836966314
2,1,10000,21,240,767,1028,4.577433431293971,0.0051377403659047804,2.2002392192482274
2,1,50000,21,240,816,1077,4.795618487843976,0.005152348180388733,2.2064950212245957
2,1,200000,21,240,823,1084,4.826787781636834,0.005152348180388733,2.2064950212245957
2,2,1,21,382,20,423,1.8835158963398344,0.0019084317794355876,0.817286618109282
2,2,2,21,382,52,455,2.0260040965357557,0.0019360262247039017,0.829103949540753
2,2,3,21,382,73,476,2.119511977914329,0.0019968731549739605,0.8551616700202636
2,2,5,21,382,102,505,2.2486419093418824,0.002082291642912487,0.8917421691942676
2,2,10,21,382,172,575,2.56033484727046,0.002221423625405755,0.9513254923541831
2,2,20,21,382,279,682,3.036779766675572,0.0027741177824708863,1.1880169703226084
2,2,30,21,382,335,738,3.286134117018434,0.0031951057259825555,1.3683052134366434
2,2,50,21,382,376,779,3.4686971235194584,0.003726665343672275,1.595945817070679
2,2,75,21,382,407,810,3.6067325674592574,0.004068421747707024,1.742303123986494
2,2,100,21,382,425,828,3.686882180069463,0.0042284462743927,1.8108336869538295
2,2,150,21,382,457,860,3.8293703802653845,0.004528288932323404,1.9392414165387764
2,2,250,21,382,503,906,4.034197168047021,0.004895672525881523,2.0965735768828835
2,2,500,21,382,559,962,4.283551518389883,0.005297152130146643,2.2685073664714923
2,2,1000,21,382,620,1023,4.555169650013358,0.005632600051182934,2.412163063200993
2,2,2500,21,382,673,1076,4.791165731587853,0.005804923483209545,2.4859606369469436
2,2,5000,21,382,722,1125,5.009350788137858,0.005871871836414494,2.514631294063668
2,2,10000,21,382,767,1170,5.209724819663371,0.005912942987150338,2.532220029615264
2,2,50000,21,382,816,1219,5.427909876213376,0.00592755080163429,2.5384758315916325
2,2,200000,21,382,823,1226,5.459079170006234,0.00592755080163429,2.5384758315916325
2,3,1,21,482,20,523,2.3287915219520885,0.0024444968441282577,1.0468566810951216
2,3,2,21,482,52,555,2.47127972214801,0.002472091289396572,1.0586740125265925
2,3,3,21,482,73,576,2.564787603526583,0.0025329382196666306,1.084731733006103
2,3,5,21,482,102,605,2.693917534954137,0.0026183567076051573,1.1213122321801072
2,3,10,21,482,172,675,3.0056104728827147,0.0027574886900984252,1.1808955553400227
2,3,20,21,482,279,782,3.4820553922878266,0.0033101828471635564,1.417587033308448
2,3,30,21,482,335,838,3.7314097426306883,0.0037311707906752256,1.597875276422483
2,3,50,21,482,376,879,3.9139727491317124,0.004262730408364945,1.8255158800565188
2,3,75,21,482,407,910,4.0520081930715115,0.004604486812399694,1.9718731869723334
2,3,100,21,482,425,928,4.132157805681716,0.00476451133908537,2.040403749939669
2,3,150,21,482,457,960,4.274646005877638,0.0050643539970160745,2.168811479524616
2,3,250,21,482,503,1006,4.4794727936592755,0.005431737590574193,2.326143639868723
2,3,500,21,482,559,1062,4.728827144002137,0.005833217194839313,2.498077429457332
2,3,1000,21,482,620,1123,5.000445275625612,0.0061686651158756045,2.641733126186833
2,3,2500,21,482,673,1176,5.236441357200107,0.0063409885479022154,2.715530699932783
2,3,5000,21,482,722,1225,5.454626413750111,0.006407936901107164,2.744201357049508
2,3,10000,21,482,767,1270,5.6550004452756255,0.006449008051843008,2.761790092601104
2,3,50000,21,482,816,1319,5.87318550182563,0.0064636158663269605,2.768045894577472
2,3,200000,21,482,823,1326,5.904354795618487,0.0064636158663269605,2.768045894577472
2,5,1,21,631,20,672,2.992252204114347,0.0030266957603834466,1.2961835831412694
2,5,2,21,631,52,704,3.1347404043102682,0.0030542902056517607,1.3080009145727403
2,5,3,21,631,73,725,3.2282482856888417,0.0031151371359218194,1.3340586350522508
2,5,5,21,631,102,754,3.357378217116395,0.003200555623860346,1.3706391342262552
2,5,10,21,631,172,824,3.669071155044973,0.003339687606353614,1.4302224573861706
2,5,20,21,631,279,931,4.145516074450085,0.003892381763418745,1.6669139353545959
2,5,30,21,631,335,987,4.394870424792947,0.0043133697069304144,1.8472021784686308
2,5,50,21,631,376,1028,4.577433431293971,0.004844929324620134,2.0748427821026665
2,5,75,21,631,407,1059,4.71546887523377,0.005186685728654883,2.2212000890184815
2,5,100,21,631,425,1077,4.795618487843976,0.005346710255340559,2.289730651985817
2,5,150,21,631,457,1109,4.938106688039897,0.005646552913271263,2.4181383815707638
2,5,250,21,631,503,1155,5.1429334758215335,0.0060139365068293815,2.575470541914871
2,5,500,21,631,559,1211,5.392287826164396,0.006415416111094502,2.7474043315034797
2,5,1000,21,631,620,1272,5.663905957787871,0.006750864032130793,2.8910600282329804
2,5,2500,21,631,673,1325,5.899902039362366,0.006923187464157404,2.964857601978931
2,5,5000,21,631,722,1374,6.11808709591237,0.006990135817362353,2.9935282590956556
2,5,10000,21,631,767,1419,6.318461127437884,0.007031206968098197,3.011116994647252
2,5,50000,21,631,816,1468,6.536646183987889,0.007045814782582149,3.01737279662362
2,5,200000,21,631,823,1475,6.567815477780746,0.007045814782582149,3.01737279662362
2,10,1,21,877,20,918,4.087630243120492,0.0035667723878010094,1.5274715993534644
2,10,2,21,877,52,950,4.230118443316413,0.0035943668330693235,1.5392889307849353
2,10,3,21,877,73,971,4.323626324694986,0.003655213763339382,1.5653466512644458
2,10,5,21,877,102,1000,4.45275625612254,0.003740632251277909,1.6019271504384505
2,10,10,21,877,172,1070,4.764449194051117,0.003879764233771177,1.6615104735983655
2,10,20,21,877,279,1177,5.240894113456229,0.004432458390836308,1.898201951566791
2,10,30,21,877,335,1233,5.490248463799092,0.004853446334347977,2.0784901946808256
2,10,50,21,877,376,1274,5.6728114703001165,0.005385005952037697,2.3061307983148613
2,10,75,21,877,407,1305,5.810846914239915,0.005726762356072446,2.4524881052306764
2,10,100,21,877,425,1323,5.89099652685012,0.0058867868827581216,2.5210186681980122
2,10,150,21,877,457,1355,6.033484727046042,0.006186629540688826,2.649426397782959
2,10,250,21,877,503,1401,6.238311514827679,0.006554013134246944,2.8067585581270658
2,10,500,21,877,559,1457,6.48766586517054,0.006955492738512065,2.9786923477156746
2,10,1000,21,877,620,1518,6.759283996794016,0.007290940659548356,3.1223480444451757
2,10,2500,21,877,673,1571,6.99528007836851,0.007463264091574967,3.1961456181911263
2,10,5000,21,877,722,1620,7.213465134918515,0.007530212444779916,3.2248162753078504
2,10,10000,21,877,767,1665,7.4138391664440295,0.00757128359551576,3.242405010859447
2,10,50000,21,877,816,1714,7.6320242229940325,0.007585891409999712,3.248660812835815
2,10,200000,21,877,823,1721,7.663193516786891,0.007585891409999712,3.248660812835815
2,20,1,21,1110,20,1151,5.125122450797043,0.004319337768363657,1.8497580029932497
2,20,2,21,1110,52,1183,5.267610650992965,0.004346932213631971,1.8615753344247206
2,20,3,21,1110,73,1204,5.361118532371538,0.00440777914390203,1.8876330549042313
2,20,5,21,1110,102,1233,5.490248463799092,0.004493197631840556,1.9242135540782352
2,20,10,21,1110,172,1303,5.801941401727669,0.004632329614333824,1.9837968772381507
2,20,20,21,1110,279,1410,6.278386321132781,0.0051850237713989555,2.2204883552065757
2,20,30,21,1110,335,1466,6.527740671475643,0.005606011714910625,2.400776598320611
2,20,50,21,1110,376,1507,6.710303677976667,0.0061375713326003445,2.6284172019546466
2,20,75,21,1110,407,1538,6.848339121916466,0.006479327736635093,2.774774508870461
2,20,100,21,1110,425,1556,6.928488734526672,0.006639352263320769,2.843305071837797
2,20,150,21,1110,457,1588,7.0709769347225935,0.006939194921251474,2.971712801422744
2,20,250,21,1110,503,1634,7.2758037225042305,0.007306578514809592,3.129044961766851
2,20,500,21,1110,559,1690,7.525158072847092,0.007708058119074712,3.3009787513554603
2,20,1000,21,1110,620,1751,7.796776204470568,0.008043506040111004,3.444634448084961
2,20,2500,21,1110,673,1804,8.032772286045061,0.008215829472137615,3.518432021830911
2,20,5000,21,1110,722,1853,8.250957342595067,0.008282777825342563,3.5471026789476356
2,20,10000,21,1110,767,1898,8.451331374120581,0.008323848976078407,3.5646914144992317
2,20,50000,21,1110,816,1947,8.669516430670585,0.00833845679056236,3.5709472164756
2,20,200000,21,1110,823,1954,8.700685724463444,0.00833845679056236,3.5709472164756
2,30,1,21,1234,20,1275,5.677264226556238,0.005199767650514581,2.2268024269119766
2,30,2,21,1234,52,1307,5.819752426752159,0.005227362095782895,2.2386197583434475
2,30,3,21,1234,73,1328,5.913260308130733,0.0052882090260529535,2.264677478822958
2,30,5,21,1234,102,1357,6.042390239558286,0.00537362751399148,2.301257977996962
2,30,10,21,1234,172,1427,6.3540831774868645,0.005512759496484748,2.3608413011568774
2,30,20,21,1234,279,1534,6.830528096891976,0.006065453653549879,2.597532779125303
2,30,30,21,1234,335,1590,7.079882447234838,0.0064864415970615485,2.777821022239338
2,30,50,21,1234,376,1631,7.262445453735862,0.007018001214751268,3.0054616258733735
2,30,75,21,1234,407,1662,7.400480897675661,0.007359757618786017,3.151818932789188
2,30,100,21,1234,425,1680,7.480630510285867,0.007519782145471693,3.220349495756524
2,30,150,21,1234,457,1712,7.623118710481788,0.007819624803402397,3.348757225341471
2,30,250,21,1234,503,1758,7.827945498263425,0.008187008396960516,3.5060893856855775
2,30,500,21,1234,559,1814,8.077299848606287,0.008588488001225636,3.6780231752741868
2,30,1000,21,1234,620,1875,8.348917980229762,0.008923935922261927,3.821678872003688
2,30,2500,21,1234,673,1928,8.584914061804257,0.009096259354288538,3.8954764457496385
2,30,5000,21,1234,722,1977,8.803099118354261,0.009163207707493487,3.9241471028663626
2,30,10000,21,1234,767,2022,9.003473149879776,0.009204278858229331,3.941735838417959
2,30,50000,21,1234,816,2071,9.22165820642978,0.009218886672713283,3.947991640394327
2,30,200000,21,1234,823,2078,9.252827500222638,0.009218886672713283,3.947991640394327
2,50,1,21,1348,20,1389,6.184878439754208,0.005842540566715515,2.5020701669249137
2,50,2,21,1348,52,1421,6.327366639950129,0.005870135011983829,2.5138874983563846
2,50,3,21,1348,73,1442,6.420874521328702,0.005930981942253888,2.539945218835895
2,50,5,21,1348,102,1471,6.550004452756256,0.0060164004301924146,2.5765257180098993
2,50,10,21,1348,172,1541,6.861697390684834,0.0061555324126856825,2.636109041169815
2,50,20,21,1348,279,1648,7.338142310089946,0.006708226569750814,2.87280051913824
2,50,30,21,1348,335,1704,7.587496660432808,0.007129214513262483,3.0530887622522753
2,50,50,21,1348,376,1745,7.7700596669338315,0.007660774130952203,3.280729365886311
2,50,75,21,1348,407,1776,7.908095110873631,0.008002530534986951,3.4270866728021256
2,50,100,21,1348,425,1794,7.988244723483836,0.008162555061672627,3.495617235769461
2,50,150,21,1348,457,1826,8.130732923679759,0.008462397719603332,3.6240249653544083
2,50,250,21,1348,503,1872,8.335559711461395,0.00882978131316145,3.7813571256985155
2,50,500,21,1348,559,1928,8.584914061804257,0.00923126091742657,3.9532909152871243
2,50,1000,21,1348,620,1989,8.856532193427732,0.009566708838462862,4.096946612016625
2,50,2500,21,1348,673,2042,9.092528275002227,0.009739032270489473,4.170744185762575
2,50,5000,21,1348,722,2091,9.31071333155223,0.009805980623694421,4.199414842879301
2,50,10000,21,1348,767,2136,9.511087363077745,0.009847051774430265,4.217003578430896
2,50,50000,21,1348,816,2185,9.72927241962775,0.009861659588914218,4.2232593804072645
2,50,200000,21,1348,823,2192,9.760441713420608,0.009861659588914218,4.2232593804072645
2,75,1,21,1422,20,1463,6.514382402707277,0.00640806262572427,2.744255198663463
2,75,2,21,1422,52,1495,6.656870602903197,0.006435657070992584,2.756072530094934
2,75,3,21,1422,73,1516,6.75037848428177,0.006496504001262643,2.7821302505744443
2,75,5,21,1422,102,1545,6.879508415709325,0.00658192248920117,2.8187107497484485
2,75,10,21,1422,172,1615,7.1912013536379025,0.006721054471694438,2.8782940729083637
2,75,20,21,1422,279,1722,7.6676462730430135,0.007273748628759569,3.1149855508767894
2,75,30,21,1422,335,1778,7.917000623385875,0.007694736572271238,3.2952737939908245
2,75,50,21,1422,376,1819,8.0995636298869,0.008226296189960958,3.5229143976248602
2,75,75,21,1422,407,1850,8.237599073826699,0.008568052593995706,3.669271704540675
2,75,100,21,1422,425,1868,8.317748686436904,0.008728077120681382,3.73780226750801
2,75,150,21,1422,457,1900,8.460236886632826,0.009027919778612087,3.866209997092957
2,75,250,21,1422,503,1946,8.665063674414462,0.009395303372170205,4.023542157437064
2,75,500,21,1422,559,2002,8.914418024757325,0.009796782976435325,4.195475947025673
2,75,1000,21,1422,620,2063,9.1860361563808,0.010132230897471617,4.339131643755174
2,75,2500,21,1422,673,2116,9.422032237955294,0.010304554329498228,4.412929217501124
2,75,5000,21,1422,722,2165,9.640217294505298,0.010371502682703176,4.441599874617849
2,75,10000,21,1422,767,2210,9.840591326030813,0.01041257383343902,4.459188610169445
2,75,50000,21,1422,816,2259,10.058776382580817,0.010427181647922973,4.465444412145813
2,75,200000,21,1422,823,2266,10.089945676373675,0.010427181647922973,4.465444412145813
2,100,1,21,1455,20,1496,6.6613233591593195,0.006590506777887278,2.8223869745654646
2,100,2,21,1455,52,1528,6.803811559355241,0.0066181012231555925,2.8342043059969355
2,100,3,21,1455,73,1549,6.897319440733813,0.006678948153425651,2.8602620264764465
2,100,5,21,1455,102,1578,7.026449372161368,0.006764366641364178,2.8968425256504506
2,100,10,21,1455,172,1648,7.338142310089946,0.006903498623857446,2.956425848810366
2,100,20,21,1455,279,1755,7.814587229495057,0.007456192780922577,3.193117326778791
2,100,30,21,1455,335,1811,8.06394157983792,0.007877180724434246,3.3734055698928263
2,100,50,21,1455,376,1852,8.246504586338945,0.008408740342123966,3.6010461735268615
2,100,75,21,1455,407,1883,8.384540030278743,0.008750496746158715,3.7474034804426766
2,100,100,21,1455,425,1901,8.464689642888947,0.00891052127284439,3.8159340434100124
2,100,150,21,1455,457,1933,8.60717784308487,0.009210363930775095,3.944341772994959
2,100,250,21,1455,503,1979,8.812004630866506,0.009577747524333213,4.1016739333390655
2,100,500,21,1455,559,2035,9.06135898120937,0.009979227128598334,4.273607722927675
2,100,1000,21,1455,620,2096,9.332977112832843,0.010314675049634625,4.417263419657176
2,100,2500,21,1455,673,2149,9.568973194407338,0.010486998481661236,4.491060993403127
2,100,5000,21,1455,722,2198,9.787158250957342,0.010553946834866185,4.519731650519851
2,100,10000,21,1455,767,2243,9.987532282482857,0.010595017985602029,4.537320386071447
2,100,50000,21,1455,816,2292,10.205717339032862,0.010609625800085981,4.543576188047815
2,100,200000,21,1455,823,2299,10.236886632825719,0.010609625800085981,4.543576188047815
2,150,1,21,1497,20,1538,6.848339121916466,0.006740434976521964,2.886593781296381
2,150,2,21,1497,52,1570,6.990827322112388,0.006768029421790278,2.898411112727852
2,150,3,21,1497,73,1591,7.084335203490961,0.006828876352060337,2.9244688332073623
2,150,5,21,1497,102,1620,7.213465134918515,0.0069142948399988635,2.9610493323813665
2,150,10,21,1497,172,1690,7.525158072847092,0.0070534268224921315,3.0206326555412817
2,150,20,21,1497,279,1797,8.001602992252204,0.007606120979557263,3.257324133509707
2,150,30,21,1497,335,1853,8.250957342595067,0.008027108923068932,3.437612376623742
2,150,50,21,1497,376,1894,8.43352034909609,0.008558668540758652,3.665252980257778
2,150,75,21,1497,407,1925,8.57155579303589,0.0089004249447934,3.8116102871735924
2,150,100,21,1497,425,1943,8.651705405646094,0.009060449471479076,3.8801408501409282
2,150,150,21,1497,457,1975,8.794193605842015,0.00936029212940978,4.008548579725875
2,150,250,21,1497,503,2021,8.999020393623653,0.009727675722967899,4.165880740069982
2,150,500,21,1497,559,2077,9.248374743966515,0.01012915532723302,4.337814529658591
2,150,1000,21,1497,620,2138,9.51999287558999,0.01046460324826931,4.481470226388091
2,150,2500,21,1497,673,2191,9.755988957164485,0.010636926680295922,4.555267800134042
2,150,5000,21,1497,722,2240,9.974174013714489,0.01070387503350087,4.583938457250767
2,150,10000,21,1497,767,2285,10.174548045240003,0.010744946184236714,4.601527192802363
2,150,50000,21,1497,816,2334,10.392733101790007,0.010759553998720667,4.607782994778732
2,150,200000,21,1497,823,2341,10.423902395582866,0.010759553998720667,4.607782994778732
2,250,1,21,1526,20,1567,6.977469053344019,0.006853436827980647,2.9349868661390928
2,250,2,21,1526,52,1599,7.1199572535399405,0.006881031273248961,2.9468041975705637
2,250,3,21,1526,73,1620,7.213465134918515,0.00694187820351902,2.9728619180500746
2,250,5,21,1526,102,1649,7.3425950663460675,0.007027296691457546,3.0094424172240783
2,250,10,21,1526,172,1719,7.654288004274647,0.007166428673950814,3.069025740383994
2,250,20,21,1526,279,1826,8.130732923679759,0.007719122831015945,3.3057172183524193
2,250,30,21,1526,335,1882,8.38008727402262,0.008140110774527615,3.4860054614664544
2,250,50,21,1526,376,1923,8.562650280523645,0.008671670392217334,3.71364606510049
2,250,75,21,1526,407,1954,8.700685724463444,0.009013426796252083,3.8600033720163047
2,250,100,21,1526,425,1972,8.780835337073649,0.009173451322937759,3.9285339349836406
2,250,150,21,1526,457,2004,8.923323537269571,0.009473293980868464,4.056941664568587
2,250,250,21,1526,503,2050,9.128150325051207,0.009840677574426582,4.214273824912694
2,250,500,21,1526,559,2106,9.37750467539407,0.010242157178691702,4.386207614501303
2,250,1000,21,1526,620,2167,9.649122807017543,0.010577605099727994,4.5298633112308035
2,250,2500,21,1526,673,2220,9.88511888859204,0.010749928531754604,4.603660884976755
2,250,5000,21,1526,722,2269,10.103303945142043,0.010816876884959553,4.632331542093479
2,250,10000,21,1526,767,2314,10.303677976667556,0.010857948035695397,4.649920277645076
2,250,50000,21,1526,816,2363,10.521863033217562,0.01087255585017935,4.656176079621444
2,250,200000,21,1526,823,2370,10.55303232701042,0.01087255585017935,4.656176079621444
2,500,1,21,1545,20,1586,7.062071422210348,0.006923870549894129,2.9651501336993005
2,500,2,21,1545,52,1618,7.2045596224062685,0.006951464995162443,2.9769674651307714
2,500,3,21,1545,73,1639,7.298067503784843,0.007012311925432502,3.0030251856102823
2,500,5,21,1545,102,1668,7.4271974352123955,0.007097730413371028,3.0396056847842865
2,500,10,21,1545,172,1738,7.738890373140975,0.007236862395864296,3.0991890079442017
2,500,20,21,1545,279,1845,8.215335292546087,0.0077895565529294275,3.335880485912627
2,500,30,21,1545,335,1901,8.464689642888947,0.008210544496441097,3.516168729026662
2,500,50,21,1545,376,1942,8.647252649389973,0.008742104114130816,3.743809332660698
2,500,75,21,1545,407,1973,8.785288093329772,0.009083860518165565,3.890166639576513
2,500,100,21,1545,425,1991,8.865437705939977,0.009243885044851241,3.9586972025438483
2,500,150,21,1545,457,2023,9.007925906135899,0.009543727702781946,4.087104932128795
2,500,250,21,1545,503,2069,9.212752693917535,0.009911111296340064,4.244437092472902
2,500,500,21,1545,559,2125,9.462107044260398,0.010312590900605184,4.4163708820615115
2,500,1000,21,1545,620,2186,9.733725175883873,0.010648038821641476,4.560026578791012
2,500,2500,21,1545,673,2239,9.969721257458367,0.010820362253668087,4.633824152536962
2,500,5000,21,1545,722,2288,10.187906314008371,0.010887310606873035,4.662494809653687
2,500,10000,21,1545,767,2333,10.388280345533886,0.01092838175760888,4.680083545205283
2,500,50000,21,1545,816,2382,10.60646540208389,0.010942989572092832,4.686339347181652
2,500,200000,21,1545,823,2389,10.637634695876748,0.010942989572092832,4.686339347181652
2,1000,1,21,1550,20,1591,7.084335203490961,0.006927137266525163,2.966549106309414
2,1000,2,21,1550,52,1623,7.226823403686883,0.006954731711793477,2.9783664377408847
2,1000,3,21,1550,73,1644,7.320331285065455,0.007015578642063536,3.004424158220395
2,1000,5,21,1550,102,1673,7.449461216493009,0.0071009971300020625,3.0410046573943994
2,1000,10,21,1550,172,1743,7.761154154421587,0.00724012911249533,3.1005879805543146
2,1000,20,21,1550,279,1850,8.237599073826699,0.0077928232695604616,3.33727945852274
2,1000,30,21,1550,335,1906,8.48695342416956,0.00821381121307213,3.517567701636775
2,1000,50,21,1550,376,1947,8.669516430670585,0.00874537083076185,3.7452083052708107
2,1000,75,21,1550,407,1978,8.807551874610384,0.0090871272347966,3.8915656121866253
2,1000,100,21,1550,425,1996,8.887701487220589,0.009247151761482275,3.960096175153961
2,1000,150,21,1550,457,2028,9.030189687416511,0.00954699441941298,4.088503904738908
2,1000,250,21,1550,503,2074,9.235016475198147,0.009914378012971098,4.245836065083015
2,1000,500,21,1550,559,2130,9.48437082554101,0.010315857617236218,4.417769854671624
2,1000,1000,21,1550,620,2191,9.755988957164485,0.01065130553827251,4.561425551401125
2,1000,2500,21,1550,673,2244,9.99198503873898,0.01082362897029912,4.635223125147076
2,1000,5000,21,1550,722,2293,10.210170095288984,0.01089057732350407,4.663893782263799
2,1000,10000,21,1550,767,2338,10.410544126814498,0.010931648474239913,4.681482517815396
2,1000,50000,21,1550,816,2387,10.628729183364502,0.010946256288723866,4.687738319791764
2,1000,200000,21,1550,823,2394,10.65989847715736,0.010946256288723866,4.687738319791764
2,2500,1,21,1553,20,1594,7.097693472259328,0.006930628150351781,2.9680440786042643
2,2500,2,21,1553,52,1626,7.2401816724552495,0.006958222595620095,2.9798614100357352
2,2500,3,21,1553,73,1647,7.333689553833824,0.007019069525890154,3.0059191305152457
2,2500,5,21,1553,102,1676,7.4628194852613765,0.00710448801382868,3.04249962968925
2,2500,10,21,1553,172,1746,7.774512423189954,0.007243619996321948,3.102082952849165
2,2500,20,21,1553,279,1853,8.250957342595067,0.0077963141533870794,3.3387744308175904
2,2500,30,21,1553,335,1909,8.50031169293793,0.008217302096898749,3.5190626739316255
2,2500,50,21,1553,376,1950,8.682874699438953,0.008748861714588468,3.7467032775656612
2,2500,75,21,1553,407,1981,8.820910143378752,0.009090618118623217,3.893060584481476
2,2500,100,21,1553,425,1999,8.901059755988957,0.009250642645308893,3.9615911474488117
2,2500,150,21,1553,457,2031,9.043547956184879,0.009550485303239598,4.089998877033758
2,2500,250,21,1553,503,2077,9.248374743966515,0.009917868896797716,4.247331037377865
2,2500,500,21,1553,559,2133,9.497729094309378,0.010319348501062836,4.419264826966474
2,2500,1000,21,1553,620,2194,9.769347225932853,0.010654796422099128,4.562920523695975
2,2500,2500,21,1553,673,2247,10.005343307507347,0.010827119854125739,4.636718097441926
2,2500,5000,21,1553,722,2296,10.223528364057351,0.010894068207330687,4.66538875455865
2,2500,10000,21,1553,767,2341,10.423902395582866,0.010935139358066531,4.682977490110247
2,2500,50000,21,1553,816,2390,10.64208745213287,0.010949747172550484,4.689233292086615
2,2500,200000,21,1553,823,2397,10.673256745925729,0.010949747172550484,4.689233292086615
2,5000,1,21,1555,20,1596,7.1065989847715745,0.006930628150351781,2.9680440786042643
2,5000,2,21,1555,52,1628,7.249087184967495,0.006958222595620095,2.9798614100357352
2,5000,3,21,1555,73,1649,7.3425950663460675,0.007019069525890154,3.0059191305152457
2,5000,5,21,1555,102,1678,7.471724997773623,0.00710448801382868,3.04249962968925
2,5000,10,21,1555,172,1748,7.7834179357022,0.007243619996321948,3.102082952849165
2,5000,20,21,1555,279,1855,8.259862855107311,0.0077963141533870794,3.3387744308175904
2,5000,30,21,1555,335,1911,8.509217205450174,0.008217302096898749,3.5190626739316255
2,5000,50,21,1555,376,1952,8.691780211951198,0.008748861714588468,3.7467032775656612
2,5000,75,21,1555,407,1983,8.829815655890997,0.009090618118623217,3.893060584481476
2,5000,100,21,1555,425,2001,8.909965268501201,0.009250642645308893,3.9615911474488117
2,5000,150,21,1555,457,2033,9.052453468697124,0.009550485303239598,4.089998877033758
2,5000,250,21,1555,503,2079,9.25728025647876,0.009917868896797716,4.247331037377865
2,5000,500,21,1555,559,2135,9.506634606821622,0.010319348501062836,4.419264826966474
2,5000,1000,21,1555,620,2196,9.778252738445097,0.010654796422099128,4.562920523695975
2,5000,2500,21,1555,673,2249,10.014248820019592,0.010827119854125739,4.636718097441926
2,5000,5000,21,1555,722,2298,10.232433876569596,0.010894068207330687,4.66538875455865
2,5000,10000,21,1555,767,2343,10.43280790809511,0.010935139358066531,4.682977490110247
2,5000,50000,21,1555,816,2392,10.650992964645116,0.010949747172550484,4.689233292086615
2,5000,200000,21,1555,823,2399,10.682162258437973,0.010949747172550484,4.689233292086615
2,10000,1,21,1556,20,1597,7.111051741027696,0.006930628150351781,2.9680440786042643
2,10000,2,21,1556,52,1629,7.253539941223617,0.006958222595620095,2.9798614100357352
2,10000,3,21,1556,73,1650,7.34704782260219,0.007019069525890154,3.0059191305152457
2,10000,5,21,1556,102,1679,7.476177754029745,0.00710448801382868,3.04249962968925
2,10000,10,21,1556,172,1749,7.7878706919583225,0.007243619996321948,3.102082952849165
2,10000,20,21,1556,279,1856,8.264315611363433,0.0077963141533870794,3.3387744308175904
2,10000,30,21,1556,335,1912,8.513669961706297,0.008217302096898749,3.5190626739316255
2,10000,50,21,1556,376,1953,8.69623296820732,0.008748861714588468,3.7467032775656612
2,10000,75,21,1556,407,1984,8.834268412147118,0.009090618118623217,3.893060584481476
2,10000,100,21,1556,425,2002,8.914418024757325,0.009250642645308893,3.9615911474488117
2,10000,150,21,1556,457,2034,9.056906224953245,0.009550485303239598,4.089998877033758
2,10000,250,21,1556,503,2080,9.261733012734883,0.009917868896797716,4.247331037377865
2,10000,500,21,1556,559,2136,9.511087363077745,0.010319348501062836,4.419264826966474
2,10000,1000,21,1556,620,2197,9.78270549470122,0.010654796422099128,4.562920523695975
2,10000,2500,21,1556,673,2250,10.018701576275715,0.010827119854125739,4.636718097441926
2,10000,5000,21,1556,722,2299,10.236886632825719,0.010894068207330687,4.66538875455865
2,10000,10000,21,1556,767,2344,10.437260664351234,0.010935139358066531,4.682977490110247
2,10000,50000,21,1556,816,2393,10.655445720901238,0.010949747172550484,4.689233292086615
2,10000,200000,21,1556,823,2400,10.686615014694095,0.010949747172550484,4.689233292086615
2,50000,1,21,1557,20,1598,7.115504497283818,0.006930628150351781,2.9680440786042643
2,50000,2,21,1557,52,1630,7.2579926974797395,0.006958222595620095,2.9798614100357352
2,50000,3,21,1557,73,1651,7.351500578858314,0.007019069525890154,3.0059191305152457
2,50000,5,21,1557,102,1680,7.480630510285867,0.00710448801382868,3.04249962968925
2,50000,10,21,1557,172,1750,7.792323448214445,0.007243619996321948,3.102082952849165
2,50000,20,21,1557,279,1857,8.268768367619558,0.0077963141533870794,3.3387744308175904
2,50000,30,21,1557,335,1913,8.518122717962418,0.008217302096898749,3.5190626739316255
2,50000,50,21,1557,376,1954,8.700685724463444,0.008748861714588468,3.7467032775656612
2,50000,75,21,1557,407,1985,8.838721168403243,0.009090618118623217,3.893060584481476
2,50000,100,21,1557,425,2003,8.918870781013448,0.009250642645308893,3.9615911474488117
2,50000,150,21,1557,457,2035,9.06135898120937,0.009550485303239598,4.089998877033758
2,50000,250,21,1557,503,2081,9.266185768991006,0.009917868896797716,4.247331037377865
2,50000,500,21,1557,559,2137,9.515540119333869,0.010319348501062836,4.419264826966474
2,50000,1000,21,1557,620,2198,9.787158250957342,0.010654796422099128,4.562920523695975
2,50000,2500,21,1557,673,2251,10.023154332531838,0.010827119854125739,4.636718097441926
2,50000,5000,21,1557,722,2300,10.24133938908184,0.010894068207330687,4.66538875455865
2,50000,10000,21,1557,767,2345,10.441713420607355,0.010935139358066531,4.682977490110247
2,50000,50000,21,1557,816,2394,10.65989847715736,0.010949747172550484,4.689233292086615
2,50000,200000,21,1557,823,2401,10.69106777095022,0.010949747172550484,4.689233292086615
2,200000,1,21,1557,20,1598,7.115504497283818,0.006930628150351781,2.9680440786042643
2,200000,2,21,1557,52,1630,7.2579926974797395,0.006958222595620095,2.9798614100357352
2,200000,3,21,1557,73,1651,7.351500578858314,0.007019069525890154,3.0059191305152457
2,200000,5,21,1557,102,1680,7.480630510285867,0.00710448801382868,3.04249962968925
2,200000,10,21,1557,172,1750,7.792323448214445,0.007243619996321948,3.102082952849165
2,200000,20,21,1557,279,1857,8.268768367619558,0.0077963141533870794,3.3387744308175904
2,200000,30,21,1557,335,1913,8.518122717962418,0.008217302096898749,3.5190626739316255
2,200000,50,21,1557,376,1954,8.700685724463444,0.008748861714588468,3.7467032775656612
2,200000,75,21,1557,407,1985,8.838721168403243,0.009090618118623217,3.893060584481476
2,200000,100,21,1557,425,2003,8.918870781013448,0.009250642645308893,3.9615911474488117
2,200000,150,21,1557,457,2035,9.06135898120937,0.009550485303239598,4.089998877033758
2,200000,250,21,1557,503,2081,9.266185768991006,0.009917868896797716,4.247331037377865
2,200000,500,21,1557,559,2137,9.515540119333869,0.010319348501062836,4.419264826966474
2,200000,1000,21,1557,620,2198,9.787158250957342,0.010654796422099128,4.562920523695975
2,200000,2500,21,1557,673,2251,10.023154332531838,0.010827119854125739,4.636718097441926
2,200000,5000,21,1557,722,2300,10.24133938908184,0.010894068207330687,4.66538875455865
2,200000,10000,21,1557,767,2345,10.441713420607355,0.010935139358066531,4.682977490110247
2,200000,50000,21,1557,816,2394,10.65989847715736,0.010949747172550484,4.689233292086615
2,200000,200000,21,1557,823,2401,10.69106777095022,0.010949747172550484,4.689233292086615
3,1,1,21,240,20,281,1.2512245079704336,0.00113322915819003,0.4853058077422452
3,1,2,21,240,52,313,1.393712708166355,0.0011608236034583441,0.49712313917371603
3,1,3,21,240,73,334,1.4872205895449284,0.0012216705337284028,0.5231808596532267
3,1,5,21,240,102,363,1.616350520972482,0.0013070890216669295,0.559761358827231
3,1,10,21,240,172,433,1.9280434589010595,0.0014462210041601975,0.6193446819871462
3,1,20,21,240,279,540,2.4044883783061715,0.0019989151612253286,0.8560361599555717
3,1,30,21,240,335,596,2.653842728649034,0.002419903104736998,1.0363244030696066
3,1,50,21,240,376,637,2.8364057351500582,0.0029514627224267176,1.2639650067036423
3,1,75,21,240,407,668,2.974441179089857,0.0032932191264614663,1.4103223136194571
3,1,100,21,240,425,686,3.054590791700062,0.003453243653147142,1.4788528765867928
3,1,150,21,240,457,718,3.197078991895984,0.0037530863110778467,1.6072606061717394
3,1,250,21,240,503,764,3.4019057796776204,0.004120469904635965,1.7645927665158465
3,1,500,21,240,559,820,3.6512601300204826,0.004521949508901085,1.9365265561044553
3,1,1000,21,240,620,881,3.9228782616439575,0.004857397429937377,2.080182252833956
3,1,2500,21,240,673,934,4.158874343218452,0.005029720861963988,2.153979826579907
3,1,5000,21,240,722,983,4.377059399768457,0.005096669215168936,2.1826504836966314
3,1,10000,21,240,767,1028,4.577433431293971,0.0051377403659047804,2.2002392192482274
3,1,50000,21,240,816,1077,4.795618487843976,0.005152348180388733,2.2064950212245957
3,1,200000,21,240,823,1084,4.826787781636834,0.005152348180388733,2.2064950212245957
3,2,1,21,382,20,423,1.8835158963398344,0.0019084317794355876,0.817286618109282
3,2,2,21,382,52,455,2.0260040965357557,0.0019360262247039017,0.829103949540753
3,2,3,21,382,73,476,2.119511977914329,0.0019968731549739605,0.8551616700202636
3,2,5,21,382,102,505,2.2486419093418824,0.002082291642912487,0.8917421691942676
3,2,10,21,382,172,575,2.56033484727046,0.002221423625405755,0.9513254923541831
3,2,20,21,382,279,682,3.036779766675572,0.0027741177824708863,1.1880169703226084
3,2,30,21,382,335,738,3.286134117018434,0.0031951057259825555,1.3683052134366434
3,2,50,21,382,376,779,3.4686971235194584,0.003726665343672275,1.595945817070679
3,2,75,21,382,407,810,3.6067325674592574,0.004068421747707024,1.742303123986494
3,2,100,21,382,425,828,3.686882180069463,0.0042284462743927,1.8108336869538295
3,2,150,21,382,457,860,3.8293703802653845,0.004528288932323404,1.9392414165387764
3,2,250,21,382,503,906,4.034197168047021,0.004895672525881523,2.0965735768828835
3,2,500,21,382,559,962,4.283551518389883,0.005297152130146643,2.2685073664714923
3,2,1000,21,382,620,1023,4.555169650013358,0.005632600051182934,2.412163063200993
3,2,2500,21,382,673,1076,4.791165731587853,0.005804923483209545,2.4859606369469436
3,2,5000,21,382,722,1125,5.009350788137858,0.005871871836414494,2.514631294063668
3,2,10000,21,382,767,1170,5.209724819663371,0.005912942987150338,2.532220029615264
3,2,50000,21,382,816,1219,5.427909876213376,0.00592755080163429,2.5384758315916325
3,2,200000,21,382,823,1226,5.459079170006234,0.00592755080163429,2.5384758315916325
3,3,1,21,482,20,523,2.3287915219520885,0.0024444968441282577,1.0468566810951216
3,3,2,21,482,52,555,2.47127972214801,0.002472091289396572,1.0586740125265925
3,3,3,21,482,73,576,2.564787603526583,0.0025329382196666306,1.084731733006103
3,3,5,21,482,102,605,2.693917534954137,0.0026183567076051573,1.1213122321801072
3,3,10,21,482,172,675,3.0056104728827147,0.0027574886900984252,1.1808955553400227
3,3,20,21,482,279,782,3.4820553922878266,0.0033101828471635564,1.417587033308448
3,3,30,21,482,335,838,3.7314097426306883,0.0037311707906752256,1.597875276422483
3,3,50,21,482,376,879,3.9139727491317124,0.004262730408364945,1.8255158800565188
3,3,75,21,482,407,910,4.0520081930715115,0.004604486812399694,1.9718731869723334
3,3,100,21,482,425,928,4.132157805681716,0.00476451133908537,2.040403749939669
3,3,150,21,482,457,960,4.274646005877638,0.0050643539970160745,2.168811479524616
3,3,250,21,482,503,1006,4.4794727936592755,0.005431737590574193,2.326143639868723
3,3,500,21,482,559,1062,4.728827144002137,0.005833217194839313,2.498077429457332
3,3,1000,21,482,620,1123,5.000445275625612,0.0061686651158756045,2.641733126186833
3,3,2500,21,482,673,1176,5.236441357200107,0.0063409885479022154,2.715530699932783
3,3,5000,21,482,722,1225,5.454626413750111,0.006407936901107164,2.744201357049508
3,3,10000,21,482,767,1270,5.6550004452756255,0.006449008051843008,2.761790092601104
3,3,50000,21,482,816,1319,5.87318550182563,0.0064636158663269605,2.768045894577472
3,3,200000,21,482,823,1326,5.904354795618487,0.0064636158663269605,2.768045894577472
3,5,1,21,631,20,672,2.992252204114347,0.0030266957603834466,1.2961835831412694
3,5,2,21,631,52,704,3.1347404043102682,0.0030542902056517607,1.3080009145727403
3,5,3,21,631,73,725,3.2282482856888417,0.0031151371359218194,1.3340586350522508
3,5,5,21,631,102,754,3.357378217116395,0.003200555623860346,1.3706391342262552
3,5,10,21,631,172,824,3.669071155044973,0.003339687606353614,1.4302224573861706
3,5,20,21,631,279,931,4.145516074450085,0.003892381763418745,1.6669139353545959
3,5,30,21,631,335,987,4.394870424792947,0.0043133697069304144,1.8472021784686308
3,5,50,21,631,376,1028,4.577433431293971,0.004844929324620134,2.0748427821026665
3,5,75,21,631,407,1059,4.71546887523377,0.005186685728654883,2.2212000890184815
3,5,100,21,631,425,1077,4.795618487843976,0.005346710255340559,2.289730651985817
3,5,150,21,631,457,1109,4.938106688039897,0.005646552913271263,2.4181383815707638
3,5,250,21,631,503,1155,5.1429334758215335,0.0060139365068293815,2.575470541914871
3,5,500,21,631,559,1211,5.392287826164396,0.006415416111094502,2.7474043315034797
3,5,1000,21,631,620,1272,5.663905957787871,0.006750864032130793,2.8910600282329804
3,5,2500,21,631,673,1325,5.899902039362366,0.006923187464157404,2.964857601978931
3,5,5000,21,631,722,1374,6.11808709591237,0.006990135817362353,2.9935282590956556
3,5,10000,21,631,767,1419,6.318461127437884,0.007031206968098197,3.011116994647252
3,5,50000,21,631,816,1468,6.536646183987889,0.007045814782582149,3.01737279662362
3,5,200000,21,631,823,1475,6.567815477780746,0.007045814782582149,3.01737279662362
3,10,1,21,877,20,918,4.087630243120492,0.0035667723878010094,1.5274715993534644
3,10,2,21,877,52,950,4.230118443316413,0.0035943668330693235,1.5392889307849353
3,10,3,21,877,73,971,4.323626324694986,0.003655213763339382,1.5653466512644458
3,10,5,21,877,102,1000,4.45275625612254,0.003740632251277909,1.6019271504384505
3,10,10,21,877,172,1070,4.764449194051117,0.003879764233771177,1.6615104735983655
3,10,20,21,877,279,1177,5.240894113456229,0.004432458390836308,1.898201951566791
3,10,30,21,877,335,1233,5.490248463799092,0.004853446334347977,2.0784901946808256
3,10,50,21,877,376,1274,5.6728114703001165,0.005385005952037697,2.3061307983148613
3,10,75,21,877,407,1305,5.810846914239915,0.005726762356072446,2.4524881052306764
3,10,100,21,877,425,1323,5.89099652685012,0.0058867868827581216,2.5210186681980122
3,10,150,21,877,457,1355,6.033484727046042,0.006186629540688826,2.649426397782959
3,10,250,21,877,503,1401,6.238311514827679,0.006554013134246944,2.8067585581270658
3,10,500,21,877,559,1457,6.48766586517054,0.006955492738512065,2.9786923477156746
3,10,1000,21,877,620,1518,6.759283996794016,0.007290940659548356,3.1223480444451757
3,10,2500,21,877,673,1571,6.99528007836851,0.007463264091574967,3.1961456181911263
3,10,5000,21,877,722,1620,7.213465134918515,0.007530212444779916,3.2248162753078504
3,10,10000,21,877,767,1665,7.4138391664440295,0.00757128359551576,3.242405010859447
3,10,50000,21,877,816,1714,7.6320242229940325,0.007585891409999712,3.248660812835815
3,10,200000,21,877,823,1721,7.663193516786891,0.007585891409999712,3.248660812835815
3,20,1,21,1110,20,1151,5.125122450797043,0.004319337768363657,1.8497580029932497
3,20,2,21,1110,52,1183,5.267610650992965,0.004346932213631971,1.8615753344247206
3,20,3,21,1110,73,1204,5.361118532371538,0.00440777914390203,1.8876330549042313
3,20,5,21,1110,102,1233,5.490248463799092,0.004493197631840556,1.9242135540782352
3,20,10,21,1110,172,1303,5.801941401727669,0.004632329614333824,1.9837968772381507
3,20,20,21,1110,279,1410,6.278386321132781,0.0051850237713989555,2.2204883552065757
3,20,30,21,1110,335,1466,6.527740671475643,0.005606011714910625,2.400776598320611
3,20,50,21,1110,376,1507,6.710303677976667,0.0061375713326003445,2.6284172019546466
3,20,75,21,1110,407,1538,6.848339121916466,0.006479327736635093,2.774774508870461
3,20,100,21,1110,425,1556,6.928488734526672,0.006639352263320769,2.843305071837797
3,20,150,21,1110,457,1588,7.0709769347225935,0.006939194921251474,2.971712801422744
3,20,250,21,1110,503,1634,7.2758037225042305,0.007306578514809592,3.129044961766851
3,20,500,21,1110,559,1690,7.525158072847092,0.007708058119074712,3.3009787513554603
3,20,1000,21,1110,620,1751,7.796776204470568,0.008043506040111004,3.444634448084961
3,20,2500,21,1110,673,1804,8.032772286045061,0.008215829472137615,3.518432021830911
3,20,5000,21,1110,722,1853,8.250957342595067,0.008282777825342563,3.5471026789476356
3,20,10000,21,1110,767,1898,8.451331374120581,0.008323848976078407,3.5646914144992317
3,20,50000,21,1110,816,1947,8.669516430670585,0.00833845679056236,3.5709472164756
3,20,200000,21,1110,823,1954,8.700685724463444,0.00833845679056236,3.5709472164756
3,30,1,21,1234,20,1275,5.677264226556238,0.005199767650514581,2.2268024269119766
3,30,2,21,1234,52,1307,5.819752426752159,0.005227362095782895,2.2386197583434475
3,30,3,21,1234,73,1328,5.913260308130733,0.0052882090260529535,2.264677478822958
3,30,5,21,1234,102,1357,6.042390239558286,0.00537362751399148,2.301257977996962
3,30,10,21,1234,172,1427,6.3540831774868645,0.005512759496484748,2.3608413011568774
3,30,20,21,1234,279,1534,6.830528096891976,0.006065453653549879,2.597532779125303
3,30,30,21,1234,335,1590,7.079882447234838,0.0064864415970615485,2.777821022239338
3,30,50,21,1234,376,1631,7.262445453735862,0.007018001214751268,3.0054616258733735
3,30,75,21,1234,407,1662,7.400480897675661,0.007359757618786017,3.151818932789188
3,30,100,21,1234,425,1680,7.480630510285867,0.007519782145471693,3.220349495756524
3,30,150,21,1234,457,1712,7.623118710481788,0.007819624803402397,3.348757225341471
3,30,250,21,1234,503,1758,7.827945498263425,0.008187008396960516,3.5060893856855775
3,30,500,21,1234,559,1814,8.077299848606287,0.008588488001225636,3.6780231752741868
3,30,1000,21,1234,620,1875,8.348917980229762,0.008923935922261927,3.821678872003688
3,30,2500,21,1234,673,1928,8.584914061804257,0.009096259354288538,3.8954764457496385
3,30,5000,21,1234,722,1977,8.803099118354261,0.009163207707493487,3.9241471028663626
3,30,10000,21,1234,767,2022,9.003473149879776,0.009204278858229331,3.941735838417959
3,30,50000,21,1234,816,2071,9.22165820642978,0.009218886672713283,3.947991640394327
3,30,200000,21,1234,823,2078,9.252827500222638,0.009218886672713283,3.947991640394327
3,50,1,21,1348,20,1389,6.184878439754208,0.005842540566715515,2.5020701669249137
3,50,2,21,1348,52,1421,6.327366639950129,0.005870135011983829,2.5138874983563846
3,50,3,21,1348,73,1442,6.420874521328702,0.005930981942253888,2.539945218835895
3,50,5,21,1348,102,1471,6.550004452756256,0.0060164004301924146,2.5765257180098993
3,50,10,21,1348,172,1541,6.861697390684834,0.0061555324126856825,2.636109041169815
3,50,20,21,1348,279,1648,7.338142310089946,0.006708226569750814,2.87280051913824
3,50,30,21,1348,335,1704,7.587496660432808,0.007129214513262483,3.0530887622522753
3,50,50,21,1348,376,1745,7.7700596669338315,0.007660774130952203,3.280729365886311
3,50,75,21,1348,407,1776,7.908095110873631,0.008002530534986951,3.4270866728021256
3,50,100,21,1348,425,1794,7.988244723483836,0.008162555061672627,3.495617235769461
3,50,150,21,1348,457,1826,8.130732923679759,0.008462397719603332,3.6240249653544083
3,50,250,21,1348,503,1872,8.335559711461395,0.00882978131316145,3.7813571256985155
3,50,500,21,1348,559,1928,8.584914061804257,0.00923126091742657,3.9532909152871243
3,50,1000,21,1348,620,1989,8.856532193427732,0.009566708838462862,4.096946612016625
3,50,2500,21,1348,673,2042,9.092528275002227,0.009739032270489473,4.170744185762575
3,50,5000,21,1348,722,2091,9.31071333155223,0.009805980623694421,4.199414842879301
3,50,10000,21,1348,767,2136,9.511087363077745,0.009847051774430265,4.217003578430896
3,50,50000,21,1348,816,2185,9.72927241962775,0.009861659588914218,4.2232593804072645
3,50,200000,21,1348,823,2192,9.760441713420608,0.009861659588914218,4.2232593804072645
3,75,1,21,1422,20,1463,6.514382402707277,0.00640806262572427,2.744255198663463
3,75,2,21,1422,52,1495,6.656870602903197,0.006435657070992584,2.756072530094934
3,75,3,21,1422,73,1516,6.75037848428177,0.006496504001262643,2.7821302505744443
3,75,5,21,1422,102,1545,6.879508415709325,0.00658192248920117,2.8187107497484485
3,75,10,21,1422,172,1615,7.1912013536379025,0.006721054471694438,2.8782940729083637
3,75,20,21,1422,279,1722,7.6676462730430135,0.007273748628759569,3.1149855508767894
3,75,30,21,1422,335,1778,7.917000623385875,0.007694736572271238,3.2952737939908245
3,75,50,21,1422,376,1819,8.0995636298869,0.008226296189960958,3.5229143976248602
3,75,75,21,1422,407,1850,8.237599073826699,0.008568052593995706,3.669271704540675
3,75,100,21,1422,425,1868,8.317748686436904,0.008728077120681382,3.73780226750801
3,75,150,21,1422,457,1900,8.460236886632826,0.009027919778612087,3.866209997092957
3,75,250,21,1422,503,1946,8.665063674414462,0.009395303372170205,4.023542157437064
3,75,500,21,1422,559,2002,8.914418024757325,0.009796782976435325,4.195475947025673
3,75,1000,21,1422,620,2063,9.1860361563808,0.010132230897471617,4.339131643755174
3,75,2500,21,1422,673,2116,9.422032237955294,0.010304554329498228,4.412929217501124
3,75,5000,21,1422,722,2165,9.640217294505298,0.010371502682703176,4.441599874617849
3,75,10000,21,1422,767,2210,9.840591326030813,0.01041257383343902,4.459188610169445
3,75,50000,21,1422,816,2259,10.058776382580817,0.010427181647922973,4.465444412145813
3,75,200000,21,1422,823,2266,10.089945676373675,0.010427181647922973,4.465444412145813
3,100,1,21,1455,20,1496,6.6613233591593195,0.006590506777887278,2.8223869745654646
3,100,2,21,1455,52,1528,6.803811559355241,0.0066181012231555925,2.8342043059969355
3,100,3,21,1455,73,1549,6.897319440733813,0.006678948153425651,2.8602620264764465
3,100,5,21,1455,102,1578,7.026449372161368,0.006764366641364178,2.8968425256504506
3,100,10,21,1455,172,1648,7.338142310089946,0.006903498623857446,2.956425848810366
3,100,20,21,1455,279,1755,7.814587229495057,0.007456192780922577,3.193117326778791
3,100,30,21,1455,335,1811,8.06394157983792,0.007877180724434246,3.3734055698928263
3,100,50,21,1455,376,1852,8.246504586338945,0.008408740342123966,3.6010461735268615
3,100,75,21,1455,407,1883,8.384540030278743,0.008750496746158715,3.7474034804426766
3,100,100,21,1455,425,1901,8.464689642888947,0.00891052127284439,3.8159340434100124
3,100,150,21,1455,457,1933,8.60717784308487,0.009210363930775095,3.944341772994959
3,100,250,21,1455,503,1979,8.812004630866506,0.009577747524333213,4.1016739333390655
3,100,500,21,1455,559,2035,9.06135898120937,0.009979227128598334,4.273607722927675
3,100,1000,21,1455,620,2096,9.332977112832843,0.010314675049634625,4.417263419657176
3,100,2500,21,1455,673,2149,9.568973194407338,0.010486998481661236,4.491060993403127
3,100,5000,21,1455,722,2198,9.787158250957342,0.010553946834866185,4.519731650519851
3,100,10000,21,1455,767,2243,9.987532282482857,0.010595017985602029,4.537320386071447
3,100,50000,21,1455,816,2292,10.205717339032862,0.010609625800085981,4.543576188047815
3,100,200000,21,1455,823,2299,10.236886632825719,0.010609625800085981,4.543576188047815
3,150,1,21,1497,20,1538,6.848339121916466,0.006740434976521964,2.886593781296381
3,150,2,21,1497,52,1570,6.990827322112388,0.006768029421790278,2.898411112727852
3,150,3,21,1497,73,1591,7.084335203490961,0.006828876352060337,2.9244688332073623
3,150,5,21,1497,102,1620,7.213465134918515,0.0069142948399988635,2.9610493323813665
3,150,10,21,1497,172,1690,7.525158072847092,0.0070534268224921315,3.0206326555412817
3,150,20,21,1497,279,1797,8.001602992252204,0.007606120979557263,3.257324133509707
3,150,30,21,1497,335,1853,8.250957342595067,0.008027108923068932,3.437612376623742
3,150,50,21,1497,376,1894,8.43352034909609,0.008558668540758652,3.665252980257778
3,150,75,21,1497,407,1925,8.57155579303589,0.0089004249447934,3.8116102871735924
3,150,100,21,1497,425,1943,8.651705405646094,0.009060449471479076,3.8801408501409282
3,150,150,21,1497,457,1975,8.794193605842015,0.00936029212940978,4.008548579725875
3,150,250,21,1497,503,2021,8.999020393623653,0.009727675722967899,4.165880740069982
3,150,500,21,1497,559,2077,9.248374743966515,0.01012915532723302,4.337814529658591
3,150,1000,21,1497,620,2138,9.51999287558999,0.01046460324826931,4.481470226388091
3,150,2500,21,1497,673,2191,9.755988957164485,0.010636926680295922,4.555267800134042
3,150,5000,21,1497,722,2240,9.974174013714489,0.01070387503350087,4.583938457250767
3,150,10000,21,1497,767,2285,10.174548045240003,0.010744946184236714,4.601527192802363
3,150,50000,21,1497,816,2334,10.392733101790007,0.010759553998720667,4.607782994778732
3,150,200000,21,1497,823,2341,10.423902395582866,0.010759553998720667,4.607782994778732
3,250,1,21,1526,20,1567,6.977469053344019,0.006853436827980647,2.9349868661390928
3,250,2,21,1526,52,1599,7.1199572535399405,0.006881031273248961,2.9468041975705637
3,250,3,21,1526,73,1620,7.213465134918515,0.00694187820351902,2.9728619180500746
3,250,5,21,1526,102,1649,7.3425950663460675,0.007027296691457546,3.0094424172240783
3,250,10,21,1526,172,1719,7.654288004274647,0.007166428673950814,3.069025740383994
3,250,20,21,1526,279,1826,8.130732923679759,0.007719122831015945,3.3057172183524193
3,250,30,21,1526,335,1882,8.38008727402262,0.008140110774527615,3.4860054614664544
3,250,50,21,1526,376,1923,8.562650280523645,0.008671670392217334,3.71364606510049
3,250,75,21,1526,407,1954,8.700685724463444,0.009013426796252083,3.8600033720163047
3,250,100,21,1526,425,1972,8.780835337073649,0.009173451322937759,3.9285339349836406
3,250,150,21,1526,457,2004,8.923323537269571,0.009473293980868464,4.056941664568587
3,250,250,21,1526,503,2050,9.128150325051207,0.009840677574426582,4.214273824912694
3,250,500,21,1526,559,2106,9.37750467539407,0.010242157178691702,4.386207614501303
3,250,1000,21,1526,620,2167,9.649122807017543,0.010577605099727994,4.5298633112308035
3,250,2500,21,1526,673,2220,9.88511888859204,0.010749928531754604,4.603660884976755
3,250,5000,21,1526,722,2269,10.103303945142043,0.010816876884959553,4.632331542093479
3,250,10000,21,1526,767,2314,10.303677976667556,0.010857948035695397,4.649920277645076
3,250,50000,21,1526,816,2363,10.521863033217562,0.01087255585017935,4.656176079621444
3,250,200000,21,1526,823,2370,10.55303232701042,0.01087255585017935,4.656176079621444
3,500,1,21,1545,20,1586,7.062071422210348,0.006923870549894129,2.9651501336993005
3,500,2,21,1545,52,1618,7.2045596224062685,0.006951464995162443,2.9769674651307714
3,500,3,21,1545,73,1639,7.298067503784843,0.007012311925432502,3.0030251856102823
3,500,5,21,1545,102,1668,7.4271974352123955,0.007097730413371028,3.0396056847842865
3,500,10,21,1545,172,1738,7.738890373140975,0.007236862395864296,3.0991890079442017
3,500,20,21,1545,279,1845,8.215335292546087,0.0077895565529294275,3.335880485912627
3,500,30,21,1545,335,1901,8.464689642888947,0.008210544496441097,3.516168729026662
3,500,50,21,1545,376,1942,8.647252649389973,0.008742104114130816,3.743809332660698
3,500,75,21,1545,407,1973,8.785288093329772,0.009083860518165565,3.890166639576513
3,500,100,21,1545,425,1991,8.865437705939977,0.009243885044851241,3.9586972025438483
3,500,150,21,1545,457,2023,9.007925906135899,0.009543727702781946,4.087104932128795
3,500,250,21,1545,503,2069,9.212752693917535,0.009911111296340064,4.244437092472902
3,500,500,21,1545,559,2125,9.462107044260398,0.010312590900605184,4.4163708820615115
3,500,1000,21,1545,620,2186,9.733725175883873,0.010648038821641476,4.560026578791012
3,500,2500,21,1545,673,2239,9.969721257458367,0.010820362253668087,4.633824152536962
3,500,5000,21,1545,722,2288,10.187906314008371,0.010887310606873035,4.662494809653687
3,500,10000,21,1545,767,2333,10.388280345533886,0.01092838175760888,4.680083545205283
3,500,50000,21,1545,816,2382,10.60646540208389,0.010942989572092832,4.686339347181652
3,500,200000,21,1545,823,2389,10.637634695876748,0.010942989572092832,4.686339347181652
3,1000,1,21,1550,20,1591,7.084335203490961,0.006927137266525163,2.966549106309414
3,1000,2,21,1550,52,1623,7.226823403686883,0.006954731711793477,2.9783664377408847
3,1000,3,21,1550,73,1644,7.320331285065455,0.007015578642063536,3.004424158220395
3,1000,5,21,1550,102,1673,7.449461216493009,0.0071009971300020625,3.0410046573943994
3,1000,10,21,1550,172,1743,7.761154154421587,0.00724012911249533,3.1005879805543146
3,1000,20,21,1550,279,1850,8.237599073826699,0.0077928232695604616,3.33727945852274
3,1000,30,21,1550,335,1906,8.48695342416956,0.00821381121307213,3.517567701636775
3,1000,50,21,1550,376,1947,8.669516430670585,0.00874537083076185,3.7452083052708107
3,1000,75,21,1550,407,1978,8.807551874610384,0.0090871272347966,3.8915656121866253
3,1000,100,21,1550,425,1996,8.887701487220589,0.009247151761482275,3.960096175153961
3,1000,150,21,1550,457,2028,9.030189687416511,0.00954699441941298,4.088503904738908
3,1000,250,21,1550,503,2074,9.235016475198147,0.009914378012971098,4.245836065083015
3,1000,500,21,1550,559,2130,9.48437082554101,0.010315857617236218,4.417769854671624
3,1000,1000,21,1550,620,2191,9.755988957164485,0.01065130553827251,4.561425551401125
3,1000,2500,21,1550,673,2244,9.99198503873898,0.01082362897029912,4.635223125147076
3,1000,5000,21,1550,722,2293,10.210170095288984,0.01089057732350407,4.663893782263799
3,1000,10000,21,1550,767,2338,10.410544126814498,0.010931648474239913,4.681482517815396
3,1000,50000,21,1550,816,2387,10.628729183364502,0.010946256288723866,4.687738319791764
3,1000,200000,21,1550,823,2394,10.65989847715736,0.010946256288723866,4.687738319791764
3,2500,1,21,1553,20,1594,7.097693472259328,0.006930628150351781,2.9680440786042643
3,2500,2,21,1553,52,1626,7.2401816724552495,0.006958222595620095,2.9798614100357352
3,2500,3,21,1553,73,1647,7.333689553833824,0.007019069525890154,3.0059191305152457
3,2500,5,21,1553,102,1676,7.4628194852613765,0.00710448801382868,3.04249962968925
3,2500,10,21,1553,172,1746,7.774512423189954,0.007243619996321948,3.102082952849165
3,2500,20,21,1553,279,1853,8.250957342595067,0.0077963141533870794,3.3387744308175904
3,2500,30,21,1553,335,1909,8.50031169293793,0.008217302096898749,3.5190626739316255
3,2500,50,21,1553,376,1950,8.682874699438953,0.008748861714588468,3.7467032775656612
3,2500,75,21,1553,407,1981,8.820910143378752,0.009090618118623217,3.893060584481476
3,2500,100,21,1553,425,1999,8.901059755988957,0.009250642645308893,3.9615911474488117
3,2500,150,21,1553,457,2031,9.043547956184879,0.009550485303239598,4.089998877033758
3,2500,250,21,1553,503,2077,9.248374743966515,0.009917868896797716,4.247331037377865
3,2500,500,21,1553,559,2133,9.497729094309378,0.010319348501062836,4.419264826966474
3,2500,1000,21,1553,620,2194,9.769347225932853,0.010654796422099128,4.562920523695975
3,2500,2500,21,1553,673,2247,10.005343307507347,0.010827119854125739,4.636718097441926
3,2500,5000,21,1553,722,2296,10.223528364057351,0.010894068207330687,4.66538875455865
3,2500,10000,21,1553,767,2341,10.423902395582866,0.010935139358066531,4.682977490110247
3,2500,50000,21,1553,816,2390,10.64208745213287,0.010949747172550484,4.689233292086615
3,2500,200000,21,1553,823,2397,10.673256745925729,0.010949747172550484,4.689233292086615
3,5000,1,21,1555,20,1596,7.1065989847715745,0.006930628150351781,2.9680440786042643
3,5000,2,21,1555,52,1628,7.249087184967495,0.006958222595620095,2.9798614100357352
3,5000,3,21,1555,73,1649,7.3425950663460675,0.007019069525890154,3.0059191305152457
3,5000,5,21,1555,102,1678,7.471724997773623,0.00710448801382868,3.04249962968925
3,5000,10,21,1555,172,1748,7.7834179357022,0.007243619996321948,3.102082952849165
3,5000,20,21,1555,279,1855,8.259862855107311,0.0077963141533870794,3.3387744308175904
3,5000,30,21,1555,335,1911,8.509217205450174,0.008217302096898749,3.5190626739316255
3,5000,50,21,1555,376,1952,8.691780211951198,0.008748861714588468,3.7467032775656612
3,5000,75,21,1555,407,1983,8.829815655890997,0.009090618118623217,3.893060584481476
3,5000,100,21,1555,425,2001,8.909965268501201,0.009250642645308893,3.9615911474488117
3,5000,150,21,1555,457,2033,9.052453468697124,0.009550485303239598,4.089998877033758
3,5000,250,21,1555,503,2079,9.25728025647876,0.009917868896797716,4.247331037377865
3,5000,500,21,1555,559,2135,9.506634606821622,0.010319348501062836,4.419264826966474
3,5000,1000,21,1555,620,2196,9.778252738445097,0.010654796422099128,4.562920523695975
3,5000,2500,21,1555,673,2249,10.014248820019592,0.010827119854125739,4.636718097441926
3,5000,5000,21,1555,722,2298,10.232433876569596,0.010894068207330687,4.66538875455865
3,5000,10000,21,1555,767,2343,10.43280790809511,0.010935139358066531,4.682977490110247
3,5000,50000,21,1555,816,2392,10.650992964645116,0.010949747172550484,4.689233292086615
3,5000,200000,21,1555,823,2399,10.682162258437973,0.010949747172550484,4.689233292086615
3,10000,1,21,1556,20,1597,7.111051741027696,0.006930628150351781,2.9680440786042643
3,10000,2,21,1556,52,1629,7.253539941223617,0.006958222595620095,2.9798614100357352
3,10000,3,21,1556,73,1650,7.34704782260219,0.007019069525890154,3.0059191305152457
3,10000,5,21,1556,102,1679,7.476177754029745,0.00710448801382868,3.04249962968925
3,10000,10,21,1556,172,1749,7.7878706919583225,0.007243619996321948,3.102082952849165
3,10000,20,21,1556,279,1856,8.264315611363433,0.0077963141533870794,3.3387744308175904
3,10000,30,21,1556,335,1912,8.513669961706297,0.008217302096898749,3.5190626739316255
3,10000,50,21,1556,376,1953,8.69623296820732,0.008748861714588468,3.7467032775656612
3,10000,75,21,1556,407,1984,8.834268412147118,0.009090618118623217,3.893060584481476
3,10000,100,21,1556,425,2002,8.914418024757325,0.009250642645308893,3.9615911474488117
3,10000,150,21,1556,457,2034,9.056906224953245,0.009550485303239598,4.089998877033758
3,10000,250,21,1556,503,2080,9.261733012734883,0.009917868896797716,4.247331037377865
3,10000,500,21,1556,559,2136,9.511087363077745,0.010319348501062836,4.419264826966474
3,10000,1000,21,1556,620,2197,9.78270549470122,0.010654796422099128,4.562920523695975
3,10000,2500,21,1556,673,2250,10.018701576275715,0.010827119854125739,4.636718097441926
3,10000,5000,21,1556,722,2299,10.236886632825719,0.010894068207330687,4.66538875455865
3,10000,10000,21,1556,767,2344,10.437260664351234,0.010935139358066531,4.682977490110247
3,10000,50000,21,1556,816,2393,10.655445720901238,0.010949747172550484,4.689233292086615
3,10000,200000,21,1556,823,2400,10.686615014694095,0.010949747172550484,4.689233292086615
3,50000,1,21,1557,20,1598,7.115504497283818,0.006930628150351781,2.9680440786042643
3,50000,2,21,1557,52,1630,7.2579926974797395,0.006958222595620095,2.9798614100357352
3,50000,3,21,1557,73,1651,7.351500578858314,0.007019069525890154,3.0059191305152457
3,50000,5,21,1557,102,1680,7.480630510285867,0.00710448801382868,3.04249962968925
3,50000,10,21,1557,172,1750,7.792323448214445,0.007243619996321948,3.102082952849165
3,50000,20,21,1557,279,1857,8.268768367619558,0.0077963141533870794,3.3387744308175904
3,50000,30,21,1557,335,1913,8.518122717962418,0.008217302096898749,3.5190626739316255
3,50000,50,21,1557,376,1954,8.700685724463444,0.008748861714588468,3.7467032775656612
3,50000,75,21,1557,407,1985,8.838721168403243,0.009090618118623217,3.893060584481476
3,50000,100,21,1557,425,2003,8.918870781013448,0.009250642645308893,3.9615911474488117
3,50000,150,21,1557,457,2035,9.06135898120937,0.009550485303239598,4.089998877033758
3,50000,250,21,1557,503,2081,9.266185768991006,0.009917868896797716,4.247331037377865
3,50000,500,21,1557,559,2137,9.515540119333869,0.010319348501062836,4.419264826966474
3,50000,1000,21,1557,620,2198,9.787158250957342,0.010654796422099128,4.562920523695975
3,50000,2500,21,1557,673,2251,10.023154332531838,0.010827119854125739,4.636718097441926
3,50000,5000,21,1557,722,2300,10.24133938908184,0.010894068207330687,4.66538875455865
3,50000,10000,21,1557,767,2345,10.441713420607355,0.010935139358066531,4.682977490110247
3,50000,50000,21,1557,816,2394,10.65989847715736,0.010949747172550484,4.689233292086615
3,50000,200000,21,1557,823,2401,10.69106777095022,0.010949747172550484,4.689233292086615
3,200000,1,21,1557,20,1598,7.115504497283818,0.006930628150351781,2.9680440786042643
3,200000,2,21,1557,52,1630,7.2579926974797395,0.006958222595620095,2.9798614100357352
3,200000,3,21,1557,73,1651,7.351500578858314,0.007019069525890154,3.0059191305152457
3,200000,5,21,1557,102,1680,7.480630510285867,0.00710448801382868,3.04249962968925
3,200000,10,21,1557,172,1750,7.792323448214445,0.007243619996321948,3.102082952849165
3,200000,20,21,1557,279,1857,8.268768367619558,0.0077963141533870794,3.3387744308175904
3,200000,30,21,1557,335,1913,8.518122717962418,0.008217302096898749,3.5190626739316255
3,200000,50,21,1557,376,1954,8.700685724463444,0.008748861714588468,3.7467032775656612
3,200000,75,21,1557,407,1985,8.838721168403243,0.009090618118623217,3.893060584481476
3,200000,100,21,1557,425,2003,8.918870781013448,0.009250642645308893,3.9615911474488117
3,200000,150,21,1557,457,2035,9.06135898120937,0.009550485303239598,4.089998877033758
3,200000,250,21,1557,503,2081,9.266185768991006,0.009917868896797716,4.247331037377865
3,200000,500,21,1557,559,2137,9.515540119333869,0.010319348501062836,4.419264826966474
3,200000,1000,21,1557,620,2198,9.787158250957342,0.010654796422099128,4.562920523695975
3,200000,2500,21,1557,673,2251,10.023154332531838,0.010827119854125739,4.636718097441926
3,200000,5000,21,1557,722,2300,10.24133938908184,0.010894068207330687,4.66538875455865
3,200000,10000,21,1557,767,2345,10.441713420607355,0.010935139358066531,4.682977490110247
3,200000,50000,21,1557,816,2394,10.65989847715736,0.010949747172550484,4.689233292086615
3,200000,200000,21,1557,823,2401,10.69106777095022,0.010949747172550484,4.689233292086615
5,1,1,21,240,20,281,1.2512245079704336,0.00113322915819003,0.4853058077422452
5,1,2,21,240,52,313,1.393712708166355,0.0011608236034583441,0.49712313917371603
5,1,3,21,240,73,334,1.4872205895449284,0.0012216705337284028,0.5231808596532267
5,1,5,21,240,102,363,1.616350520972482,0.0013070890216669295,0.559761358827231
5,1,10,21,240,172,433,1.9280434589010595,0.0014462210041601975,0.6193446819871462
5,1,20,21,240,279,540,2.4044883783061715,0.0019989151612253286,0.8560361599555717
5,1,30,21,240,335,596,2.653842728649034,0.002419903104736998,1.0363244030696066
5,1,50,21,240,376,637,2.8364057351500582,0.0029514627224267176,1.2639650067036423
5,1,75,21,240,407,668,2.974441179089857,0.0032932191264614663,1.4103223136194571
5,1,100,21,240,425,686,3.054590791700062,0.003453243653147142,1.4788528765867928
5,1,150,21,240,457,718,3.197078991895984,0.0037530863110778467,1.6072606061717394
5,1,250,21,240,503,764,3.4019057796776204,0.004120469904635965,1.7645927665158465
5,1,500,21,240,559,820,3.6512601300204826,0.004521949508901085,1.9365265561044553
5,1,1000,21,240,620,881,3.9228782616439575,0.004857397429937377,2.080182252833956
5,1,2500,21,240,673,934,4.158874343218452,0.005029720861963988,2.153979826579907
5,1,5000,21,240,722,983,4.377059399768457,0.005096669215168936,2.1826504836966314
5,1,10000,21,240,767,1028,4.577433431293971,0.0051377403659047804,2.2002392192482274
5,1,50000,21,240,816,1077,4.795618487843976,0.005152348180388733,2.2064950212245957
5,1,200000,21,240,823,1084,4.826787781636834,0.005152348180388733,2.2064950212245957
5,2,1,21,382,20,423,1.8835158963398344,0.0019084317794355876,0.817286618109282
5,2,2,21,382,52,455,2.0260040965357557,0.0019360262247039017,0.829103949540753
5,2,3,21,382,73,476,2.119511977914329,0.0019968731549739605,0.8551616700202636
5,2,5,21,382,102,505,2.2486419093418824,0.002082291642912487,0.8917421691942676
5,2,10,21,382,172,575,2.56033484727046,0.002221423625405755,0.9513254923541831
5,2,20,21,382,279,682,3.036779766675572,0.0027741177824708863,1.1880169703226084
5,2,30,21,382,335,738,3.286134117018434,0.0031951057259825555,1.3683052134366434
5,2,50,21,382,376,779,3.4686971235194584,0.003726665343672275,1.595945817070679
5,2,75,21,382,407,810,3.6067325674592574,0.004068421747707024,1.742303123986494
5,2,100,21,382,425,828,3.686882180069463,0.0042284462743927,1.8108336869538295
5,2,150,21,382,457,860,3.8293703802653845,0.004528288932323404,1.9392414165387764
5,2,250,21,382,503,906,4.034197168047021,0.004895672525881523,2.0965735768828835
5,2,500,21,382,559,962,4.283551518389883,0.005297152130146643,2.2685073664714923
5,2,1000,21,382,620,1023,4.555169650013358,0.005632600051182934,2.412163063200993
5,2,2500,21,382,673,1076,4.791165731587853,0.005804923483209545,2.4859606369469436
5,2,5000,21,382,722,1125,5.009350788137858,0.005871871836414494,2.514631294063668
5,2,10000,21,382,767,1170,5.209724819663371,0.005912942987150338,2.532220029615264
5,2,50000,21,382,816,1219,5.427909876213376,0.00592755080163429,2.5384758315916325
5,2,200000,21,382,823,1226,5.459079170006234,0.00592755080163429,2.5384758315916325
5,3,1,21,482,20,523,2.3287915219520885,0.0024444968441282577,1.0468566810951216
5,3,2,21,482,52,555,2.47127972214801,0.002472091289396572,1.0586740125265925
5,3,3,21,482,73,576,2.564787603526583,0.0025329382196666306,1.084731733006103
5,3,5,21,482,102,605,2.693917534954137,0.0026183567076051573,1.1213122321801072
5,3,10,21,482,172,675,3.0056104728827147,0.0027574886900984252,1.1808955553400227
5,3,20,21,482,279,782,3.4820553922878266,0.0033101828471635564,1.417587033308448
5,3,30,21,482,335,838,3.7314097426306883,0.0037311707906752256,1.597875276422483
5,3,50,21,482,376,879,3.9139727491317124,0.004262730408364945,1.8255158800565188
5,3,75,21,482,407,910,4.0520081930715115,0.004604486812399694,1.9718731869723334
5,3,100,21,482,425,928,4.132157805681716,0.00476451133908537,2.040403749939669
5,3,150,21,482,457,960,4.274646005877638,0.0050643539970160745,2.168811479524616
5,3,250,21,482,503,1006,4.4794727936592755,0.005431737590574193,2.326143639868723
5,3,500,21,482,559,1062,4.728827144002137,0.005833217194839313,2.498077429457332
5,3,1000,21,482,620,1123,5.000445275625612,0.0061686651158756045,2.641733126186833
5,3,2500,21,482,673,1176,5.236441357200107,0.0063409885479022154,2.715530699932783
5,3,5000,21,482,722,1225,5.454626413750111,0.006407936901107164,2.744201357049508
5,3,10000,21,482,767,1270,5.6550004452756255,0.006449008051843008,2.761790092601104
5,3,50000,21,482,816,1319,5.87318550182563,0.0064636158663269605,2.768045894577472
5,3,200000,21,482,823,1326,5.904354795618487,0.0064636158663269605,2.768045894577472
5,5,1,21,631,20,672,2.992252204114347,0.0030266957603834466,1.2961835831412694
5,5,2,21,631,52,704,3.1347404043102682,0.0030542902056517607,1.3080009145727403
5,5,3,21,631,73,725,3.2282482856888417,0.0031151371359218194,1.3340586350522508
5,5,5,21,631,102,754,3.357378217116395,0.003200555623860346,1.3706391342262552
5,5,10,21,631,172,824,3.669071155044973,0.003339687606353614,1.4302224573861706
5,5,20,21,631,279,931,4.145516074450085,0.003892381763418745,1.6669139353545959
5,5,30,21,631,335,987,4.394870424792947,0.0043133697069304144,1.8472021784686308
5,5,50,21,631,376,1028,4.577433431293971,0.004844929324620134,2.0748427821026665
5,5,75,21,631,407,1059,4.71546887523377,0.005186685728654883,2.2212000890184815
5,5,100,21,631,425,1077,4.795618487843976,0.005346710255340559,2.289730651985817
5,5,150,21,631,457,1109,4.938106688039897,0.005646552913271263,2.4181383815707638
5,5,250,21,631,503,1155,5.1429334758215335,0.0060139365068293815,2.575470541914871
5,5,500,21,631,559,1211,5.392287826164396,0.006415416111094502,2.7474043315034797
5,5,1000,21,631,620,1272,5.663905957787871,0.006750864032130793,2.8910600282329804
5,5,2500,21,631,673,1325,5.899902039362366,0.006923187464157404,2.964857601978931
5,5,5000,21,631,722,1374,6.11808709591237,0.006990135817362353,2.9935282590956556
5,5,10000,21,631,767,1419,6.318461127437884,0.007031206968098197,3.011116994647252
5,5,50000,21,631,816,1468,6.536646183987889,0.007045814782582149,3.01737279662362
5,5,200000,21,631,823,1475,6.567815477780746,0.007045814782582149,3.01737279662362
5,10,1,21,877,20,918,4.087630243120492,0.0035667723878010094,1.5274715993534644
5,10,2,21,877,52,950,4.230118443316413,0.0035943668330693235,1.5392889307849353
5,10,3,21,877,73,971,4.323626324694986,0.003655213763339382,1.5653466512644458
5,10,5,21,877,102,1000,4.45275625612254,0.003740632251277909,1.6019271504384505
5,10,10,21,877,172,1070,4.764449194051117,0.003879764233771177,1.6615104735983655
5,10,20,21,877,279,1177,5.240894113456229,0.004432458390836308,1.898201951566791
5,10,30,21,877,335,1233,5.490248463799092,0.004853446334347977,2.0784901946808256
5,10,50,21,877,376,1274,5.6728114703001165,0.005385005952037697,2.3061307983148613
5,10,75,21,877,407,1305,5.810846914239915,0.005726762356072446,2.4524881052306764
5,10,100,21,877,425,1323,5.89099652685012,0.0058867868827581216,2.5210186681980122
5,10,150,21,877,457,1355,6.033484727046042,0.006186629540688826,2.649426397782959
5,10,250,21,877,503,1401,6.238311514827679,0.006554013134246944,2.8067585581270658
5,10,500,21,877,559,1457,6.48766586517054,0.006955492738512065,2.9786923477156746
5,10,1000,21,877,620,1518,6.759283996794016,0.007290940659548356,3.1223480444451757
5,10,2500,21,877,673,1571,6.99528007836851,0.007463264091574967,3.1961456181911263
5,10,5000,21,877,722,1620,7.213465134918515,0.007530212444779916,3.2248162753078504
5,10,10000,21,877,767,1665,7.4138391664440295,0.00757128359551576,3.242405010859447
5,10,50000,21,877,816,1714,7.6320242229940325,0.007585891409999712,3.248660812835815
5,10,200000,21,877,823,1721,7.663193516786891,0.007585891409999712,3.248660812835815
5,20,1,21,1110,20,1151,5.125122450797043,0.004319337768363657,1.8497580029932497
5,20,2,21,1110,52,1183,5.267610650992965,0.004346932213631971,1.8615753344247206
5,20,3,21,1110,73,1204,5.361118532371538,0.00440777914390203,1.8876330549042313
5,20,5,21,1110,102,1233,5.490248463799092,0.004493197631840556,1.9242135540782352
5,20,10,21,1110,172,1303,5.801941401727669,0.004632329614333824,1.9837968772381507
5,20,20,21,1110,279,1410,6.278386321132781,0.0051850237713989555,2.2204883552065757
5,20,30,21,1110,335,1466,6.527740671475643,0.005606011714910625,2.400776598320611
5,20,50,21,1110,376,1507,6.710303677976667,0.0061375713326003445,2.6284172019546466
5,20,75,21,1110,407,1538,6.848339121916466,0.006479327736635093,2.774774508870461
5,20,100,21,1110,425,1556,6.928488734526672,0.006639352263320769,2.843305071837797
5,20,150,21,1110,457,1588,7.0709769347225935,0.006939194921251474,2.971712801422744
5,20,250,21,1110,503,1634,7.2758037225042305,0.007306578514809592,3.129044961766851
5,20,500,21,1110,559,1690,7.525158072847092,0.007708058119074712,3.3009787513554603
5,20,1000,21,1110,620,1751,7.796776204470568,0.008043506040111004,3.444634448084961
5,20,2500,21,1110,673,1804,8.032772286045061,0.008215829472137615,3.518432021830911
5,20,5000,21,1110,722,1853,8.250957342595067,0.008282777825342563,3.5471026789476356
5,20,10000,21,1110,767,1898,8.451331374120581,0.008323848976078407,3.5646914144992317
5,20,50000,21,1110,816,1947,8.669516430670585,0.00833845679056236,3.5709472164756
5,20,200000,21,1110,823,1954,8.700685724463444,0.00833845679056236,3.5709472164756
5,30,1,21,1234,20,1275,5.677264226556238,0.005199767650514581,2.2268024269119766
5,30,2,21,1234,52,1307,5.819752426752159,0.005227362095782895,2.2386197583434475
5,30,3,21,1234,73,1328,5.913260308130733,0.0052882090260529535,2.264677478822958
5,30,5,21,1234,102,1357,6.042390239558286,0.00537362751399148,2.301257977996962
5,30,10,21,1234,172,1427,6.3540831774868645,0.005512759496484748,2.3608413011568774
5,30,20,21,1234,279,1534,6.830528096891976,0.006065453653549879,2.597532779125303
5,30,30,21,1234,335,1590,7.079882447234838,0.0064864415970615485,2.777821022239338
5,30,50,21,1234,376,1631,7.262445453735862,0.007018001214751268,3.0054616258733735
5,30,75,21,1234,407,1662,7.400480897675661,0.007359757618786017,3.151818932789188
5,30,100,21,1234,425,1680,7.480630510285867,0.007519782145471693,3.220349495756524
5,30,150,21,1234,457,1712,7.623118710481788,0.007819624803402397,3.348757225341471
5,30,250,21,1234,503,1758,7.827945498263425,0.008187008396960516,3.5060893856855775
5,30,500,21,1234,559,1814,8.077299848606287,0.008588488001225636,3.6780231752741868
5,30,1000,21,1234,620,1875,8.348917980229762,0.008923935922261927,3.821678872003688
5,30,2500,21,1234,673,1928,8.584914061804257,0.009096259354288538,3.8954764457496385
5,30,5000,21,1234,722,1977,8.803099118354261,0.009163207707493487,3.9241471028663626
5,30,10000,21,1234,767,2022,9.003473149879776,0.009204278858229331,3.941735838417959
5,30,50000,21,1234,816,2071,9.22165820642978,0.009218886672713283,3.947991640394327
5,30,200000,21,1234,823,2078,9.252827500222638,0.009218886672713283,3.947991640394327
5,50,1,21,1348,20,1389,6.184878439754208,0.005842540566715515,2.5020701669249137
5,50,2,21,1348,52,1421,6.327366639950129,0.005870135011983829,2.5138874983563846
5,50,3,21,1348,73,1442,6.420874521328702,0.005930981942253888,2.539945218835895
5,50,5,21,1348,102,1471,6.550004452756256,0.0060164004301924146,2.5765257180098993
5,50,10,21,1348,172,1541,6.861697390684834,0.0061555324126856825,2.636109041169815
5,50,20,21,1348,279,1648,7.338142310089946,0.006708226569750814,2.87280051913824
5,50,30,21,1348,335,1704,7.587496660432808,0.007129214513262483,3.0530887622522753
5,50,50,21,1348,376,1745,7.7700596669338315,0.007660774130952203,3.280729365886311
5,50,75,21,1348,407,1776,7.908095110873631,0.008002530534986951,3.4270866728021256
5,50,100,21,1348,425,1794,7.988244723483836,0.008162555061672627,3.495617235769461
5,50,150,21,1348,457,1826,8.130732923679759,0.008462397719603332,3.6240249653544083
5,50,250,21,1348,503,1872,8.335559711461395,0.00882978131316145,3.7813571256985155
5,50,500,21,1348,559,1928,8.584914061804257,0.00923126091742657,3.9532909152871243
5,50,1000,21,1348,620,1989,8.856532193427732,0.009566708838462862,4.096946612016625
5,50,2500,21,1348,673,2042,9.092528275002227,0.009739032270489473,4.170744185762575
5,50,5000,21,1348,722,2091,9.31071333155223,0.009805980623694421,4.199414842879301
5,50,10000,21,1348,767,2136,9.511087363077745,0.009847051774430265,4.217003578430896
5,50,50000,21,1348,816,2185,9.72927241962775,0.009861659588914218,4.2232593804072645
5,50,200000,21,1348,823,2192,9.760441713420608,0.009861659588914218,4.2232593804072645
5,75,1,21,1422,20,1463,6.514382402707277,0.00640806262572427,2.744255198663463
5,75,2,21,1422,52,1495,6.656870602903197,0.006435657070992584,2.756072530094934
5,75,3,21,1422,73,1516,6.75037848428177,0.006496504001262643,2.7821302505744443
5,75,5,21,1422,102,1545,6.879508415709325,0.00658192248920117,2.8187107497484485
5,75,10,21,1422,172,1615,7.1912013536379025,0.006721054471694438,2.8782940729083637
5,75,20,21,1422,279,1722,7.6676462730430135,0.007273748628759569,3.1149855508767894
5,75,30,21,1422,335,1778,7.917000623385875,0.007694736572271238,3.2952737939908245
5,75,50,21,1422,376,1819,8.0995636298869,0.008226296189960958,3.5229143976248602
5,75,75,21,1422,407,1850,8.237599073826699,0.008568052593995706,3.669271704540675
5,75,100,21,1422,425,1868,8.317748686436904,0.008728077120681382,3.73780226750801
5,75,150,21,1422,457,1900,8.460236886632826,0.009027919778612087,3.866209997092957
5,75,250,21,1422,503,1946,8.665063674414462,0.009395303372170205,4.023542157437064
5,75,500,21,1422,559,2002,8.914418024757325,0.009796782976435325,4.195475947025673
5,75,1000,21,1422,620,2063,9.1860361563808,0.010132230897471617,4.339131643755174
5,75,2500,21,1422,673,2116,9.422032237955294,0.010304554329498228,4.412929217501124
5,75,5000,21,1422,722,2165,9.640217294505298,0.010371502682703176,4.441599874617849
5,75,10000,21,1422,767,2210,9.840591326030813,0.01041257383343902,4.459188610169445
5,75,50000,21,1422,816,2259,10.058776382580817,0.010427181647922973,4.465444412145813
5,75,200000,21,1422,823,2266,10.089945676373675,0.010427181647922973,4.465444412145813
5,100,1,21,1455,20,1496,6.6613233591593195,0.006590506777887278,2.8223869745654646
5,100,2,21,1455,52,1528,6.803811559355241,0.0066181012231555925,2.8342043059969355
5,100,3,21,1455,73,1549,6.897319440733813,0.006678948153425651,2.8602620264764465
5,100,5,21,1455,102,1578,7.026449372161368,0.006764366641364178,2.8968425256504506
5,100,10,21,1455,172,1648,7.338142310089946,0.006903498623857446,2.956425848810366
5,100,20,21,1455,279,1755,7.814587229495057,0.007456192780922577,3.193117326778791
5,100,30,21,1455,335,1811,8.06394157983792,0.007877180724434246,3.3734055698928263
5,100,50,21,1455,376,1852,8.246504586338945,0.008408740342123966,3.6010461735268615
5,100,75,21,1455,407,1883,8.384540030278743,0.008750496746158715,3.7474034804426766
5,100,100,21,1455,425,1901,8.464689642888947,0.00891052127284439,3.8159340434100124
5,100,150,21,1455,457,1933,8.60717784308487,0.009210363930775095,3.944341772994959
5,100,250,21,1455,503,1979,8.812004630866506,0.009577747524333213,4.1016739333390655
5,100,500,21,1455,559,2035,9.06135898120937,0.009979227128598334,4.273607722927675
5,100,1000,21,1455,620,2096,9.332977112832843,0.010314675049634625,4.417263419657176
5,100,2500,21,1455,673,2149,9.568973194407338,0.010486998481661236,4.491060993403127
5,100,5000,21,1455,722,2198,9.787158250957342,0.010553946834866185,4.519731650519851
5,100,10000,21,1455,767,2243,9.987532282482857,0.010595017985602029,4.537320386071447
5,100,50000,21,1455,816,2292,10.205717339032862,0.010609625800085981,4.543576188047815
5,100,200000,21,1455,823,2299,10.236886632825719,0.010609625800085981,4.543576188047815
5,150,1,21,1497,20,1538,6.848339121916466,0.006740434976521964,2.886593781296381
5,150,2,21,1497,52,1570,6.990827322112388,0.006768029421790278,2.898411112727852
5,150,3,21,1497,73,1591,7.084335203490961,0.006828876352060337,2.9244688332073623
5,150,5,21,1497,102,1620,7.213465134918515,0.0069142948399988635,2.9610493323813665
5,150,10,21,1497,172,1690,7.525158072847092,0.0070534268224921315,3.0206326555412817
5,150,20,21,1497,279,1797,8.001602992252204,0.007606120979557263,3.257324133509707
5,150,30,21,1497,335,1853,8.250957342595067,0.008027108923068932,3.437612376623742
5,150,50,21,1497,376,1894,8.43352034909609,0.008558668540758652,3.665252980257778
5,150,75,21,1497,407,1925,8.57155579303589,0.0089004249447934,3.8116102871735924
5,150,100,21,1497,425,1943,8.651705405646094,0.009060449471479076,3.8801408501409282
5,150,150,21,1497,457,1975,8.794193605842015,0.00936029212940978,4.008548579725875
5,150,250,21,1497,503,2021,8.999020393623653,0.009727675722967899,4.165880740069982
5,150,500,21,1497,559,2077,9.248374743966515,0.01012915532723302,4.337814529658591
5,150,1000,21,1497,620,2138,9.51999287558999,0.01046460324826931,4.481470226388091
5,150,2500,21,1497,673,2191,9.755988957164485,0.010636926680295922,4.555267800134042
5,150,5000,21,1497,722,2240,9.974174013714489,0.01070387503350087,4.583938457250767
5,150,10000,21,1497,767,2285,10.174548045240003,0.010744946184236714,4.601527192802363
5,150,50000,21,1497,816,2334,10.392733101790007,0.010759553998720667,4.607782994778732
5,150,200000,21,1497,823,2341,10.423902395582866,0.010759553998720667,4.607782994778732
5,250,1,21,1526,20,1567,6.977469053344019,0.006853436827980647,2.9349868661390928
5,250,2,21,1526,52,1599,7.1199572535399405,0.006881031273248961,2.9468041975705637
5,250,3,21,1526,73,1620,7.213465134918515,0.00694187820351902,2.9728619180500746
5,250,5,21,1526,102,1649,7.3425950663460675,0.007027296691457546,3.0094424172240783
5,250,10,21,1526,172,1719,7.654288004274647,0.007166428673950814,3.069025740383994
5,250,20,21,1526,279,1826,8.130732923679759,0.007719122831015945,3.3057172183524193
5,250,30,21,1526,335,1882,8.38008727402262,0.008140110774527615,3.4860054614664544
5,250,50,21,1526,376,1923,8.562650280523645,0.008671670392217334,3.71364606510049
5,250,75,21,1526,407,1954,8.700685724463444,0.009013426796252083,3.8600033720163047
5,250,100,21,1526,425,1972,8.780835337073649,0.009173451322937759,3.9285339349836406
5,250,150,21,1526,457,2004,8.923323537269571,0.009473293980868464,4.056941664568587
5,250,250,21,1526,503,2050,9.128150325051207,0.009840677574426582,4.214273824912694
5,250,500,21,1526,559,2106,9.37750467539407,0.010242157178691702,4.386207614501303
5,250,1000,21,1526,620,2167,9.649122807017543,0.010577605099727994,4.5298633112308035
5,250,2500,21,1526,673,2220,9.88511888859204,0.010749928531754604,4.603660884976755
5,250,5000,21,1526,722,2269,10.103303945142043,0.010816876884959553,4.632331542093479
5,250,10000,21,1526,767,2314,10.303677976667556,0.010857948035695397,4.649920277645076
5,250,50000,21,1526,816,2363,10.521863033217562,0.01087255585017935,4.656176079621444
5,250,200000,21,1526,823,2370,10.55303232701042,0.01087255585017935,4.656176079621444
5,500,1,21,1545,20,1586,7.062071422210348,0.006923870549894129,2.9651501336993005
5,500,2,21,1545,52,1618,7.2045596224062685,0.006951464995162443,2.9769674651307714
5,500,3,21,1545,73,1639,7.298067503784843,0.007012311925432502,3.0030251856102823
5,500,5,21,1545,102,1668,7.4271974352123955,0.007097730413371028,3.0396056847842865
5,500,10,21,1545,172,1738,7.738890373140975,0.007236862395864296,3.0991890079442017
5,500,20,21,1545,279,1845,8.215335292546087,0.0077895565529294275,3.335880485912627
5,500,30,21,1545,335,1901,8.464689642888947,0.008210544496441097,3.516168729026662
5,500,50,21,1545,376,1942,8.647252649389973,0.008742104114130816,3.743809332660698
5,500,75,21,1545,407,1973,8.785288093329772,0.009083860518165565,3.890166639576513
5,500,100,21,1545,425,1991,8.865437705939977,0.009243885044851241,3.9586972025438483
5,500,150,21,1545,457,2023,9.007925906135899,0.009543727702781946,4.087104932128795
5,500,250,21,1545,503,2069,9.212752693917535,0.009911111296340064,4.244437092472902
5,500,500,21,1545,559,2125,9.462107044260398,0.010312590900605184,4.4163708820615115
5,500,1000,21,1545,620,2186,9.733725175883873,0.010648038821641476,4.560026578791012
5,500,2500,21,1545,673,2239,9.969721257458367,0.010820362253668087,4.633824152536962
5,500,5000,21,1545,722,2288,10.187906314008371,0.010887310606873035,4.662494809653687
5,500,10000,21,1545,767,2333,10.388280345533886,0.01092838175760888,4.680083545205283
5,500,50000,21,1545,816,2382,10.60646540208389,0.010942989572092832,4.686339347181652
5,500,200000,21,1545,823,2389,10.637634695876748,0.010942989572092832,4.686339347181652
5,1000,1,21,1550,20,1591,7.084335203490961,0.006927137266525163,2.966549106309414
5,1000,2,21,1550,52,1623,7.226823403686883,0.006954731711793477,2.9783664377408847
5,1000,3,21,1550,73,1644,7.320331285065455,0.007015578642063536,3.004424158220395
5,1000,5,21,1550,102,1673,7.449461216493009,0.0071009971300020625,3.0410046573943994
5,1000,10,21,1550,172,1743,7.761154154421587,0.00724012911249533,3.1005879805543146
5,1000,20,21,1550,279,1850,8.237599073826699,0.0077928232695604616,3.33727945852274
5,1000,30,21,1550,335,1906,8.48695342416956,0.00821381121307213,3.517567701636775
5,1000,50,21,1550,376,1947,8.669516430670585,0.00874537083076185,3.7452083052708107
5,1000,75,21,1550,407,1978,8.807551874610384,0.0090871272347966,3.8915656121866253
5,1000,100,21,1550,425,1996,8.887701487220589,0.009247151761482275,3.960096175153961
5,1000,150,21,1550,457,2028,9.030189687416511,0.00954699441941298,4.088503904738908
5,1000,250,21,1550,503,2074,9.235016475198147,0.009914378012971098,4.245836065083015
5,1000,500,21,1550,559,2130,9.48437082554101,0.010315857617236218,4.417769854671624
5,1000,1000,21,1550,620,2191,9.755988957164485,0.01065130553827251,4.561425551401125
5,1000,2500,21,1550,673,2244,9.99198503873898,0.01082362897029912,4.635223125147076
5,1000,5000,21,1550,722,2293,10.210170095288984,0.01089057732350407,4.663893782263799
5,1000,10000,21,1550,767,2338,10.410544126814498,0.010931648474239913,4.681482517815396
5,1000,50000,21,1550,816,2387,10.628729183364502,0.010946256288723866,4.687738319791764
5,1000,200000,21,1550,823,2394,10.65989847715736,0.010946256288723866,4.687738319791764
5,2500,1,21,1553,20,1594,7.097693472259328,0.006930628150351781,2.9680440786042643
5,2500,2,21,1553,52,1626,7.2401816724552495,0.006958222595620095,2.9798614100357352
5,2500,3,21,1553,73,1647,7.333689553833824,0.007019069525890154,3.0059191305152457
5,2500,5,21,1553,102,1676,7.4628194852613765,0.00710448801382868,3.04249962968925
5,2500,10,21,1553,172,1746,7.774512423189954,0.007243619996321948,3.102082952849165
5,2500,20,21,1553,279,1853,8.250957342595067,0.0077963141533870794,3.3387744308175904
5,2500,30,21,1553,335,1909,8.50031169293793,0.008217302096898749,3.5190626739316255
5,2500,50,21,1553,376,1950,8.682874699438953,0.008748861714588468,3.7467032775656612
5,2500,75,21,1553,407,1981,8.820910143378752,0.009090618118623217,3.893060584481476
5,2500,100,21,1553,425,1999,8.901059755988957,0.009250642645308893,3.9615911474488117
5,2500,150,21,1553,457,2031,9.043547956184879,0.009550485303239598,4.089998877033758
5,2500,250,21,1553,503,2077,9.248374743966515,0.009917868896797716,4.247331037377865
5,2500,500,21,1553,559,2133,9.497729094309378,0.010319348501062836,4.419264826966474
5,2500,1000,21,1553,620,2194,9.769347225932853,0.010654796422099128,4.562920523695975
5,2500,2500,21,1553,673,2247,10.005343307507347,0.010827119854125739,4.636718097441926
5,2500,5000,21,1553,722,2296,10.223528364057351,0.010894068207330687,4.66538875455865
5,2500,10000,21,1553,767,2341,10.423902395582866,0.010935139358066531,4.682977490110247
5,2500,50000,21,1553,816,2390,10.64208745213287,0.010949747172550484,4.689233292086615
5,2500,200000,21,1553,823,2397,10.673256745925729,0.010949747172550484,4.689233292086615
5,5000,1,21,1555,20,1596,7.1065989847715745,0.006930628150351781,2.9680440786042643
5,5000,2,21,1555,52,1628,7.249087184967495,0.006958222595620095,2.9798614100357352
5,5000,3,21,1555,73,1649,7.3425950663460675,0.007019069525890154,3.0059191305152457
5,5000,5,21,1555,102,1678,7.471724997773623,0.00710448801382868,3.04249962968925
5,5000,10,21,1555,172,1748,7.7834179357022,0.007243619996321948,3.102082952849165
5,5000,20,21,1555,279,1855,8.259862855107311,0.0077963141533870794,3.3387744308175904
5,5000,30,21,1555,335,1911,8.509217205450174,0.008217302096898749,3.5190626739316255
5,5000,50,21,1555,376,1952,8.691780211951198,0.008748861714588468,3.7467032775656612
5,5000,75,21,1555,407,1983,8.829815655890997,0.009090618118623217,3.893060584481476
5,5000,100,21,1555,425,2001,8.909965268501201,0.009250642645308893,3.9615911474488117
5,5000,150,21,1555,457,2033,9.052453468697124,0.009550485303239598,4.089998877033758
5,5000,250,21,1555,503,2079,9.25728025647876,0.009917868896797716,4.247331037377865
5,5000,500,21,1555,559,2135,9.506634606821622,0.010319348501062836,4.419264826966474
5,5000,1000,21,1555,620,2196,9.778252738445097,0.010654796422099128,4.562920523695975
5,5000,2500,21,1555,673,2249,10.014248820019592,0.010827119854125739,4.636718097441926
5,5000,5000,21,1555,722,2298,10.232433876569596,0.010894068207330687,4.66538875455865
5,5000,10000,21,1555,767,2343,10.43280790809511,0.010935139358066531,4.682977490110247
5,5000,50000,21,1555,816,2392,10.650992964645116,0.010949747172550484,4.689233292086615
5,5000,200000,21,1555,823,2399,10.682162258437973,0.010949747172550484,4.689233292086615
5,10000,1,21,1556,20,1597,7.111051741027696,0.006930628150351781,2.9680440786042643
5,10000,2,21,1556,52,1629,7.253539941223617,0.006958222595620095,2.9798614100357352
5,10000,3,21,1556,73,1650,7.34704782260219,0.007019069525890154,3.0059191305152457
5,10000,5,21,1556,102,1679,7.476177754029745,0.00710448801382868,3.04249962968925
5,10000,10,21,1556,172,1749,7.7878706919583225,0.007243619996321948,3.102082952849165
5,10000,20,21,1556,279,1856,8.264315611363433,0.0077963141533870794,3.3387744308175904
5,10000,30,21,1556,335,1912,8.513669961706297,0.008217302096898749,3.5190626739316255
5,10000,50,21,1556,376,1953,8.69623296820732,0.008748861714588468,3.7467032775656612
5,10000,75,21,1556,407,1984,8.834268412147118,0.009090618118623217,3.893060584481476
5,10000,100,21,1556,425,2002,8.914418024757325,0.009250642645308893,3.9615911474488117
5,10000,150,21,1556,457,2034,9.056906224953245,0.009550485303239598,4.089998877033758
5,10000,250,21,1556,503,2080,9.261733012734883,0.009917868896797716,4.247331037377865
5,10000,500,21,1556,559,2136,9.511087363077745,0.010319348501062836,4.419264826966474
5,10000,1000,21,1556,620,2197,9.78270549470122,0.010654796422099128,4.562920523695975
5,10000,2500,21,1556,673,2250,10.018701576275715,0.010827119854125739,4.636718097441926
5,10000,5000,21,1556,722,2299,10.236886632825719,0.010894068207330687,4.66538875455865
5,10000,10000,21,1556,767,2344,10.437260664351234,0.010935139358066531,4.682977490110247
5,10000,50000,21,1556,816,2393,10.655445720901238,0.010949747172550484,4.689233292086615
5,10000,200000,21,1556,823,2400,10.686615014694095,0.010949747172550484,4.689233292086615
5,50000,1,21,1557,20,1598,7.115504497283818,0.006930628150351781,2.9680440786042643
5,50000,2,21,1557,52,1630,7.2579926974797395,0.006958222595620095,2.9798614100357352
5,50000,3,21,1557,73,1651,7.351500578858314,0.007019069525890154,3.0059191305152457
5,50000,5,21,1557,102,1680,7.480630510285867,0.00710448801382868,3.04249962968925
5,50000,10,21,1557,172,1750,7.792323448214445,0.007243619996321948,3.102082952849165
5,50000,20,21,1557,279,1857,8.268768367619558,0.0077963141533870794,3.3387744308175904
5,50000,30,21,1557,335,1913,8.518122717962418,0.008217302096898749,3.5190626739316255
5,50000,50,21,1557,376,1954,8.700685724463444,0.008748861714588468,3.7467032775656612
5,50000,75,21,1557,407,1985,8.838721168403243,0.009090618118623217,3.893060584481476
5,50000,100,21,1557,425,2003,8.918870781013448,0.009250642645308893,3.9615911474488117
5,50000,150,21,1557,457,2035,9.06135898120937,0.009550485303239598,4.089998877033758
5,50000,250,21,1557,503,2081,9.266185768991006,0.009917868896797716,4.247331037377865
5,50000,500,21,1557,559,2137,9.515540119333869,0.010319348501062836,4.419264826966474
5,50000,1000,21,1557,620,2198,9.787158250957342,0.010654796422099128,4.562920523695975
5,50000,2500,21,1557,673,2251,10.023154332531838,0.010827119854125739,4.636718097441926
5,50000,5000,21,1557,722,2300,10.24133938908184,0.010894068207330687,4.66538875455865
5,50000,10000,21,1557,767,2345,10.441713420607355,0.010935139358066531,4.682977490110247
5,50000,50000,21,1557,816,2394,10.65989847715736,0.010949747172550484,4.689233292086615
5,50000,200000,21,1557,823,2401,10.69106777095022,0.010949747172550484,4.689233292086615
5,200000,1,21,1557,20,1598,7.115504497283818,0.006930628150351781,2.9680440786042643
5,200000,2,21,1557,52,1630,7.2579926974797395,0.006958222595620095,2.9798614100357352
5,200000,3,21,1557,73,1651,7.351500578858314,0.007019069525890154,3.0059191305152457
5,200000,5,21,1557,102,1680,7.480630510285867,0.00710448801382868,3.04249962968925
5,200000,10,21,1557,172,1750,7.792323448214445,0.007243619996321948,3.102082952849165
5,200000,20,21,1557,279,1857,8.268768367619558,0.0077963141533870794,3.3387744308175904
5,200000,30,21,1557,335,1913,8.518122717962418,0.008217302096898749,3.5190626739316255
5,200000,50,21,1557,376,1954,8.700685724463444,0.008748861714588468,3.7467032775656612
5,200000,75,21,1557,407,1985,8.838721168403243,0.009090618118623217,3.893060584481476
5,200000,100,21,1557,425,2003,8.918870781013448,0.009250642645308893,3.9615911474488117
5,200000,150,21,1557,457,2035,9.06135898120937,0.009550485303239598,4.089998877033758
5,200000,250,21,1557,503,2081,9.266185768991006,0.009917868896797716,4.247331037377865
5,200000,500,21,1557,559,2137,9.515540119333869,0.010319348501062836,4.419264826966474
5,200000,1000,21,1557,620,2198,9.787158250957342,0.010654796422099128,4.562920523695975
5,200000,2500,21,1557,673,2251,10.023154332531838,0.010827119854125739,4.636718097441926
5,200000,5000,21,1557,722,2300,10.24133938908184,0.010894068207330687,4.66538875455865
5,200000,10000,21,1557,767,2345,10.441713420607355,0.010935139358066531,4.682977490110247
5,200000,50000,21,1557,816,2394,10.65989847715736,0.010949747172550484,4.689233292086615
5,200000,200000,21,1557,823,2401,10.69106777095022,0.010949747172550484,4.689233292086615
10,1,1,21,240,20,281,1.2512245079704336,0.00113322915819003,0.4853058077422452
10,1,2,21,240,52,313,1.393712708166355,0.0011608236034583441,0.49712313917371603
10,1,3,21,240,73,334,1.4872205895449284,0.0012216705337284028,0.5231808596532267
10,1,5,21,240,102,363,1.616350520972482,0.0013070890216669295,0.559761358827231
10,1,10,21,240,172,433,1.9280434589010595,0.0014462210041601975,0.6193446819871462
10,1,20,21,240,279,540,2.4044883783061715,0.0019989151612253286,0.8560361599555717
10,1,30,21,240,335,596,2.653842728649034,0.002419903104736998,1.0363244030696066
10,1,50,21,240,376,637,2.8364057351500582,0.0029514627224267176,1.2639650067036423
10,1,75,21,240,407,668,2.974441179089857,0.0032932191264614663,1.4103223136194571
10,1,100,21,240,425,686,3.054590791700062,0.003453243653147142,1.4788528765867928
10,1,150,21,240,457,718,3.197078991895984,0.0037530863110778467,1.6072606061717394
10,1,250,21,240,503,764,3.4019057796776204,0.004120469904635965,1.7645927665158465
10,1,500,21,240,559,820,3.6512601300204826,0.004521949508901085,1.9365265561044553
10,1,1000,21,240,620,881,3.9228782616439575,0.004857397429937377,2.080182252833956
10,1,2500,21,240,673,934,4.158874343218452,0.005029720861963988,2.153979826579907
10,1,5000,21,240,722,983,4.377059399768457,0.005096669215168936,2.1826504836966314
10,1,10000,21,240,767,1028,4.577433431293971,0.0051377403659047804,2.2002392192482274
10,1,50000,21,240,816,1077,4.795618487843976,0.005152348180388733,2.2064950212245957
10,1,200000,21,240,823,1084,4.826787781636834,0.005152348180388733,2.2064950212245957
10,2,1,21,382,20,423,1.8835158963398344,0.0019084317794355876,0.817286618109282
10,2,2,21,382,52,455,2.0260040965357557,0.0019360262247039017,0.829103949540753
10,2,3,21,382,73,476,2.119511977914329,0.0019968731549739605,0.8551616700202636
10,2,5,21,382,102,505,2.2486419093418824,0.002082291642912487,0.8917421691942676
10,2,10,21,382,172,575,2.56033484727046,0.002221423625405755,0.9513254923541831
10,2,20,21,382,279,682,3.036779766675572,0.0027741177824708863,1.1880169703226084
10,2,30,21,382,335,738,3.286134117018434,0.0031951057259825555,1.3683052134366434
10,2,50,21,382,376,779,3.4686971235194584,0.003726665343672275,1.595945817070679
10,2,75,21,382,407,810,3.6067325674592574,0.004068421747707024,1.742303123986494
10,2,100,21,382,425,828,3.686882180069463,0.0042284462743927,1.8108336869538295
10,2,150,21,382,457,860,3.8293703802653845,0.004528288932323404,1.9392414165387764
10,2,250,21,382,503,906,4.034197168047021,0.004895672525881523,2.0965735768828835
10,2,500,21,382,559,962,4.283551518389883,0.005297152130146643,2.2685073664714923
10,2,1000,21,382,620,1023,4.555169650013358,0.005632600051182934,2.412163063200993
10,2,2500,21,382,673,1076,4.791165731587853,0.005804923483209545,2.4859606369469436
10,2,5000,21,382,722,1125,5.009350788137858,0.005871871836414494,2.514631294063668
10,2,10000,21,382,767,1170,5.209724819663371,0.005912942987150338,2.532220029615264
10,2,50000,21,382,816,1219,5.427909876213376,0.00592755080163429,2.5384758315916325
10,2,200000,21,382,823,1226,5.459079170006234,0.00592755080163429,2.5384758315916325
10,3,1,21,482,20,523,2.3287915219520885,0.0024444968441282577,1.0468566810951216
10,3,2,21,482,52,555,2.47127972214801,0.002472091289396572,1.0586740125265925
10,3,3,21,482,73,576,2.564787603526583,0.0025329382196666306,1.084731733006103
10,3,5,21,482,102,605,2.693917534954137,0.0026183567076051573,1.1213122321801072
10,3,10,21,482,172,675,3.0056104728827147,0.0027574886900984252,1.1808955553400227
10,3,20,21,482,279,782,3.4820553922878266,0.0033101828471635564,1.417587033308448
10,3,30,21,482,335,838,3.7314097426306883,0.0037311707906752256,1.597875276422483
10,3,50,21,482,376,879,3.9139727491317124,0.004262730408364945,1.8255158800565188
10,3,75,21,482,407,910,4.0520081930715115,0.004604486812399694,1.9718731869723334
10,3,100,21,482,425,928,4.132157805681716,0.00476451133908537,2.040403749939669
10,3,150,21,482,457,960,4.274646005877638,0.0050643539970160745,2.168811479524616
10,3,250,21,482,503,1006,4.4794727936592755,0.005431737590574193,2.326143639868723
10,3,500,21,482,559,1062,4.728827144002137,0.005833217194839313,2.498077429457332
10,3,1000,21,482,620,1123,5.000445275625612,0.0061686651158756045,2.641733126186833
10,3,2500,21,482,673,1176,5.236441357200107,0.0063409885479022154,2.715530699932783
10,3,5000,21,482,722,1225,5.454626413750111,0.006407936901107164,2.744201357049508
10,3,10000,21,482,767,1270,5.6550004452756255,0.006449008051843008,2.761790092601104
10,3,50000,21,482,816,1319,5.87318550182563,0.0064636158663269605,2.768045894577472
10,3,200000,21,482,823,1326,5.904354795618487,0.0064636158663269605,2.768045894577472
10,5,1,21,631,20,672,2.992252204114347,0.0030266957603834466,1.2961835831412694
10,5,2,21,631,52,704,3.1347404043102682,0.0030542902056517607,1.3080009145727403
10,5,3,21,631,73,725,3.2282482856888417,0.0031151371359218194,1.3340586350522508
10,5,5,21,631,102,754,3.357378217116395,0.003200555623860346,1.3706391342262552
10,5,10,21,631,172,824,3.669071155044973,0.003339687606353614,1.4302224573861706
10,5,20,21,631,279,931,4.145516074450085,0.003892381763418745,1.6669139353545959
10,5,30,21,631,335,987,4.394870424792947,0.0043133697069304144,1.8472021784686308
10,5,50,21,631,376,1028,4.577433431293971,0.004844929324620134,2.0748427821026665
10,5,75,21,631,407,1059,4.71546887523377,0.005186685728654883,2.2212000890184815
10,5,100,21,631,425,1077,4.795618487843976,0.005346710255340559,2.289730651985817
10,5,150,21,631,457,1109,4.938106688039897,0.005646552913271263,2.4181383815707638
10,5,250,21,631,503,1155,5.1429334758215335,0.0060139365068293815,2.575470541914871
10,5,500,21,631,559,1211,5.392287826164396,0.006415416111094502,2.7474043315034797
10,5,1000,21,631,620,1272,5.663905957787871,0.006750864032130793,2.8910600282329804
10,5,2500,21,631,673,1325,5.899902039362366,0.006923187464157404,2.964857601978931
10,5,5000,21,631,722,1374,6.11808709591237,0.006990135817362353,2.9935282590956556
10,5,10000,21,631,767,1419,6.318461127437884,0.007031206968098197,3.011116994647252
10,5,50000,21,631,816,1468,6.536646183987889,0.007045814782582149,3.01737279662362
10,5,200000,21,631,823,1475,6.567815477780746,0.007045814782582149,3.01737279662362
10,10,1,21,877,20,918,4.087630243120492,0.0035667723878010094,1.5274715993534644
10,10,2,21,877,52,950,4.230118443316413,0.0035943668330693235,1.5392889307849353
10,10,3,21,877,73,971,4.323626324694986,0.003655213763339382,1.5653466512644458
10,10,5,21,877,102,1000,4.45275625612254,0.003740632251277909,1.6019271504384505
10,10,10,21,877,172,1070,4.764449194051117,0.003879764233771177,1.6615104735983655
10,10,20,21,877,279,1177,5.240894113456229,0.004432458390836308,1.898201951566791
10,10,30,21,877,335,1233,5.490248463799092,0.004853446334347977,2.0784901946808256
10,10,50,21,877,376,1274,5.6728114703001165,0.005385005952037697,2.3061307983148613
10,10,75,21,877,407,1305,5.810846914239915,0.005726762356072446,2.4524881052306764
10,10,100,21,877,425,1323,5.89099652685012,0.0058867868827581216,2.5210186681980122
10,10,150,21,877,457,1355,6.033484727046042,0.006186629540688826,2.649426397782959
10,10,250,21,877,503,1401,6.238311514827679,0.006554013134246944,2.8067585581270658
10,10,500,21,877,559,1457,6.48766586517054,0.006955492738512065,2.9786923477156746
10,10,1000,21,877,620,1518,6.759283996794016,0.007290940659548356,3.1223480444451757
10,10,2500,21,877,673,1571,6.99528007836851,0.007463264091574967,3.1961456181911263
10,10,5000,21,877,722,1620,7.213465134918515,0.007530212444779916,3.2248162753078504
10,10,10000,21,877,767,1665,7.4138391664440295,0.00757128359551576,3.242405010859447
10,10,50000,21,877,816,1714,7.6320242229940325,0.007585891409999712,3.248660812835815
10,10,200000,21,877,823,1721,7.663193516786891,0.007585891409999712,3.248660812835815
10,20,1,21,1110,20,1151,5.125122450797043,0.004319337768363657,1.8497580029932497
10,20,2,21,1110,52,1183,5.267610650992965,0.004346932213631971,1.8615753344247206
10,20,3,21,1110,73,1204,5.361118532371538,0.00440777914390203,1.8876330549042313
10,20,5,21,1110,102,1233,5.490248463799092,0.004493197631840556,1.9242135540782352
10,20,10,21,1110,172,1303,5.801941401727669,0.004632329614333824,1.9837968772381507
10,20,20,21,1110,279,1410,6.278386321132781,0.0051850237713989555,2.2204883552065757
10,20,30,21,1110,335,1466,6.527740671475643,0.005606011714910625,2.400776598320611
10,20,50,21,1110,376,1507,6.710303677976667,0.0061375713326003445,2.6284172019546466
10,20,75,21,1110,407,1538,6.848339121916466,0.006479327736635093,2.774774508870461
10,20,100,21,1110,425,1556,6.928488734526672,0.006639352263320769,2.843305071837797
10,20,150,21,1110,457,1588,7.0709769347225935,0.006939194921251474,2.971712801422744
10,20,250,21,1110,503,1634,7.2758037225042305,0.007306578514809592,3.129044961766851
10,20,500,21,1110,559,1690,7.525158072847092,0.007708058119074712,3.3009787513554603
10,20,1000,21,1110,620,1751,7.796776204470568,0.008043506040111004,3.444634448084961
10,20,2500,21,1110,673,1804,8.032772286045061,0.008215829472137615,3.518432021830911
10,20,5000,21,1110,722,1853,8.250957342595067,0.008282777825342563,3.5471026789476356
10,20,10000,21,1110,767,1898,8.451331374120581,0.008323848976078407,3.5646914144992317
10,20,50000,21,1110,816,1947,8.669516430670585,0.00833845679056236,3.5709472164756
10,20,200000,21,1110,823,1954,8.700685724463444,0.00833845679056236,3.5709472164756
10,30,1,21,1234,20,1275,5.677264226556238,0.005199767650514581,2.2268024269119766
10,30,2,21,1234,52,1307,5.819752426752159,0.005227362095782895,2.2386197583434475
10,30,3,21,1234,73,1328,5.913260308130733,0.0052882090260529535,2.264677478822958
10,30,5,21,1234,102,1357,6.042390239558286,0.00537362751399148,2.301257977996962
10,30,10,21,1234,172,1427,6.3540831774868645,0.005512759496484748,2.3608413011568774
10,30,20,21,1234,279,1534,6.830528096891976,0.006065453653549879,2.597532779125303
10,30,30,21,1234,335,1590,7.079882447234838,0.0064864415970615485,2.777821022239338
10,30,50,21,1234,376,1631,7.262445453735862,0.007018001214751268,3.0054616258733735
10,30,75,21,1234,407,1662,7.400480897675661,0.007359757618786017,3.151818932789188
10,30,100,21,1234,425,1680,7.480630510285867,0.007519782145471693,3.220349495756524
10,30,150,21,1234,457,1712,7.623118710481788,0.007819624803402397,3.348757225341471
10,30,250,21,1234,503,1758,7.827945498263425,0.008187008396960516,3.5060893856855775
10,30,500,21,1234,559,1814,8.077299848606287,0.008588488001225636,3.6780231752741868
10,30,1000,21,1234,620,1875,8.348917980229762,0.008923935922261927,3.821678872003688
10,30,2500,21,1234,673,1928,8.584914061804257,0.009096259354288538,3.8954764457496385
10,30,5000,21,1234,722,1977,8.803099118354261,0.009163207707493487,3.9241471028663626
10,30,10000,21,1234,767,2022,9.003473149879776,0.009204278858229331,3.941735838417959
10,30,50000,21,1234,816,2071,9.22165820642978,0.009218886672713283,3.947991640394327
10,30,200000,21,1234,823,2078,9.252827500222638,0.009218886672713283,3.947991640394327
10,50,1,21,1348,20,1389,6.184878439754208,0.005842540566715515,2.5020701669249137
10,50,2,21,1348,52,1421,6.327366639950129,0.005870135011983829,2.5138874983563846
10,50,3,21,1348,73,1442,6.420874521328702,0.005930981942253888,2.539945218835895
10,50,5,21,1348,102,1471,6.550004452756256,0.0060164004301924146,2.5765257180098993
10,50,10,21,1348,172,1541,6.861697390684834,0.0061555324126856825,2.636109041169815
10,50,20,21,1348,279,1648,7.338142310089946,0.006708226569750814,2.87280051913824
10,50,30,21,1348,335,1704,7.587496660432808,0.007129214513262483,3.0530887622522753
10,50,50,21,1348,376,1745,7.7700596669338315,0.007660774130952203,3.280729365886311
10,50,75,21,1348,407,1776,7.908095110873631,0.008002530534986951,3.4270866728021256
10,50,100,21,1348,425,1794,7.988244723483836,0.008162555061672627,3.495617235769461
10,50,150,21,1348,457,1826,8.130732923679759,0.008462397719603332,3.6240249653544083
10,50,250,21,1348,503,1872,8.335559711461395,0.00882978131316145,3.7813571256985155
10,50,500,21,1348,559,1928,8.584914061804257,0.00923126091742657,3.9532909152871243
10,50,1000,21,1348,620,1989,8.856532193427732,0.009566708838462862,4.096946612016625
10,50,2500,21,1348,673,2042,9.092528275002227,0.009739032270489473,4.170744185762575
10,50,5000,21,1348,722,2091,9.31071333155223,0.009805980623694421,4.199414842879301
10,50,10000,21,1348,767,2136,9.511087363077745,0.009847051774430265,4.217003578430896
10,50,50000,21,1348,816,2185,9.72927241962775,0.009861659588914218,4.2232593804072645
10,50,200000,21,1348,823,2192,9.760441713420608,0.009861659588914218,4.2232593804072645
10,75,1,21,1422,20,1463,6.514382402707277,0.00640806262572427,2.744255198663463
10,75,2,21,1422,52,1495,6.656870602903197,0.006435657070992584,2.756072530094934
10,75,3,21,1422,73,1516,6.75037848428177,0.006496504001262643,2.7821302505744443
10,75,5,21,1422,102,1545,6.879508415709325,0.00658192248920117,2.8187107497484485
10,75,10,21,1422,172,1615,7.1912013536379025,0.006721054471694438,2.8782940729083637
10,75,20,21,1422,279,1722,7.6676462730430135,0.007273748628759569,3.1149855508767894
10,75,30,21,1422,335,1778,7.917000623385875,0.007694736572271238,3.2952737939908245
10,75,50,21,1422,376,1819,8.0995636298869,0.008226296189960958,3.5229143976248602
10,75,75,21,1422,407,1850,8.237599073826699,0.008568052593995706,3.669271704540675
10,75,100,21,1422,425,1868,8.317748686436904,0.008728077120681382,3.73780226750801
10,75,150,21,1422,457,1900,8.460236886632826,0.009027919778612087,3.866209997092957
10,75,250,21,1422,503,1946,8.665063674414462,0.009395303372170205,4.023542157437064
10,75,500,21,1422,559,2002,8.914418024757325,0.009796782976435325,4.195475947025673
10,75,1000,21,1422,620,2063,9.1860361563808,0.010132230897471617,4.339131643755174
10,75,2500,21,1422,673,2116,9.422032237955294,0.010304554329498228,4.412929217501124
10,75,5000,21,1422,722,2165,9.640217294505298,0.010371502682703176,4.441599874617849
10,75,10000,21,1422,767,2210,9.840591326030813,0.01041257383343902,4.459188610169445
10,75,50000,21,1422,816,2259,10.058776382580817,0.010427181647922973,4.465444412145813
10,75,200000,21,1422,823,2266,10.089945676373675,0.010427181647922973,4.465444412145813
10,100,1,21,1455,20,1496,6.6613233591593195,0.006590506777887278,2.8223869745654646
10,100,2,21,1455,52,1528,6.803811559355241,0.0066181012231555925,2.8342043059969355
10,100,3,21,1455,73,1549,6.897319440733813,0.006678948153425651,2.8602620264764465
10,100,5,21,1455,102,1578,7.026449372161368,0.006764366641364178,2.8968425256504506
10,100,10,21,1455,172,1648,7.338142310089946,0.006903498623857446,2.956425848810366
10,100,20,21,1455,279,1755,7.814587229495057,0.007456192780922577,3.193117326778791
10,100,30,21,1455,335,1811,8.06394157983792,0.007877180724434246,3.3734055698928263
10,100,50,21,1455,376,1852,8.246504586338945,0.008408740342123966,3.6010461735268615
10,100,75,21,1455,407,1883,8.384540030278743,0.008750496746158715,3.7474034804426766
10,100,100,21,1455,425,1901,8.464689642888947,0.00891052127284439,3.8159340434100124
10,100,150,21,1455,457,1933,8.60717784308487,0.009210363930775095,3.944341772994959
10,100,250,21,1455,503,1979,8.812004630866506,0.009577747524333213,4.1016739333390655
10,100,500,21,1455,559,2035,9.06135898120937,0.009979227128598334,4.273607722927675
10,100,1000,21,1455,620,2096,9.332977112832843,0.010314675049634625,4.417263419657176
10,100,2500,21,1455,673,2149,9.568973194407338,0.010486998481661236,4.491060993403127
10,100,5000,21,1455,722,2198,9.787158250957342,0.010553946834866185,4.519731650519851
10,100,10000,21,1455,767,2243,9.987532282482857,0.010595017985602029,4.537320386071447
10,100,50000,21,1455,816,2292,10.205717339032862,0.010609625800085981,4.543576188047815
10,100,200000,21,1455,823,2299,10.236886632825719,0.010609625800085981,4.543576188047815
10,150,1,21,1497,20,1538,6.848339121916466,0.006740434976521964,2.886593781296381
10,150,2,21,1497,52,1570,6.990827322112388,0.006768029421790278,2.898411112727852
10,150,3,21,1497,73,1591,7.084335203490961,0.006828876352060337,2.9244688332073623
10,150,5,21,1497,102,1620,7.213465134918515,0.0069142948399988635,2.9610493323813665
10,150,10,21,1497,172,1690,7.525158072847092,0.0070534268224921315,3.0206326555412817
10,150,20,21,1497,279,1797,8.001602992252204,0.007606120979557263,3.257324133509707
10,150,30,21,1497,335,1853,8.250957342595067,0.008027108923068932,3.437612376623742
10,150,50,21,1497,376,1894,8.43352034909609,0.008558668540758652,3.665252980257778
10,150,75,21,1497,407,1925,8.57155579303589,0.0089004249447934,3.8116102871735924
10,150,100,21,1497,425,1943,8.651705405646094,0.009060449471479076,3.8801408501409282
10,150,150,21,1497,457,1975,8.794193605842015,0.00936029212940978,4.008548579725875
10,150,250,21,1497,503,2021,8.999020393623653,0.009727675722967899,4.165880740069982
10,150,500,21,1497,559,2077,9.248374743966515,0.01012915532723302,4.337814529658591
10,150,1000,21,1497,620,2138,9.51999287558999,0.01046460324826931,4.481470226388091
10,150,2500,21,1497,673,2191,9.755988957164485,0.010636926680295922,4.555267800134042
10,150,5000,21,1497,722,2240,9.974174013714489,0.01070387503350087,4.583938457250767
10,150,10000,21,1497,767,2285,10.174548045240003,0.010744946184236714,4.601527192802363
10,150,50000,21,1497,816,2334,10.392733101790007,0.010759553998720667,4.607782994778732
10,150,200000,21,1497,823,2341,10.423902395582866,0.010759553998720667,4.607782994778732
10,250,1,21,1526,20,1567,6.977469053344019,0.006853436827980647,2.9349868661390928
10,250,2,21,1526,52,1599,7.1199572535399405,0.006881031273248961,2.9468041975705637
10,250,3,21,1526,73,1620,7.213465134918515,0.00694187820351902,2.9728619180500746
10,250,5,21,1526,102,1649,7.3425950663460675,0.007027296691457546,3.0094424172240783
10,250,10,21,1526,172,1719,7.654288004274647,0.007166428673950814,3.069025740383994
10,250,20,21,1526,279,1826,8.130732923679759,0.007719122831015945,3.3057172183524193
10,250,30,21,1526,335,1882,8.38008727402262,0.008140110774527615,3.4860054614664544
10,250,50,21,1526,376,1923,8.562650280523645,0.008671670392217334,3.71364606510049
10,250,75,21,1526,407,1954,8.700685724463444,0.009013426796252083,3.8600033720163047
10,250,100,21,1526,425,1972,8.780835337073649,0.009173451322937759,3.9285339349836406
10,250,150,21,1526,457,2004,8.923323537269571,0.009473293980868464,4.056941664568587
10,250,250,21,1526,503,2050,9.128150325051207,0.009840677574426582,4.214273824912694
10,250,500,21,1526,559,2106,9.37750467539407,0.010242157178691702,4.386207614501303
10,250,1000,21,1526,620,2167,9.649122807017543,0.010577605099727994,4.5298633112308035
10,250,2500,21,1526,673,2220,9.88511888859204,0.010749928531754604,4.603660884976755
10,250,5000,21,1526,722,2269,10.103303945142043,0.010816876884959553,4.632331542093479
10,250,10000,21,1526,767,2314,10.303677976667556,0.010857948035695397,4.649920277645076
10,250,50000,21,1526,816,2363,10.521863033217562,0.01087255585017935,4.656176079621444
10,250,200000,21,1526,823,2370,10.55303232701042,0.01087255585017935,4.656176079621444
10,500,1,21,1545,20,1586,7.062071422210348,0.006923870549894129,2.9651501336993005
10,500,2,21,1545,52,1618,7.2045596224062685,0.006951464995162443,2.9769674651307714
10,500,3,21,1545,73,1639,7.298067503784843,0.007012311925432502,3.0030251856102823
10,500,5,21,1545,102,1668,7.4271974352123955,0.007097730413371028,3.0396056847842865
10,500,10,21,1545,172,1738,7.738890373140975,0.007236862395864296,3.0991890079442017
10,500,20,21,1545,279,1845,8.215335292546087,0.0077895565529294275,3.335880485912627
10,500,30,21,1545,335,1901,8.464689642888947,0.008210544496441097,3.516168729026662
10,500,50,21,1545,376,1942,8.647252649389973,0.008742104114130816,3.743809332660698
10,500,75,21,1545,407,1973,8.785288093329772,0.009083860518165565,3.890166639576513
10,500,100,21,1545,425,1991,8.865437705939977,0.009243885044851241,3.9586972025438483
10,500,150,21,1545,457,2023,9.007925906135899,0.009543727702781946,4.087104932128795
10,500,250,21,1545,503,2069,9.212752693917535,0.009911111296340064,4.244437092472902
10,500,500,21,1545,559,2125,9.462107044260398,0.010312590900605184,4.4163708820615115
10,500,1000,21,1545,620,2186,9.733725175883873,0.010648038821641476,4.560026578791012
10,500,2500,21,1545,673,2239,9.969721257458367,0.010820362253668087,4.633824152536962
10,500,5000,21,1545,722,2288,10.187906314008371,0.010887310606873035,4.662494809653687
10,500,10000,21,1545,767,2333,10.388280345533886,0.01092838175760888,4.680083545205283
10,500,50000,21,1545,816,2382,10.60646540208389,0.010942989572092832,4.686339347181652
10,500,200000,21,1545,823,2389,10.637634695876748,0.010942989572092832,4.686339347181652
10,1000,1,21,1550,20,1591,7.084335203490961,0.006927137266525163,2.966549106309414
10,1000,2,21,1550,52,1623,7.226823403686883,0.006954731711793477,2.9783664377408847
10,1000,3,21,1550,73,1644,7.320331285065455,0.007015578642063536,3.004424158220395
10,1000,5,21,1550,102,1673,7.449461216493009,0.0071009971300020625,3.0410046573943994
10,1000,10,21,1550,172,1743,7.761154154421587,0.00724012911249533,3.1005879805543146
10,1000,20,21,1550,279,1850,8.237599073826699,0.0077928232695604616,3.33727945852274
10,1000,30,21,1550,335,1906,8.48695342416956,0.00821381121307213,3.517567701636775
10,1000,50,21,1550,376,1947,8.669516430670585,0.00874537083076185,3.7452083052708107
10,1000,75,21,1550,407,1978,8.807551874610384,0.0090871272347966,3.8915656121866253
10,1000,100,21,1550,425,1996,8.887701487220589,0.009247151761482275,3.960096175153961
10,1000,150,21,1550,457,2028,9.030189687416511,0.00954699441941298,4.088503904738908
10,1000,250,21,1550,503,2074,9.235016475198147,0.009914378012971098,4.245836065083015
10,1000,500,21,1550,559,2130,9.48437082554101,0.010315857617236218,4.417769854671624
10,1000,1000,21,1550,620,2191,9.755988957164485,0.01065130553827251,4.561425551401125
10,1000,2500,21,1550,673,2244,9.99198503873898,0.01082362897029912,4.635223125147076
10,1000,5000,21,1550,722,2293,10.210170095288984,0.01089057732350407,4.663893782263799
10,1000,10000,21,1550,767,2338,10.410544126814498,0.010931648474239913,4.681482517815396
10,1000,50000,21,1550,816,2387,10.628729183364502,0.010946256288723866,4.687738319791764
10,1000,200000,21,1550,823,2394,10.65989847715736,0.010946256288723866,4.687738319791764
10,2500,1,21,1553,20,1594,7.097693472259328,0.006930628150351781,2.9680440786042643
10,2500,2,21,1553,52,1626,7.2401816724552495,0.006958222595620095,2.9798614100357352
10,2500,3,21,1553,73,1647,7.333689553833824,0.007019069525890154,3.0059191305152457
10,2500,5,21,1553,102,1676,7.4628194852613765,0.00710448801382868,3.04249962968925
10,2500,10,21,1553,172,1746,7.774512423189954,0.007243619996321948,3.102082952849165
10,2500,20,21,1553,279,1853,8.250957342595067,0.0077963141533870794,3.3387744308175904
10,2500,30,21,1553,335,1909,8.50031169293793,0.008217302096898749,3.5190626739316255
10,2500,50,21,1553,376,1950,8.682874699438953,0.008748861714588468,3.7467032775656612
10,2500,75,21,1553,407,1981,8.820910143378752,0.009090618118623217,3.893060584481476
10,2500,100,21,1553,425,1999,8.901059755988957,0.009250642645308893,3.9615911474488117
10,2500,150,21,1553,457,2031,9.043547956184879,0.009550485303239598,4.089998877033758
10,2500,250,21,1553,503,2077,9.248374743966515,0.009917868896797716,4.247331037377865
10,2500,500,21,1553,559,2133,9.497729094309378,0.010319348501062836,4.419264826966474
10,2500,1000,21,1553,620,2194,9.769347225932853,0.010654796422099128,4.562920523695975
10,2500,2500,21,1553,673,2247,10.005343307507347,0.010827119854125739,4.636718097441926
10,2500,5000,21,1553,722,2296,10.223528364057351,0.010894068207330687,4.66538875455865
10,2500,10000,21,1553,767,2341,10.423902395582866,0.010935139358066531,4.682977490110247
10,2500,50000,21,1553,816,2390,10.64208745213287,0.010949747172550484,4.689233292086615
10,2500,200000,21,1553,823,2397,10.673256745925729,0.010949747172550484,4.689233292086615
10,5000,1,21,1555,20,1596,7.1065989847715745,0.006930628150351781,2.9680440786042643
10,5000,2,21,1555,52,1628,7.249087184967495,0.006958222595620095,2.9798614100357352
10,5000,3,21,1555,73,1649,7.3425950663460675,0.007019069525890154,3.0059191305152457
10,5000,5,21,1555,102,1678,7.471724997773623,0.00710448801382868,3.04249962968925
10,5000,10,21,1555,172,1748,7.7834179357022,0.007243619996321948,3.102082952849165
10,5000,20,21,1555,279,1855,8.259862855107311,0.0077963141533870794,3.3387744308175904
10,5000,30,21,1555,335,1911,8.509217205450174,0.008217302096898749,3.5190626739316255
10,5000,50,21,1555,376,1952,8.691780211951198,0.008748861714588468,3.7467032775656612
10,5000,75,21,1555,407,1983,8.829815655890997,0.009090618118623217,3.893060584481476
10,5000,100,21,1555,425,2001,8.909965268501201,0.009250642645308893,3.9615911474488117
10,5000,150,21,1555,457,2033,9.052453468697124,0.009550485303239598,4.089998877033758
10,5000,250,21,1555,503,2079,9.25728025647876,0.009917868896797716,4.247331037377865
10,5000,500,21,1555,559,2135,9.506634606821622,0.010319348501062836,4.419264826966474
10,5000,1000,21,1555,620,2196,9.778252738445097,0.010654796422099128,4.562920523695975
10,5000,2500,21,1555,673,2249,10.014248820019592,0.010827119854125739,4.636718097441926
10,5000,5000,21,1555,722,2298,10.232433876569596,0.010894068207330687,4.66538875455865
10,5000,10000,21,1555,767,2343,10.43280790809511,0.010935139358066531,4.682977490110247
10,5000,50000,21,1555,816,2392,10.650992964645116,0.010949747172550484,4.689233292086615
10,5000,200000,21,1555,823,2399,10.682162258437973,0.010949747172550484,4.689233292086615
10,10000,1,21,1556,20,1597,7.111051741027696,0.006930628150351781,2.9680440786042643
10,10000,2,21,1556,52,1629,7.253539941223617,0.006958222595620095,2.9798614100357352
10,10000,3,21,1556,73,1650,7.34704782260219,0.007019069525890154,3.0059191305152457
10,10000,5,21,1556,102,1679,7.476177754029745,0.00710448801382868,3.04249962968925
10,10000,10,21,1556,172,1749,7.7878706919583225,0.007243619996321948,3.102082952849165
10,10000,20,21,1556,279,1856,8.264315611363433,0.0077963141533870794,3.3387744308175904
10,10000,30,21,1556,335,1912,8.513669961706297,0.008217302096898749,3.5190626739316255
10,10000,50,21,1556,376,1953,8.69623296820732,0.008748861714588468,3.7467032775656612
10,10000,75,21,1556,407,1984,8.834268412147118,0.009090618118623217,3.893060584481476
10,10000,100,21,1556,425,2002,8.914418024757325,0.009250642645308893,3.9615911474488117
10,10000,150,21,1556,457,2034,9.056906224953245,0.009550485303239598,4.089998877033758
10,10000,250,21,1556,503,2080,9.261733012734883,0.009917868896797716,4.247331037377865
10,10000,500,21,1556,559,2136,9.511087363077745,0.010319348501062836,4.419264826966474
10,10000,1000,21,1556,620,2197,9.78270549470122,0.010654796422099128,4.562920523695975
10,10000,2500,21,1556,673,2250,10.018701576275715,0.010827119854125739,4.636718097441926
10,10000,5000,21,1556,722,2299,10.236886632825719,0.010894068207330687,4.66538875455865
10,10000,10000,21,1556,767,2344,10.437260664351234,0.010935139358066531,4.682977490110247
10,10000,50000,21,1556,816,2393,10.655445720901238,0.010949747172550484,4.689233292086615
10,10000,200000,21,1556,823,2400,10.686615014694095,0.010949747172550484,4.689233292086615
10,50000,1,21,1557,20,1598,7.115504497283818,0.006930628150351781,2.9680440786042643
10,50000,2,21,1557,52,1630,7.2579926974797395,0.006958222595620095,2.9798614100357352
10,50000,3,21,1557,73,1651,7.351500578858314,0.007019069525890154,3.0059191305152457
10,50000,5,21,1557,102,1680,7.480630510285867,0.00710448801382868,3.04249962968925
10,50000,10,21,1557,172,1750,7.792323448214445,0.007243619996321948,3.102082952849165
10,50000,20,21,1557,279,1857,8.268768367619558,0.0077963141533870794,3.3387744308175904
10,50000,30,21,1557,335,1913,8.518122717962418,0.008217302096898749,3.5190626739316255
10,50000,50,21,1557,376,1954,8.700685724463444,0.008748861714588468,3.7467032775656612
10,50000,75,21,1557,407,1985,8.838721168403243,0.009090618118623217,3.893060584481476
10,50000,100,21,1557,425,2003,8.918870781013448,0.009250642645308893,3.9615911474488117
10,50000,150,21,1557,457,2035,9.06135898120937,0.009550485303239598,4.089998877033758
10,50000,250,21,1557,503,2081,9.266185768991006,0.009917868896797716,4.247331037377865
10,50000,500,21,1557,559,2137,9.515540119333869,0.010319348501062836,4.419264826966474
10,50000,1000,21,1557,620,2198,9.787158250957342,0.010654796422099128,4.562920523695975
10,50000,2500,21,1557,673,2251,10.023154332531838,0.010827119854125739,4.636718097441926
10,50000,5000,21,1557,722,2300,10.24133938908184,0.010894068207330687,4.66538875455865
10,50000,10000,21,1557,767,2345,10.441713420607355,0.010935139358066531,4.682977490110247
10,50000,50000,21,1557,816,2394,10.65989847715736,0.010949747172550484,4.689233292086615
10,50000,200000,21,1557,823,2401,10.69106777095022,0.010949747172550484,4.689233292086615
10,200000,1,21,1557,20,1598,7.115504497283818,0.006930628150351781,2.9680440786042643
10,200000,2,21,1557,52,1630,7.2579926974797395,0.006958222595620095,2.9798614100357352
10,200000,3,21,1557,73,1651,7.351500578858314,0.007019069525890154,3.0059191305152457
10,200000,5,21,1557,102,1680,7.480630510285867,0.00710448801382868,3.04249962968925
10,200000,10,21,1557,172,1750,7.792323448214445,0.007243619996321948,3.102082952849165
10,200000,20,21,1557,279,1857,8.268768367619558,0.0077963141533870794,3.3387744308175904
10,200000,30,21,1557,335,1913,8.518122717962418,0.008217302096898749,3.5190626739316255
10,200000,50,21,1557,376,1954,8.700685724463444,0.008748861714588468,3.7467032775656612
10,200000,75,21,1557,407,1985,8.838721168403243,0.009090618118623217,3.893060584481476
10,200000,100,21,1557,425,2003,8.918870781013448,0.009250642645308893,3.9615911474488117
10,200000,150,21,1557,457,2035,9.06135898120937,0.009550485303239598,4.089998877033758
10,200000,250,21,1557,503,2081,9.266185768991006,0.009917868896797716,4.247331037377865
10,200000,500,21,1557,559,2137,9.515540119333869,0.010319348501062836,4.419264826966474
10,200000,1000,21,1557,620,2198,9.787158250957342,0.010654796422099128,4.562920523695975
10,200000,2500,21,1557,673,2251,10.023154332531838,0.010827119854125739,4.636718097441926
10,200000,5000,21,1557,722,2300,10.24133938908184,0.010894068207330687,4.66538875455865
10,200000,10000,21,1557,767,2345,10.441713420607355,0.010935139358066531,4.682977490110247
10,200000,50000,21,1557,816,2394,10.65989847715736,0.010949747172550484,4.689233292086615
10,200000,200000,21,1557,823,2401,10.69106777095022,0.010949747172550484,4.689233292086615
20,1,1,21,240,20,281,1.2512245079704336,0.00113322915819003,0.4853058077422452
20,1,2,21,240,52,313,1.393712708166355,0.0011608236034583441,0.49712313917371603
20,1,3,21,240,73,334,1.4872205895449284,0.0012216705337284028,0.5231808596532267
20,1,5,21,240,102,363,1.616350520972482,0.0013070890216669295,0.559761358827231
20,1,10,21,240,172,433,1.9280434589010595,0.0014462210041601975,0.6193446819871462
20,1,20,21,240,279,540,2.4044883783061715,0.0019989151612253286,0.8560361599555717
20,1,30,21,240,335,596,2.653842728649034,0.002419903104736998,1.0363244030696066
20,1,50,21,240,376,637,2.8364057351500582,0.0029514627224267176,1.2639650067036423
20,1,75,21,240,407,668,2.974441179089857,0.0032932191264614663,1.4103223136194571
20,1,100,21,240,425,686,3.054590791700062,0.003453243653147142,1.4788528765867928
20,1,150,21,240,457,718,3.197078991895984,0.0037530863110778467,1.6072606061717394
20,1,250,21,240,503,764,3.4019057796776204,0.004120469904635965,1.7645927665158465
20,1,500,21,240,559,820,3.6512601300204826,0.004521949508901085,1.9365265561044553
20,1,1000,21,240,620,881,3.9228782616439575,0.004857397429937377,2.080182252833956
20,1,2500,21,240,673,934,4.158874343218452,0.005029720861963988,2.153979826579907
20,1,5000,21,240,722,983,4.377059399768457,0.005096669215168936,2.1826504836966314
20,1,10000,21,240,767,1028,4.577433431293971,0.0051377403659047804,2.2002392192482274
20,1,50000,21,240,816,1077,4.795618487843976,0.005152348180388733,2.2064950212245957
20,1,200000,21,240,823,1084,4.826787781636834,0.005152348180388733,2.2064950212245957
20,2,1,21,382,20,423,1.8835158963398344,0.0019084317794355876,0.817286618109282
20,2,2,21,382,52,455,2.0260040965357557,0.0019360262247039017,0.829103949540753
20,2,3,21,382,73,476,2.119511977914329,0.0019968731549739605,0.8551616700202636
20,2,5,21,382,102,505,2.2486419093418824,0.002082291642912487,0.8917421691942676
20,2,10,21,382,172,575,2.56033484727046,0.002221423625405755,0.9513254923541831
20,2,20,21,382,279,682,3.036779766675572,0.0027741177824708863,1.1880169703226084
20,2,30,21,382,335,738,3.286134117018434,0.0031951057259825555,1.3683052134366434
20,2,50,21,382,376,779,3.4686971235194584,0.003726665343672275,1.595945817070679
20,2,75,21,382,407,810,3.6067325674592574,0.004068421747707024,1.742303123986494
20,2,100,21,382,425,828,3.686882180069463,0.0042284462743927,1.8108336869538295
20,2,150,21,382,457,860,3.8293703802653845,0.004528288932323404,1.9392414165387764
20,2,250,21,382,503,906,4.034197168047021,0.004895672525881523,2.0965735768828835
20,2,500,21,382,559,962,4.283551518389883,0.005297152130146643,2.2685073664714923
20,2,1000,21,382,620,1023,4.555169650013358,0.005632600051182934,2.412163063200993
20,2,2500,21,382,673,1076,4.791165731587853,0.005804923483209545,2.4859606369469436
20,2,5000,21,382,722,1125,5.009350788137858,0.005871871836414494,2.514631294063668
20,2,10000,21,382,767,1170,5.209724819663371,0.005912942987150338,2.532220029615264
20,2,50000,21,382,816,1219,5.427909876213376,0.00592755080163429,2.5384758315916325
20,2,200000,21,382,823,1226,5.459079170006234,0.00592755080163429,2.5384758315916325
20,3,1,21,482,20,523,2.3287915219520885,0.0024444968441282577,1.0468566810951216
20,3,2,21,482,52,555,2.47127972214801,0.002472091289396572,1.0586740125265925
20,3,3,21,482,73,576,2.564787603526583,0.0025329382196666306,1.084731733006103
20,3,5,21,482,102,605,2.693917534954137,0.0026183567076051573,1.1213122321801072
20,3,10,21,482,172,675,3.0056104728827147,0.0027574886900984252,1.1808955553400227
20,3,20,21,482,279,782,3.4820553922878266,0.0033101828471635564,1.417587033308448
20,3,30,21,482,335,838,3.7314097426306883,0.0037311707906752256,1.597875276422483
20,3,50,21,482,376,879,3.9139727491317124,0.004262730408364945,1.8255158800565188
20,3,75,21,482,407,910,4.0520081930715115,0.004604486812399694,1.9718731869723334
20,3,100,21,482,425,928,4.132157805681716,0.00476451133908537,2.040403749939669
20,3,150,21,482,457,960,4.274646005877638,0.0050643539970160745,2.168811479524616
20,3,250,21,482,503,1006,4.4794727936592755,0.005431737590574193,2.326143639868723
20,3,500,21,482,559,1062,4.728827144002137,0.005833217194839313,2.498077429457332
20,3,1000,21,482,620,1123,5.000445275625612,0.0061686651158756045,2.641733126186833
20,3,2500,21,482,673,1176,5.236441357200107,0.0063409885479022154,2.715530699932783
20,3,5000,21,482,722,1225,5.454626413750111,0.006407936901107164,2.744201357049508
20,3,10000,21,482,767,1270,5.6550004452756255,0.006449008051843008,2.761790092601104
20,3,50000,21,482,816,1319,5.87318550182563,0.0064636158663269605,2.768045894577472
20,3,200000,21,482,823,1326,5.904354795618487,0.0064636158663269605,2.768045894577472
20,5,1,21,631,20,672,2.992252204114347,0.0030266957603834466,1.2961835831412694
20,5,2,21,631,52,704,3.1347404043102682,0.0030542902056517607,1.3080009145727403
20,5,3,21,631,73,725,3.2282482856888417,0.0031151371359218194,1.3340586350522508
20,5,5,21,631,102,754,3.357378217116395,0.003200555623860346,1.3706391342262552
20,5,10,21,631,172,824,3.669071155044973,0.003339687606353614,1.4302224573861706
20,5,20,21,631,279,931,4.145516074450085,0.003892381763418745,1.6669139353545959
20,5,30,21,631,335,987,4.394870424792947,0.0043133697069304144,1.8472021784686308
20,5,50,21,631,376,1028,4.577433431293971,0.004844929324620134,2.0748427821026665
20,5,75,21,631,407,1059,4.71546887523377,0.005186685728654883,2.2212000890184815
20,5,100,21,631,425,1077,4.795618487843976,0.005346710255340559,2.289730651985817
20,5,150,21,631,457,1109,4.938106688039897,0.005646552913271263,2.4181383815707638
20,5,250,21,631,503,1155,5.1429334758215335,0.0060139365068293815,2.575470541914871
20,5,500,21,631,559,1211,5.392287826164396,0.006415416111094502,2.7474043315034797
20,5,1000,21,631,620,1272,5.663905957787871,0.006750864032130793,2.8910600282329804
20,5,2500,21,631,673,1325,5.899902039362366,0.006923187464157404,2.964857601978931
20,5,5000,21,631,722,1374,6.11808709591237,0.006990135817362353,2.9935282590956556
20,5,10000,21,631,767,1419,6.318461127437884,0.007031206968098197,3.011116994647252
20,5,50000,21,631,816,1468,6.536646183987889,0.007045814782582149,3.01737279662362
20,5,200000,21,631,823,1475,6.567815477780746,0.007045814782582149,3.01737279662362
20,10,1,21,877,20,918,4.087630243120492,0.0035667723878010094,1.5274715993534644
20,10,2,21,877,52,950,4.230118443316413,0.0035943668330693235,1.5392889307849353
20,10,3,21,877,73,971,4.323626324694986,0.003655213763339382,1.5653466512644458
20,10,5,21,877,102,1000,4.45275625612254,0.003740632251277909,1.6019271504384505
20,10,10,21,877,172,1070,4.764449194051117,0.003879764233771177,1.6615104735983655
20,10,20,21,877,279,1177,5.240894113456229,0.004432458390836308,1.898201951566791
20,10,30,21,877,335,1233,5.490248463799092,0.004853446334347977,2.0784901946808256
20,10,50,21,877,376,1274,5.6728114703001165,0.005385005952037697,2.3061307983148613
20,10,75,21,877,407,1305,5.810846914239915,0.005726762356072446,2.4524881052306764
20,10,100,21,877,425,1323,5.89099652685012,0.0058867868827581216,2.5210186681980122
20,10,150,21,877,457,1355,6.033484727046042,0.006186629540688826,2.649426397782959
20,10,250,21,877,503,1401,6.238311514827679,0.006554013134246944,2.8067585581270658
20,10,500,21,877,559,1457,6.48766586517054,0.006955492738512065,2.9786923477156746
20,10,1000,21,877,620,1518,6.759283996794016,0.007290940659548356,3.1223480444451757
20,10,2500,21,877,673,1571,6.99528007836851,0.007463264091574967,3.1961456181911263
20,10,5000,21,877,722,1620,7.213465134918515,0.007530212444779916,3.2248162753078504
20,10,10000,21,877,767,1665,7.4138391664440295,0.00757128359551576,3.242405010859447
20,10,50000,21,877,816,1714,7.6320242229940325,0.007585891409999712,3.248660812835815
20,10,200000,21,877,823,1721,7.663193516786891,0.007585891409999712,3.248660812835815
20,20,1,21,1110,20,1151,5.125122450797043,0.004319337768363657,1.8497580029932497
20,20,2,21,1110,52,1183,5.267610650992965,0.004346932213631971,1.8615753344247206
20,20,3,21,1110,73,1204,5.361118532371538,0.00440777914390203,1.8876330549042313
20,20,5,21,1110,102,1233,5.490248463799092,0.004493197631840556,1.9242135540782352
20,20,10,21,1110,172,1303,5.801941401727669,0.004632329614333824,1.9837968772381507
20,20,20,21,1110,279,1410,6.278386321132781,0.0051850237713989555,2.2204883552065757
20,20,30,21,1110,335,1466,6.527740671475643,0.005606011714910625,2.400776598320611
20,20,50,21,1110,376,1507,6.710303677976667,0.0061375713326003445,2.6284172019546466
20,20,75,21,1110,407,1538,6.848339121916466,0.006479327736635093,2.774774508870461
20,20,100,21,1110,425,1556,6.928488734526672,0.006639352263320769,2.843305071837797
20,20,150,21,1110,457,1588,7.0709769347225935,0.006939194921251474,2.971712801422744
20,20,250,21,1110,503,1634,7.2758037225042305,0.007306578514809592,3.129044961766851
20,20,500,21,1110,559,1690,7.525158072847092,0.007708058119074712,3.3009787513554603
20,20,1000,21,1110,620,1751,7.796776204470568,0.008043506040111004,3.444634448084961
20,20,2500,21,1110,673,1804,8.032772286045061,0.008215829472137615,3.518432021830911
20,20,5000,21,1110,722,1853,8.250957342595067,0.008282777825342563,3.5471026789476356
20,20,10000,21,1110,767,1898,8.451331374120581,0.008323848976078407,3.5646914144992317
20,20,50000,21,1110,816,1947,8.669516430670585,0.00833845679056236,3.5709472164756
20,20,200000,21,1110,823,1954,8.700685724463444,0.00833845679056236,3.5709472164756
20,30,1,21,1234,20,1275,5.677264226556238,0.005199767650514581,2.2268024269119766
20,30,2,21,1234,52,1307,5.819752426752159,0.005227362095782895,2.2386197583434475
20,30,3,21,1234,73,1328,5.913260308130733,0.0052882090260529535,2.264677478822958
20,30,5,21,1234,102,1357,6.042390239558286,0.00537362751399148,2.301257977996962
20,30,10,21,1234,172,1427,6.3540831774868645,0.005512759496484748,2.3608413011568774
20,30,20,21,1234,279,1534,6.830528096891976,0.006065453653549879,2.597532779125303
20,30,30,21,1234,335,1590,7.079882447234838,0.0064864415970615485,2.777821022239338
20,30,50,21,1234,376,1631,7.262445453735862,0.007018001214751268,3.0054616258733735
20,30,75,21,1234,407,1662,7.400480897675661,0.007359757618786017,3.151818932789188
20,30,100,21,1234,425,1680,7.480630510285867,0.007519782145471693,3.220349495756524
20,30,150,21,1234,457,1712,7.623118710481788,0.007819624803402397,3.348757225341471
20,30,250,21,1234,503,1758,7.827945498263425,0.008187008396960516,3.5060893856855775
20,30,500,21,1234,559,1814,8.077299848606287,0.008588488001225636,3.6780231752741868
20,30,1000,21,1234,620,1875,8.348917980229762,0.008923935922261927,3.821678872003688
20,30,2500,21,1234,673,1928,8.584914061804257,0.009096259354288538,3.8954764457496385
20,30,5000,21,1234,722,1977,8.803099118354261,0.009163207707493487,3.9241471028663626
20,30,10000,21,1234,767,2022,9.003473149879776,0.009204278858229331,3.941735838417959
20,30,50000,21,1234,816,2071,9.22165820642978,0.009218886672713283,3.947991640394327
20,30,200000,21,1234,823,2078,9.252827500222638,0.009218886672713283,3.947991640394327
20,50,1,21,1348,20,1389,6.184878439754208,0.005842540566715515,2.5020701669249137
20,50,2,21,1348,52,1421,6.327366639950129,0.005870135011983829,2.5138874983563846
20,50,3,21,1348,73,1442,6.420874521328702,0.005930981942253888,2.539945218835895
20,50,5,21,1348,102,1471,6.550004452756256,0.0060164004301924146,2.5765257180098993
20,50,10,21,1348,172,1541,6.861697390684834,0.0061555324126856825,2.636109041169815
20,50,20,21,1348,279,1648,7.338142310089946,0.006708226569750814,2.87280051913824
20,50,30,21,1348,335,1704,7.587496660432808,0.007129214513262483,3.0530887622522753
20,50,50,21,1348,376,1745,7.7700596669338315,0.007660774130952203,3.280729365886311
20,50,75,21,1348,407,1776,7.908095110873631,0.008002530534986951,3.4270866728021256
20,50,100,21,1348,425,1794,7.988244723483836,0.008162555061672627,3.495617235769461
20,50,150,21,1348,457,1826,8.130732923679759,0.008462397719603332,3.6240249653544083
20,50,250,21,1348,503,1872,8.335559711461395,0.00882978131316145,3.7813571256985155
20,50,500,21,1348,559,1928,8.584914061804257,0.00923126091742657,3.9532909152871243
20,50,1000,21,1348,620,1989,8.856532193427732,0.009566708838462862,4.096946612016625
20,50,2500,21,1348,673,2042,9.092528275002227,0.009739032270489473,4.170744185762575
20,50,5000,21,1348,722,2091,9.31071333155223,0.009805980623694421,4.199414842879301
20,50,10000,21,1348,767,2136,9.511087363077745,0.009847051774430265,4.217003578430896
20,50,50000,21,1348,816,2185,9.72927241962775,0.009861659588914218,4.2232593804072645
20,50,200000,21,1348,823,2192,9.760441713420608,0.009861659588914218,4.2232593804072645
20,75,1,21,1422,20,1463,6.514382402707277,0.00640806262572427,2.744255198663463
20,75,2,21,1422,52,1495,6.656870602903197,0.006435657070992584,2.756072530094934
20,75,3,21,1422,73,1516,6.75037848428177,0.006496504001262643,2.7821302505744443
20,75,5,21,1422,102,1545,6.879508415709325,0.00658192248920117,2.8187107497484485
20,75,10,21,1422,172,1615,7.1912013536379025,0.006721054471694438,2.8782940729083637
20,75,20,21,1422,279,1722,7.6676462730430135,0.007273748628759569,3.1149855508767894
20,75,30,21,1422,335,1778,7.917000623385875,0.007694736572271238,3.2952737939908245
20,75,50,21,1422,376,1819,8.0995636298869,0.008226296189960958,3.5229143976248602
20,75,75,21,1422,407,1850,8.237599073826699,0.008568052593995706,3.669271704540675
20,75,100,21,1422,425,1868,8.317748686436904,0.008728077120681382,3.73780226750801
20,75,150,21,1422,457,1900,8.460236886632826,0.009027919778612087,3.866209997092957
20,75,250,21,1422,503,1946,8.665063674414462,0.009395303372170205,4.023542157437064
20,75,500,21,1422,559,2002,8.914418024757325,0.009796782976435325,4.195475947025673
20,75,1000,21,1422,620,2063,9.1860361563808,0.010132230897471617,4.339131643755174
20,75,2500,21,1422,673,2116,9.422032237955294,0.010304554329498228,4.412929217501124
20,75,5000,21,1422,722,2165,9.640217294505298,0.010371502682703176,4.441599874617849
20,75,10000,21,1422,767,2210,9.840591326030813,0.01041257383343902,4.459188610169445
20,75,50000,21,1422,816,2259,10.058776382580817,0.010427181647922973,4.465444412145813
20,75,200000,21,1422,823,2266,10.089945676373675,0.010427181647922973,4.465444412145813
20,100,1,21,1455,20,1496,6.6613233591593195,0.006590506777887278,2.8223869745654646
20,100,2,21,1455,52,1528,6.803811559355241,0.0066181012231555925,2.8342043059969355
20,100,3,21,1455,73,1549,6.897319440733813,0.006678948153425651,2.8602620264764465
20,100,5,21,1455,102,1578,7.026449372161368,0.006764366641364178,2.8968425256504506
20,100,10,21,1455,172,1648,7.338142310089946,0.006903498623857446,2.956425848810366
20,100,20,21,1455,279,1755,7.814587229495057,0.007456192780922577,3.193117326778791
20,100,30,21,1455,335,1811,8.06394157983792,0.007877180724434246,3.3734055698928263
20,100,50,21,1455,376,1852,8.246504586338945,0.008408740342123966,3.6010461735268615
20,100,75,21,1455,407,1883,8.384540030278743,0.008750496746158715,3.7474034804426766
20,100,100,21,1455,425,1901,8.464689642888947,0.00891052127284439,3.8159340434100124
20,100,150,21,1455,457,1933,8.60717784308487,0.009210363930775095,3.944341772994959
20,100,250,21,1455,503,1979,8.812004630866506,0.009577747524333213,4.1016739333390655
20,100,500,21,1455,559,2035,9.06135898120937,0.009979227128598334,4.273607722927675
20,100,1000,21,1455,620,2096,9.332977112832843,0.010314675049634625,4.417263419657176
20,100,2500,21,1455,673,2149,9.568973194407338,0.010486998481661236,4.491060993403127
20,100,5000,21,1455,722,2198,9.787158250957342,0.010553946834866185,4.519731650519851
20,100,10000,21,1455,767,2243,9.987532282482857,0.010595017985602029,4.537320386071447
20,100,50000,21,1455,816,2292,10.205717339032862,0.010609625800085981,4.543576188047815
20,100,200000,21,1455,823,2299,10.236886632825719,0.010609625800085981,4.543576188047815
20,150,1,21,1497,20,1538,6.848339121916466,0.006740434976521964,2.886593781296381
20,150,2,21,1497,52,1570,6.990827322112388,0.006768029421790278,2.898411112727852
20,150,3,21,1497,73,1591,7.084335203490961,0.006828876352060337,2.9244688332073623
20,150,5,21,1497,102,1620,7.213465134918515,0.0069142948399988635,2.9610493323813665
20,150,10,21,1497,172,1690,7.525158072847092,0.0070534268224921315,3.0206326555412817
20,150,20,21,1497,279,1797,8.001602992252204,0.007606120979557263,3.257324133509707
20,150,30,21,1497,335,1853,8.250957342595067,0.008027108923068932,3.437612376623742
20,150,50,21,1497,376,1894,8.43352034909609,0.008558668540758652,3.665252980257778
20,150,75,21,1497,407,1925,8.57155579303589,0.0089004249447934,3.8116102871735924
20,150,100,21,1497,425,1943,8.651705405646094,0.009060449471479076,3.8801408501409282
20,150,150,21,1497,457,1975,8.794193605842015,0.00936029212940978,4.008548579725875
20,150,250,21,1497,503,2021,8.999020393623653,0.009727675722967899,4.165880740069982
20,150,500,21,1497,559,2077,9.248374743966515,0.01012915532723302,4.337814529658591
20,150,1000,21,1497,620,2138,9.51999287558999,0.01046460324826931,4.481470226388091
20,150,2500,21,1497,673,2191,9.755988957164485,0.010636926680295922,4.555267800134042
20,150,5000,21,1497,722,2240,9.974174013714489,0.01070387503350087,4.583938457250767
20,150,10000,21,1497,767,2285,10.174548045240003,0.010744946184236714,4.601527192802363
20,150,50000,21,1497,816,2334,10.392733101790007,0.010759553998720667,4.607782994778732
20,150,200000,21,1497,823,2341,10.423902395582866,0.010759553998720667,4.607782994778732
20,250,1,21,1526,20,1567,6.977469053344019,0.006853436827980647,2.9349868661390928
20,250,2,21,1526,52,1599,7.1199572535399405,0.006881031273248961,2.9468041975705637
20,250,3,21,1526,73,1620,7.213465134918515,0.00694187820351902,2.9728619180500746
20,250,5,21,1526,102,1649,7.3425950663460675,0.007027296691457546,3.0094424172240783
20,250,10,21,1526,172,1719,7.654288004274647,0.007166428673950814,3.069025740383994
20,250,20,21,1526,279,1826,8.130732923679759,0.007719122831015945,3.3057172183524193
20,250,30,21,1526,335,1882,8.38008727402262,0.008140110774527615,3.4860054614664544
20,250,50,21,1526,376,1923,8.562650280523645,0.008671670392217334,3.71364606510049
20,250,75,21,1526,407,1954,8.700685724463444,0.009013426796252083,3.8600033720163047
20,250,100,21,1526,425,1972,8.780835337073649,0.009173451322937759,3.9285339349836406
20,250,150,21,1526,457,2004,8.923323537269571,0.009473293980868464,4.056941664568587
20,250,250,21,1526,503,2050,9.128150325051207,0.009840677574426582,4.214273824912694
20,250,500,21,1526,559,2106,9.37750467539407,0.010242157178691702,4.386207614501303
20,250,1000,21,1526,620,2167,9.649122807017543,0.010577605099727994,4.5298633112308035
20,250,2500,21,1526,673,2220,9.88511888859204,0.010749928531754604,4.603660884976755
20,250,5000,21,1526,722,2269,10.103303945142043,0.010816876884959553,4.632331542093479
20,250,10000,21,1526,767,2314,10.303677976667556,0.010857948035695397,4.649920277645076
20,250,50000,21,1526,816,2363,10.521863033217562,0.01087255585017935,4.656176079621444
20,250,200000,21,1526,823,2370,10.55303232701042,0.01087255585017935,4.656176079621444
20,500,1,21,1545,20,1586,7.062071422210348,0.006923870549894129,2.9651501336993005
20,500,2,21,1545,52,1618,7.2045596224062685,0.006951464995162443,2.9769674651307714
20,500,3,21,1545,73,1639,7.298067503784843,0.007012311925432502,3.0030251856102823
20,500,5,21,1545,102,1668,7.4271974352123955,0.007097730413371028,3.0396056847842865
20,500,10,21,1545,172,1738,7.738890373140975,0.007236862395864296,3.0991890079442017
20,500,20,21,1545,279,1845,8.215335292546087,0.0077895565529294275,3.335880485912627
20,500,30,21,1545,335,1901,8.464689642888947,0.008210544496441097,3.516168729026662
20,500,50,21,1545,376,1942,8.647252649389973,0.008742104114130816,3.743809332660698
20,500,75,21,1545,407,1973,8.785288093329772,0.009083860518165565,3.890166639576513
20,500,100,21,1545,425,1991,8.865437705939977,0.009243885044851241,3.9586972025438483
20,500,150,21,1545,457,2023,9.007925906135899,0.009543727702781946,4.087104932128795
20,500,250,21,1545,503,2069,9.212752693917535,0.009911111296340064,4.244437092472902
20,500,500,21,1545,559,2125,9.462107044260398,0.010312590900605184,4.4163708820615115
20,500,1000,21,1545,620,2186,9.733725175883873,0.010648038821641476,4.560026578791012
20,500,2500,21,1545,673,2239,9.969721257458367,0.010820362253668087,4.633824152536962
20,500,5000,21,1545,722,2288,10.187906314008371,0.010887310606873035,4.662494809653687
20,500,10000,21,1545,767,2333,10.388280345533886,0.01092838175760888,4.680083545205283
20,500,50000,21,1545,816,2382,10.60646540208389,0.010942989572092832,4.686339347181652
20,500,200000,21,1545,823,2389,10.637634695876748,0.010942989572092832,4.686339347181652
20,1000,1,21,1550,20,1591,7.084335203490961,0.006927137266525163,2.966549106309414
20,1000,2,21,1550,52,1623,7.226823403686883,0.006954731711793477,2.9783664377408847
20,1000,3,21,1550,73,1644,7.320331285065455,0.007015578642063536,3.004424158220395
20,1000,5,21,1550,102,1673,7.449461216493009,0.0071009971300020625,3.0410046573943994
20,1000,10,21,1550,172,1743,7.761154154421587,0.00724012911249533,3.1005879805543146
20,1000,20,21,1550,279,1850,8.237599073826699,0.0077928232695604616,3.33727945852274
20,1000,30,21,1550,335,1906,8.48695342416956,0.00821381121307213,3.517567701636775
20,1000,50,21,1550,376,1947,8.669516430670585,0.00874537083076185,3.7452083052708107
20,1000,75,21,1550,407,1978,8.807551874610384,0.0090871272347966,3.8915656121866253
20,1000,100,21,1550,425,1996,8.887701487220589,0.009247151761482275,3.960096175153961
20,1000,150,21,1550,457,2028,9.030189687416511,0.00954699441941298,4.088503904738908
20,1000,250,21,1550,503,2074,9.235016475198147,0.009914378012971098,4.245836065083015
20,1000,500,21,1550,559,2130,9.48437082554101,0.010315857617236218,4.417769854671624
20,1000,1000,21,1550,620,2191,9.755988957164485,0.01065130553827251,4.561425551401125
20,1000,2500,21,1550,673,2244,9.99198503873898,0.01082362897029912,4.635223125147076
20,1000,5000,21,1550,722,2293,10.210170095288984,0.01089057732350407,4.663893782263799
20,1000,10000,21,1550,767,2338,10.410544126814498,0.010931648474239913,4.681482517815396
20,1000,50000,21,1550,816,2387,10.628729183364502,0.010946256288723866,4.687738319791764
20,1000,200000,21,1550,823,2394,10.65989847715736,0.010946256288723866,4.687738319791764
20,2500,1,21,1553,20,1594,7.097693472259328,0.006930628150351781,2.9680440786042643
20,2500,2,21,1553,52,1626,7.2401816724552495,0.006958222595620095,2.9798614100357352
20,2500,3,21,1553,73,1647,7.333689553833824,0.007019069525890154,3.0059191305152457
20,2500,5,21,1553,102,1676,7.4628194852613765,0.00710448801382868,3.04249962968925
20,2500,10,21,1553,172,1746,7.774512423189954,0.007243619996321948,3.102082952849165
20,2500,20,21,1553,279,1853,8.250957342595067,0.0077963141533870794,3.3387744308175904
20,2500,30,21,1553,335,1909,8.50031169293793,0.008217302096898749,3.5190626739316255
20,2500,50,21,1553,376,1950,8.682874699438953,0.008748861714588468,3.7467032775656612
20,2500,75,21,1553,407,1981,8.820910143378752,0.009090618118623217,3.893060584481476
20,2500,100,21,1553,425,1999,8.901059755988957,0.009250642645308893,3.9615911474488117
20,2500,150,21,1553,457,2031,9.043547956184879,0.009550485303239598,4.089998877033758
20,2500,250,21,1553,503,2077,9.248374743966515,0.009917868896797716,4.247331037377865
20,2500,500,21,1553,559,2133,9.497729094309378,0.010319348501062836,4.419264826966474
20,2500,1000,21,1553,620,2194,9.769347225932853,0.010654796422099128,4.562920523695975
20,2500,2500,21,1553,673,2247,10.005343307507347,0.010827119854125739,4.636718097441926
20,2500,5000,21,1553,722,2296,10.223528364057351,0.010894068207330687,4.66538875455865
20,2500,10000,21,1553,767,2341,10.423902395582866,0.010935139358066531,4.682977490110247
20,2500,50000,21,1553,816,2390,10.64208745213287,0.010949747172550484,4.689233292086615
20,2500,200000,21,1553,823,2397,10.673256745925729,0.010949747172550484,4.689233292086615
20,5000,1,21,1555,20,1596,7.1065989847715745,0.006930628150351781,2.9680440786042643
20,5000,2,21,1555,52,1628,7.249087184967495,0.006958222595620095,2.9798614100357352
20,5000,3,21,1555,73,1649,7.3425950663460675,0.007019069525890154,3.0059191305152457
20,5000,5,21,1555,102,1678,7.471724997773623,0.00710448801382868,3.04249962968925
20,5000,10,21,1555,172,1748,7.7834179357022,0.007243619996321948,3.102082952849165
20,5000,20,21,1555,279,1855,8.259862855107311,0.0077963141533870794,3.3387744308175904
20,5000,30,21,1555,335,1911,8.509217205450174,0.008217302096898749,3.5190626739316255
20,5000,50,21,1555,376,1952,8.691780211951198,0.008748861714588468,3.7467032775656612
20,5000,75,21,1555,407,1983,8.829815655890997,0.009090618118623217,3.893060584481476
20,5000,100,21,1555,425,2001,8.909965268501201,0.009250642645308893,3.9615911474488117
20,5000,150,21,1555,457,2033,9.052453468697124,0.009550485303239598,4.089998877033758
20,5000,250,21,1555,503,2079,9.25728025647876,0.009917868896797716,4.247331037377865
20,5000,500,21,1555,559,2135,9.506634606821622,0.010319348501062836,4.419264826966474
20,5000,1000,21,1555,620,2196,9.778252738445097,0.010654796422099128,4.562920523695975
20,5000,2500,21,1555,673,2249,10.014248820019592,0.010827119854125739,4.636718097441926
20,5000,5000,21,1555,722,2298,10.232433876569596,0.010894068207330687,4.66538875455865
20,5000,10000,21,1555,767,2343,10.43280790809511,0.010935139358066531,4.682977490110247
20,5000,50000,21,1555,816,2392,10.650992964645116,0.010949747172550484,4.689233292086615
20,5000,200000,21,1555,823,2399,10.682162258437973,0.010949747172550484,4.689233292086615
20,10000,1,21,1556,20,1597,7.111051741027696,0.006930628150351781,2.9680440786042643
20,10000,2,21,1556,52,1629,7.253539941223617,0.006958222595620095,2.9798614100357352
20,10000,3,21,1556,73,1650,7.34704782260219,0.007019069525890154,3.0059191305152457
20,10000,5,21,1556,102,1679,7.476177754029745,0.00710448801382868,3.04249962968925
20,10000,10,21,1556,172,1749,7.7878706919583225,0.007243619996321948,3.102082952849165
20,10000,20,21,1556,279,1856,8.264315611363433,0.0077963141533870794,3.3387744308175904
20,10000,30,21,1556,335,1912,8.513669961706297,0.008217302096898749,3.5190626739316255
20,10000,50,21,1556,376,1953,8.69623296820732,0.008748861714588468,3.7467032775656612
20,10000,75,21,1556,407,1984,8.834268412147118,0.009090618118623217,3.893060584481476
20,10000,100,21,1556,425,2002,8.914418024757325,0.009250642645308893,3.9615911474488117
20,10000,150,21,1556,457,2034,9.056906224953245,0.009550485303239598,4.089998877033758
20,10000,250,21,1556,503,2080,9.261733012734883,0.009917868896797716,4.247331037377865
20,10000,500,21,1556,559,2136,9.511087363077745,0.010319348501062836,4.419264826966474
20,10000,1000,21,1556,620,2197,9.78270549470122,0.010654796422099128,4.562920523695975
20,10000,2500,21,1556,673,2250,10.018701576275715,0.010827119854125739,4.636718097441926
20,10000,5000,21,1556,722,2299,10.236886632825719,0.010894068207330687,4.66538875455865
20,10000,10000,21,1556,767,2344,10.437260664351234,0.010935139358066531,4.682977490110247
20,10000,50000,21,1556,816,2393,10.655445720901238,0.010949747172550484,4.689233292086615
20,10000,200000,21,1556,823,2400,10.686615014694095,0.010949747172550484,4.689233292086615
20,50000,1,21,1557,20,1598,7.115504497283818,0.006930628150351781,2.9680440786042643
20,50000,2,21,1557,52,1630,7.2579926974797395,0.006958222595620095,2.9798614100357352
20,50000,3,21,1557,73,1651,7.351500578858314,0.007019069525890154,3.0059191305152457
20,50000,5,21,1557,102,1680,7.480630510285867,0.00710448801382868,3.04249962968925
20,50000,10,21,1557,172,1750,7.792323448214445,0.007243619996321948,3.102082952849165
20,50000,20,21,1557,279,1857,8.268768367619558,0.0077963141533870794,3.3387744308175904
20,50000,30,21,1557,335,1913,8.518122717962418,0.008217302096898749,3.5190626739316255
20,50000,50,21,1557,376,1954,8.700685724463444,0.008748861714588468,3.7467032775656612
20,50000,75,21,1557,407,1985,8.838721168403243,0.009090618118623217,3.893060584481476
20,50000,100,21,1557,425,2003,8.918870781013448,0.009250642645308893,3.9615911474488117
20,50000,150,21,1557,457,2035,9.06135898120937,0.009550485303239598,4.089998877033758
20,50000,250,21,1557,503,2081,9.266185768991006,0.009917868896797716,4.247331037377865
20,50000,500,21,1557,559,2137,9.515540119333869,0.010319348501062836,4.419264826966474
20,50000,1000,21,1557,620,2198,9.787158250957342,0.010654796422099128,4.562920523695975
20,50000,2500,21,1557,673,2251,10.023154332531838,0.010827119854125739,4.636718097441926
20,50000,5000,21,1557,722,2300,10.24133938908184,0.010894068207330687,4.66538875455865
20,50000,10000,21,1557,767,2345,10.441713420607355,0.010935139358066531,4.682977490110247
20,50000,50000,21,1557,816,2394,10.65989847715736,0.010949747172550484,4.689233292086615
20,50000,200000,21,1557,823,2401,10.69106777095022,0.010949747172550484,4.689233292086615
20,200000,1,21,1557,20,1598,7.115504497283818,0.006930628150351781,2.9680440786042643
20,200000,2,21,1557,52,1630,7.2579926974797395,0.006958222595620095,2.9798614100357352
20,200000,3,21,1557,73,1651,7.351500578858314,0.007019069525890154,3.0059191305152457
20,200000,5,21,1557,102,1680,7.480630510285867,0.00710448801382868,3.04249962968925
20,200000,10,21,1557,172,1750,7.792323448214445,0.007243619996321948,3.102082952849165
20,200000,20,21,1557,279,1857,8.268768367619558,0.0077963141533870794,3.3387744308175904
20,200000,30,21,1557,335,1913,8.518122717962418,0.008217302096898749,3.5190626739316255
20,200000,50,21,1557,376,1954,8.700685724463444,0.008748861714588468,3.7467032775656612
20,200000,75,21,1557,407,1985,8.838721168403243,0.009090618118623217,3.893060584481476
20,200000,100,21,1557,425,2003,8.918870781013448,0.009250642645308893,3.9615911474488117
20,200000,150,21,1557,457,2035,9.06135898120937,0.009550485303239598,4.089998877033758
20,200000,250,21,1557,503,2081,9.266185768991006,0.009917868896797716,4.247331037377865
20,200000,500,21,1557,559,2137,9.515540119333869,0.010319348501062836,4.419264826966474
20,200000,1000,21,1557,620,2198,9.787158250957342,0.010654796422099128,4.562920523695975
20,200000,2500,21,1557,673,2251,10.023154332531838,0.010827119854125739,4.636718097441926
20,200000,5000,21,1557,722,2300,10.24133938908184,0.010894068207330687,4.66538875455865
20,200000,10000,21,1557,767,2345,10.441713420607355,0.010935139358066531,4.682977490110247
20,200000,50000,21,1557,816,2394,10.65989847715736,0.010949747172550484,4.689233292086615
20,200000,200000,21,1557,823,2401,10.69106777095022,0.010949747172550484,4.689233292086615
30,1,1,45,240,20,305,1.3580906581173746,0.0012293125219124124,0.5264535439303599
30,1,2,45,240,52,337,1.500578858313296,0.0012569069671807265,0.5382708753618308
30,1,3,45,240,73,358,1.5940867396918694,0.0013177538974507852,0.5643285958413414
30,1,5,45,240,102,387,1.7232166711194228,0.0014031723853893119,0.6009090950153456
30,1,10,45,240,172,457,2.034909609048001,0.0015423043678825799,0.6604924181752609
30,1,20,45,240,279,564,2.5113545284531127,0.002094998524947711,0.8971838961436863
30,1,30,45,240,335,620,2.760708878795975,0.0025159864684593802,1.0774721392577213
30,1,50,45,240,376,661,2.943271885296999,0.0030475460861491,1.3051127428917568
30,1,75,45,240,407,692,3.0813073292367976,0.0033893024901838487,1.4514700498075719
30,1,100,45,240,425,710,3.1614569418470033,0.0035493270168695246,1.5200006127749073
30,1,150,45,240,457,742,3.3039451420429247,0.003849169674800229,1.6484083423598541
30,1,250,45,240,503,788,3.508771929824561,0.004216553268358347,1.8057405027039612
30,1,500,45,240,559,844,3.758126280167424,0.004618032872623468,1.97767429229257
30,1,1000,45,240,620,905,4.029744411790898,0.004953480793659759,2.121329989022071
30,1,2500,45,240,673,958,4.265740493365393,0.00512580422568637,2.195127562768022
30,1,5000,45,240,722,1007,4.483925549915398,0.005192752578891319,2.2237982198847464
30,1,10000,45,240,767,1052,4.6842995814409125,0.005233823729627163,2.2413869554363424
30,1,50000,45,240,816,1101,4.902484637990916,0.005248431544111115,2.2476427574127102
30,1,200000,45,240,823,1108,4.933653931783774,0.005248431544111115,2.2476427574127102
30,2,1,45,382,20,447,1.9903820464867754,0.00200451514315797,0.8584343542973968
30,2,2,45,382,52,479,2.1328702466826965,0.002032109588426284,0.8702516857288676
30,2,3,45,382,73,500,2.22637812806127,0.002092956518696343,0.8963094062083782
30,2,5,45,382,102,529,2.3555080594888236,0.0021783750066348695,0.9328899053823826
30,2,10,45,382,172,599,2.6672009974174014,0.0023175069891281375,0.9924732285422977
30,2,20,45,382,279,706,3.143645916822513,0.0028702011461932686,1.2291647065107232
30,2,30,45,382,335,762,3.3930002671653754,0.003291189089704938,1.409452949624758
30,2,50,45,382,376,803,3.5755632736663996,0.0038227487073946576,1.6370935532587938
30,2,75,45,382,407,834,3.7135987176061978,0.004164505111429406,1.7834508601746086
30,2,100,45,382,425,852,3.793748330216404,0.004324529638115082,1.8519814231419442
30,2,150,45,382,457,884,3.9362365304123252,0.004624372296045787,1.9803891527268909
30,2,250,45,382,503,930,4.141063318193962,0.004991755889603905,2.137721313070998
30,2,500,45,382,559,986,4.390417668536824,0.005393235493869025,2.309655102659607
30,2,1000,45,382,620,1047,4.662035800160299,0.005728683414905317,2.453310799389108
30,2,2500,45,382,673,1100,4.898031881734794,0.005901006846931928,2.5271083731350585
30,2,5000,45,382,722,1149,5.116216938284798,0.005967955200136876,2.555779030251783
30,2,10000,45,382,767,1194,5.316590969810313,0.00600902635087272,2.573367765803379
30,2,50000,45,382,816,1243,5.534776026360317,0.006023634165356673,2.579623567779747
30,2,200000,45,382,823,1250,5.565945320153174,0.006023634165356673,2.579623567779747
30,3,1,45,482,20,547,2.4356576720990293,0.00254058020785064,1.0880044172832364
30,3,2,45,482,52,579,2.5781458722949506,0.002568174653118954,1.0998217487147073
30,3,3,45,482,73,600,2.6716537536735236,0.002629021583389013,1.1258794691942178
30,3,5,45,482,102,629,2.8007836851010777,0.0027144400713275396,1.1624599683682222
30,3,10,45,482,172,699,3.1124766230296554,0.0028535720538208076,1.2220432915281374
30,3,20,45,482,279,806,3.588921542434767,0.0034062662108859387,1.4587347694965627
30,3,30,45,482,335,862,3.8382758927776295,0.003827254154397608,1.6390230126105978
30,3,50,45,482,376,903,4.020838899278654,0.004358813772087328,1.8666636162446335
30,3,75,45,482,407,934,4.158874343218452,0.004700570176122076,2.013020923160448
30,3,100,45,482,425,952,4.239023955828658,0.004860594702807752,2.081551486127784
30,3,150,45,482,457,984,4.381512156024579,0.005160437360738457,2.2099592157127304
30,3,250,45,482,503,1030,4.586338943806216,0.005527820954296575,2.3672913760568375
30,3,500,45,482,559,1086,4.835693294149078,0.005929300558561695,2.5392251656454468
30,3,1000,45,482,620,1147,5.107311425772553,0.006264748479597987,2.6828808623749474
30,3,2500,45,482,673,1200,5.343307507347047,0.006437071911624598,2.756678436120898
30,3,5000,45,482,722,1249,5.561492563897053,0.006504020264829546,2.7853490932376226
30,3,10000,45,482,767,1294,5.761866595422567,0.0065450914155653905,2.8029378287892186
30,3,50000,45,482,816,1343,5.9800516519725715,0.006559699230049343,2.809193630765587
30,3,200000,45,482,823,1350,6.011220945765429,0.006559699230049343,2.809193630765587
30,5,1,45,631,20,696,3.0991183542612877,0.003122779124105829,1.337331319329384
30,5,2,45,631,52,728,3.241606554457209,0.003150373569374143,1.3491486507608552
30,5,3,45,631,73,749,3.335114435835782,0.0032112204996442018,1.3752063712403657
30,5,5,45,631,102,778,3.464244367263336,0.0032966389875827284,1.41178687041437
30,5,10,45,631,172,848,3.7759373051919134,0.0034357709700759964,1.4713701935742851
30,5,20,45,631,279,955,4.252382224597025,0.0039884651271411276,1.7080616715427106
30,5,30,45,631,335,1011,4.501736574939888,0.004409453070652797,1.8883499146567457
30,5,50,45,631,376,1052,4.6842995814409125,0.0049410126883425165,2.1159905182907814
30,5,75,45,631,407,1083,4.822335025380711,0.005282769092377265,2.262347825206596
30,5,100,45,631,425,1101,4.902484637990916,0.005442793619062941,2.3308783881739314
30,5,150,45,631,457,1133,5.044972838186838,0.005742636276993646,2.4592861177588783
30,5,250,45,631,503,1179,5.249799625968475,0.006110019870551764,2.6166182781029854
30,5,500,45,631,559,1235,5.499153976311337,0.006511499474816884,2.7885520676915942
30,5,1000,45,631,620,1296,5.770772107934811,0.006846947395853176,2.932207764421095
30,5,2500,45,631,673,1349,6.006768189509306,0.007019270827879787,3.006005338167046
30,5,5000,45,631,722,1398,6.224953246059311,0.007086219181084735,3.03467599528377
30,5,10000,45,631,767,1443,6.425327277584825,0.007127290331820579,3.0522647308353665
30,5,50000,45,631,816,1492,6.6435123341348294,0.007141898146304532,3.058520532811735
30,5,200000,45,631,823,1499,6.674681627927686,0.007141898146304532,3.058520532811735
30,10,1,45,877,20,942,4.194496393267433,0.0036628557515233917,1.5686193355415792
30,10,2,45,877,52,974,4.336984593463354,0.003690450196791706,1.58043666697305
30,10,3,45,877,73,995,4.430492474841928,0.0037512971270617645,1.6064943874525606
30,10,5,45,877,102,1024,4.55962240626948,0.0038367156150002912,1.6430748866265652
30,10,10,45,877,172,1094,4.871315344198059,0.003975847597493559,1.7026582097864802
30,10,20,45,877,279,1201,5.3477602636031705,0.00452854175455869,1.9393496877549057
30,10,30,45,877,335,1257,5.597114613946032,0.00494952969807036,2.119637930868941
30,10,50,45,877,376,1298,5.779677620447057,0.005481089315760079,2.3472785345029763
30,10,75,45,877,407,1329,5.917713064386856,0.005822845719794828,2.4936358414187914
30,10,100,45,877,425,1347,5.9978626769970615,0.005982870246480504,2.5621664043861268
30,10,150,45,877,457,1379,6.140350877192982,0.0062827129044112084,2.6905741339710736
30,10,250,45,877,503,1425,6.345177664974619,0.006650096497969327,2.8479062943151807
30,10,500,45,877,559,1481,6.5945320153174825,0.007051576102234447,3.0198400839037896
30,10,1000,45,877,620,1542,6.8661501469409565,0.0073870240232707385,3.16349578063329
30,10,2500,45,877,673,1595,7.10214622851545,0.007559347455297349,3.237293354379241
30,10,5000,45,877,722,1644,7.320331285065455,0.007626295808502298,3.265964011495966
30,10,10000,45,877,767,1689,7.52070531659097,0.007667366959238142,3.2835527470475614
30,10,50000,45,877,816,1738,7.738890373140975,0.0076819747737220945,3.28980854902393
30,10,200000,45,877,823,1745,7.7700596669338315,0.0076819747737220945,3.28980854902393
30,20,1,45,1110,20,1175,5.231988600943984,0.004415421132086039,1.8909057391813644
30,20,2,45,1110,52,1207,5.374476801139905,0.004443015577354353,1.9027230706128353
30,20,3,45,1110,73,1228,5.4679846825184795,0.004503862507624412,1.9287807910923458
30,20,5,45,1110,102,1257,5.597114613946032,0.004589280995562939,1.96536129026635
30,20,10,45,1110,172,1327,5.90880755187461,0.004728412978056207,2.0249446134262654
30,20,20,45,1110,279,1434,6.385252471279721,0.005281107135121338,2.2616360913946907
30,20,30,45,1110,335,1490,6.634606821622584,0.005702095078633007,2.441924334508726
30,20,50,45,1110,376,1531,6.817169828123608,0.006233654696322727,2.6695649381427615
30,20,75,45,1110,407,1562,6.955205272063407,0.0065754111003574756,2.8159222450585766
30,20,100,45,1110,425,1580,7.0353548846736125,0.0067354356270431515,2.8844528080259115
30,20,150,45,1110,457,1612,7.177843084869534,0.007035278284973856,3.0128605376108584
30,20,250,45,1110,503,1658,7.382669872651171,0.007402661878531974,3.1701926979549655
30,20,500,45,1110,559,1714,7.6320242229940325,0.0078041414827970945,3.3421264875435743
30,20,1000,45,1110,620,1775,7.903642354617508,0.008139589403833386,3.485782184273075
30,20,2500,45,1110,673,1828,8.139638436192003,0.008311912835859997,3.559579758019026
30,20,5000,45,1110,722,1877,8.357823492742007,0.008378861189064946,3.5882504151357506
30,20,10000,45,1110,767,1922,8.558197524267522,0.00841993233980079,3.605839150687347
30,20,50000,45,1110,816,1971,8.776382580817527,0.008434540154284742,3.612094952663715
30,20,200000,45,1110,823,1978,8.807551874610384,0.008434540154284742,3.612094952663715
30,30,1,45,1234,20,1299,5.78413037670318,0.005295851014236963,2.267950163100091
30,30,2,45,1234,52,1331,5.9266185768991,0.005323445459505277,2.279767494531562
30,30,3,45,1234,73,1352,6.020126458277674,0.005384292389775336,2.3058252150110725
30,30,5,45,1234,102,1381,6.1492563897052275,0.0054697108777138626,2.3424057141850767
30,30,10,45,1234,172,1451,6.460949327633806,0.0056088428602071305,2.4019890373449924
30,30,20,45,1234,279,1558,6.937394247038917,0.006161537017272262,2.6386805153134176
30,30,30,45,1234,335,1614,7.18674859738178,0.006582524960783931,2.8189687584274528
30,30,50,45,1234,376,1655,7.369311603882804,0.007114084578473651,3.046609362061488
30,30,75,45,1234,407,1686,7.507347047822602,0.007455840982508399,3.192966668977303
30,30,100,45,1234,425,1704,7.587496660432808,0.007615865509194075,3.2614972319446385
30,30,150,45,1234,457,1736,7.729984860628729,0.00791570816712478,3.3899049615295858
30,30,250,45,1234,503,1782,7.934811648410365,0.008283091760682898,3.547237121873693
30,30,500,45,1234,559,1838,8.18416599875323,0.008684571364948018,3.7191709114623017
30,30,1000,45,1234,620,1899,8.455784130376703,0.00902001928598431,3.8628266081918023
30,30,2500,45,1234,673,1952,8.691780211951198,0.00919234271801092,3.9366241819377525
30,30,5000,45,1234,722,2001,8.909965268501201,0.00925929107121587,3.9652948390544775
30,30,10000,45,1234,767,2046,9.110339300026716,0.009300362221951713,3.9828835746060736
30,30,50000,45,1234,816,2095,9.328524356576722,0.009314970036435666,3.9891393765824423
30,30,200000,45,1234,823,2102,9.359693650369579,0.009314970036435666,3.9891393765824423
30,50,1,45,1348,20,1413,6.29174458990115,0.005938623930437897,2.5432179031130286
30,50,2,45,1348,52,1445,6.43423279009707,0.0059662183757062115,2.5550352345444995
30,50,3,45,1348,73,1466,6.527740671475643,0.00602706530597627,2.58109295502401
30,50,5,45,1348,102,1495,6.656870602903197,0.006112483793914797,2.6176734541980142
30,50,10,45,1348,172,1565,6.968563540831775,0.006251615776408065,2.6772567773579294
30,50,20,45,1348,279,1672,7.4450084602368864,0.006804309933473196,2.913948255326355
30,50,30,45,1348,335,1728,7.694362810579748,0.007225297876984865,3.09423649844039
30,50,50,45,1348,376,1769,7.876925817080773,0.007756857494674585,3.3218771020744255
30,50,75,45,1348,407,1800,8.014961261020572,0.008098613898709334,3.46823440899024
30,50,100,45,1348,425,1818,8.095110873630777,0.00825863842539501,3.536764971957576
30,50,150,45,1348,457,1850,8.237599073826699,0.008558481083325714,3.6651727015425224
30,50,250,45,1348,503,1896,8.442425861608335,0.008925864676883832,3.8225048618866295
30,50,500,45,1348,559,1952,8.691780211951198,0.009327344281148953,3.9944386514752392
30,50,1000,45,1348,620,2013,8.963398343574672,0.009662792202185244,4.138094348204739
30,50,2500,45,1348,673,2066,9.199394425149167,0.009835115634211855,4.2118919219506905
30,50,5000,45,1348,722,2115,9.417579481699171,0.009902063987416804,4.240562579067415
30,50,10000,45,1348,767,2160,9.617953513224686,0.009943135138152648,4.258151314619011
30,50,50000,45,1348,816,2209,9.836138569774691,0.0099577429526366,4.264407116595379
30,50,200000,45,1348,823,2216,9.867307863567548,0.0099577429526366,4.264407116595379
30,75,1,45,1422,20,1487,6.621248552854217,0.0065041459894466525,2.7854029348515774
30,75,2,45,1422,52,1519,6.763736753050138,0.006531740434714967,2.7972202662830483
30,75,3,45,1422,73,1540,6.857244634428711,0.006592587364985025,2.823277986762559
30,75,5,45,1422,102,1569,6.9863745658562655,0.006678005852923552,2.859858485936563
30,75,10,45,1422,172,1639,7.298067503784843,0.00681713783541682,2.919441809096478
30,75,20,45,1422,279,1746,7.774512423189954,0.007369831992481951,3.1561332870649035
30,75,30,45,1422,335,1802,8.023866773532816,0.00779081993599362,3.3364215301789386
30,75,50,45,1422,376,1843,8.206429780033842,0.00832237955368334,3.5640621338129743
30,75,75,45,1422,407,1874,8.34446522397364,0.008664135957718089,3.71041944072879
30,75,100,45,1422,425,1892,8.424614836583846,0.008824160484403765,3.778950003696125
30,75,150,45,1422,457,1924,8.567103036779766,0.00912400314233447,3.9073577332810716
30,75,250,45,1422,503,1970,8.771929824561402,0.009491386735892587,4.064689893625179
30,75,500,45,1422,559,2026,9.021284174904267,0.009892866340157708,4.2366236832137885
30,75,1000,45,1422,620,2087,9.292902306527742,0.010228314261194,4.380279379943289
30,75,2500,45,1422,673,2140,9.528898388102235,0.01040063769322061,4.454076953689239
30,75,5000,45,1422,722,2189,9.74708344465224,0.010467586046425559,4.482747610805964
30,75,10000,45,1422,767,2234,9.947457476177753,0.010508657197161403,4.50033634635756
30,75,50000,45,1422,816,2283,10.165642532727759,0.010523265011645355,4.506592148333928
30,75,200000,45,1422,823,2290,10.196811826520616,0.010523265011645355,4.506592148333928
30,100,1,45,1455,20,1520,6.768189509306261,0.006686590141609661,2.8635347107535796
30,100,2,45,1455,52,1552,6.910677709502182,0.006714184586877975,2.8753520421850505
30,100,3,45,1455,73,1573,7.0041855908807555,0.0067750315171480335,2.901409762664561
30,100,5,45,1455,102,1602,7.133315522308309,0.00686045000508656,2.937990261838565
30,100,10,45,1455,172,1672,7.4450084602368864,0.006999581987579828,2.9975735849984804
30,100,20,45,1455,279,1779,7.921453379641999,0.007552276144644959,3.234265062966906
30,100,30,45,1455,335,1835,8.17080772998486,0.007973264088156629,3.414553306080941
30,100,50,45,1455,376,1876,8.353370736485886,0.008504823705846348,3.642193909714977
30,100,75,45,1455,407,1907,8.491406180425685,0.008846580109881097,3.7885512166307915
30,100,100,45,1455,425,1925,8.57155579303589,0.009006604636566773,3.857081779598127
30,100,150,45,1455,457,1957,8.714043993231812,0.009306447294497477,3.9854895091830738
30,100,250,45,1455,503,2003,8.918870781013448,0.009673830888055596,4.142821669527181
30,100,500,45,1455,559,2059,9.16822513135631,0.010075310492320716,4.31475545911579
30,100,1000,45,1455,620,2120,9.439843262979783,0.010410758413357007,4.45841115584529
30,100,2500,45,1455,673,2173,9.67583934455428,0.010583081845383618,4.5322087295912405
30,100,5000,45,1455,722,2222,9.894024401104282,0.010650030198588567,4.560879386707966
30,100,10000,45,1455,767,2267,10.094398432629797,0.010691101349324411,4.578468122259562
30,100,50000,45,1455,816,2316,10.312583489179802,0.010705709163808363,4.58472392423593
30,100,200000,45,1455,823,2323,10.34375278297266,0.010705709163808363,4.58472392423593
30,150,1,45,1497,20,1562,6.955205272063407,0.006836518340244346,2.9277415174844954
30,150,2,45,1497,52,1594,7.097693472259328,0.0068641127855126605,2.9395588489159663
30,150,3,45,1497,73,1615,7.1912013536379025,0.006924959715782719,2.9656165693954772
30,150,5,45,1497,102,1644,7.320331285065455,0.007010378203721246,3.002197068569481
30,150,10,45,1497,172,1714,7.6320242229940325,0.007149510186214514,3.0617803917293966
30,150,20,45,1497,279,1821,8.108469142399146,0.007702204343279645,3.2984718696978224
30,150,30,45,1497,335,1877,8.357823492742007,0.008123192286791314,3.4787601128118566
30,150,50,45,1497,376,1918,8.54038649924303,0.008654751904481034,3.7064007164458928
30,150,75,45,1497,407,1949,8.67842194318283,0.008996508308515783,3.852758023361708
30,150,100,45,1497,425,1967,8.758571555793036,0.009156532835201459,3.9212885863290428
30,150,150,45,1497,457,1999,8.901059755988957,0.009456375493132163,4.04969631591399
30,150,250,45,1497,503,2045,9.105886543770595,0.009823759086690281,4.207028476258097
30,150,500,45,1497,559,2101,9.355240894113455,0.010225238690955402,4.378962265846706
30,150,1000,45,1497,620,2162,9.62685902573693,0.010560686611991693,4.522617962576207
30,150,2500,45,1497,673,2215,9.862855107311425,0.010733010044018304,4.596415536322157
30,150,5000,45,1497,722,2264,10.08104016386143,0.010799958397223253,4.625086193438881
30,150,10000,45,1497,767,2309,10.281414195386944,0.010841029547959097,4.642674928990478
30,150,50000,45,1497,816,2358,10.49959925193695,0.010855637362443049,4.648930730966846
30,150,200000,45,1497,823,2365,10.530768545729806,0.010855637362443049,4.648930730966846
30,250,1,45,1526,20,1591,7.084335203490961,0.006949520191703029,2.9761346023272077
30,250,2,45,1526,52,1623,7.226823403686883,0.006977114636971343,2.9879519337586786
30,250,3,45,1526,73,1644,7.320331285065455,0.007037961567241402,3.014009654238189
30,250,5,45,1526,102,1673,7.449461216493009,0.007123380055179929,3.0505901534121933
30,250,10,45,1526,172,1743,7.761154154421587,0.007262512037673197,3.1101734765721085
30,250,20,45,1526,279,1850,8.237599073826699,0.007815206194738328,3.3468649545405342
30,250,30,45,1526,335,1906,8.48695342416956,0.008236194138249997,3.5271531976545685
30,250,50,45,1526,376,1947,8.669516430670585,0.008767753755939717,3.754793801288604
30,250,75,45,1526,407,1978,8.807551874610384,0.009109510159974465,3.9011511082044197
30,250,100,45,1526,425,1996,8.887701487220589,0.009269534686660141,3.969681671171755
30,250,150,45,1526,457,2028,9.030189687416511,0.009569377344590846,4.098089400756702
30,250,250,45,1526,503,2074,9.235016475198147,0.009936760938148964,4.2554215611008095
30,250,500,45,1526,559,2130,9.48437082554101,0.010338240542414084,4.427355350689418
30,250,1000,45,1526,620,2191,9.755988957164485,0.010673688463450376,4.571011047418919
30,250,2500,45,1526,673,2244,9.99198503873898,0.010846011895476987,4.644808621164869
30,250,5000,45,1526,722,2293,10.210170095288984,0.010912960248681935,4.673479278281594
30,250,10000,45,1526,767,2338,10.410544126814498,0.01095403139941778,4.69106801383319
30,250,50000,45,1526,816,2387,10.628729183364502,0.010968639213901732,4.697323815809558
30,250,200000,45,1526,823,2394,10.65989847715736,0.010968639213901732,4.697323815809558
30,500,1,45,1545,20,1610,7.168937572357289,0.007019953913616511,3.0062978698874154
30,500,2,45,1545,52,1642,7.311425772553211,0.007047548358884825,3.0181152013188863
30,500,3,45,1545,73,1663,7.404933653931783,0.007108395289154884,3.044172921798397
30,500,5,45,1545,102,1692,7.534063585359338,0.007193813777093411,3.0807534209724015
30,500,10,45,1545,172,1762,7.845756523287915,0.007332945759586679,3.1403367441323167
30,500,20,45,1545,279,1869,8.322201442693027,0.00788563991665181,3.377028222100742
30,500,30,45,1545,335,1925,8.57155579303589,0.008306627860163479,3.557316465214777
30,500,50,45,1545,376,1966,8.754118799536913,0.008838187477853199,3.7849570688488128
30,500,75,45,1545,407,1997,8.892154243476712,0.009179943881887948,3.9313143757646274
30,500,100,45,1545,425,2015,8.972303856086917,0.009339968408573623,3.999844938731963
30,500,150,45,1545,457,2047,9.11479205628284,0.009639811066504328,4.12825266831691
30,500,250,45,1545,503,2093,9.319618844064475,0.010007194660062446,4.285584828661017
30,500,500,45,1545,559,2149,9.568973194407338,0.010408674264327566,4.457518618249626
30,500,1000,45,1545,620,2210,9.840591326030813,0.010744122185363858,4.601174314979127
30,500,2500,45,1545,673,2263,10.076587407605308,0.010916445617390469,4.674971888725077
30,500,5000,45,1545,722,2312,10.294772464155312,0.010983393970595418,4.703642545841802
30,500,10000,45,1545,767,2357,10.495146495680826,0.011024465121331262,4.721231281393398
30,500,50000,45,1545,816,2406,10.713331552230832,0.011039072935815214,4.727487083369766
30,500,200000,45,1545,823,2413,10.744500846023689,0.011039072935815214,4.727487083369766
30,1000,1,45,1550,20,1615,7.1912013536379025,0.007023220630247545,3.0076968424975283
30,1000,2,45,1550,52,1647,7.333689553833824,0.007050815075515859,3.0195141739289992
30,1000,3,45,1550,73,1668,7.4271974352123955,0.007111662005785918,3.0455718944085097
30,1000,5,45,1550,102,1697,7.556327366639951,0.007197080493724445,3.082152393582514
30,1000,10,45,1550,172,1767,7.868020304568528,0.007336212476217713,3.141735716742429
30,1000,20,45,1550,279,1874,8.34446522397364,0.007888906633282844,3.378427194710855
30,1000,30,45,1550,335,1930,8.593819574316502,0.008309894576794513,3.5587154378248895
30,1000,50,45,1550,376,1971,8.776382580817527,0.008841454194484233,3.7863560414589257
30,1000,75,45,1550,407,2002,8.914418024757325,0.009183210598518982,3.9327133483747403
30,1000,100,45,1550,425,2020,8.99456763736753,0.009343235125204657,4.001243911342075
30,1000,150,45,1550,457,2052,9.137055837563452,0.009643077783135362,4.1296516409270225
30,1000,250,45,1550,503,2098,9.341882625345088,0.01001046137669348,4.28698380127113
30,1000,500,45,1550,559,2154,9.591236975687952,0.0104119409809586,4.4589175908597385
30,1000,1000,45,1550,620,2215,9.862855107311425,0.010747388901994892,4.602573287589239
30,1000,2500,45,1550,673,2268,10.09885118888592,0.010919712334021503,4.67637086133519
30,1000,5000,45,1550,722,2317,10.317036245435924,0.010986660687226452,4.705041518451914
30,1000,10000,45,1550,767,2362,10.517410276961439,0.011027731837962296,4.72263025400351
30,1000,50000,45,1550,816,2411,10.735595333511444,0.011042339652446248,4.728886055979879
30,1000,200000,45,1550,823,2418,10.766764627304301,0.011042339652446248,4.728886055979879
30,2500,1,45,1553,20,1618,7.2045596224062685,0.007026711514074163,3.009191814792379
30,2500,2,45,1553,52,1650,7.34704782260219,0.007054305959342477,3.0210091462238498
30,2500,3,45,1553,73,1671,7.440555703980764,0.007115152889612536,3.0470668667033607
30,2500,5,45,1553,102,1700,7.569685635408317,0.007200571377551063,3.0836473658773644
30,2500,10,45,1553,172,1770,7.881378573336896,0.007339703360044331,3.1432306890372805
30,2500,20,45,1553,279,1877,8.357823492742007,0.007892397517109462,3.379922167005706
30,2500,30,45,1553,335,1933,8.60717784308487,0.008313385460621131,3.5602104101197405
30,2500,50,45,1553,376,1974,8.789740849585893,0.00884494507831085,3.787851013753776
30,2500,75,45,1553,407,2005,8.927776293525692,0.0091867014823456,3.9342083206695913
30,2500,100,45,1553,425,2023,9.007925906135899,0.009346726009031275,4.002738883636926
30,2500,150,45,1553,457,2055,9.15041410633182,0.00964656866696198,4.1311466132218735
30,2500,250,45,1553,503,2101,9.355240894113455,0.010013952260520098,4.288478773565981
30,2500,500,45,1553,559,2157,9.604595244456318,0.010415431864785218,4.4604125631545894
30,2500,1000,45,1553,620,2218,9.876213376079795,0.01075087978582151,4.60406825988409
30,2500,2500,45,1553,673,2271,10.112209457654288,0.010923203217848121,4.67786583363004
30,2500,5000,45,1553,722,2320,10.330394514204293,0.01099015157105307,4.706536490746766
30,2500,10000,45,1553,767,2365,10.530768545729806,0.011031222721788914,4.724125226298361
30,2500,50000,45,1553,816,2414,10.74895360227981,0.011045830536272866,4.73038102827473
30,2500,200000,45,1553,823,2421,10.780122896072669,0.011045830536272866,4.73038102827473
30,5000,1,45,1555,20,1620,7.213465134918515,0.007026711514074163,3.009191814792379
30,5000,2,45,1555,52,1652,7.355953335114436,0.007054305959342477,3.0210091462238498
30,5000,3,45,1555,73,1673,7.449461216493009,0.007115152889612536,3.0470668667033607
30,5000,5,45,1555,102,1702,7.578591147920563,0.007200571377551063,3.0836473658773644
30,5000,10,45,1555,172,1772,7.8902840858491405,0.007339703360044331,3.1432306890372805
30,5000,20,45,1555,279,1879,8.366729005254252,0.007892397517109462,3.379922167005706
30,5000,30,45,1555,335,1935,8.616083355597116,0.008313385460621131,3.5602104101197405
30,5000,50,45,1555,376,1976,8.79864636209814,0.00884494507831085,3.787851013753776
30,5000,75,45,1555,407,2007,8.936681806037937,0.0091867014823456,3.9342083206695913
30,5000,100,45,1555,425,2025,9.016831418648144,0.009346726009031275,4.002738883636926
30,5000,150,45,1555,457,2057,9.159319618844064,0.00964656866696198,4.1311466132218735
30,5000,250,45,1555,503,2103,9.3641464066257,0.010013952260520098,4.288478773565981
30,5000,500,45,1555,559,2159,9.613500756968564,0.010415431864785218,4.4604125631545894
30,5000,1000,45,1555,620,2220,9.88511888859204,0.01075087978582151,4.60406825988409
30,5000,2500,45,1555,673,2273,10.121114970166534,0.010923203217848121,4.67786583363004
30,5000,5000,45,1555,722,2322,10.339300026716538,0.01099015157105307,4.706536490746766
30,5000,10000,45,1555,767,2367,10.539674058242051,0.011031222721788914,4.724125226298361
30,5000,50000,45,1555,816,2416,10.757859114792057,0.011045830536272866,4.73038102827473
30,5000,200000,45,1555,823,2423,10.789028408584914,0.011045830536272866,4.73038102827473
30,10000,1,45,1556,20,1621,7.217917891174637,0.007026711514074163,3.009191814792379
30,10000,2,45,1556,52,1653,7.3604060913705585,0.007054305959342477,3.0210091462238498
30,10000,3,45,1556,73,1674,7.453913972749132,0.007115152889612536,3.0470668667033607
30,10000,5,45,1556,102,1703,7.5830439041766855,0.007200571377551063,3.0836473658773644
30,10000,10,45,1556,172,1773,7.894736842105263,0.007339703360044331,3.1432306890372805
30,10000,20,45,1556,279,1880,8.371181761510375,0.007892397517109462,3.379922167005706
30,10000,30,45,1556,335,1936,8.620536111853237,0.008313385460621131,3.5602104101197405
30,10000,50,45,1556,376,1977,8.803099118354261,0.00884494507831085,3.787851013753776
30,10000,75,45,1556,407,2008,8.94113456229406,0.0091867014823456,3.9342083206695913
30,10000,100,45,1556,425,2026,9.021284174904267,0.009346726009031275,4.002738883636926
30,10000,150,45,1556,457,2058,9.163772375100187,0.00964656866696198,4.1311466132218735
30,10000,250,45,1556,503,2104,9.368599162881825,0.010013952260520098,4.288478773565981
30,10000,500,45,1556,559,2160,9.617953513224686,0.010415431864785218,4.4604125631545894
30,10000,1000,45,1556,620,2221,9.88957164484816,0.01075087978582151,4.60406825988409
30,10000,2500,45,1556,673,2274,10.125567726422656,0.010923203217848121,4.67786583363004
30,10000,5000,45,1556,722,2323,10.34375278297266,0.01099015157105307,4.706536490746766
30,10000,10000,45,1556,767,2368,10.544126814498174,0.011031222721788914,4.724125226298361
30,10000,50000,45,1556,816,2417,10.762311871048178,0.011045830536272866,4.73038102827473
30,10000,200000,45,1556,823,2424,10.793481164841037,0.011045830536272866,4.73038102827473
30,50000,1,45,1557,20,1622,7.222370647430759,0.007026711514074163,3.009191814792379
30,50000,2,45,1557,52,1654,7.364858847626681,0.007054305959342477,3.0210091462238498
30,50000,3,45,1557,73,1675,7.458366729005254,0.007115152889612536,3.0470668667033607
30,50000,5,45,1557,102,1704,7.587496660432808,0.007200571377551063,3.0836473658773644
30,50000,10,45,1557,172,1774,7.899189598361386,0.007339703360044331,3.1432306890372805
30,50000,20,45,1557,279,1881,8.375634517766498,0.007892397517109462,3.379922167005706
30,50000,30,45,1557,335,1937,8.624988868109359,0.008313385460621131,3.5602104101197405
30,50000,50,45,1557,376,1978,8.807551874610384,0.00884494507831085,3.787851013753776
30,50000,75,45,1557,407,2009,8.945587318550183,0.0091867014823456,3.9342083206695913
30,50000,100,45,1557,425,2027,9.025736931160388,0.009346726009031275,4.002738883636926
30,50000,150,45,1557,457,2059,9.16822513135631,0.00964656866696198,4.1311466132218735
30,50000,250,45,1557,503,2105,9.373051919137946,0.010013952260520098,4.288478773565981
30,50000,500,45,1557,559,2161,9.622406269480809,0.010415431864785218,4.4604125631545894
30,50000,1000,45,1557,620,2222,9.894024401104282,0.01075087978582151,4.60406825988409
30,50000,2500,45,1557,673,2275,10.130020482678779,0.010923203217848121,4.67786583363004
30,50000,5000,45,1557,722,2324,10.348205539228783,0.01099015157105307,4.706536490746766
30,50000,10000,45,1557,767,2369,10.548579570754297,0.011031222721788914,4.724125226298361
30,50000,50000,45,1557,816,2418,10.766764627304301,0.011045830536272866,4.73038102827473
30,50000,200000,45,1557,823,2425,10.79793392109716,0.011045830536272866,4.73038102827473
30,200000,1,45,1557,20,1622,7.222370647430759,0.007026711514074163,3.009191814792379
30,200000,2,45,1557,52,1654,7.364858847626681,0.007054305959342477,3.0210091462238498
30,200000,3,45,1557,73,1675,7.458366729005254,0.007115152889612536,3.0470668667033607
30,200000,5,45,1557,102,1704,7.587496660432808,0.007200571377551063,3.0836473658773644
30,200000,10,45,1557,172,1774,7.899189598361386,0.007339703360044331,3.1432306890372805
30,200000,20,45,1557,279,1881,8.375634517766498,0.007892397517109462,3.379922167005706
30,200000,30,45,1557,335,1937,8.624988868109359,0.008313385460621131,3.5602104101197405
30,200000,50,45,1557,376,1978,8.807551874610384,0.00884494507831085,3.787851013753776
30,200000,75,45,1557,407,2009,8.945587318550183,0.0091867014823456,3.9342083206695913
30,200000,100,45,1557,425,2027,9.025736931160388,0.009346726009031275,4.002738883636926
30,200000,150,45,1557,457,2059,9.16822513135631,0.00964656866696198,4.1311466132218735
30,200000,250,45,1557,503,2105,9.373051919137946,0.010013952260520098,4.288478773565981
30,200000,500,45,1557,559,2161,9.622406269480809,0.010415431864785218,4.4604125631545894
30,200000,1000,45,1557,620,2222,9.894024401104282,0.01075087978582151,4.60406825988409
30,200000,2500,45,1557,673,2275,10.130020482678779,0.010923203217848121,4.67786583363004
30,200000,5000,45,1557,722,2324,10.348205539228783,0.01099015157105307,4.706536490746766
30,200000,10000,45,1557,767,2369,10.548579570754297,0.011031222721788914,4.724125226298361
30,200000,50000,45,1557,816,2418,10.766764627304301,0.011045830536272866,4.73038102827473
30,200000,200000,45,1557,823,2425,10.79793392109716,0.011045830536272866,4.73038102827473
50,1,1,82,240,20,342,1.5228426395939088,0.0013305448096422867,0.5698063087363848
50,1,2,82,240,52,374,1.6653308397898299,0.0013581392549106008,0.5816236401678558
50,1,3,82,240,73,395,1.7588387211684031,0.0014189861851806596,0.6076813606473664
50,1,5,82,240,102,424,1.8879686525959567,0.0015044046731191862,0.6442618598213706
50,1,10,82,240,172,494,2.199661590524535,0.0016435366556124542,0.703845182981286
50,1,20,82,240,279,601,2.6761065099296464,0.0021962308126775854,0.9405366609497114
50,1,30,82,240,335,657,2.9254608602725085,0.0026172187561892546,1.1208249040637464
50,1,50,82,240,376,698,3.1080238667735327,0.0031487783738789743,1.348465507697782
50,1,75,82,240,407,729,3.2460593107133318,0.003490534777913723,1.494822814613597
50,1,100,82,240,425,747,3.326208923323537,0.003650559304599399,1.5633533775809325
50,1,150,82,240,457,779,3.4686971235194584,0.0039504019625301035,1.6917611071658794
50,1,250,82,240,503,825,3.673523911301095,0.004317785556088222,1.8490932675099863
50,1,500,82,240,559,881,3.9228782616439575,0.004719265160353342,2.0210270570985953
50,1,1000,82,240,620,942,4.194496393267433,0.0050547130813896335,2.164682753828096
50,1,2500,82,240,673,995,4.430492474841928,0.005227036513416244,2.2384803275740466
50,1,5000,82,240,722,1044,4.6486775313919315,0.005293984866621193,2.267150984690771
50,1,10000,82,240,767,1089,4.849051562917446,0.005335056017357037,2.284739720242367
50,1,50000,82,240,816,1138,5.06723661946745,0.0053496638318409895,2.2909955222187355
50,1,200000,82,240,823,1145,5.098405913260308,0.0053496638318409895,2.2909955222187355
50,2,1,82,382,20,484,2.1551340279633093,0.0021057474308878443,0.9017871191034217
50,2,2,82,382,52,516,2.2976222281592307,0.0021333418761561584,0.9136044505348926
50,2,3,82,382,73,537,2.3911301095378037,0.002194188806426217,0.9396621710144031
50,2,5,82,382,102,566,2.5202600409653577,0.002279607294364744,0.9762426701884075
50,2,10,82,382,172,636,2.8319529788939355,0.002418739276858012,1.0358259933483227
50,2,20,82,382,279,743,3.3083978982990474,0.002971433433923143,1.2725174713167482
50,2,30,82,382,335,799,3.557752248641909,0.003392421377434812,1.452805714430783
50,2,50,82,382,376,840,3.7403152551429333,0.003923980995124532,1.6804463180648186
50,2,75,82,382,407,871,3.8783506990827323,0.004265737399159281,1.8268036249806336
50,2,100,82,382,425,889,3.9585003116929376,0.0044257619258449565,1.8953341879479693
50,2,150,82,382,457,921,4.100988511888859,0.004725604583775661,2.023741917532916
50,2,250,82,382,503,967,4.3058152996704955,0.005092988177333779,2.1810740778770232
50,2,500,82,382,559,1023,4.555169650013358,0.0054944677815989,2.353007867465632
50,2,1000,82,382,620,1084,4.826787781636834,0.005829915702635191,2.4966635641951327
50,2,2500,82,382,673,1137,5.062783863211328,0.006002239134661802,2.5704611379410833
50,2,5000,82,382,722,1186,5.2809689197613325,0.006069187487866751,2.599131795057808
50,2,10000,82,382,767,1231,5.481342951286846,0.006110258638602595,2.6167205306094043
50,2,50000,82,382,816,1280,5.699528007836851,0.006124866453086547,2.6229763325857722
50,2,200000,82,382,823,1287,5.730697301629709,0.006124866453086547,2.6229763325857722
50,3,1,82,482,20,584,2.600409653575563,0.0026418124955805145,1.1313571820892612
50,3,2,82,482,52,616,2.7428978537714843,0.0026694069408488286,1.143174513520732
50,3,3,82,482,73,637,2.8364057351500582,0.0027302538711188873,1.1692322340002428
50,3,5,82,482,102,666,2.9655356665776114,0.002815672359057414,1.205812733174247
50,3,10,82,482,172,736,3.2772286045061896,0.002954804341550682,1.2653960563341624
50,3,20,82,482,279,843,3.753673523911301,0.003507498498615813,1.502087534302588
50,3,30,82,482,335,899,4.003027874254164,0.003928486442127482,1.6823757774166226
50,3,50,82,482,376,940,4.185590880755187,0.004460046059817202,1.9100163810506583
50,3,75,82,482,407,971,4.323626324694986,0.004801802463851951,2.0563736879664734
50,3,100,82,482,425,989,4.403775937305192,0.004961826990537627,2.1249042509338087
50,3,150,82,482,457,1021,4.5462641375011135,0.005261669648468331,2.2533119805187556
50,3,250,82,482,503,1067,4.75109092528275,0.005629053242026449,2.4106441408628627
50,3,500,82,482,559,1123,5.000445275625612,0.00603053284629157,2.5825779304514715
50,3,1000,82,482,620,1184,5.272063407249087,0.006365980767327861,2.726233627180972
50,3,2500,82,482,673,1237,5.508059488823582,0.006538304199354472,2.8000312009269233
50,3,5000,82,482,722,1286,5.726244545373587,0.006605252552559421,2.8287018580436474
50,3,10000,82,482,767,1331,5.9266185768991,0.006646323703295265,2.846290593595244
50,3,50000,82,482,816,1380,6.144803633449105,0.006660931517779217,2.8525463955716117
50,3,200000,82,482,823,1387,6.175972927241963,0.006660931517779217,2.8525463955716117
50,5,1,82,631,20,733,3.2638703357378214,0.0032240114118357033,1.380684084135409
50,5,2,82,631,52,765,3.4063585359337427,0.0032516058571040174,1.39250141556688
50,5,3,82,631,73,786,3.499866417312316,0.003312452787374076,1.4185591360463907
50,5,5,82,631,102,815,3.6289963487398698,0.003397871275312603,1.455139635220395
50,5,10,82,631,172,885,3.940689286668448,0.0035370032578058708,1.5147229583803101
50,5,20,82,631,279,992,4.417134206073559,0.004089697414871002,1.7514144363487356
50,5,30,82,631,335,1048,4.666488556416422,0.004510685358382671,1.9317026794627705
50,5,50,82,631,376,1089,4.849051562917446,0.005042244976072391,2.1593432830968062
50,5,75,82,631,407,1120,4.987087006857244,0.00538400138010714,2.3057005900126213
50,5,100,82,631,425,1138,5.06723661946745,0.0055440259067928155,2.3742311529799567
50,5,150,82,631,457,1170,5.209724819663371,0.00584386856472352,2.5026388825649035
50,5,250,82,631,503,1216,5.414551607445008,0.006211252158281638,2.6599710429090107
50,5,500,82,631,559,1272,5.663905957787871,0.0066127317625467585,2.8319048324976195
50,5,1000,82,631,620,1333,5.935524089411345,0.00694817968358305,2.97556052922712
50,5,2500,82,631,673,1386,6.171520170985841,0.007120503115609661,3.0493581029730707
50,5,5000,82,631,722,1435,6.389705227535844,0.00718745146881461,3.0780287600897953
50,5,10000,82,631,767,1480,6.590079259061358,0.007228522619550454,3.0956174956413913
50,5,50000,82,631,816,1529,6.808264315611363,0.007243130434034406,3.1018732976177597
50,5,200000,82,631,823,1536,6.839433609404222,0.007243130434034406,3.1018732976177597
50,10,1,82,877,20,979,4.3592483747439665,0.003764088039253266,1.6119721003476042
50,10,2,82,877,52,1011,4.501736574939888,0.00379168248452158,1.623789431779075
50,10,3,82,877,73,1032,4.595244456318461,0.003852529414791639,1.6498471522585858
50,10,5,82,877,102,1061,4.724374387746015,0.003937947902730166,1.6864276514325898
50,10,10,82,877,172,1131,5.036067325674592,0.0040770798852234336,1.7460109745925052
50,10,20,82,877,279,1238,5.512512245079704,0.004629774042288565,1.982702452560931
50,10,30,82,877,335,1294,5.761866595422567,0.005050761985800234,2.1629906956749654
50,10,50,82,877,376,1335,5.9444296019235905,0.005582321603489954,2.390631299309001
50,10,75,82,877,407,1366,6.0824650458633895,0.005924078007524702,2.536988606224816
50,10,100,82,877,425,1384,6.162614658473595,0.006084102534210378,2.605519169192152
50,10,150,82,877,457,1416,6.305102858669516,0.006383945192141083,2.733926898777099
50,10,250,82,877,503,1462,6.509929646451153,0.006751328785699201,2.8912590591212055
50,10,500,82,877,559,1518,6.759283996794016,0.007152808389964321,3.063192848709815
50,10,1000,82,877,620,1579,7.03090212841749,0.007488256311000613,3.2068485454393154
50,10,2500,82,877,673,1632,7.266898209991986,0.007660579743027224,3.280646119185266
50,10,5000,82,877,722,1681,7.485083266541989,0.007727528096232172,3.3093167763019906
50,10,10000,82,877,767,1726,7.6854572980675036,0.0077685992469680165,3.3269055118535866
50,10,50000,82,877,816,1775,7.903642354617508,0.007783207061451969,3.333161313829955
50,10,200000,82,877,823,1782,7.934811648410365,0.007783207061451969,3.333161313829955
50,20,1,82,1110,20,1212,5.396740582420518,0.004516653419815914,1.9342585039873892
50,20,2,82,1110,52,1244,5.53922878261644,0.004544247865084228,1.94607583541886
50,20,3,82,1110,73,1265,5.632736663995013,0.0046050947953542865,1.9721335558983706
50,20,5,82,1110,102,1294,5.761866595422567,0.004690513283292813,2.008714055072375
50,20,10,82,1110,172,1364,6.073559533351144,0.004829645265786081,2.0682973782322907
50,20,20,82,1110,279,1471,6.550004452756256,0.005382339422851212,2.304988856200716
50,20,30,82,1110,335,1527,6.7993588030991186,0.0058033273663628815,2.485277099314751
50,20,50,82,1110,376,1568,6.981921809600143,0.006334886984052601,2.7129177029487863
50,20,75,82,1110,407,1599,7.1199572535399405,0.00667664338808735,2.8592750098646014
50,20,100,82,1110,425,1617,7.200106866150147,0.006836667914773026,2.9278055728319368
50,20,150,82,1110,457,1649,7.3425950663460675,0.00713651057270373,3.0562133024168836
50,20,250,82,1110,503,1695,7.5474218541277045,0.007503894166261849,3.2135454627609907
50,20,500,82,1110,559,1751,7.796776204470568,0.007905373770526969,3.3854792523496
50,20,1000,82,1110,620,1812,8.068394336094043,0.00824082169156326,3.5291349490791006
50,20,2500,82,1110,673,1865,8.304390417668536,0.008413145123589871,3.602932522825051
50,20,5000,82,1110,722,1914,8.522575474218542,0.00848009347679482,3.6316031799417754
50,20,10000,82,1110,767,1959,8.722949505744056,0.008521164627530664,3.649191915493372
50,20,50000,82,1110,816,2008,8.94113456229406,0.008535772442014616,3.6554477174697397
50,20,200000,82,1110,823,2015,8.972303856086917,0.008535772442014616,3.6554477174697397
50,30,1,82,1234,20,1336,5.948882358179714,0.005397083301966837,2.3113029279061164
50,30,2,82,1234,52,1368,6.091370558375635,0.0054246777472351515,2.3231202593375873
50,30,3,82,1234,73,1389,6.184878439754208,0.00548552467750521,2.3491779798170978
50,30,5,82,1234,102,1418,6.314008371181762,0.005570943165443737,2.385758478991102
50,30,10,82,1234,172,1488,6.625701309110339,0.005710075147937005,2.445341802151017
50,30,20,82,1234,279,1595,7.10214622851545,0.006262769305002136,2.6820332801194424
50,30,30,82,1234,335,1651,7.351500578858314,0.006683757248513805,2.8623215232334775
50,30,50,82,1234,376,1692,7.534063585359338,0.007215316866203525,3.0899621268675133
50,30,75,82,1234,407,1723,7.672099029299136,0.007557073270238274,3.236319433783328
50,30,100,82,1234,425,1741,7.7522486419093415,0.00771709779692395,3.304849996750664
50,30,150,82,1234,457,1773,7.894736842105263,0.008016940454854654,3.4332577263356105
50,30,250,82,1234,503,1819,8.0995636298869,0.008384324048412772,3.5905898866797172
50,30,500,82,1234,559,1875,8.348917980229762,0.008785803652677893,3.7625236762683265
50,30,1000,82,1234,620,1936,8.620536111853237,0.009121251573714184,3.906179372997827
50,30,2500,82,1234,673,1989,8.856532193427732,0.009293575005740795,3.979976946743778
50,30,5000,82,1234,722,2038,9.074717249977736,0.009360523358945744,4.008647603860503
50,30,10000,82,1234,767,2083,9.27509128150325,0.009401594509681588,4.026236339412099
50,30,50000,82,1234,816,2132,9.493276338053255,0.00941620232416554,4.032492141388467
50,30,200000,82,1234,823,2139,9.524445631846113,0.00941620232416554,4.032492141388467
50,50,1,82,1348,20,1450,6.456496571377683,0.006039856218167772,2.5865706679190534
50,50,2,82,1348,52,1482,6.598984771573605,0.006067450663436086,2.5983879993505243
50,50,3,82,1348,73,1503,6.692492652952177,0.006128297593706145,2.6244457198300353
50,50,5,82,1348,102,1532,6.821622584379732,0.006213716081644671,2.661026219004039
50,50,10,82,1348,172,1602,7.133315522308309,0.006352848064137939,2.7206095421639547
50,50,20,82,1348,279,1709,7.60976044171342,0.00690554222120307,2.95730102013238
50,50,30,82,1348,335,1765,7.859114792056284,0.00732653016471474,3.1375892632464146
50,50,50,82,1348,376,1806,8.041677798557307,0.00785808978240446,3.365229866880451
50,50,75,82,1348,407,1837,8.179713242497105,0.008199846186439208,3.511587173796266
50,50,100,82,1348,425,1855,8.259862855107311,0.008359870713124884,3.580117736763601
50,50,150,82,1348,457,1887,8.402351055303232,0.008659713371055588,3.708525466348548
50,50,250,82,1348,503,1933,8.60717784308487,0.009027096964613707,3.865857626692655
50,50,500,82,1348,559,1989,8.856532193427732,0.009428576568878827,4.037791416281264
50,50,1000,82,1348,620,2050,9.128150325051207,0.009764024489915119,4.181447113010765
50,50,2500,82,1348,673,2103,9.3641464066257,0.00993634792194173,4.255244686756715
50,50,5000,82,1348,722,2152,9.582331463175706,0.010003296275146678,4.283915343873439
50,50,10000,82,1348,767,2197,9.78270549470122,0.010044367425882522,4.301504079425036
50,50,50000,82,1348,816,2246,10.000890551251224,0.010058975240366475,4.307759881401404
50,50,200000,82,1348,823,2253,10.032059845044081,0.010058975240366475,4.307759881401404
50,75,1,82,1422,20,1524,6.786000534330751,0.006605378277176527,2.8287556996576027
50,75,2,82,1422,52,1556,6.928488734526672,0.006632972722444841,2.8405730310890736
50,75,3,82,1422,73,1577,7.021996615905245,0.0066938196527149,2.866630751568584
50,75,5,82,1422,102,1606,7.151126547332799,0.006779238140653426,2.9032112507425882
50,75,10,82,1422,172,1676,7.4628194852613765,0.006918370123146694,2.9627945739025034
50,75,20,82,1422,279,1783,7.939264404666489,0.0074710642802118254,3.199486051870929
50,75,30,82,1422,335,1839,8.188618755009351,0.007892052223723495,3.3797742949849643
50,75,50,82,1422,376,1880,8.371181761510375,0.008423611841413214,3.607414898619
50,75,75,82,1422,407,1911,8.509217205450174,0.008765368245447963,3.7537722055348146
50,75,100,82,1422,425,1929,8.589366818060379,0.008925392772133639,3.8223027685021496
50,75,150,82,1422,457,1961,8.7318550182563,0.009225235430064344,3.950710498087097
50,75,250,82,1422,503,2007,8.936681806037937,0.009592619023622462,4.108042658431204
50,75,500,82,1422,559,2063,9.1860361563808,0.009994098627887582,4.279976448019813
50,75,1000,82,1422,620,2124,9.457654288004274,0.010329546548923874,4.423632144749313
50,75,2500,82,1422,673,2177,9.69365036957877,0.010501869980950485,4.497429718495264
50,75,5000,82,1422,722,2226,9.911835426128773,0.010568818334155433,4.526100375611988
50,75,10000,82,1422,767,2271,10.112209457654288,0.010609889484891277,4.543689111163585
50,75,50000,82,1422,816,2320,10.330394514204293,0.01062449729937523,4.549944913139953
50,75,200000,82,1422,823,2327,10.36156380799715,0.01062449729937523,4.549944913139953
50,100,1,82,1455,20,1557,6.932941490782794,0.006787822429339535,2.9068874755596044
50,100,2,82,1455,52,1589,7.075429690978716,0.006815416874607849,2.9187048069910753
50,100,3,82,1455,73,1610,7.168937572357289,0.006876263804877908,2.944762527470586
50,100,5,82,1455,102,1639,7.298067503784843,0.006961682292816435,2.9813430266445904
50,100,10,82,1455,172,1709,7.60976044171342,0.0071008142753097026,3.0409263498045056
50,100,20,82,1455,279,1816,8.086205361118532,0.007653508432374834,3.277617827772931
50,100,30,82,1455,335,1872,8.335559711461395,0.008074496375886503,3.457906070886966
50,100,50,82,1455,376,1913,8.518122717962418,0.008606055993576223,3.6855466745210017
50,100,75,82,1455,407,1944,8.656158161902217,0.008947812397610971,3.8319039814368163
50,100,100,82,1455,425,1962,8.736307774512424,0.009107836924296647,3.900434544404152
50,100,150,82,1455,457,1994,8.878795974708344,0.009407679582227352,4.028842273989099
50,100,250,82,1455,503,2040,9.083622762489982,0.00977506317578547,4.186174434333205
50,100,500,82,1455,559,2096,9.332977112832843,0.01017654278005059,4.358108223921815
50,100,1000,82,1455,620,2157,9.604595244456318,0.010511990701086882,4.501763920651316
50,100,2500,82,1455,673,2210,9.840591326030813,0.010684314133113493,4.575561494397267
50,100,5000,82,1455,722,2259,10.058776382580817,0.010751262486318441,4.60423215151399
50,100,10000,82,1455,767,2304,10.259150414106331,0.010792333637054286,4.621820887065587
50,100,50000,82,1455,816,2353,10.477335470656337,0.010806941451538238,4.628076689041955
50,100,200000,82,1455,823,2360,10.508504764449194,0.010806941451538238,4.628076689041955
50,150,1,82,1497,20,1599,7.1199572535399405,0.006937750627974221,2.97109428229052
50,150,2,82,1497,52,1631,7.262445453735862,0.006965345073242535,2.982911613721991
50,150,3,82,1497,73,1652,7.355953335114436,0.0070261920035125935,3.008969334201502
50,150,5,82,1497,102,1681,7.485083266541989,0.00711161049145112,3.045549833375506
50,150,10,82,1497,172,1751,7.796776204470568,0.007250742473944388,3.1051331565354214
50,150,20,82,1497,279,1858,8.273221123875679,0.007803436631009519,3.3418246345038467
50,150,30,82,1497,335,1914,8.522575474218542,0.008224424574521189,3.522112877617882
50,150,50,82,1497,376,1955,8.705138480719565,0.008755984192210908,3.7497534812519175
50,150,75,82,1497,407,1986,8.843173924659364,0.009097740596245657,3.896110788167732
50,150,100,82,1497,425,2004,8.923323537269571,0.009257765122931333,3.9646413511350684
50,150,150,82,1497,457,2036,9.065811737465491,0.009557607780862037,4.093049080720014
50,150,250,82,1497,503,2082,9.270638525247128,0.009924991374420156,4.2503812410641215
50,150,500,82,1497,559,2138,9.51999287558999,0.010326470978685276,4.42231503065273
50,150,1000,82,1497,620,2199,9.791611007213465,0.010661918899721567,4.565970727382231
50,150,2500,82,1497,673,2252,10.02760708878796,0.010834242331748178,4.639768301128182
50,150,5000,82,1497,722,2301,10.245792145337965,0.010901190684953127,4.668438958244907
50,150,10000,82,1497,767,2346,10.446166176863478,0.010942261835688971,4.686027693796502
50,150,50000,82,1497,816,2395,10.664351233413482,0.010956869650172923,4.692283495772871
50,150,200000,82,1497,823,2402,10.695520527206341,0.010956869650172923,4.692283495772871
50,250,1,82,1526,20,1628,7.249087184967495,0.0070507524794329035,3.0194873671332325
50,250,2,82,1526,52,1660,7.391575385163416,0.007078346924701218,3.0313046985647034
50,250,3,82,1526,73,1681,7.485083266541989,0.007139193854971276,3.057362419044214
50,250,5,82,1526,102,1710,7.614213197969544,0.007224612342909803,3.0939429182182185
50,250,10,82,1526,172,1780,7.9259061358981215,0.007363744325403071,3.1535262413781338
50,250,20,82,1526,279,1887,8.402351055303232,0.007916438482468202,3.390217719346559
50,250,30,82,1526,335,1943,8.651705405646094,0.008337426425979871,3.570505962460594
50,250,50,82,1526,376,1984,8.834268412147118,0.008868986043669591,3.79814656609463
50,250,75,82,1526,407,2015,8.972303856086917,0.00921074244770434,3.9445038730104445
50,250,100,82,1526,425,2033,9.052453468697124,0.009370766974390016,4.013034435977779
50,250,150,82,1526,457,2065,9.194941668893044,0.00967060963232072,4.141442165562727
50,250,250,82,1526,503,2111,9.399768456674682,0.010037993225878838,4.298774325906834
50,250,500,82,1526,559,2167,9.649122807017543,0.010439472830143959,4.470708115495443
50,250,1000,82,1526,620,2228,9.92074093864102,0.01077492075118025,4.614363812224943
50,250,2500,82,1526,673,2281,10.156737020215513,0.010947244183206861,4.6881613859708935
50,250,5000,82,1526,722,2330,10.374922076765518,0.01101419253641181,4.716832043087619
50,250,10000,82,1526,767,2375,10.575296108291033,0.011055263687147654,4.7344207786392145
50,250,50000,82,1526,816,2424,10.793481164841037,0.011069871501631606,4.740676580615584
50,250,200000,82,1526,823,2431,10.824650458633894,0.011069871501631606,4.740676580615584
50,500,1,82,1545,20,1647,7.333689553833824,0.007121186201346386,3.0496506346934407
50,500,2,82,1545,52,1679,7.476177754029745,0.0071487806466147,3.061467966124911
50,500,3,82,1545,73,1700,7.569685635408317,0.007209627576884758,3.087525686604422
50,500,5,82,1545,102,1729,7.698815566835872,0.007295046064823285,3.1241061857784262
50,500,10,82,1545,172,1799,8.010508504764449,0.007434178047316553,3.1836895089383415
50,500,20,82,1545,279,1906,8.48695342416956,0.007986872204381684,3.4203809869067667
50,500,30,82,1545,335,1962,8.736307774512424,0.008407860147893353,3.600669230020802
50,500,50,82,1545,376,2003,8.918870781013448,0.008939419765583073,3.8283098336548376
50,500,75,82,1545,407,2034,9.056906224953245,0.009281176169617822,3.974667140570652
50,500,100,82,1545,425,2052,9.137055837563452,0.009441200696303498,4.043197703537988
50,500,150,82,1545,457,2084,9.279544037759372,0.009741043354234202,4.171605433122934
50,500,250,82,1545,503,2130,9.48437082554101,0.01010842694779232,4.3289375934670415
50,500,500,82,1545,559,2186,9.733725175883873,0.01050990655205744,4.50087138305565
50,500,1000,82,1545,620,2247,10.005343307507347,0.010845354473093732,4.644527079785152
50,500,2500,82,1545,673,2300,10.24133938908184,0.011017677905120343,4.718324653531102
50,500,5000,82,1545,722,2349,10.459524445631846,0.011084626258325292,4.746995310647827
50,500,10000,82,1545,767,2394,10.65989847715736,0.011125697409061136,4.764584046199423
50,500,50000,82,1545,816,2443,10.878083533707365,0.011140305223545088,4.770839848175791
50,500,200000,82,1545,823,2450,10.909252827500222,0.011140305223545088,4.770839848175791
50,1000,1,82,1550,20,1652,7.355953335114436,0.00712445291797742,3.051049607303553
50,1000,2,82,1550,52,1684,7.4984415353103575,0.007152047363245734,3.062866938735024
50,1000,3,82,1550,73,1705,7.59194941668893,0.0072128942935157925,3.088924659214535
50,1000,5,82,1550,102,1734,7.7210793481164846,0.007298312781454319,3.125505158388539
50,1000,10,82,1550,172,1804,8.032772286045061,0.007437444763947587,3.1850884815484544
50,1000,20,82,1550,279,1911,8.509217205450174,0.007990138921012718,3.4217799595168796
50,1000,30,82,1550,335,1967,8.758571555793036,0.008411126864524388,3.6020682026309148
50,1000,50,82,1550,376,2008,8.94113456229406,0.008942686482214107,3.8297088062649505
50,1000,75,82,1550,407,2039,9.079170006233857,0.009284442886248856,3.976066113180765
50,1000,100,82,1550,425,2057,9.159319618844064,0.009444467412934532,4.044596676148101
50,1000,150,82,1550,457,2089,9.301807819039984,0.009744310070865236,4.173004405733048
50,1000,250,82,1550,503,2135,9.506634606821622,0.010111693664423355,4.330336566077155
50,1000,500,82,1550,559,2191,9.755988957164485,0.010513173268688475,4.502270355665764
50,1000,1000,82,1550,620,2252,10.02760708878796,0.010848621189724766,4.645926052395264
50,1000,2500,82,1550,673,2305,10.263603170362455,0.011020944621751377,4.7197236261412145
50,1000,5000,82,1550,722,2354,10.481788226912458,0.011087892974956326,4.748394283257939
50,1000,10000,82,1550,767,2399,10.682162258437973,0.01112896412569217,4.765983018809536
50,1000,50000,82,1550,816,2448,10.900347314987977,0.011143571940176122,4.772238820785904
50,1000,200000,82,1550,823,2455,10.931516608780836,0.011143571940176122,4.772238820785904
50,2500,1,82,1553,20,1655,7.369311603882804,0.0071279438018040375,3.052544579598404
50,2500,2,82,1553,52,1687,7.511799804078725,0.007155538247072352,3.064361911029875
50,2500,3,82,1553,73,1708,7.605307685457298,0.00721638517734241,3.0904196315093855
50,2500,5,82,1553,102,1737,7.734437616884851,0.007301803665280937,3.1270001306833897
50,2500,10,82,1553,172,1807,8.04613055481343,0.007440935647774205,3.186583453843305
50,2500,20,82,1553,279,1914,8.522575474218542,0.007993629804839336,3.42327493181173
50,2500,30,82,1553,335,1970,8.771929824561402,0.008414617748351005,3.6035631749257653
50,2500,50,82,1553,376,2011,8.954492831062428,0.008946177366040725,3.831203778559801
50,2500,75,82,1553,407,2042,9.092528275002227,0.009287933770075474,3.9775610854756156
50,2500,100,82,1553,425,2060,9.172677887612432,0.00944795829676115,4.046091648442951
50,2500,150,82,1553,457,2092,9.315166087808354,0.009747800954691854,4.174499378027898
50,2500,250,82,1553,503,2138,9.51999287558999,0.010115184548249972,4.331831538372005
50,2500,500,82,1553,559,2194,9.769347225932853,0.010516664152515093,4.503765327960614
50,2500,1000,82,1553,620,2255,10.040965357556328,0.010852112073551384,4.647421024690114
50,2500,2500,82,1553,673,2308,10.276961439130822,0.011024435505577995,4.7212185984360655
50,2500,5000,82,1553,722,2357,10.495146495680826,0.011091383858782944,4.74988925555279
50,2500,10000,82,1553,767,2402,10.695520527206341,0.011132455009518788,4.7674779911043865
50,2500,50000,82,1553,816,2451,10.913705583756345,0.01114706282400274,4.773733793080755
50,2500,200000,82,1553,823,2458,10.944874877549204,0.01114706282400274,4.773733793080755
50,5000,1,82,1555,20,1657,7.3782171163950485,0.0071279438018040375,3.052544579598404
50,5000,2,82,1555,52,1689,7.52070531659097,0.007155538247072352,3.064361911029875
50,5000,3,82,1555,73,1710,7.614213197969544,0.00721638517734241,3.0904196315093855
50,5000,5,82,1555,102,1739,7.743343129397097,0.007301803665280937,3.1270001306833897
50,5000,10,82,1555,172,1809,8.055036067325675,0.007440935647774205,3.186583453843305
50,5000,20,82,1555,279,1916,8.531480986730786,0.007993629804839336,3.42327493181173
50,5000,30,82,1555,335,1972,8.780835337073649,0.008414617748351005,3.6035631749257653
50,5000,50,82,1555,376,2013,8.963398343574672,0.008946177366040725,3.831203778559801
50,5000,75,82,1555,407,2044,9.101433787514472,0.009287933770075474,3.9775610854756156
50,5000,100,82,1555,425,2062,9.181583400124676,0.00944795829676115,4.046091648442951
50,5000,150,82,1555,457,2094,9.324071600320599,0.009747800954691854,4.174499378027898
50,5000,250,82,1555,503,2140,9.528898388102235,0.010115184548249972,4.331831538372005
50,5000,500,82,1555,559,2196,9.778252738445097,0.010516664152515093,4.503765327960614
50,5000,1000,82,1555,620,2257,10.049870870068572,0.010852112073551384,4.647421024690114
50,5000,2500,82,1555,673,2310,10.285866951643067,0.011024435505577995,4.7212185984360655
50,5000,5000,82,1555,722,2359,10.50405200819307,0.011091383858782944,4.74988925555279
50,5000,10000,82,1555,767,2404,10.704426039718586,0.011132455009518788,4.7674779911043865
50,5000,50000,82,1555,816,2453,10.922611096268591,0.01114706282400274,4.773733793080755
50,5000,200000,82,1555,823,2460,10.953780390061448,0.01114706282400274,4.773733793080755
50,10000,1,82,1556,20,1658,7.382669872651171,0.0071279438018040375,3.052544579598404
50,10000,2,82,1556,52,1690,7.525158072847092,0.007155538247072352,3.064361911029875
50,10000,3,82,1556,73,1711,7.618665954225666,0.00721638517734241,3.0904196315093855
50,10000,5,82,1556,102,1740,7.747795885653219,0.007301803665280937,3.1270001306833897
50,10000,10,82,1556,172,1810,8.059488823581797,0.007440935647774205,3.186583453843305
50,10000,20,82,1556,279,1917,8.53593374298691,0.007993629804839336,3.42327493181173
50,10000,30,82,1556,335,1973,8.785288093329772,0.008414617748351005,3.6035631749257653
50,10000,50,82,1556,376,2014,8.967851099830796,0.008946177366040725,3.831203778559801
50,10000,75,82,1556,407,2045,9.105886543770595,0.009287933770075474,3.9775610854756156
50,10000,100,82,1556,425,2063,9.1860361563808,0.00944795829676115,4.046091648442951
50,10000,150,82,1556,457,2095,9.328524356576722,0.009747800954691854,4.174499378027898
50,10000,250,82,1556,503,2141,9.533351144358358,0.010115184548249972,4.331831538372005
50,10000,500,82,1556,559,2197,9.78270549470122,0.010516664152515093,4.503765327960614
50,10000,1000,82,1556,620,2258,10.054323626324695,0.010852112073551384,4.647421024690114
50,10000,2500,82,1556,673,2311,10.29031970789919,0.011024435505577995,4.7212185984360655
50,10000,5000,82,1556,722,2360,10.508504764449194,0.011091383858782944,4.74988925555279
50,10000,10000,82,1556,767,2405,10.708878795974709,0.011132455009518788,4.7674779911043865
50,10000,50000,82,1556,816,2454,10.927063852524713,0.01114706282400274,4.773733793080755
50,10000,200000,82,1556,823,2461,10.958233146317571,0.01114706282400274,4.773733793080755
50,50000,1,82,1557,20,1659,7.387122628907293,0.0071279438018040375,3.052544579598404
50,50000,2,82,1557,52,1691,7.529610829103214,0.007155538247072352,3.064361911029875
50,50000,3,82,1557,73,1712,7.623118710481788,0.00721638517734241,3.0904196315093855
50,50000,5,82,1557,102,1741,7.7522486419093415,0.007301803665280937,3.1270001306833897
50,50000,10,82,1557,172,1811,8.06394157983792,0.007440935647774205,3.186583453843305
50,50000,20,82,1557,279,1918,8.54038649924303,0.007993629804839336,3.42327493181173
50,50000,30,82,1557,335,1974,8.789740849585893,0.008414617748351005,3.6035631749257653
50,50000,50,82,1557,376,2015,8.972303856086917,0.008946177366040725,3.831203778559801
50,50000,75,82,1557,407,2046,9.110339300026716,0.009287933770075474,3.9775610854756156
50,50000,100,82,1557,425,2064,9.190488912636923,0.00944795829676115,4.046091648442951
50,50000,150,82,1557,457,2096,9.332977112832843,0.009747800954691854,4.174499378027898
50,50000,250,82,1557,503,2142,9.537803900614481,0.010115184548249972,4.331831538372005
50,50000,500,82,1557,559,2198,9.787158250957342,0.010516664152515093,4.503765327960614
50,50000,1000,82,1557,620,2259,10.058776382580817,0.010852112073551384,4.647421024690114
50,50000,2500,82,1557,673,2312,10.294772464155312,0.011024435505577995,4.7212185984360655
50,50000,5000,82,1557,722,2361,10.512957520705317,0.011091383858782944,4.74988925555279
50,50000,10000,82,1557,767,2406,10.713331552230832,0.011132455009518788,4.7674779911043865
50,50000,50000,82,1557,816,2455,10.931516608780836,0.01114706282400274,4.773733793080755
50,50000,200000,82,1557,823,2462,10.962685902573693,0.01114706282400274,4.773733793080755
50,200000,1,82,1557,20,1659,7.387122628907293,0.0071279438018040375,3.052544579598404
50,200000,2,82,1557,52,1691,7.529610829103214,0.007155538247072352,3.064361911029875
50,200000,3,82,1557,73,1712,7.623118710481788,0.00721638517734241,3.0904196315093855
50,200000,5,82,1557,102,1741,7.7522486419093415,0.007301803665280937,3.1270001306833897
50,200000,10,82,1557,172,1811,8.06394157983792,0.007440935647774205,3.186583453843305
50,200000,20,82,1557,279,1918,8.54038649924303,0.007993629804839336,3.42327493181173
50,200000,30,82,1557,335,1974,8.789740849585893,0.008414617748351005,3.6035631749257653
50,200000,50,82,1557,376,2015,8.972303856086917,0.008946177366040725,3.831203778559801
50,200000,75,82,1557,407,2046,9.110339300026716,0.009287933770075474,3.9775610854756156
50,200000,100,82,1557,425,2064,9.190488912636923,0.00944795829676115,4.046091648442951
50,200000,150,82,1557,457,2096,9.332977112832843,0.009747800954691854,4.174499378027898
50,200000,250,82,1557,503,2142,9.537803900614481,0.010115184548249972,4.331831538372005
50,200000,500,82,1557,559,2198,9.787158250957342,0.010516664152515093,4.503765327960614
50,200000,1000,82,1557,620,2259,10.058776382580817,0.010852112073551384,4.647421024690114
50,200000,2500,82,1557,673,2312,10.294772464155312,0.011024435505577995,4.7212185984360655
50,200000,5000,82,1557,722,2361,10.512957520705317,0.011091383858782944,4.74988925555279
50,200000,10000,82,1557,767,2406,10.713331552230832,0.011132455009518788,4.7674779911043865
50,200000,50000,82,1557,816,2455,10.931516608780836,0.01114706282400274,4.773733793080755
50,200000,200000,82,1557,823,2462,10.962685902573693,0.01114706282400274,4.773733793080755
75,1,1,114,240,20,374,1.6653308397898299,0.0015472359920085943,0.662604388038249
75,1,2,114,240,52,406,1.8078190399857512,0.0015748304372769084,0.6744217194697198
75,1,3,114,240,73,427,1.9013269213643245,0.0016356773675469671,0.7004794399492305
75,1,5,114,240,102,456,2.030456852791878,0.0017210958554854938,0.7370599391232348
75,1,10,114,240,172,526,2.3421497907204563,0.0018602278379787618,0.7966432622831501
75,1,20,114,240,279,633,2.8185947101255677,0.002412921995043893,1.0333347402515756
75,1,30,114,240,335,689,3.06794906046843,0.002833909938555562,1.2136229833656105
75,1,50,114,240,376,730,3.250512066969454,0.003365469556245282,1.441263586999646
75,1,75,114,240,407,761,3.3885475109092527,0.0037072259602800306,1.587620893915461
75,1,100,114,240,425,779,3.4686971235194584,0.0038672504869657065,1.6561514568827964
75,1,150,114,240,457,811,3.6111853237153797,0.004167093144896411,1.784559186467743
75,1,250,114,240,503,857,3.8160121114970162,0.004534476738454529,1.9418913468118502
75,1,500,114,240,559,913,4.065366461839879,0.0049359563427196496,2.113825136400459
75,1,1000,114,240,620,974,4.336984593463354,0.005271404263755941,2.25748083312996
75,1,2500,114,240,673,1027,4.572980675037849,0.005443727695782552,2.3312784068759105
75,1,5000,114,240,722,1076,4.791165731587853,0.005510676048987501,2.359949063992635
75,1,10000,114,240,767,1121,4.991539763113368,0.005551747199723345,2.377537799544231
75,1,50000,114,240,816,1170,5.209724819663371,0.005566355014207297,2.3837936015206
75,1,200000,114,240,823,1177,5.240894113456229,0.005566355014207297,2.3837936015206
75,2,1,114,382,20,516,2.2976222281592307,0.002322438613254152,0.9945851984052857
75,2,2,114,382,52,548,2.440110428355152,0.002350033058522466,1.0064025298367565
75,2,3,114,382,73,569,2.533618309733725,0.0024108799887925247,1.0324602503162672
75,2,5,114,382,102,598,2.662748241161279,0.0024962984767310514,1.0690407494902714
75,2,10,114,382,172,668,2.974441179089857,0.0026354304592243194,1.1286240726501868
75,2,20,114,382,279,775,3.4508860984949687,0.0031881246162894505,1.3653155506186123
75,2,30,114,382,335,831,3.7002404488378304,0.0036091125598011198,1.5456037937326472
75,2,50,114,382,376,872,3.8828034553388546,0.0041406721774908395,1.7732443973666827
75,2,75,114,382,407,903,4.020838899278654,0.004482428581525588,1.919601704282498
75,2,100,114,382,425,921,4.100988511888859,0.004642453108211264,1.9881322672498332
75,2,150,114,382,457,953,4.24347671208478,0.004942295766141969,2.11653999683478
75,2,250,114,382,503,999,4.448303499866417,0.005309679359700087,2.273872157178887
75,2,500,114,382,559,1055,4.697657850209279,0.005711158963965207,2.4458059467674964
75,2,1000,114,382,620,1116,4.969275981832755,0.006046606885001499,2.589461643496997
75,2,2500,114,382,673,1169,5.205272063407249,0.00621893031702811,2.6632592172429472
75,2,5000,114,382,722,1218,5.423457119957254,0.006285878670233058,2.691929874359672
75,2,10000,114,382,767,1263,5.623831151482768,0.006326949820968902,2.709518609911268
75,2,50000,114,382,816,1312,5.842016208032772,0.006341557635452855,2.7157744118876366
75,2,200000,114,382,823,1319,5.87318550182563,0.006341557635452855,2.7157744118876366
75,3,1,114,482,20,616,2.7428978537714843,0.002858503677946822,1.2241552613911253
75,3,2,114,482,52,648,2.8853860539674057,0.002886098123215136,1.2359725928225964
75,3,3,114,482,73,669,2.978893935345979,0.002946945053485195,1.262030313302107
75,3,5,114,482,102,698,3.1080238667735327,0.0030323635414237216,1.298610812476111
75,3,10,114,482,172,768,3.419716804702111,0.0031714955239169895,1.3581941356360265
75,3,20,114,482,279,875,3.8961617241072224,0.0037241896809821207,1.5948856136044516
75,3,30,114,482,335,931,4.145516074450085,0.00414517762449379,1.7751738567184867
75,3,50,114,482,376,972,4.328079080951109,0.00467673724218351,2.002814460352522
75,3,75,114,482,407,1003,4.466114524890907,0.005018493646218258,2.1491717672683377
75,3,100,114,482,425,1021,4.5462641375011135,0.005178518172903934,2.2177023302356726
75,3,150,114,482,457,1053,4.688752337697035,0.005478360830834639,2.3461100598206195
75,3,250,114,482,503,1099,4.893579125478671,0.005845744424392757,2.5034422201647266
75,3,500,114,482,559,1155,5.1429334758215335,0.006247224028657877,2.675376009753336
75,3,1000,114,482,620,1216,5.414551607445008,0.006582671949694169,2.8190317064828365
75,3,2500,114,482,673,1269,5.650547689019502,0.00675499538172078,2.8928292802287867
75,3,5000,114,482,722,1318,5.868732745569508,0.006821943734925728,2.9214999373455117
75,3,10000,114,482,767,1363,6.069106777095022,0.0068630148856615725,2.9390886728971077
75,3,50000,114,482,816,1412,6.287291833645026,0.006877622700145525,2.945344474873476
75,3,200000,114,482,823,1419,6.318461127437884,0.006877622700145525,2.945344474873476
75,5,1,114,631,20,765,3.4063585359337427,0.003440702594202011,1.4734821634372732
75,5,2,114,631,52,797,3.548846736129664,0.003468297039470325,1.4852994948687441
75,5,3,114,631,73,818,3.6423546175082375,0.0035291439697403837,1.5113572153482546
75,5,5,114,631,102,847,3.771484548935791,0.0036145624576789104,1.547937714522259
75,5,10,114,631,172,917,4.083177486864369,0.0037536944401721783,1.6075210376821742
75,5,20,114,631,279,1024,4.55962240626948,0.0043063885972373095,1.8442125156505995
75,5,30,114,631,335,1080,4.808976756612343,0.004727376540748979,2.024500758764635
75,5,50,114,631,376,1121,4.991539763113368,0.0052589361584386984,2.25214136239867
75,5,75,114,631,407,1152,5.129575207053166,0.005600692562473447,2.398498669314485
75,5,100,114,631,425,1170,5.209724819663371,0.005760717089159123,2.4670292322818206
75,5,150,114,631,457,1202,5.352213019859293,0.006060559747089828,2.5954369618667674
75,5,250,114,631,503,1248,5.55703980764093,0.006427943340647946,2.7527691222108746
75,5,500,114,631,559,1304,5.806394157983792,0.006829422944913066,2.924702911799484
75,5,1000,114,631,620,1365,6.078012289607266,0.007164870865949358,3.0683586085289845
75,5,2500,114,631,673,1418,6.314008371181762,0.0073371942979759686,3.1421561822749347
75,5,5000,114,631,722,1467,6.532193427731765,0.007404142651180917,3.170826839391659
75,5,10000,114,631,767,1512,6.73256745925728,0.007445213801916761,3.1884155749432557
75,5,50000,114,631,816,1561,6.9507525158072845,0.007459821616400714,3.1946713769196236
75,5,200000,114,631,823,1568,6.981921809600143,0.007459821616400714,3.1946713769196236
75,10,1,114,877,20,1011,4.501736574939888,0.003980779221619574,1.7047701796494685
75,10,2,114,877,52,1043,4.644224775135809,0.004008373666887888,1.7165875110809394
75,10,3,114,877,73,1064,4.737732656514383,0.0040692205971579465,1.74264523156045
75,10,5,114,877,102,1093,4.866862587941936,0.004154639085096473,1.7792257307344541
75,10,10,114,877,172,1163,5.178555525870514,0.004293771067589741,1.8388090538943695
75,10,20,114,877,279,1270,5.6550004452756255,0.004846465224654872,2.0755005318627946
75,10,30,114,877,335,1326,5.904354795618487,0.0052674531681665415,2.2557887749768297
75,10,50,114,877,376,1367,6.086917802119512,0.005799012785856261,2.4834293786108654
75,10,75,114,877,407,1398,6.224953246059311,0.00614076918989101,2.62978668552668
75,10,100,114,877,425,1416,6.305102858669516,0.006300793716576686,2.698317248494016
75,10,150,114,877,457,1448,6.447591058865437,0.00660063637450739,2.8267249780789627
75,10,250,114,877,503,1494,6.652417846647074,0.006968019968065509,2.9840571384230694
75,10,500,114,877,559,1550,6.9017721969899375,0.007369499572330629,3.1559909280116787
75,10,1000,114,877,620,1611,7.1733903286134115,0.00770494749336692,3.2996466247411793
75,10,2500,114,877,673,1664,7.409386410187907,0.007877270925393531,3.37344419848713
75,10,5000,114,877,722,1713,7.62757146673791,0.00794421927859848,3.402114855603854
75,10,10000,114,877,767,1758,7.827945498263425,0.007985290429334324,3.4197035911554505
75,10,50000,114,877,816,1807,8.04613055481343,0.007999898243818276,3.425959393131819
75,10,200000,114,877,823,1814,8.077299848606287,0.007999898243818276,3.425959393131819
75,20,1,114,1110,20,1244,5.53922878261644,0.004733344602182221,2.0270565832892533
75,20,2,114,1110,52,1276,5.68171698281236,0.004760939047450535,2.038873914720724
75,20,3,114,1110,73,1297,5.7752248641909345,0.004821785977720594,2.0649316352002347
75,20,5,114,1110,102,1326,5.904354795618487,0.004907204465659121,2.101512134374239
75,20,10,114,1110,172,1396,6.216047733547065,0.005046336448152389,2.1610954575341546
75,20,20,114,1110,279,1503,6.692492652952177,0.00559903060521752,2.39778693550258
75,20,30,114,1110,335,1559,6.94184700329504,0.006020018548729189,2.5780751786166145
75,20,50,114,1110,376,1600,7.1244100097960645,0.006551578166418909,2.80571578225065
75,20,75,114,1110,407,1631,7.262445453735862,0.0068933345704536575,2.9520730891664653
75,20,100,114,1110,425,1649,7.3425950663460675,0.007053359097139333,3.020603652133801
75,20,150,114,1110,457,1681,7.485083266541989,0.007353201755070038,3.149011381718748
75,20,250,114,1110,503,1727,7.689910054323626,0.007720585348628156,3.3063435420628546
75,20,500,114,1110,559,1783,7.939264404666489,0.008122064952893276,3.478277331651464
75,20,1000,114,1110,620,1844,8.210882536289963,0.008457512873929568,3.6219330283809645
75,20,2500,114,1110,673,1897,8.446878617864458,0.008629836305956179,3.6957306021269147
75,20,5000,114,1110,722,1946,8.665063674414462,0.008696784659161128,3.7244012592436397
75,20,10000,114,1110,767,1991,8.865437705939977,0.008737855809896972,3.7419899947952353
75,20,50000,114,1110,816,2040,9.083622762489982,0.008752463624380924,3.7482457967716036
75,20,200000,114,1110,823,2047,9.11479205628284,0.008752463624380924,3.7482457967716036
75,30,1,114,1234,20,1368,6.091370558375635,0.005613774484333145,2.4041010072079803
75,30,2,114,1234,52,1400,6.233858758571556,0.005641368929601459,2.415918338639451
75,30,3,114,1234,73,1421,6.327366639950129,0.005702215859871518,2.4419760591189617
75,30,5,114,1234,102,1450,6.456496571377683,0.0057876343478100445,2.4785565582929663
75,30,10,114,1234,172,1520,6.768189509306261,0.0059267663303033125,2.538139881452881
75,30,20,114,1234,279,1627,7.244634428711372,0.006479460487368444,2.7748313594213068
75,30,30,114,1234,335,1683,7.493988779054235,0.006900448430880113,2.955119602535342
75,30,50,114,1234,376,1724,7.676551785555259,0.0074320080485698325,3.182760206169377
75,30,75,114,1234,407,1755,7.814587229495057,0.007773764452604581,3.3291175130851927
75,30,100,114,1234,425,1773,7.894736842105263,0.007933788979290257,3.3976480760525276
75,30,150,114,1234,457,1805,8.037225042301184,0.008233631637220962,3.5260558056374744
75,30,250,114,1234,503,1851,8.24205183008282,0.00860101523077908,3.683387965981581
75,30,500,114,1234,559,1907,8.491406180425685,0.0090024948350442,3.855321755570191
75,30,1000,114,1234,620,1968,8.763024312049158,0.009337942756080492,3.9989774522996915
75,30,2500,114,1234,673,2021,8.999020393623653,0.009510266188107103,4.072775026045642
75,30,5000,114,1234,722,2070,9.217205450173656,0.009577214541312051,4.101445683162367
75,30,10000,114,1234,767,2115,9.417579481699171,0.009618285692047895,4.119034418713962
75,30,50000,114,1234,816,2164,9.635764538249177,0.009632893506531848,4.125290220690331
75,30,200000,114,1234,823,2171,9.666933832042034,0.009632893506531848,4.125290220690331
75,50,1,114,1348,20,1482,6.598984771573605,0.006256547400534079,2.6793687472209173
75,50,2,114,1348,52,1514,6.741472971769526,0.006284141845802393,2.6911860786523882
75,50,3,114,1348,73,1535,6.834980853148098,0.006344988776072452,2.7172437991318987
75,50,5,114,1348,102,1564,6.964110784575653,0.006430407264010979,2.7538242983059034
75,50,10,114,1348,172,1634,7.2758037225042305,0.006569539246504247,2.8134076214658186
75,50,20,114,1348,279,1741,7.7522486419093415,0.007122233403569378,3.050099099434244
75,50,30,114,1348,335,1797,8.001602992252204,0.007543221347081047,3.230387342548279
75,50,50,114,1348,376,1838,8.18416599875323,0.008074780964770767,3.4580279461823147
75,50,75,114,1348,407,1869,8.322201442693027,0.008416537368805516,3.6043852530981293
75,50,100,114,1348,425,1887,8.402351055303232,0.008576561895491192,3.6729158160654647
75,50,150,114,1348,457,1919,8.544839255499154,0.008876404553421896,3.801323545650412
75,50,250,114,1348,503,1965,8.74966604328079,0.009243788146980014,3.958655705994519
75,50,500,114,1348,559,2021,8.999020393623653,0.009645267751245135,4.130589495583128
75,50,1000,114,1348,620,2082,9.270638525247128,0.009980715672281426,4.274245192312629
75,50,2500,114,1348,673,2135,9.506634606821622,0.010153039104308037,4.348042766058579
75,50,5000,114,1348,722,2184,9.724819663371626,0.010219987457512986,4.376713423175304
75,50,10000,114,1348,767,2229,9.92519369489714,0.01026105860824883,4.3943021587269
75,50,50000,114,1348,816,2278,10.143378751447147,0.010275666422732782,4.400557960703268
75,50,200000,114,1348,823,2285,10.174548045240003,0.010275666422732782,4.400557960703268
75,75,1,114,1422,20,1556,6.928488734526672,0.006822069459542834,2.9215537789594666
75,75,2,114,1422,52,1588,7.0709769347225935,0.0068496639048111485,2.9333711103909375
75,75,3,114,1422,73,1609,7.164484816101166,0.006910510835081207,2.959428830870448
75,75,5,114,1422,102,1638,7.2936147475287205,0.006995929323019734,2.996009330044452
75,75,10,114,1422,172,1708,7.605307685457298,0.007135061305513002,3.055592653204368
75,75,20,114,1422,279,1815,8.081752604862409,0.007687755462578133,3.292284131172793
75,75,30,114,1422,335,1871,8.331106955205273,0.008108743406089802,3.472572374286828
75,75,50,114,1422,376,1912,8.513669961706297,0.008640303023779522,3.700212977920864
75,75,75,114,1422,407,1943,8.651705405646094,0.00898205942781427,3.8465702848366785
75,75,100,114,1422,425,1961,8.7318550182563,0.009142083954499947,3.9151008478040135
75,75,150,114,1422,457,1993,8.874343218452221,0.009441926612430651,4.043508577388961
75,75,250,114,1422,503,2039,9.079170006233857,0.00980931020598877,4.200840737733068
75,75,500,114,1422,559,2095,9.328524356576722,0.01021078981025389,4.372774527321677
75,75,1000,114,1422,620,2156,9.600142488200197,0.010546237731290181,4.516430224051177
75,75,2500,114,1422,673,2209,9.836138569774691,0.010718561163316792,4.5902277977971275
75,75,5000,114,1422,722,2258,10.054323626324695,0.01078550951652174,4.618898454913853
75,75,10000,114,1422,767,2303,10.254697657850208,0.010826580667257585,4.6364871904654485
75,75,50000,114,1422,816,2352,10.472882714400214,0.010841188481741537,4.642742992441818
75,75,200000,114,1422,823,2359,10.50405200819307,0.010841188481741537,4.642742992441818
75,100,1,114,1455,20,1589,7.075429690978716,0.007004513611705843,2.9996855548614683
75,100,2,114,1455,52,1621,7.217917891174637,0.007032108056974157,3.011502886292939
75,100,3,114,1455,73,1642,7.311425772553211,0.0070929549872442155,3.03756060677245
75,100,5,114,1455,102,1671,7.440555703980764,0.007178373475182742,3.0741411059464543
75,100,10,114,1455,172,1741,7.7522486419093415,0.00731750545767601,3.1337244291063695
75,100,20,114,1455,279,1848,8.228693561314454,0.007870199614741141,3.3704159070747948
75,100,30,114,1455,335,1904,8.478047911657317,0.00829118755825281,3.55070415018883
75,100,50,114,1455,376,1945,8.66061091815834,0.00882274717594253,3.778344753822865
75,100,75,114,1455,407,1976,8.79864636209814,0.009164503579977279,3.9247020607386807
75,100,100,114,1455,425,1994,8.878795974708344,0.009324528106662955,3.993232623706016
75,100,150,114,1455,457,2026,9.021284174904267,0.00962437076459366,4.121640353290963
75,100,250,114,1455,503,2072,9.226110962685903,0.009991754358151778,4.278972513635069
75,100,500,114,1455,559,2128,9.475465313028765,0.010393233962416898,4.450906303223679
75,100,1000,114,1455,620,2189,9.74708344465224,0.01072868188345319,4.5945619999531795
75,100,2500,114,1455,673,2242,9.983079526226735,0.0109010053154798,4.668359573699131
75,100,5000,114,1455,722,2291,10.201264582776739,0.010967953668684749,4.697030230815854
75,100,10000,114,1455,767,2336,10.401638614302252,0.011009024819420593,4.714618966367451
75,100,50000,114,1455,816,2385,10.619823670852258,0.011023632633904545,4.720874768343819
75,100,200000,114,1455,823,2392,10.650992964645116,0.011023632633904545,4.720874768343819
75,150,1,114,1497,20,1631,7.262445453735862,0.007154441810340528,3.0638923615923845
75,150,2,114,1497,52,1663,7.404933653931783,0.007182036255608842,3.0757096930238554
75,150,3,114,1497,73,1684,7.4984415353103575,0.007242883185878901,3.101767413503366
75,150,5,114,1497,102,1713,7.62757146673791,0.007328301673817428,3.13834791267737
75,150,10,114,1497,172,1783,7.939264404666489,0.007467433656310696,3.1979312358372853
75,150,20,114,1497,279,1890,8.415709324071601,0.008020127813375827,3.4346227138057106
75,150,30,114,1497,335,1946,8.665063674414462,0.008441115756887496,3.6149109569197457
75,150,50,114,1497,376,1987,8.847626680915486,0.008972675374577216,3.8425515605537814
75,150,75,114,1497,407,2018,8.985662124855285,0.009314431778611965,3.988908867469596
75,150,100,114,1497,425,2036,9.065811737465491,0.00947445630529764,4.057439430436932
75,150,150,114,1497,457,2068,9.208299937661412,0.009774298963228345,4.185847160021878
75,150,250,114,1497,503,2114,9.41312672544305,0.010141682556786463,4.343179320365985
75,150,500,114,1497,559,2170,9.662481075785912,0.010543162161051584,4.515113109954594
75,150,1000,114,1497,620,2231,9.934099207409385,0.010878610082087875,4.658768806684096
75,150,2500,114,1497,673,2284,10.17009528898388,0.011050933514114486,4.732566380430046
75,150,5000,114,1497,722,2333,10.388280345533886,0.011117881867319435,4.7612370375467705
75,150,10000,114,1497,767,2378,10.588654377059399,0.011158953018055279,4.778825773098367
75,150,50000,114,1497,816,2427,10.806839433609404,0.011173560832539231,4.785081575074735
75,150,200000,114,1497,823,2434,10.838008727402263,0.011173560832539231,4.785081575074735
75,250,1,114,1526,20,1660,7.391575385163416,0.007267443661799211,3.1122854464350964
75,250,2,114,1526,52,1692,7.534063585359338,0.007295038107067525,3.1241027778665673
75,250,3,114,1526,73,1713,7.62757146673791,0.007355885037337584,3.1501604983460783
75,250,5,114,1526,102,1742,7.756701398165465,0.007441303525276111,3.186740997520082
75,250,10,114,1526,172,1812,8.068394336094043,0.007580435507769379,3.2463243206799977
75,250,20,114,1526,279,1919,8.544839255499154,0.00813312966483451,3.483015798648423
75,250,30,114,1526,335,1975,8.794193605842015,0.008554117608346179,3.663304041762458
75,250,50,114,1526,376,2016,8.97675661234304,0.009085677226035899,3.8909446453964938
75,250,75,114,1526,407,2047,9.11479205628284,0.009427433630070647,4.037301952312308
75,250,100,114,1526,425,2065,9.194941668893044,0.009587458156756323,4.105832515279644
75,250,150,114,1526,457,2097,9.337429869088966,0.009887300814687028,4.234240244864591
75,250,250,114,1526,503,2143,9.542256656870602,0.010254684408245146,4.391572405208698
75,250,500,114,1526,559,2199,9.791611007213465,0.010656164012510266,4.563506194797307
75,250,1000,114,1526,620,2260,10.06322913883694,0.010991611933546558,4.707161891526808
75,250,2500,114,1526,673,2313,10.299225220411435,0.011163935365573169,4.780959465272758
75,250,5000,114,1526,722,2362,10.517410276961439,0.011230883718778117,4.809630122389483
75,250,10000,114,1526,767,2407,10.717784308486953,0.011271954869513962,4.827218857941079
75,250,50000,114,1526,816,2456,10.935969365036959,0.011286562683997914,4.833474659917448
75,250,200000,114,1526,823,2463,10.967138658829816,0.011286562683997914,4.833474659917448
75,500,1,114,1545,20,1679,7.476177754029745,0.007337877383712693,3.142448713995304
75,500,2,114,1545,52,1711,7.618665954225666,0.007365471828981007,3.1542660454267755
75,500,3,114,1545,73,1732,7.712173835604238,0.007426318759251066,3.180323765906286
75,500,5,114,1545,102,1761,7.841303767031793,0.007511737247189593,3.21690426508029
75,500,10,114,1545,172,1831,8.15299670496037,0.007650869229682861,3.2764875882402054
75,500,20,114,1545,279,1938,8.629441624365482,0.008203563386747992,3.513179066208631
75,500,30,114,1545,335,1994,8.878795974708344,0.008624551330259661,3.6934673093226658
75,500,50,114,1545,376,2035,9.06135898120937,0.00915611094794938,3.9211079129567015
75,500,75,114,1545,407,2066,9.199394425149167,0.00949786735198413,4.067465219872517
75,500,100,114,1545,425,2084,9.279544037759372,0.009657891878669805,4.135995782839852
75,500,150,114,1545,457,2116,9.422032237955294,0.00995773453660051,4.264403512424799
75,500,250,114,1545,503,2162,9.62685902573693,0.010325118130158628,4.421735672768906
75,500,500,114,1545,559,2218,9.876213376079795,0.010726597734423748,4.593669462357515
75,500,1000,114,1545,620,2279,10.147831507703268,0.01106204565546004,4.737325159087016
75,500,2500,114,1545,673,2332,10.383827589277763,0.01123436908748665,4.811122732832966
75,500,5000,114,1545,722,2381,10.602012645827767,0.0113013174406916,4.8397933899496905
75,500,10000,114,1545,767,2426,10.802386677353281,0.011342388591427444,4.857382125501287
75,500,50000,114,1545,816,2475,11.020571733903287,0.011356996405911396,4.863637927477655
75,500,200000,114,1545,823,2482,11.051741027696144,0.011356996405911396,4.863637927477655
75,1000,1,114,1550,20,1684,7.4984415353103575,0.007341144100343727,3.1438476866054175
75,1000,2,114,1550,52,1716,7.640929735506279,0.007368738545612041,3.155665018036888
75,1000,3,114,1550,73,1737,7.734437616884851,0.0074295854758821,3.181722738516399
75,1000,5,114,1550,102,1766,7.863567548312406,0.007515003963820627,3.218303237690403
75,1000,10,114,1550,172,1836,8.175260486240983,0.007654135946313895,3.2778865608503183
75,1000,20,114,1550,279,1943,8.651705405646094,0.008206830103379026,3.5145780388187435
75,1000,30,114,1550,335,1999,8.901059755988957,0.008627818046890695,3.6948662819327787
75,1000,50,114,1550,376,2040,9.083622762489982,0.009159377664580415,3.9225068855668144
75,1000,75,114,1550,407,2071,9.22165820642978,0.009501134068615164,4.0688641924826285
75,1000,100,114,1550,425,2089,9.301807819039984,0.00966115859530084,4.137394755449965
75,1000,150,114,1550,457,2121,9.444296019235907,0.009961001253231544,4.265802485034912
75,1000,250,114,1550,503,2167,9.649122807017543,0.010328384846789662,4.423134645379019
75,1000,500,114,1550,559,2223,9.898477157360407,0.010729864451054782,4.595068434967628
75,1000,1000,114,1550,620,2284,10.17009528898388,0.011065312372091074,4.738724131697128
75,1000,2500,114,1550,673,2337,10.406091370558377,0.011237635804117685,4.812521705443079
75,1000,5000,114,1550,722,2386,10.624276427108379,0.011304584157322634,4.841192362559803
75,1000,10000,114,1550,767,2431,10.824650458633894,0.011345655308058478,4.8587810981113995
75,1000,50000,114,1550,816,2480,11.0428355151839,0.01136026312254243,4.865036900087768
75,1000,200000,114,1550,823,2487,11.074004808976756,0.01136026312254243,4.865036900087768
75,2500,1,114,1553,20,1687,7.511799804078725,0.007344634984170345,3.145342658900268
75,2500,2,114,1553,52,1719,7.654288004274647,0.007372229429438659,3.1571599903317393
75,2500,3,114,1553,73,1740,7.747795885653219,0.007433076359708718,3.1832177108112494
75,2500,5,114,1553,102,1769,7.876925817080773,0.007518494847647245,3.2197982099852536
75,2500,10,114,1553,172,1839,8.188618755009351,0.007657626830140513,3.279381533145169
75,2500,20,114,1553,279,1946,8.665063674414462,0.008210320987205644,3.516073011113594
75,2500,30,114,1553,335,2002,8.914418024757325,0.008631308930717313,3.696361254227629
75,2500,50,114,1553,376,2043,9.096981031258348,0.009162868548407033,3.924001857861665
75,2500,75,114,1553,407,2074,9.235016475198147,0.009504624952441781,4.07035916477748
75,2500,100,114,1553,425,2092,9.315166087808354,0.009664649479127457,4.138889727744815
75,2500,150,114,1553,457,2124,9.457654288004274,0.009964492137058162,4.267297457329762
75,2500,250,114,1553,503,2170,9.662481075785912,0.01033187573061628,4.424629617673869
75,2500,500,114,1553,559,2226,9.911835426128773,0.0107333553348814,4.596563407262479
75,2500,1000,114,1553,620,2287,10.18345355775225,0.011068803255917692,4.740219103991979
75,2500,2500,114,1553,673,2340,10.419449639326743,0.011241126687944303,4.814016677737929
75,2500,5000,114,1553,722,2389,10.637634695876748,0.011308075041149251,4.842687334854654
75,2500,10000,114,1553,767,2434,10.838008727402263,0.011349146191885096,4.86027607040625
75,2500,50000,114,1553,816,2483,11.056193783952265,0.011363754006369048,4.866531872382619
75,2500,200000,114,1553,823,2490,11.087363077745124,0.011363754006369048,4.866531872382619
75,5000,1,114,1555,20,1689,7.52070531659097,0.007344634984170345,3.145342658900268
75,5000,2,114,1555,52,1721,7.663193516786891,0.007372229429438659,3.1571599903317393
75,5000,3,114,1555,73,1742,7.756701398165465,0.007433076359708718,3.1832177108112494
75,5000,5,114,1555,102,1771,7.885831329593018,0.007518494847647245,3.2197982099852536
75,5000,10,114,1555,172,1841,8.197524267521596,0.007657626830140513,3.279381533145169
75,5000,20,114,1555,279,1948,8.673969186926708,0.008210320987205644,3.516073011113594
75,5000,30,114,1555,335,2004,8.923323537269571,0.008631308930717313,3.696361254227629
75,5000,50,114,1555,376,2045,9.105886543770595,0.009162868548407033,3.924001857861665
75,5000,75,114,1555,407,2076,9.243921987710394,0.009504624952441781,4.07035916477748
75,5000,100,114,1555,425,2094,9.324071600320599,0.009664649479127457,4.138889727744815
75,5000,150,114,1555,457,2126,9.466559800516519,0.009964492137058162,4.267297457329762
75,5000,250,114,1555,503,2172,9.671386588298155,0.01033187573061628,4.424629617673869
75,5000,500,114,1555,559,2228,9.92074093864102,0.0107333553348814,4.596563407262479
75,5000,1000,114,1555,620,2289,10.192359070264494,0.011068803255917692,4.740219103991979
75,5000,2500,114,1555,673,2342,10.42835515183899,0.011241126687944303,4.814016677737929
75,5000,5000,114,1555,722,2391,10.646540208388993,0.011308075041149251,4.842687334854654
75,5000,10000,114,1555,767,2436,10.846914239914508,0.011349146191885096,4.86027607040625
75,5000,50000,114,1555,816,2485,11.065099296464512,0.011363754006369048,4.866531872382619
75,5000,200000,114,1555,823,2492,11.096268590257369,0.011363754006369048,4.866531872382619
75,10000,1,114,1556,20,1690,7.525158072847092,0.007344634984170345,3.145342658900268
75,10000,2,114,1556,52,1722,7.6676462730430135,0.007372229429438659,3.1571599903317393
75,10000,3,114,1556,73,1743,7.761154154421587,0.007433076359708718,3.1832177108112494
75,10000,5,114,1556,102,1772,7.8902840858491405,0.007518494847647245,3.2197982099852536
75,10000,10,114,1556,172,1842,8.201977023777719,0.007657626830140513,3.279381533145169
75,10000,20,114,1556,279,1949,8.67842194318283,0.008210320987205644,3.516073011113594
75,10000,30,114,1556,335,2005,8.927776293525692,0.008631308930717313,3.696361254227629
75,10000,50,114,1556,376,2046,9.110339300026716,0.009162868548407033,3.924001857861665
75,10000,75,114,1556,407,2077,9.248374743966515,0.009504624952441781,4.07035916477748
75,10000,100,114,1556,425,2095,9.328524356576722,0.009664649479127457,4.138889727744815
75,10000,150,114,1556,457,2127,9.471012556772642,0.009964492137058162,4.267297457329762
75,10000,250,114,1556,503,2173,9.67583934455428,0.01033187573061628,4.424629617673869
75,10000,500,114,1556,559,2229,9.92519369489714,0.0107333553348814,4.596563407262479
75,10000,1000,114,1556,620,2290,10.196811826520616,0.011068803255917692,4.740219103991979
75,10000,2500,114,1556,673,2343,10.43280790809511,0.011241126687944303,4.814016677737929
75,10000,5000,114,1556,722,2392,10.650992964645116,0.011308075041149251,4.842687334854654
75,10000,10000,114,1556,767,2437,10.85136699617063,0.011349146191885096,4.86027607040625
75,10000,50000,114,1556,816,2486,11.069552052720635,0.011363754006369048,4.866531872382619
75,10000,200000,114,1556,823,2493,11.100721346513492,0.011363754006369048,4.866531872382619
75,50000,1,114,1557,20,1691,7.529610829103214,0.007344634984170345,3.145342658900268
75,50000,2,114,1557,52,1723,7.672099029299136,0.007372229429438659,3.1571599903317393
75,50000,3,114,1557,73,1744,7.765606910677709,0.007433076359708718,3.1832177108112494
75,50000,5,114,1557,102,1773,7.894736842105263,0.007518494847647245,3.2197982099852536
75,50000,10,114,1557,172,1843,8.206429780033842,0.007657626830140513,3.279381533145169
75,50000,20,114,1557,279,1950,8.682874699438953,0.008210320987205644,3.516073011113594
75,50000,30,114,1557,335,2006,8.932229049781814,0.008631308930717313,3.696361254227629
75,50000,50,114,1557,376,2047,9.11479205628284,0.009162868548407033,3.924001857861665
75,50000,75,114,1557,407,2078,9.252827500222638,0.009504624952441781,4.07035916477748
75,50000,100,114,1557,425,2096,9.332977112832843,0.009664649479127457,4.138889727744815
75,50000,150,114,1557,457,2128,9.475465313028765,0.009964492137058162,4.267297457329762
75,50000,250,114,1557,503,2174,9.680292100810401,0.01033187573061628,4.424629617673869
75,50000,500,114,1557,559,2230,9.929646451153264,0.0107333553348814,4.596563407262479
75,50000,1000,114,1557,620,2291,10.201264582776739,0.011068803255917692,4.740219103991979
75,50000,2500,114,1557,673,2344,10.437260664351234,0.011241126687944303,4.814016677737929
75,50000,5000,114,1557,722,2393,10.655445720901238,0.011308075041149251,4.842687334854654
75,50000,10000,114,1557,767,2438,10.855819752426752,0.011349146191885096,4.86027607040625
75,50000,50000,114,1557,816,2487,11.074004808976756,0.011363754006369048,4.866531872382619
75,50000,200000,114,1557,823,2494,11.105174102769615,0.011363754006369048,4.866531872382619
75,200000,1,114,1557,20,1691,7.529610829103214,0.007344634984170345,3.145342658900268
75,200000,2,114,1557,52,1723,7.672099029299136,0.007372229429438659,3.1571599903317393
75,200000,3,114,1557,73,1744,7.765606910677709,0.007433076359708718,3.1832177108112494
75,200000,5,114,1557,102,1773,7.894736842105263,0.007518494847647245,3.2197982099852536
75,200000,10,114,1557,172,1843,8.206429780033842,0.007657626830140513,3.279381533145169
75,200000,20,114,1557,279,1950,8.682874699438953,0.008210320987205644,3.516073011113594
75,200000,30,114,1557,335,2006,8.932229049781814,0.008631308930717313,3.696361254227629
75,200000,50,114,1557,376,2047,9.11479205628284,0.009162868548407033,3.924001857861665
75,200000,75,114,1557,407,2078,9.252827500222638,0.009504624952441781,4.07035916477748
75,200000,100,114,1557,425,2096,9.332977112832843,0.009664649479127457,4.138889727744815
75,200000,150,114,1557,457,2128,9.475465313028765,0.009964492137058162,4.267297457329762
75,200000,250,114,1557,503,2174,9.680292100810401,0.01033187573061628,4.424629617673869
75,200000,500,114,1557,559,2230,9.929646451153264,0.0107333553348814,4.596563407262479
75,200000,1000,114,1557,620,2291,10.201264582776739,0.011068803255917692,4.740219103991979
75,200000,2500,114,1557,673,2344,10.437260664351234,0.011241126687944303,4.814016677737929
75,200000,5000,114,1557,722,2393,10.655445720901238,0.011308075041149251,4.842687334854654
75,200000,10000,114,1557,767,2438,10.855819752426752,0.011349146191885096,4.86027607040625
75,200000,50000,114,1557,816,2487,11.074004808976756,0.011363754006369048,4.866531872382619
75,200000,200000,114,1557,823,2494,11.105174102769615,0.011363754006369048,4.866531872382619
100,1,1,123,240,20,383,1.705405646094933,0.0015587396938595288,0.6675308526270268
100,1,2,123,240,52,415,1.847893846290854,0.001586334139127843,0.6793481840584977
100,1,3,123,240,73,436,1.9414017276694273,0.0016471810693979017,0.7054059045380083
100,1,5,123,240,102,465,2.070531659096981,0.0017325995573364283,0.7419864037120125
100,1,10,123,240,172,535,2.3822245970255587,0.0018717315398296963,0.8015697268719278
100,1,20,123,240,279,642,2.8586695164306706,0.0024244256968948275,1.0382612048403532
100,1,30,123,240,335,698,3.1080238667735327,0.0028454136404064967,1.2185494479543884
100,1,50,123,240,376,739,3.290586873274557,0.0033769732580962164,1.446190051588424
100,1,75,123,240,407,770,3.4286223172143555,0.003718729662130965,1.592547358504239
100,1,100,123,240,425,788,3.508771929824561,0.003878754188816641,1.6610779214715745
100,1,150,123,240,457,820,3.6512601300204826,0.0041785968467473456,1.7894856510565211
100,1,250,123,240,503,866,3.856086917802119,0.004545980440305464,1.9468178114006283
100,1,500,123,240,559,922,4.105441268144982,0.004947460044570584,2.118751600989237
100,1,1000,123,240,620,983,4.377059399768457,0.005282907965606876,2.2624072977187377
100,1,2500,123,240,673,1036,4.613055481342951,0.0054552313976334865,2.336204871464689
100,1,5000,123,240,722,1085,4.831240537892956,0.005522179750838435,2.364875528581413
100,1,10000,123,240,767,1130,5.03161456941847,0.005563250901574279,2.3824642641330094
100,1,50000,123,240,816,1179,5.249799625968475,0.005577858716058232,2.3887200661093773
100,1,200000,123,240,823,1186,5.2809689197613325,0.005577858716058232,2.3887200661093773
100,2,1,123,382,20,525,2.3376970344643335,0.0023339423151050864,0.9995116629940636
100,2,2,123,382,52,557,2.480185234660255,0.0023615367603734005,1.0113289944255346
100,2,3,123,382,73,578,2.573693116038828,0.0024223836906434593,1.037386714905045
100,2,5,123,382,102,607,2.7028230474663815,0.002507802178581986,1.0739672140790495
100,2,10,123,382,172,677,3.0145159853949597,0.002646934161075254,1.1335505372389647
100,2,20,123,382,279,784,3.4909609048000716,0.003199628318140385,1.37024201520739
100,2,30,123,382,335,840,3.7403152551429333,0.0036206162616520543,1.550530258321425
100,2,50,123,382,376,881,3.9228782616439575,0.004152175879341774,1.7781708619554606
100,2,75,123,382,407,912,4.060913705583756,0.004493932283376523,1.9245281688712756
100,2,100,123,382,425,930,4.141063318193962,0.004653956810062199,1.9930587318386113
100,2,150,123,382,457,962,4.283551518389883,0.004953799467992903,2.121466461423558
100,2,250,123,382,503,1008,4.48837830617152,0.005321183061551021,2.278798621767665
100,2,500,123,382,559,1064,4.737732656514383,0.005722662665816142,2.450732411356274
100,2,1000,123,382,620,1125,5.009350788137858,0.006058110586852433,2.5943881080857745
100,2,2500,123,382,673,1178,5.245346869712352,0.006230434018879044,2.6681856818317256
100,2,5000,123,382,722,1227,5.463531926262356,0.006297382372083993,2.6968563389484497
100,2,10000,123,382,767,1272,5.663905957787871,0.006338453522819837,2.714445074500046
100,2,50000,123,382,816,1321,5.882091014337875,0.006353061337303789,2.720700876476414
100,2,200000,123,382,823,1328,5.913260308130733,0.006353061337303789,2.720700876476414
100,3,1,123,482,20,625,2.782972660076587,0.0028700073797977566,1.2290817259799032
100,3,2,123,482,52,657,2.9254608602725085,0.0028976018250660707,1.240899057411374
100,3,3,123,482,73,678,3.018968741651082,0.0029584487553361294,1.2669567778908846
100,3,5,123,482,102,707,3.1480986730786356,0.003043867243274656,1.303537277064889
100,3,10,123,482,172,777,3.4597916110072133,0.003182999225767924,1.3631206002248042
100,3,20,123,482,279,884,3.9362365304123252,0.003735693382833055,1.5998120781932297
100,3,30,123,482,335,940,4.185590880755187,0.004156681326344724,1.7801003213072646
100,3,50,123,482,376,981,4.368153887256212,0.004688240944034444,2.0077409249413
100,3,75,123,482,407,1012,4.50618933119601,0.005029997348069193,2.154098231857115
100,3,100,123,482,425,1030,4.586338943806216,0.005190021874754869,2.222628794824451
100,3,150,123,482,457,1062,4.728827144002137,0.005489864532685573,2.351036524409398
100,3,250,123,482,503,1108,4.933653931783774,0.0058572481262436915,2.5083686847535045
100,3,500,123,482,559,1164,5.183008282126637,0.006258727730508812,2.6803024743421133
100,3,1000,123,482,620,1225,5.454626413750111,0.006594175651545103,2.8239581710716144
100,3,2500,123,482,673,1278,5.690622495324606,0.006766499083571714,2.897755744817565
100,3,5000,123,482,722,1327,5.90880755187461,0.006833447436776663,2.926426401934289
100,3,10000,123,482,767,1372,6.109181583400124,0.006874518587512507,2.9440151374858856
100,3,50000,123,482,816,1421,6.327366639950129,0.006889126401996459,2.950270939462254
100,3,200000,123,482,823,1428,6.358535933742987,0.006889126401996459,2.950270939462254
100,5,1,123,631,20,774,3.4464333422388456,0.0034522062960529454,1.478408628026051
100,5,2,123,631,52,806,3.588921542434767,0.0034798007413212595,1.490225959457522
100,5,3,123,631,73,827,3.6824294238133404,0.003540647671591318,1.5162836799370325
100,5,5,123,631,102,856,3.811559355240894,0.003626066159529845,1.5528641791110367
100,5,10,123,631,172,926,4.123252293169473,0.003765198142023113,1.6124475022709521
100,5,20,123,631,279,1033,4.599697212574584,0.004317892299088244,1.8491389802393776
100,5,30,123,631,335,1089,4.849051562917446,0.004738880242599913,2.0294272233534123
100,5,50,123,631,376,1130,5.03161456941847,0.005270439860289633,2.257067826987448
100,5,75,123,631,407,1161,5.169650013358269,0.005612196264324382,2.403425133903263
100,5,100,123,631,425,1179,5.249799625968475,0.005772220791010058,2.4719556968705985
100,5,150,123,631,457,1211,5.392287826164396,0.006072063448940762,2.6003634264555453
100,5,250,123,631,503,1257,5.597114613946032,0.00643944704249888,2.7576955867996524
100,5,500,123,631,559,1313,5.846468964288895,0.006840926646764001,2.9296293763882613
100,5,1000,123,631,620,1374,6.11808709591237,0.007176374567800292,3.073285073117762
100,5,2500,123,631,673,1427,6.3540831774868645,0.007348697999826903,3.147082646863713
100,5,5000,123,631,722,1476,6.572268234036868,0.007415646353031852,3.175753303980437
100,5,10000,123,631,767,1521,6.772642265562383,0.007456717503767696,3.1933420395320335
100,5,50000,123,631,816,1570,6.990827322112388,0.007471325318251648,3.199597841508402
100,5,200000,123,631,823,1577,7.021996615905245,0.007471325318251648,3.199597841508402
100,10,1,123,877,20,1020,4.541811381244991,0.003992282923470508,1.7096966442382462
100,10,2,123,877,52,1052,4.6842995814409125,0.004019877368738822,1.721513975669717
100,10,3,123,877,73,1073,4.777807462819485,0.004080724299008881,1.7475716961492278
100,10,5,123,877,102,1102,4.906937394247039,0.004166142786947408,1.7841521953232318
100,10,10,123,877,172,1172,5.218630332175617,0.004305274769440676,1.8437355184831472
100,10,20,123,877,279,1279,5.695075251580729,0.004857968926505807,2.080426996451573
100,10,30,123,877,335,1335,5.9444296019235905,0.005278956870017476,2.2607152395656076
100,10,50,123,877,376,1376,6.126992608424615,0.005810516487707196,2.4883558431996433
100,10,75,123,877,407,1407,6.265028052364413,0.0061522728917419445,2.6347131501154584
100,10,100,123,877,425,1425,6.345177664974619,0.00631229741842762,2.7032437130827933
100,10,150,123,877,457,1457,6.48766586517054,0.006612140076358325,2.8316514426677406
100,10,250,123,877,503,1503,6.692492652952177,0.006979523669916443,2.9889836030118477
100,10,500,123,877,559,1559,6.94184700329504,0.0073810032741815634,3.160917392600456
100,10,1000,123,877,620,1620,7.213465134918515,0.007716451195217855,3.3045730893299576
100,10,2500,123,877,673,1673,7.449461216493009,0.007888774627244466,3.3783706630759083
100,10,5000,123,877,722,1722,7.6676462730430135,0.007955722980449415,3.4070413201926324
100,10,10000,123,877,767,1767,7.868020304568528,0.007996794131185259,3.424630055744229
100,10,50000,123,877,816,1816,8.086205361118532,0.008011401945669211,3.4308858577205967
100,10,200000,123,877,823,1823,8.117374654911389,0.008011401945669211,3.4308858577205967
100,20,1,123,1110,20,1253,5.579303588921542,0.004744848304033156,2.031983047878031
100,20,2,123,1110,52,1285,5.7217917891174634,0.00477244274930147,2.043800379309502
100,20,3,123,1110,73,1306,5.815299670496037,0.0048332896795715286,2.0698580997890126
100,20,5,123,1110,102,1335,5.9444296019235905,0.004918708167510055,2.106438598963017
100,20,10,123,1110,172,1405,6.256122539852169,0.005057840150003323,2.166021922122932
100,20,20,123,1110,279,1512,6.73256745925728,0.005610534307068454,2.4027134000913577
100,20,30,123,1110,335,1568,6.981921809600143,0.006031522250580124,2.583001643205393
100,20,50,123,1110,376,1609,7.164484816101166,0.006563081868269843,2.8106422468394285
100,20,75,123,1110,407,1640,7.302520260040965,0.006904838272304592,2.956999553755243
100,20,100,123,1110,425,1658,7.382669872651171,0.007064862798990268,3.0255301167225785
100,20,150,123,1110,457,1690,7.525158072847092,0.0073647054569209724,3.1539378463075254
100,20,250,123,1110,503,1736,7.729984860628729,0.007732089050479091,3.311270006651632
100,20,500,123,1110,559,1792,7.979339210971591,0.008133568654744211,3.483203796240242
100,20,1000,123,1110,620,1853,8.250957342595067,0.008469016575780502,3.6268594929697424
100,20,2500,123,1110,673,1906,8.48695342416956,0.008641340007807113,3.700657066715693
100,20,5000,123,1110,722,1955,8.705138480719565,0.008708288361012062,3.729327723832417
100,20,10000,123,1110,767,2000,8.90551251224508,0.008749359511747906,3.7469164593840136
100,20,50000,123,1110,816,2049,9.123697568795084,0.008763967326231858,3.7531722613603815
100,20,200000,123,1110,823,2056,9.154866862587943,0.008763967326231858,3.7531722613603815
100,30,1,123,1234,20,1377,6.131445364680737,0.0056252781861840795,2.409027471796758
100,30,2,123,1234,52,1409,6.273933564876659,0.005652872631452394,2.420844803228229
100,30,3,123,1234,73,1430,6.367441446255231,0.005713719561722452,2.44690252370774
100,30,5,123,1234,102,1459,6.496571377682786,0.005799138049660979,2.483483022881744
100,30,10,123,1234,172,1529,6.808264315611363,0.005938270032154247,2.5430663460416594
100,30,20,123,1234,279,1636,7.284709235016475,0.006490964189219378,2.7797578240100846
100,30,30,123,1234,335,1692,7.534063585359338,0.006911952132731047,2.9600460671241198
100,30,50,123,1234,376,1733,7.716626591860362,0.007443511750420767,3.187686670758155
100,30,75,123,1234,407,1764,7.8546620358001595,0.007785268154455516,3.33404397767397
100,30,100,123,1234,425,1782,7.934811648410365,0.007945292681141192,3.402574540641306
100,30,150,123,1234,457,1814,8.077299848606287,0.008245135339071896,3.5309822702262523
100,30,250,123,1234,503,1860,8.282126636387924,0.008612518932630014,3.6883144305703595
100,30,500,123,1234,559,1916,8.531480986730786,0.009013998536895135,3.8602482201589683
100,30,1000,123,1234,620,1977,8.803099118354261,0.009349446457931426,4.003903916888469
100,30,2500,123,1234,673,2030,9.039095199928756,0.009521769889958037,4.0777014906344204
100,30,5000,123,1234,722,2079,9.25728025647876,0.009588718243162986,4.106372147751144
100,30,10000,123,1234,767,2124,9.457654288004274,0.00962978939389883,4.123960883302741
100,30,50000,123,1234,816,2173,9.67583934455428,0.009644397208382782,4.130216685279109
100,30,200000,123,1234,823,2180,9.707008638347137,0.009644397208382782,4.130216685279109
100,50,1,123,1348,20,1491,6.639059577878707,0.006268051102385014,2.6842952118096957
100,50,2,123,1348,52,1523,6.7815477780746285,0.006295645547653328,2.6961125432411666
100,50,3,123,1348,73,1544,6.875055659453201,0.006356492477923387,2.722170263720677
100,50,5,123,1348,102,1573,7.0041855908807555,0.006441910965861913,2.7587507628946812
100,50,10,123,1348,172,1643,7.315878528809333,0.006581042948355181,2.8183340860545965
100,50,20,123,1348,279,1750,7.792323448214445,0.0071337371054203125,3.0550255640230217
100,50,30,123,1348,335,1806,8.041677798557307,0.007554725048931982,3.2353138071370564
100,50,50,123,1348,376,1847,8.224240805058331,0.008086284666621701,3.462954410771092
100,50,75,123,1348,407,1878,8.36227624899813,0.00842804107065645,3.6093117176869076
100,50,100,123,1348,425,1896,8.442425861608335,0.008588065597342126,3.677842280654243
100,50,150,123,1348,457,1928,8.584914061804257,0.00888790825527283,3.80625001023919
100,50,250,123,1348,503,1974,8.789740849585893,0.009255291848830949,3.963582170583297
100,50,500,123,1348,559,2030,9.039095199928756,0.009656771453096069,4.135515960171906
100,50,1000,123,1348,620,2091,9.31071333155223,0.00999221937413236,4.279171656901407
100,50,2500,123,1348,673,2144,9.546709413126726,0.010164542806158972,4.352969230647357
100,50,5000,123,1348,722,2193,9.76489446967673,0.01023149115936392,4.381639887764082
100,50,10000,123,1348,767,2238,9.965268501202244,0.010272562310099764,4.399228623315678
100,50,50000,123,1348,816,2287,10.18345355775225,0.010287170124583717,4.4054844252920455
100,50,200000,123,1348,823,2294,10.214622851545107,0.010287170124583717,4.4054844252920455
100,75,1,123,1422,20,1565,6.968563540831775,0.006833573161393769,2.9264802435482444
100,75,2,123,1422,52,1597,7.111051741027696,0.006861167606662083,2.9382975749797153
100,75,3,123,1422,73,1618,7.2045596224062685,0.006922014536932142,2.964355295459226
100,75,5,123,1422,102,1647,7.333689553833824,0.0070074330248706684,3.00093579463323
100,75,10,123,1422,172,1717,7.645382491762401,0.007146565007363936,3.0605191177931457
100,75,20,123,1422,279,1824,8.121827411167512,0.0076992591644290675,3.297210595761571
100,75,30,123,1422,335,1880,8.371181761510375,0.008120247107940737,3.4774988388756056
100,75,50,123,1422,376,1921,8.5537447680114,0.008651806725630456,3.705139442509641
100,75,75,123,1422,407,1952,8.691780211951198,0.008993563129665205,3.8514967494254564
100,75,100,123,1422,425,1970,8.771929824561402,0.009153587656350881,3.920027312392792
100,75,150,123,1422,457,2002,8.914418024757325,0.009453430314281586,4.048435041977739
100,75,250,123,1422,503,2048,9.11924481253896,0.009820813907839704,4.205767202321846
100,75,500,123,1422,559,2104,9.368599162881825,0.010222293512104824,4.377700991910455
100,75,1000,123,1422,620,2165,9.640217294505298,0.010557741433141116,4.521356688639956
100,75,2500,123,1422,673,2218,9.876213376079795,0.010730064865167727,4.595154262385906
100,75,5000,123,1422,722,2267,10.094398432629797,0.010797013218372675,4.62382491950263
100,75,10000,123,1422,767,2312,10.294772464155312,0.01083808436910852,4.641413655054227
100,75,50000,123,1422,816,2361,10.512957520705317,0.010852692183592472,4.647669457030594
100,75,200000,123,1422,823,2368,10.544126814498174,0.010852692183592472,4.647669457030594
100,100,1,123,1455,20,1598,7.115504497283818,0.007016017313556777,3.004612019450246
100,100,2,123,1455,52,1630,7.2579926974797395,0.007043611758825091,3.0164293508817175
100,100,3,123,1455,73,1651,7.351500578858314,0.00710445868909515,3.042487071361228
100,100,5,123,1455,102,1680,7.480630510285867,0.007189877177033677,3.079067570535232
100,100,10,123,1455,172,1750,7.792323448214445,0.007329009159526945,3.1386508936951474
100,100,20,123,1455,279,1857,8.268768367619558,0.007881703316592076,3.3753423716635726
100,100,30,123,1455,335,1913,8.518122717962418,0.008302691260103745,3.555630614777608
100,100,50,123,1455,376,1954,8.700685724463444,0.008834250877793465,3.7832712184116435
100,100,75,123,1455,407,1985,8.838721168403243,0.009176007281828213,3.929628525327458
100,100,100,123,1455,425,2003,8.918870781013448,0.00933603180851389,3.998159088294794
100,100,150,123,1455,457,2035,9.06135898120937,0.009635874466444594,4.12656681787974
100,100,250,123,1455,503,2081,9.266185768991006,0.010003258060002712,4.2838989782238475
100,100,500,123,1455,559,2137,9.515540119333869,0.010404737664267832,4.455832767812456
100,100,1000,123,1455,620,2198,9.787158250957342,0.010740185585304124,4.599488464541957
100,100,2500,123,1455,673,2251,10.023154332531838,0.010912509017330735,4.673286038287908
100,100,5000,123,1455,722,2300,10.24133938908184,0.010979457370535683,4.701956695404633
100,100,10000,123,1455,767,2345,10.441713420607355,0.011020528521271528,4.719545430956229
100,100,50000,123,1455,816,2394,10.65989847715736,0.01103513633575548,4.725801232932597
100,100,200000,123,1455,823,2401,10.69106777095022,0.01103513633575548,4.725801232932597
100,150,1,123,1497,20,1640,7.302520260040965,0.007165945512191463,3.0688188261811624
100,150,2,123,1497,52,1672,7.4450084602368864,0.007193539957459777,3.0806361576126333
100,150,3,123,1497,73,1693,7.53851634161546,0.007254386887729836,3.106693878092144
100,150,5,123,1497,102,1722,7.6676462730430135,0.007339805375668362,3.1432743772661484
100,150,10,123,1497,172,1792,7.979339210971591,0.00747893735816163,3.2028577004260637
100,150,20,123,1497,279,1899,8.455784130376703,0.008031631515226761,3.439549178394489
100,150,30,123,1497,335,1955,8.705138480719565,0.00845261945873843,3.619837421508524
100,150,50,123,1497,376,1996,8.887701487220589,0.00898417907642815,3.8474780251425598
100,150,75,123,1497,407,2027,9.025736931160388,0.009325935480462899,3.9938353320583744
100,150,100,123,1497,425,2045,9.105886543770595,0.009485960007148575,4.062365895025709
100,150,150,123,1497,457,2077,9.248374743966515,0.00978580266507928,4.190773624610657
100,150,250,123,1497,503,2123,9.453201531748153,0.010153186258637398,4.348105784954764
100,150,500,123,1497,559,2179,9.702555882091014,0.010554665862902518,4.520039574543373
100,150,1000,123,1497,620,2240,9.974174013714489,0.01089011378393881,4.663695271272873
100,150,2500,123,1497,673,2293,10.210170095288984,0.01106243721596542,4.737492845018823
100,150,5000,123,1497,722,2342,10.42835515183899,0.01112938556917037,4.766163502135549
100,150,10000,123,1497,767,2387,10.628729183364502,0.011170456719906213,4.783752237687144
100,150,50000,123,1497,816,2436,10.846914239914508,0.011185064534390166,4.790008039663514
100,150,200000,123,1497,823,2443,10.878083533707365,0.011185064534390166,4.790008039663514
100,250,1,123,1526,20,1669,7.43165019146852,0.007278947363650146,3.1172119110238743
100,250,2,123,1526,52,1701,7.574138391664441,0.00730654180891846,3.129029242455345
100,250,3,123,1526,73,1722,7.6676462730430135,0.0073673887391885184,3.155086962934856
100,250,5,123,1526,102,1751,7.796776204470568,0.007452807227127045,3.1916674621088603
100,250,10,123,1526,172,1821,8.108469142399146,0.007591939209620313,3.2512507852687755
100,250,20,123,1526,279,1928,8.584914061804257,0.008144633366685444,3.487942263237201
100,250,30,123,1526,335,1984,8.834268412147118,0.008565621310197113,3.668230506351236
100,250,50,123,1526,376,2025,9.016831418648144,0.009097180927886833,3.8958711099852716
100,250,75,123,1526,407,2056,9.154866862587943,0.009438937331921582,4.042228416901087
100,250,100,123,1526,425,2074,9.235016475198147,0.009598961858607258,4.110758979868422
100,250,150,123,1526,457,2106,9.37750467539407,0.009898804516537962,4.239166709453369
100,250,250,123,1526,503,2152,9.582331463175706,0.01026618811009608,4.396498869797476
100,250,500,123,1526,559,2208,9.831685813518568,0.010667667714361201,4.568432659386085
100,250,1000,123,1526,620,2269,10.103303945142043,0.011003115635397492,4.7120883561155855
100,250,2500,123,1526,673,2322,10.339300026716538,0.011175439067424103,4.785885929861536
100,250,5000,123,1526,722,2371,10.557485083266542,0.011242387420629052,4.814556586978261
100,250,10000,123,1526,767,2416,10.757859114792057,0.011283458571364896,4.832145322529857
100,250,50000,123,1526,816,2465,10.97604417134206,0.011298066385848848,4.838401124506225
100,250,200000,123,1526,823,2472,11.00721346513492,0.011298066385848848,4.838401124506225
100,500,1,123,1545,20,1688,7.516252560334848,0.007349381085563628,3.1473751785840824
100,500,2,123,1545,52,1720,7.658740760530769,0.007376975530831942,3.159192510015553
100,500,3,123,1545,73,1741,7.7522486419093415,0.0074378224611020005,3.185250230495064
100,500,5,123,1545,102,1770,7.881378573336896,0.007523240949040527,3.221830729669068
100,500,10,123,1545,172,1840,8.193071511265474,0.007662372931533795,3.2814140528289832
100,500,20,123,1545,279,1947,8.669516430670585,0.008215067088598926,3.5181055307974085
100,500,30,123,1545,335,2003,8.918870781013448,0.008636055032110596,3.6983937739114436
100,500,50,123,1545,376,2044,9.101433787514472,0.009167614649800315,3.9260343775454793
100,500,75,123,1545,407,2075,9.23946923145427,0.009509371053835064,4.072391684461294
100,500,100,123,1545,425,2093,9.319618844064475,0.00966939558052074,4.14092224742863
100,500,150,123,1545,457,2125,9.462107044260398,0.009969238238451444,4.269329977013577
100,500,250,123,1545,503,2171,9.666933832042034,0.010336621832009563,4.426662137357684
100,500,500,123,1545,559,2227,9.916288182384896,0.010738101436274683,4.598595926946293
100,500,1000,123,1545,620,2288,10.187906314008371,0.011073549357310974,4.742251623675793
100,500,2500,123,1545,673,2341,10.423902395582866,0.011245872789337585,4.816049197421744
100,500,5000,123,1545,722,2390,10.64208745213287,0.011312821142542534,4.844719854538469
100,500,10000,123,1545,767,2435,10.842461483658385,0.011353892293278378,4.862308590090065
100,500,50000,123,1545,816,2484,11.06064654020839,0.01136850010776233,4.868564392066433
100,500,200000,123,1545,823,2491,11.091815834001247,0.01136850010776233,4.868564392066433
100,1000,1,123,1550,20,1693,7.53851634161546,0.007352647802194662,3.1487741511941953
100,1000,2,123,1550,52,1725,7.681004541811381,0.007380242247462976,3.160591482625666
100,1000,3,123,1550,73,1746,7.774512423189954,0.007441089177733035,3.1866492031051767
100,1000,5,123,1550,102,1775,7.903642354617508,0.007526507665671561,3.223229702279181
100,1000,10,123,1550,172,1845,8.215335292546087,0.007665639648164829,3.282813025439096
100,1000,20,123,1550,279,1952,8.691780211951198,0.00821833380522996,3.5195045034075214
100,1000,30,123,1550,335,2008,8.94113456229406,0.00863932174874163,3.6997927465215565
100,1000,50,123,1550,376,2049,9.123697568795084,0.00917088136643135,3.9274333501555923
100,1000,75,123,1550,407,2080,9.261733012734883,0.009512637770466098,4.073790657071407
100,1000,100,123,1550,425,2098,9.341882625345088,0.009672662297151774,4.142321220038743
100,1000,150,123,1550,457,2130,9.48437082554101,0.009972504955082478,4.270728949623689
100,1000,250,123,1550,503,2176,9.689197613322646,0.010339888548640597,4.428061109967796
100,1000,500,123,1550,559,2232,9.93855196366551,0.010741368152905717,4.599994899556405
100,1000,1000,123,1550,620,2293,10.210170095288984,0.011076816073942009,4.743650596285906
100,1000,2500,123,1550,673,2346,10.446166176863478,0.01124913950596862,4.817448170031857
100,1000,5000,123,1550,722,2395,10.664351233413482,0.011316087859173568,4.846118827148581
100,1000,10000,123,1550,767,2440,10.864725264938997,0.011357159009909412,4.863707562700177
100,1000,50000,123,1550,816,2489,11.082910321489003,0.011371766824393365,4.869963364676546
100,1000,200000,123,1550,823,2496,11.11407961528186,0.011371766824393365,4.869963364676546
100,2500,1,123,1553,20,1696,7.551874610383827,0.00735613868602128,3.150269123489046
100,2500,2,123,1553,52,1728,7.694362810579748,0.007383733131289594,3.1620864549205168
100,2500,3,123,1553,73,1749,7.7878706919583225,0.0074445800615596525,3.1881441754000277
100,2500,5,123,1553,102,1778,7.917000623385875,0.007529998549498179,3.224724674574032
100,2500,10,123,1553,172,1848,8.228693561314454,0.007669130531991447,3.284307997733947
100,2500,20,123,1553,279,1955,8.705138480719565,0.008221824689056578,3.5209994757023724
100,2500,30,123,1553,335,2011,8.954492831062428,0.008642812632568247,3.7012877188164075
100,2500,50,123,1553,376,2052,9.137055837563452,0.009174372250257967,3.928928322450443
100,2500,75,123,1553,407,2083,9.27509128150325,0.009516128654292716,4.075285629366258
100,2500,100,123,1553,425,2101,9.355240894113455,0.009676153180978392,4.143816192333594
100,2500,150,123,1553,457,2133,9.497729094309378,0.009975995838909096,4.27222392191854
100,2500,250,123,1553,503,2179,9.702555882091014,0.010343379432467215,4.429556082262647
100,2500,500,123,1553,559,2235,9.951910232433876,0.010744859036732335,4.601489871851256
100,2500,1000,123,1553,620,2296,10.223528364057351,0.011080306957768626,4.745145568580757
100,2500,2500,123,1553,673,2349,10.459524445631846,0.011252630389795237,4.818943142326708
100,2500,5000,123,1553,722,2398,10.67770950218185,0.011319578743000186,4.847613799443432
100,2500,10000,123,1553,767,2443,10.878083533707365,0.01136064989373603,4.865202534995029
100,2500,50000,123,1553,816,2492,11.096268590257369,0.011375257708219982,4.871458336971397
100,2500,200000,123,1553,823,2499,11.127437884050227,0.011375257708219982,4.871458336971397
100,5000,1,123,1555,20,1698,7.560780122896073,0.00735613868602128,3.150269123489046
100,5000,2,123,1555,52,1730,7.703268323091994,0.007383733131289594,3.1620864549205168
100,5000,3,123,1555,73,1751,7.796776204470568,0.0074445800615596525,3.1881441754000277
100,5000,5,123,1555,102,1780,7.9259061358981215,0.007529998549498179,3.224724674574032
100,5000,10,123,1555,172,1850,8.237599073826699,0.007669130531991447,3.284307997733947
100,5000,20,123,1555,279,1957,8.714043993231812,0.008221824689056578,3.5209994757023724
100,5000,30,123,1555,335,2013,8.963398343574672,0.008642812632568247,3.7012877188164075
100,5000,50,123,1555,376,2054,9.145961350075698,0.009174372250257967,3.928928322450443
100,5000,75,123,1555,407,2085,9.283996794015495,0.009516128654292716,4.075285629366258
100,5000,100,123,1555,425,2103,9.3641464066257,0.009676153180978392,4.143816192333594
100,5000,150,123,1555,457,2135,9.506634606821622,0.009975995838909096,4.27222392191854
100,5000,250,123,1555,503,2181,9.711461394603258,0.010343379432467215,4.429556082262647
100,5000,500,123,1555,559,2237,9.960815744946123,0.010744859036732335,4.601489871851256
100,5000,1000,123,1555,620,2298,10.232433876569596,0.011080306957768626,4.745145568580757
100,5000,2500,123,1555,673,2351,10.468429958144092,0.011252630389795237,4.818943142326708
100,5000,5000,123,1555,722,2400,10.686615014694095,0.011319578743000186,4.847613799443432
100,5000,10000,123,1555,767,2445,10.88698904621961,0.01136064989373603,4.865202534995029
100,5000,50000,123,1555,816,2494,11.105174102769615,0.011375257708219982,4.871458336971397
100,5000,200000,123,1555,823,2501,11.136343396562472,0.011375257708219982,4.871458336971397
100,10000,1,123,1556,20,1699,7.565232879152195,0.00735613868602128,3.150269123489046
100,10000,2,123,1556,52,1731,7.707721079348116,0.007383733131289594,3.1620864549205168
100,10000,3,123,1556,73,1752,7.80122896072669,0.0074445800615596525,3.1881441754000277
100,10000,5,123,1556,102,1781,7.930358892154244,0.007529998549498179,3.224724674574032
100,10000,10,123,1556,172,1851,8.24205183008282,0.007669130531991447,3.284307997733947
100,10000,20,123,1556,279,1958,8.718496749487933,0.008221824689056578,3.5209994757023724
100,10000,30,123,1556,335,2014,8.967851099830796,0.008642812632568247,3.7012877188164075
100,10000,50,123,1556,376,2055,9.15041410633182,0.009174372250257967,3.928928322450443
100,10000,75,123,1556,407,2086,9.288449550271618,0.009516128654292716,4.075285629366258
100,10000,100,123,1556,425,2104,9.368599162881825,0.009676153180978392,4.143816192333594
100,10000,150,123,1556,457,2136,9.511087363077745,0.009975995838909096,4.27222392191854
100,10000,250,123,1556,503,2182,9.715914150859382,0.010343379432467215,4.429556082262647
100,10000,500,123,1556,559,2238,9.965268501202244,0.010744859036732335,4.601489871851256
100,10000,1000,123,1556,620,2299,10.236886632825719,0.011080306957768626,4.745145568580757
100,10000,2500,123,1556,673,2352,10.472882714400214,0.011252630389795237,4.818943142326708
100,10000,5000,123,1556,722,2401,10.69106777095022,0.011319578743000186,4.847613799443432
100,10000,10000,123,1556,767,2446,10.891441802475732,0.01136064989373603,4.865202534995029
100,10000,50000,123,1556,816,2495,11.109626859025736,0.011375257708219982,4.871458336971397
100,10000,200000,123,1556,823,2502,11.140796152818595,0.011375257708219982,4.871458336971397
100,50000,1,123,1557,20,1700,7.569685635408317,0.00735613868602128,3.150269123489046
100,50000,2,123,1557,52,1732,7.712173835604238,0.007383733131289594,3.1620864549205168
100,50000,3,123,1557,73,1753,7.8056817169828125,0.0074445800615596525,3.1881441754000277
100,50000,5,123,1557,102,1782,7.934811648410365,0.007529998549498179,3.224724674574032
100,50000,10,123,1557,172,1852,8.246504586338945,0.007669130531991447,3.284307997733947
100,50000,20,123,1557,279,1959,8.722949505744056,0.008221824689056578,3.5209994757023724
100,50000,30,123,1557,335,2015,8.972303856086917,0.008642812632568247,3.7012877188164075
100,50000,50,123,1557,376,2056,9.154866862587943,0.009174372250257967,3.928928322450443
100,50000,75,123,1557,407,2087,9.292902306527742,0.009516128654292716,4.075285629366258
100,50000,100,123,1557,425,2105,9.373051919137946,0.009676153180978392,4.143816192333594
100,50000,150,123,1557,457,2137,9.515540119333869,0.009975995838909096,4.27222392191854
100,50000,250,123,1557,503,2183,9.720366907115505,0.010343379432467215,4.429556082262647
100,50000,500,123,1557,559,2239,9.969721257458367,0.010744859036732335,4.601489871851256
100,50000,1000,123,1557,620,2300,10.24133938908184,0.011080306957768626,4.745145568580757
100,50000,2500,123,1557,673,2353,10.477335470656337,0.011252630389795237,4.818943142326708
100,50000,5000,123,1557,722,2402,10.695520527206341,0.011319578743000186,4.847613799443432
100,50000,10000,123,1557,767,2447,10.895894558731856,0.01136064989373603,4.865202534995029
100,50000,50000,123,1557,816,2496,11.11407961528186,0.011375257708219982,4.871458336971397
100,50000,200000,123,1557,823,2503,11.145248909074718,0.011375257708219982,4.871458336971397
100,200000,1,123,1557,20,1700,7.569685635408317,0.00735613868602128,3.150269123489046
100,200000,2,123,1557,52,1732,7.712173835604238,0.007383733131289594,3.1620864549205168
100,200000,3,123,1557,73,1753,7.8056817169828125,0.0074445800615596525,3.1881441754000277
100,200000,5,123,1557,102,1782,7.934811648410365,0.007529998549498179,3.224724674574032
100,200000,10,123,1557,172,1852,8.246504586338945,0.007669130531991447,3.284307997733947
100,200000,20,123,1557,279,1959,8.722949505744056,0.008221824689056578,3.5209994757023724
100,200000,30,123,1557,335,2015,8.972303856086917,0.008642812632568247,3.7012877188164075
100,200000,50,123,1557,376,2056,9.154866862587943,0.009174372250257967,3.928928322450443
100,200000,75,123,1557,407,2087,9.292902306527742,0.009516128654292716,4.075285629366258
100,200000,100,123,1557,425,2105,9.373051919137946,0.009676153180978392,4.143816192333594
100,200000,150,123,1557,457,2137,9.515540119333869,0.009975995838909096,4.27222392191854
100,200000,250,123,1557,503,2183,9.720366907115505,0.010343379432467215,4.429556082262647
100,200000,500,123,1557,559,2239,9.969721257458367,0.010744859036732335,4.601489871851256
100,200000,1000,123,1557,620,2300,10.24133938908184,0.011080306957768626,4.745145568580757
100,200000,2500,123,1557,673,2353,10.477335470656337,0.011252630389795237,4.818943142326708
100,200000,5000,123,1557,722,2402,10.695520527206341,0.011319578743000186,4.847613799443432
100,200000,10000,123,1557,767,2447,10.895894558731856,0.01136064989373603,4.865202534995029
100,200000,50000,123,1557,816,2496,11.11407961528186,0.011375257708219982,4.871458336971397
100,200000,200000,123,1557,823,2503,11.145248909074718,0.011375257708219982,4.871458336971397
150,1,1,151,240,20,411,1.8300828212663638,0.0016083866286446535,0.6887921708817599
150,1,2,151,240,52,443,1.9725710214622851,0.0016359810739129677,0.7006095023132308
150,1,3,151,240,73,464,2.066078902840858,0.0016968280041830264,0.7266672227927415
150,1,5,151,240,102,493,2.195208834268412,0.001782246492121553,0.7632477219667457
150,1,10,151,240,172,563,2.50690177219699,0.001921378474614821,0.8228310451266609
150,1,20,151,240,279,670,2.9833466916021014,0.002474072631679952,1.0595225230950864
150,1,30,151,240,335,726,3.232701041944964,0.0028950605751916214,1.2398107662091213
150,1,50,151,240,376,767,3.415264048445988,0.003426620192881341,1.467451369843157
150,1,75,151,240,407,798,3.5532994923857872,0.00376837659691609,1.613808676758972
150,1,100,151,240,425,816,3.633449104995993,0.003928401123601766,1.6823392397263073
150,1,150,151,240,457,848,3.7759373051919134,0.00422824378153247,1.8107469693112541
150,1,250,151,240,503,894,3.980764092973551,0.0045956273750905885,1.968079129655361
150,1,500,151,240,559,950,4.230118443316413,0.004997106979355709,2.1400129192439703
150,1,1000,151,240,620,1011,4.501736574939888,0.005332554900392,2.283668615973471
150,1,2500,151,240,673,1064,4.737732656514383,0.005504878332418611,2.3574661897194216
150,1,5000,151,240,722,1113,4.9559177130643866,0.00557182668562356,2.386136846836146
150,1,10000,151,240,767,1158,5.156291744589901,0.005612897836359404,2.403725582387742
150,1,50000,151,240,816,1207,5.374476801139905,0.005627505650843356,2.4099813843641105
150,1,200000,151,240,823,1214,5.405646094932763,0.005627505650843356,2.4099813843641105
150,2,1,151,382,20,553,2.4623742096357644,0.002383589249890211,1.020772981248797
150,2,2,151,382,52,585,2.6048624098316857,0.0024111836951585253,1.0325903126802678
150,2,3,151,382,73,606,2.698370291210259,0.002472030625428584,1.0586480331597783
150,2,5,151,382,102,635,2.8275002226378128,0.0025574491133671107,1.0952285323337825
150,2,10,151,382,172,705,3.1391931605663905,0.0026965810958603786,1.1548118554936977
150,2,20,151,382,279,812,3.6156380799715024,0.0032492752529255098,1.3915033334621232
150,2,30,151,382,335,868,3.8649924303143646,0.003670263196437179,1.571791576576158
150,2,50,151,382,376,909,4.047555436815388,0.004201822814126899,1.7994321802101938
150,2,75,151,382,407,940,4.185590880755187,0.0045435792181616474,1.9457894871260089
150,2,100,151,382,425,958,4.265740493365393,0.004703603744847323,2.0143200500933442
150,2,150,151,382,457,990,4.408228693561314,0.005003446402778028,2.1427277796782906
150,2,250,151,382,503,1036,4.613055481342951,0.005370829996336146,2.3000599400223978
150,2,500,151,382,559,1092,4.862409831685813,0.005772309600601266,2.471993729611007
150,2,1000,151,382,620,1153,5.134027963309289,0.006107757521637558,2.6156494263405077
150,2,2500,151,382,673,1206,5.370024044883783,0.006280080953664169,2.6894470000864583
150,2,5000,151,382,722,1255,5.588209101433788,0.0063470293068691175,2.718117657203183
150,2,10000,151,382,767,1300,5.788583132959301,0.006388100457604962,2.735706392754779
150,2,50000,151,382,816,1349,6.006768189509306,0.006402708272088914,2.741962194731147
150,2,200000,151,382,823,1356,6.037937483302164,0.006402708272088914,2.741962194731147
150,3,1,151,482,20,653,2.9076498352480185,0.0029196543145828813,1.2503430442346364
150,3,2,151,482,52,685,3.05013803544394,0.0029472487598511954,1.2621603756661073
150,3,3,151,482,73,706,3.143645916822513,0.003008095690121254,1.2882180961456178
150,3,5,151,482,102,735,3.272775848250067,0.003093514178059781,1.324798595319622
150,3,10,151,482,172,805,3.5844687861786446,0.0032326461605530488,1.3843819184795374
150,3,20,151,482,279,912,4.060913705583756,0.00378534031761818,1.6210733964479629
150,3,30,151,482,335,968,4.310268055926619,0.004206328261129849,1.8013616395619978
150,3,50,151,482,376,1009,4.492831062427642,0.004737887878819569,2.0290022431960333
150,3,75,151,482,407,1040,4.6308665063674415,0.005079644282854318,2.1753595501118483
150,3,100,151,482,425,1058,4.711016118977647,0.0052396688095399935,2.2438901130791837
150,3,150,151,482,457,1090,4.8535043191735685,0.005539511467470698,2.3722978426641306
150,3,250,151,482,503,1136,5.058331106955205,0.005906895061028816,2.5296300030082377
150,3,500,151,482,559,1192,5.307685457298068,0.0063083746652939365,2.7015637925968465
150,3,1000,151,482,620,1253,5.579303588921542,0.006643822586330228,2.845219489326347
150,3,2500,151,482,673,1306,5.815299670496037,0.006816146018356839,2.919017063072298
150,3,5000,151,482,722,1355,6.033484727046042,0.006883094371561788,2.9476877201890224
150,3,10000,151,482,767,1400,6.233858758571556,0.006924165522297632,2.9652764557406184
150,3,50000,151,482,816,1449,6.452043815121561,0.006938773336781584,2.971532257716987
150,3,200000,151,482,823,1456,6.483213108914418,0.006938773336781584,2.971532257716987
150,5,1,151,631,20,802,3.571110517410277,0.00350185323083807,1.499669946280784
150,5,2,151,631,52,834,3.7135987176061978,0.003529447676106384,1.511487277712255
150,5,3,151,631,73,855,3.807106598984772,0.003590294606376443,1.5375449981917655
150,5,5,151,631,102,884,3.9362365304123252,0.0036757130943149696,1.57412549736577
150,5,10,151,631,172,954,4.247929468340903,0.0038148450768082376,1.6337088205256853
150,5,20,151,631,279,1061,4.724374387746015,0.004367539233873369,1.8704002984941106
150,5,30,151,631,335,1117,4.973728738088877,0.004788527177385038,2.0506885416081455
150,5,50,151,631,376,1158,5.156291744589901,0.005320086795074758,2.278329145242181
150,5,75,151,631,407,1189,5.294327188529699,0.005661843199109506,2.4246864521579963
150,5,100,151,631,425,1207,5.374476801139905,0.005821867725795182,2.4932170151253317
150,5,150,151,631,457,1239,5.5169650013358265,0.006121710383725887,2.6216247447102785
150,5,250,151,631,503,1285,5.7217917891174634,0.006489093977284005,2.778956905054385
150,5,500,151,631,559,1341,5.971146139460326,0.006890573581549125,2.9508906946429945
150,5,1000,151,631,620,1402,6.242764271083801,0.007226021502585417,3.094546391372495
150,5,2500,151,631,673,1455,6.478760352658296,0.007398344934612028,3.168343965118446
150,5,5000,151,631,722,1504,6.6969454092083005,0.007465293287816976,3.1970146222351703
150,5,10000,151,631,767,1549,6.897319440733813,0.0075063644385528205,3.2146033577867668
150,5,50000,151,631,816,1598,7.115504497283818,0.007520972253036773,3.220859159763135
150,5,200000,151,631,823,1605,7.146673791076677,0.007520972253036773,3.220859159763135
150,10,1,151,877,20,1048,4.666488556416422,0.004041929858255633,1.7309579624929794
150,10,2,151,877,52,1080,4.808976756612343,0.004069524303523947,1.7427752939244503
150,10,3,151,877,73,1101,4.902484637990916,0.004130371233794006,1.7688330144039608
150,10,5,151,877,102,1130,5.03161456941847,0.004215789721732532,1.805413513577965
150,10,10,151,877,172,1200,5.343307507347047,0.0043549217042258,1.8649968367378804
150,10,20,151,877,279,1307,5.819752426752159,0.0049076158612909315,2.1016883147063057
150,10,30,151,877,335,1363,6.069106777095022,0.005328603804802601,2.281976557820341
150,10,50,151,877,376,1404,6.251669783596046,0.0058601634224923205,2.5096171614543765
150,10,75,151,877,407,1435,6.389705227535844,0.006201919826527069,2.6559744683701916
150,10,100,151,877,425,1453,6.46985484014605,0.006361944353212745,2.7245050313375265
150,10,150,151,877,457,1485,6.612343040341971,0.00666178701114345,2.8529127609224734
150,10,250,151,877,503,1531,6.817169828123608,0.007029170604701568,3.0102449212665805
150,10,500,151,877,559,1587,7.066524178466471,0.007430650208966688,3.1821787108551893
150,10,1000,151,877,620,1648,7.338142310089946,0.00776609813000298,3.32583440758469
150,10,2500,151,877,673,1701,7.574138391664441,0.00793842156202959,3.399631981330641
150,10,5000,151,877,722,1750,7.792323448214445,0.00800536991523454,3.4283026384473656
150,10,10000,151,877,767,1795,7.992697479739959,0.008046441065970383,3.445891373998962
150,10,50000,151,877,816,1844,8.210882536289963,0.008061048880454336,3.45214717597533
150,10,200000,151,877,823,1851,8.24205183008282,0.008061048880454336,3.45214717597533
150,20,1,151,1110,20,1281,5.703980764092973,0.0047944952388182804,2.0532443661327644
150,20,2,151,1110,52,1313,5.846468964288895,0.0048220896840865946,2.0650616975642353
150,20,3,151,1110,73,1334,5.939976845667468,0.004882936614356653,2.091119418043746
150,20,5,151,1110,102,1363,6.069106777095022,0.00496835510229518,2.12769991721775
150,20,10,151,1110,172,1433,6.380799715023599,0.005107487084788448,2.187283240377665
150,20,20,151,1110,279,1540,6.857244634428711,0.005660181241853579,2.423974718346091
150,20,30,151,1110,335,1596,7.1065989847715745,0.006081169185365248,2.6042629614601256
150,20,50,151,1110,376,1637,7.289161991272598,0.006612728803054968,2.8319035650941613
150,20,75,151,1110,407,1668,7.4271974352123955,0.006954485207089717,2.9782608720099764
150,20,100,151,1110,425,1686,7.507347047822602,0.007114509733775393,3.0467914349773118
150,20,150,151,1110,457,1718,7.649835248018523,0.007414352391706097,3.175199164562258
150,20,250,151,1110,503,1764,7.8546620358001595,0.007781735985264215,3.3325313249063653
150,20,500,151,1110,559,1820,8.104016386143023,0.008183215589529336,3.504465114494975
150,20,1000,151,1110,620,1881,8.375634517766498,0.008518663510565627,3.6481208112244756
150,20,2500,151,1110,673,1934,8.611630599340991,0.008690986942592238,3.7219183849704263
150,20,5000,151,1110,722,1983,8.829815655890997,0.008757935295797187,3.7505890420871504
150,20,10000,151,1110,767,2028,9.030189687416511,0.008799006446533031,3.768177777638747
150,20,50000,151,1110,816,2077,9.248374743966515,0.008813614261016983,3.7744335796151147
150,20,200000,151,1110,823,2084,9.279544037759372,0.008813614261016983,3.7744335796151147
150,30,1,151,1234,20,1405,6.256122539852169,0.005674925120969204,2.4302887900514913
150,30,2,151,1234,52,1437,6.39861074004809,0.005702519566237518,2.4421061214829622
150,30,3,151,1234,73,1458,6.4921186214266635,0.005763366496507577,2.4681638419624727
150,30,5,151,1234,102,1487,6.621248552854217,0.005848784984446104,2.504744341136477
150,30,10,151,1234,172,1557,6.932941490782794,0.005987916966939372,2.5643276642963926
150,30,20,151,1234,279,1664,7.409386410187907,0.006540611124004503,2.801019142264818
150,30,30,151,1234,335,1720,7.658740760530769,0.006961599067516172,2.981307385378853
150,30,50,151,1234,376,1761,7.841303767031793,0.007493158685205892,3.2089479890128882
150,30,75,151,1234,407,1792,7.979339210971591,0.00783491508924064,3.3553052959287033
150,30,100,151,1234,425,1810,8.059488823581797,0.007994939615926316,3.423835858896039
150,30,150,151,1234,457,1842,8.201977023777719,0.008294782273857021,3.5522435884809855
150,30,250,151,1234,503,1888,8.406803811559355,0.00866216586741514,3.7095757488250927
150,30,500,151,1234,559,1944,8.656158161902217,0.00906364547168026,3.8815095384137015
150,30,1000,151,1234,620,2005,8.927776293525692,0.009399093392716551,4.025165235143202
150,30,2500,151,1234,673,2058,9.163772375100187,0.009571416824743162,4.098962808889152
150,30,5000,151,1234,722,2107,9.381957431650191,0.00963836517794811,4.127633466005878
150,30,10000,151,1234,767,2152,9.582331463175706,0.009679436328683955,4.145222201557473
150,30,50000,151,1234,816,2201,9.800516519725711,0.009694044143167907,4.151478003533842
150,30,200000,151,1234,823,2208,9.831685813518568,0.009694044143167907,4.151478003533842
150,50,1,151,1348,20,1519,6.763736753050138,0.0063176980371701386,2.7055565300644284
150,50,2,151,1348,52,1551,6.90622495324606,0.006345292482438453,2.7173738614958993
150,50,3,151,1348,73,1572,6.999732834624632,0.006406139412708511,2.74343158197541
150,50,5,151,1348,102,1601,7.128862766052187,0.006491557900647038,2.7800120811494144
150,50,10,151,1348,172,1671,7.440555703980764,0.006630689883140306,2.8395954043093297
150,50,20,151,1348,279,1778,7.917000623385875,0.007183384040205437,3.076286882277755
150,50,30,151,1348,335,1834,8.166354973728739,0.007604371983717106,3.2565751253917896
150,50,50,151,1348,376,1875,8.348917980229762,0.008135931601406826,3.4842157290258253
150,50,75,151,1348,407,1906,8.48695342416956,0.008477688005441575,3.630573035941641
150,50,100,151,1348,425,1924,8.567103036779766,0.00863771253212725,3.6991035989089758
150,50,150,151,1348,457,1956,8.709591236975687,0.008937555190057955,3.8275113284939226
150,50,250,151,1348,503,2002,8.914418024757325,0.009304938783616074,3.98484348883803
150,50,500,151,1348,559,2058,9.163772375100187,0.009706418387881194,4.156777278426639
150,50,1000,151,1348,620,2119,9.435390506723662,0.010041866308917485,4.30043297515614
150,50,2500,151,1348,673,2172,9.671386588298155,0.010214189740944096,4.37423054890209
150,50,5000,151,1348,722,2221,9.88957164484816,0.010281138094149045,4.402901206018814
150,50,10000,151,1348,767,2266,10.089945676373675,0.010322209244884889,4.420489941570411
150,50,50000,151,1348,816,2315,10.30813073292368,0.010336817059368841,4.426745743546779
150,50,200000,151,1348,823,2322,10.339300026716538,0.010336817059368841,4.426745743546779
150,75,1,151,1422,20,1593,7.093240716003206,0.006883220096178894,2.947741561802977
150,75,2,151,1422,52,1625,7.235728916199127,0.006910814541447208,2.9595588932344485
150,75,3,151,1422,73,1646,7.3292367975777015,0.0069716614717172665,2.985616613713959
150,75,5,151,1422,102,1675,7.458366729005254,0.007057079959655793,3.022197112887963
150,75,10,151,1422,172,1745,7.7700596669338315,0.007196211942149061,3.0817804360478784
150,75,20,151,1422,279,1852,8.246504586338945,0.007748906099214192,3.318471914016304
150,75,30,151,1422,335,1908,8.495858936681806,0.008169894042725862,3.498760157130339
150,75,50,151,1422,376,1949,8.67842194318283,0.008701453660415581,3.726400760764374
150,75,75,151,1422,407,1980,8.816457387122629,0.00904321006445033,3.8727580676801896
150,75,100,151,1422,425,1998,8.896606999732834,0.009203234591136006,3.941288630647525
150,75,150,151,1422,457,2030,9.039095199928756,0.00950307724906671,4.069696360232472
150,75,250,151,1422,503,2076,9.243921987710394,0.009870460842624829,4.227028520576579
150,75,500,151,1422,559,2132,9.493276338053255,0.010271940446889949,4.398962310165188
150,75,1000,151,1422,620,2193,9.76489446967673,0.01060738836792624,4.542618006894688
150,75,2500,151,1422,673,2246,10.000890551251224,0.010779711799952851,4.6164155806406395
150,75,5000,151,1422,722,2295,10.219075607801228,0.0108466601531578,4.645086237757363
150,75,10000,151,1422,767,2340,10.419449639326743,0.010887731303893644,4.66267497330896
150,75,50000,151,1422,816,2389,10.637634695876748,0.010902339118377596,4.668930775285328
150,75,200000,151,1422,823,2396,10.668803989669605,0.010902339118377596,4.668930775285328
150,100,1,151,1455,20,1626,7.2401816724552495,0.007065664248341902,3.0258733377049793
150,100,2,151,1455,52,1658,7.382669872651171,0.007093258693610216,3.0376906691364502
150,100,3,151,1455,73,1679,7.476177754029745,0.007154105623880275,3.0637483896159607
150,100,5,151,1455,102,1708,7.605307685457298,0.007239524111818801,3.1003288887899654
150,100,10,151,1455,172,1778,7.917000623385875,0.007378656094312069,3.1599122119498806
150,100,20,151,1455,279,1885,8.393445542790987,0.0079313502513772,3.396603689918306
150,100,30,151,1455,335,1941,8.64279989313385,0.00835233819488887,3.576891933032341
150,100,50,151,1455,376,1982,8.825362899634873,0.00888389781257859,3.8045325366663767
150,100,75,151,1455,407,2013,8.963398343574672,0.009225654216613338,3.9508898435821913
150,100,100,151,1455,425,2031,9.043547956184879,0.009385678743299014,4.019420406549527
150,100,150,151,1455,457,2063,9.1860361563808,0.009685521401229719,4.147828136134474
150,100,250,151,1455,503,2109,9.390862944162437,0.010052904994787837,4.305160296478581
150,100,500,151,1455,559,2165,9.640217294505298,0.010454384599052957,4.47709408606719
150,100,1000,151,1455,620,2226,9.911835426128773,0.010789832520089249,4.620749782796691
150,100,2500,151,1455,673,2279,10.147831507703268,0.01096215595211586,4.694547356542641
150,100,5000,151,1455,722,2328,10.366016564253274,0.011029104305320808,4.723218013659366
150,100,10000,151,1455,767,2373,10.566390595778786,0.011070175456056652,4.740806749210962
150,100,50000,151,1455,816,2422,10.784575652328792,0.011084783270540605,4.74706255118733
150,100,200000,151,1455,823,2429,10.815744946121649,0.011084783270540605,4.74706255118733
150,150,1,151,1497,20,1668,7.4271974352123955,0.0072155924469765875,3.0900801444358956
150,150,2,151,1497,52,1700,7.569685635408317,0.007243186892244902,3.1018974758673665
150,150,3,151,1497,73,1721,7.663193516786891,0.00730403382251496,3.1279551963468775
150,150,5,151,1497,102,1750,7.792323448214445,0.007389452310453487,3.1645356955208817
150,150,10,151,1497,172,1820,8.104016386143023,0.007528584292946755,3.224119018680797
150,150,20,151,1497,279,1927,8.580461305548134,0.008081278450011886,3.460810496649222
150,150,30,151,1497,335,1983,8.829815655890997,0.008502266393523555,3.6410987397632573
150,150,50,151,1497,376,2024,9.01237866239202,0.009033826011213275,3.8687393433972925
150,150,75,151,1497,407,2055,9.15041410633182,0.009375582415248024,4.015096650313107
150,150,100,151,1497,425,2073,9.230563718942026,0.0095356069419337,4.083627213280443
150,150,150,151,1497,457,2105,9.373051919137946,0.009835449599864404,4.21203494286539
150,150,250,151,1497,503,2151,9.577878706919583,0.010202833193422522,4.3693671032094965
150,150,500,151,1497,559,2207,9.827233057262445,0.010604312797687643,4.541300892798105
150,150,1000,151,1497,620,2268,10.09885118888592,0.010939760718723934,4.684956589527607
150,150,2500,151,1497,673,2321,10.334847270460415,0.011112084150750545,4.758754163273557
150,150,5000,151,1497,722,2370,10.55303232701042,0.011179032503955494,4.787424820390282
150,150,10000,151,1497,767,2415,10.753406358535935,0.011220103654691338,4.805013555941877
150,150,50000,151,1497,816,2464,10.971591415085937,0.01123471146917529,4.811269357918246
150,150,200000,151,1497,823,2471,11.002760708878796,0.01123471146917529,4.811269357918246
150,250,1,151,1526,20,1697,7.556327366639951,0.00732859429843527,3.138473229278607
150,250,2,151,1526,52,1729,7.698815566835872,0.0073561887437035844,3.1502905607100784
150,250,3,151,1526,73,1750,7.792323448214445,0.007417035673973643,3.1763482811895893
150,250,5,151,1526,102,1779,7.921453379641999,0.00750245416191217,3.2129287803635935
150,250,10,151,1526,172,1849,8.233146317570576,0.007641586144405438,3.2725121035235087
150,250,20,151,1526,279,1956,8.709591236975687,0.008194280301470569,3.509203581491934
150,250,30,151,1526,335,2012,8.958945587318551,0.008615268244982238,3.689491824605969
150,250,50,151,1526,376,2053,9.141508593819573,0.009146827862671958,3.917132428240005
150,250,75,151,1526,407,2084,9.279544037759372,0.009488584266706707,4.0634897351558195
150,250,100,151,1526,425,2102,9.359693650369579,0.009648608793392383,4.132020298123154
150,250,150,151,1526,457,2134,9.5021818505655,0.009948451451323087,4.260428027708102
150,250,250,151,1526,503,2180,9.707008638347137,0.010315835044881205,4.417760188052209
150,250,500,151,1526,559,2236,9.956362988689998,0.010717314649146326,4.589693977640818
150,250,1000,151,1526,620,2297,10.227981120313475,0.011052762570182617,4.733349674370318
150,250,2500,151,1526,673,2350,10.463977201887968,0.011225086002209228,4.807147248116269
150,250,5000,151,1526,722,2399,10.682162258437973,0.011292034355414177,4.835817905232994
150,250,10000,151,1526,767,2444,10.882536289963488,0.01133310550615002,4.8534066407845895
150,250,50000,151,1526,816,2493,11.100721346513492,0.011347713320633973,4.859662442760959
150,250,200000,151,1526,823,2500,11.131890640306349,0.011347713320633973,4.859662442760959
150,500,1,151,1545,20,1716,7.640929735506279,0.007399028020348752,3.1686364968388157
150,500,2,151,1545,52,1748,7.7834179357022,0.0074266224656170665,3.180453828270286
150,500,3,151,1545,73,1769,7.876925817080773,0.007487469395887125,3.206511548749797
150,500,5,151,1545,102,1798,8.006055748508327,0.007572887883825652,3.2430920479238012
150,500,10,151,1545,172,1868,8.317748686436904,0.00771201986631892,3.3026753710837164
150,500,20,151,1545,279,1975,8.794193605842015,0.008264714023384051,3.5393668490521417
150,500,30,151,1545,335,2031,9.043547956184879,0.00868570196689572,3.719655092166177
150,500,50,151,1545,376,2072,9.226110962685903,0.00921726158458544,3.9472956958002126
150,500,75,151,1545,407,2103,9.3641464066257,0.009559017988620189,4.093653002716027
150,500,100,151,1545,425,2121,9.444296019235907,0.009719042515305865,4.162183565683363
150,500,150,151,1545,457,2153,9.586784219431827,0.010018885173236569,4.290591295268309
150,500,250,151,1545,503,2199,9.791611007213465,0.010386268766794687,4.4479234556124165
150,500,500,151,1545,559,2255,10.040965357556328,0.010787748371059808,4.619857245201025
150,500,1000,151,1545,620,2316,10.312583489179802,0.0111231962920961,4.763512941930526
150,500,2500,151,1545,673,2369,10.548579570754297,0.01129551972412271,4.837310515676477
150,500,5000,151,1545,722,2418,10.766764627304301,0.011362468077327659,4.865981172793202
150,500,10000,151,1545,767,2463,10.967138658829816,0.011403539228063503,4.883569908344798
150,500,50000,151,1545,816,2512,11.18532371537982,0.011418147042547455,4.889825710321166
150,500,200000,151,1545,823,2519,11.216493009172677,0.011418147042547455,4.889825710321166
150,1000,1,151,1550,20,1721,7.663193516786891,0.0074022947369797865,3.1700354694489286
150,1000,2,151,1550,52,1753,7.8056817169828125,0.007429889182248101,3.181852800880399
150,1000,3,151,1550,73,1774,7.899189598361386,0.007490736112518159,3.20791052135991
150,1000,5,151,1550,102,1803,8.02831952978894,0.007576154600456686,3.244491020533914
150,1000,10,151,1550,172,1873,8.340012467717518,0.007715286582949954,3.3040743436938294
150,1000,20,151,1550,279,1980,8.816457387122629,0.008267980740015085,3.5407658216622546
150,1000,30,151,1550,335,2036,9.065811737465491,0.008688968683526754,3.7210540647762897
150,1000,50,151,1550,376,2077,9.248374743966515,0.009220528301216474,3.9486946684103255
150,1000,75,151,1550,407,2108,9.386410187906314,0.009562284705251223,4.0950519753261405
150,1000,100,151,1550,425,2126,9.466559800516519,0.009722309231936899,4.1635825382934755
150,1000,150,151,1550,457,2158,9.609048000712441,0.010022151889867603,4.291990267878423
150,1000,250,151,1550,503,2204,9.813874788494077,0.010389535483425721,4.44932242822253
150,1000,500,151,1550,559,2260,10.06322913883694,0.010791015087690842,4.621256217811139
150,1000,1000,151,1550,620,2321,10.334847270460415,0.011126463008727133,4.764911914540639
150,1000,2500,151,1550,673,2374,10.57084335203491,0.011298786440753744,4.8387094882865895
150,1000,5000,151,1550,722,2423,10.789028408584914,0.011365734793958693,4.867380145403315
150,1000,10000,151,1550,767,2468,10.989402440110428,0.011406805944694537,4.8849688809549106
150,1000,50000,151,1550,816,2517,11.207587496660434,0.01142141375917849,4.891224682931279
150,1000,200000,151,1550,823,2524,11.23875679045329,0.01142141375917849,4.891224682931279
150,2500,1,151,1553,20,1724,7.676551785555259,0.007405785620806404,3.171530441743779
150,2500,2,151,1553,52,1756,7.81903998575118,0.0074333800660747185,3.18334777317525
150,2500,3,151,1553,73,1777,7.912547867129753,0.007494226996344777,3.209405493654761
150,2500,5,151,1553,102,1806,8.041677798557307,0.007579645484283304,3.245985992828765
150,2500,10,151,1553,172,1876,8.353370736485886,0.007718777466776572,3.3055693159886803
150,2500,20,151,1553,279,1983,8.829815655890997,0.008271471623841703,3.5422607939571056
150,2500,30,151,1553,335,2039,9.079170006233857,0.008692459567353372,3.7225490370711407
150,2500,50,151,1553,376,2080,9.261733012734883,0.009224019185043092,3.950189640705176
150,2500,75,151,1553,407,2111,9.399768456674682,0.00956577558907784,4.096546947620991
150,2500,100,151,1553,425,2129,9.479918069284887,0.009725800115763517,4.165077510588326
150,2500,150,151,1553,457,2161,9.622406269480809,0.010025642773694221,4.293485240173274
150,2500,250,151,1553,503,2207,9.827233057262445,0.01039302636725234,4.45081740051738
150,2500,500,151,1553,559,2263,10.076587407605308,0.01079450597151746,4.622751190105989
150,2500,1000,151,1553,620,2324,10.348205539228783,0.011129953892553751,4.76640688683549
150,2500,2500,151,1553,673,2377,10.584201620803277,0.011302277324580362,4.8402044605814405
150,2500,5000,151,1553,722,2426,10.802386677353281,0.01136922567778531,4.868875117698165
150,2500,10000,151,1553,767,2471,11.002760708878796,0.011410296828521155,4.886463853249761
150,2500,50000,151,1553,816,2520,11.2209457654288,0.011424904643005107,4.89271965522613
150,2500,200000,151,1553,823,2527,11.252115059221659,0.011424904643005107,4.89271965522613
150,5000,1,151,1555,20,1726,7.6854572980675036,0.007405785620806404,3.171530441743779
150,5000,2,151,1555,52,1758,7.827945498263425,0.0074333800660747185,3.18334777317525
150,5000,3,151,1555,73,1779,7.921453379641999,0.007494226996344777,3.209405493654761
150,5000,5,151,1555,102,1808,8.050583311069552,0.007579645484283304,3.245985992828765
150,5000,10,151,1555,172,1878,8.36227624899813,0.007718777466776572,3.3055693159886803
150,5000,20,151,1555,279,1985,8.838721168403243,0.008271471623841703,3.5422607939571056
150,5000,30,151,1555,335,2041,9.088075518746104,0.008692459567353372,3.7225490370711407
150,5000,50,151,1555,376,2082,9.270638525247128,0.009224019185043092,3.950189640705176
150,5000,75,151,1555,407,2113,9.408673969186927,0.00956577558907784,4.096546947620991
150,5000,100,151,1555,425,2131,9.488823581797133,0.009725800115763517,4.165077510588326
150,5000,150,151,1555,457,2163,9.631311781993054,0.010025642773694221,4.293485240173274
150,5000,250,151,1555,503,2209,9.836138569774691,0.01039302636725234,4.45081740051738
150,5000,500,151,1555,559,2265,10.085492920117552,0.01079450597151746,4.622751190105989
150,5000,1000,151,1555,620,2326,10.357111051741027,0.011129953892553751,4.76640688683549
150,5000,2500,151,1555,673,2379,10.593107133315522,0.011302277324580362,4.8402044605814405
150,5000,5000,151,1555,722,2428,10.811292189865526,0.01136922567778531,4.868875117698165
150,5000,10000,151,1555,767,2473,11.01166622139104,0.011410296828521155,4.886463853249761
150,5000,50000,151,1555,816,2522,11.229851277941046,0.011424904643005107,4.89271965522613
150,5000,200000,151,1555,823,2529,11.261020571733903,0.011424904643005107,4.89271965522613
150,10000,1,151,1556,20,1727,7.689910054323626,0.007405785620806404,3.171530441743779
150,10000,2,151,1556,52,1759,7.832398254519547,0.0074333800660747185,3.18334777317525
150,10000,3,151,1556,73,1780,7.9259061358981215,0.007494226996344777,3.209405493654761
150,10000,5,151,1556,102,1809,8.055036067325675,0.007579645484283304,3.245985992828765
150,10000,10,151,1556,172,1879,8.366729005254252,0.007718777466776572,3.3055693159886803
150,10000,20,151,1556,279,1986,8.843173924659364,0.008271471623841703,3.5422607939571056
150,10000,30,151,1556,335,2042,9.092528275002227,0.008692459567353372,3.7225490370711407
150,10000,50,151,1556,376,2083,9.27509128150325,0.009224019185043092,3.950189640705176
150,10000,75,151,1556,407,2114,9.41312672544305,0.00956577558907784,4.096546947620991
150,10000,100,151,1556,425,2132,9.493276338053255,0.009725800115763517,4.165077510588326
150,10000,150,151,1556,457,2164,9.635764538249177,0.010025642773694221,4.293485240173274
150,10000,250,151,1556,503,2210,9.840591326030813,0.01039302636725234,4.45081740051738
150,10000,500,151,1556,559,2266,10.089945676373675,0.01079450597151746,4.622751190105989
150,10000,1000,151,1556,620,2327,10.36156380799715,0.011129953892553751,4.76640688683549
150,10000,2500,151,1556,673,2380,10.597559889571645,0.011302277324580362,4.8402044605814405
150,10000,5000,151,1556,722,2429,10.815744946121649,0.01136922567778531,4.868875117698165
150,10000,10000,151,1556,767,2474,11.016118977647164,0.011410296828521155,4.886463853249761
150,10000,50000,151,1556,816,2523,11.234304034197168,0.011424904643005107,4.89271965522613
150,10000,200000,151,1556,823,2530,11.265473327990026,0.011424904643005107,4.89271965522613
150,50000,1,151,1557,20,1728,7.694362810579748,0.007405785620806404,3.171530441743779
150,50000,2,151,1557,52,1760,7.8368510107756695,0.0074333800660747185,3.18334777317525
150,50000,3,151,1557,73,1781,7.930358892154244,0.007494226996344777,3.209405493654761
150,50000,5,151,1557,102,1810,8.059488823581797,0.007579645484283304,3.245985992828765
150,50000,10,151,1557,172,1880,8.371181761510375,0.007718777466776572,3.3055693159886803
150,50000,20,151,1557,279,1987,8.847626680915486,0.008271471623841703,3.5422607939571056
150,50000,30,151,1557,335,2043,9.096981031258348,0.008692459567353372,3.7225490370711407
150,50000,50,151,1557,376,2084,9.279544037759372,0.009224019185043092,3.950189640705176
150,50000,75,151,1557,407,2115,9.417579481699171,0.00956577558907784,4.096546947620991
150,50000,100,151,1557,425,2133,9.497729094309378,0.009725800115763517,4.165077510588326
150,50000,150,151,1557,457,2165,9.640217294505298,0.010025642773694221,4.293485240173274
150,50000,250,151,1557,503,2211,9.845044082286936,0.01039302636725234,4.45081740051738
150,50000,500,151,1557,559,2267,10.094398432629797,0.01079450597151746,4.622751190105989
150,50000,1000,151,1557,620,2328,10.366016564253274,0.011129953892553751,4.76640688683549
150,50000,2500,151,1557,673,2381,10.602012645827767,0.011302277324580362,4.8402044605814405
150,50000,5000,151,1557,722,2430,10.820197702377772,0.01136922567778531,4.868875117698165
150,50000,10000,151,1557,767,2475,11.020571733903287,0.011410296828521155,4.886463853249761
150,50000,50000,151,1557,816,2524,11.23875679045329,0.011424904643005107,4.89271965522613
150,50000,200000,151,1557,823,2531,11.269926084246148,0.011424904643005107,4.89271965522613
150,200000,1,151,1557,20,1728,7.694362810579748,0.007405785620806404,3.171530441743779
150,200000,2,151,1557,52,1760,7.8368510107756695,0.0074333800660747185,3.18334777317525
150,200000,3,151,1557,73,1781,7.930358892154244,0.007494226996344777,3.209405493654761
150,200000,5,151,1557,102,1810,8.059488823581797,0.007579645484283304,3.245985992828765
150,200000,10,151,1557,172,1880,8.371181761510375,0.007718777466776572,3.3055693159886803
150,200000,20,151,1557,279,1987,8.847626680915486,0.008271471623841703,3.5422607939571056
150,200000,30,151,1557,335,2043,9.096981031258348,0.008692459567353372,3.7225490370711407
150,200000,50,151,1557,376,2084,9.279544037759372,0.009224019185043092,3.950189640705176
150,200000,75,151,1557,407,2115,9.417579481699171,0.00956577558907784,4.096546947620991
150,200000,100,151,1557,425,2133,9.497729094309378,0.009725800115763517,4.165077510588326
150,200000,150,151,1557,457,2165,9.640217294505298,0.010025642773694221,4.293485240173274
150,200000,250,151,1557,503,2211,9.845044082286936,0.01039302636725234,4.45081740051738
150,200000,500,151,1557,559,2267,10.094398432629797,0.01079450597151746,4.622751190105989
150,200000,1000,151,1557,620,2328,10.366016564253274,0.011129953892553751,4.76640688683549
150,200000,2500,151,1557,673,2381,10.602012645827767,0.011302277324580362,4.8402044605814405
150,200000,5000,151,1557,722,2430,10.820197702377772,0.01136922567778531,4.868875117698165
150,200000,10000,151,1557,767,2475,11.020571733903287,0.011410296828521155,4.886463853249761
150,200000,50000,151,1557,816,2524,11.23875679045329,0.011424904643005107,4.89271965522613
150,200000,200000,151,1557,823,2531,11.269926084246148,0.011424904643005107,4.89271965522613
250,1,1,164,240,20,424,1.8879686525959567,0.0016113074768477897,0.6900430252092108
250,1,2,164,240,52,456,2.030456852791878,0.0016389019221161039,0.7018603566406817
250,1,3,164,240,73,477,2.1239647341704515,0.0016997488523861626,0.7279180771201923
250,1,5,164,240,102,506,2.253094665598005,0.0017851673403246893,0.7644985762941966
250,1,10,164,240,172,576,2.564787603526583,0.0019242993228179572,0.8240818994541118
250,1,20,164,240,279,683,3.0412325229316948,0.0024769934798830884,1.0607733774225372
250,1,30,164,240,335,739,3.290586873274557,0.0028979814233947576,1.241061620536572
250,1,50,164,240,376,780,3.473149879775581,0.0034295410410844773,1.4687022241706078
250,1,75,164,240,407,811,3.6111853237153797,0.003771297445119226,1.6150595310864226
250,1,100,164,240,425,829,3.6913349363255854,0.003931321971804902,1.6835900940537583
250,1,150,164,240,457,861,3.8338231365215067,0.0042311646297356065,1.811997823638705
250,1,250,164,240,503,907,4.038649924303144,0.004598548223293725,1.9693299839828122
250,1,500,164,240,559,963,4.288004274646006,0.005000027827558845,2.141263773571421
250,1,1000,164,240,620,1024,4.55962240626948,0.0053354757485951365,2.284919470300922
250,1,2500,164,240,673,1077,4.795618487843976,0.0055077991806217474,2.3587170440468723
250,1,5000,164,240,722,1126,5.01380354439398,0.005574747533826696,2.3873877011635973
250,1,10000,164,240,767,1171,5.214177575919495,0.00561581868456254,2.4049764367151933
250,1,50000,164,240,816,1220,5.4323626324694985,0.0056304264990464925,2.4112322386915612
250,1,200000,164,240,823,1227,5.463531926262356,0.0056304264990464925,2.4112322386915612
250,2,1,164,382,20,566,2.5202600409653577,0.0023865100980933474,1.0220238355762477
250,2,2,164,382,52,598,2.662748241161279,0.0024141045433616615,1.0338411670077186
250,2,3,164,382,73,619,2.756256122539852,0.00247495147363172,1.059898887487229
250,2,5,164,382,102,648,2.8853860539674057,0.002560369961570247,1.0964793866612332
250,2,10,164,382,172,718,3.197078991895984,0.002699501944063515,1.1560627098211487
250,2,20,164,382,279,825,3.673523911301095,0.003252196101128646,1.392754187789574
250,2,30,164,382,335,881,3.9228782616439575,0.0036731840446403152,1.573042430903609
250,2,50,164,382,376,922,4.105441268144982,0.004204743662330035,1.8006830345376448
250,2,75,164,382,407,953,4.24347671208478,0.004546500066364784,1.9470403414534594
250,2,100,164,382,425,971,4.323626324694986,0.0047065245930504596,2.015570904420795
250,2,150,164,382,457,1003,4.466114524890907,0.005006367250981164,2.143978634005742
250,2,250,164,382,503,1049,4.670941312672544,0.005373750844539282,2.301310794349849
250,2,500,164,382,559,1105,4.920295663015406,0.005775230448804403,2.473244583938458
250,2,1000,164,382,620,1166,5.191913794638881,0.006110678369840694,2.616900280667959
250,2,2500,164,382,673,1219,5.427909876213376,0.006283001801867305,2.6906978544139095
250,2,5000,164,382,722,1268,5.646094932763381,0.006349950155072254,2.719368511530634
250,2,10000,164,382,767,1313,5.846468964288895,0.006391021305808098,2.73695724708223
250,2,50000,164,382,816,1362,6.0646540208388995,0.00640562912029205,2.743213049058598
250,2,200000,164,382,823,1369,6.095823314631757,0.00640562912029205,2.743213049058598
250,3,1,164,482,20,666,2.9655356665776114,0.0029225751627860175,1.2515938985620871
250,3,2,164,482,52,698,3.1080238667735327,0.0029501696080543316,1.263411229993558
250,3,3,164,482,73,719,3.201531748152106,0.0030110165383243903,1.2894689504730688
250,3,5,164,482,102,748,3.3306616795796598,0.003096435026262917,1.326049449647073
250,3,10,164,482,172,818,3.6423546175082375,0.003235567008756185,1.3856327728069882
250,3,20,164,482,279,925,4.118799536913349,0.003788261165821316,1.6223242507754136
250,3,30,164,482,335,981,4.368153887256212,0.004209249109332985,1.8026124938894488
250,3,50,164,482,376,1022,4.550716893757236,0.004740808727022705,2.0302530975234845
250,3,75,164,482,407,1053,4.688752337697035,0.005082565131057454,2.176610404439299
250,3,100,164,482,425,1071,4.7689019503072405,0.00524258965774313,2.2451409674066345
250,3,150,164,482,457,1103,4.911390150503162,0.005542432315673834,2.3735486969915813
250,3,250,164,482,503,1149,5.116216938284798,0.0059098159092319524,2.5308808573356885
250,3,500,164,482,559,1205,5.3655712886276605,0.006311295513497073,2.7028146469242977
250,3,1000,164,482,620,1266,5.6371894202511355,0.006646743434533364,2.8464703436537984
250,3,2500,164,482,673,1319,5.87318550182563,0.006819066866559975,2.920267917399749
250,3,5000,164,482,722,1368,6.091370558375635,0.006886015219764924,2.9489385745164736
250,3,10000,164,482,767,1413,6.29174458990115,0.006927086370500768,2.9665273100680696
250,3,50000,164,482,816,1462,6.509929646451153,0.00694169418498472,2.972783112044438
250,3,200000,164,482,823,1469,6.541098940244011,0.00694169418498472,2.972783112044438
250,5,1,164,631,20,815,3.6289963487398698,0.0035047740790412063,1.5009208006082349
250,5,2,164,631,52,847,3.771484548935791,0.0035323685243095204,1.5127381320397058
250,5,3,164,631,73,868,3.8649924303143646,0.003593215454579579,1.5387958525192167
250,5,5,164,631,102,897,3.994122361741918,0.003678633942518106,1.5753763516932209
250,5,10,164,631,172,967,4.3058152996704955,0.003817765925011374,1.6349596748531359
250,5,20,164,631,279,1074,4.782260219075607,0.004370460082076505,1.8716511528215616
250,5,30,164,631,335,1130,5.03161456941847,0.004791448025588174,2.0519393959355963
250,5,50,164,631,376,1171,5.214177575919495,0.005323007643277894,2.2795799995696324
250,5,75,164,631,407,1202,5.352213019859293,0.005664764047312643,2.425937306485447
250,5,100,164,631,425,1220,5.4323626324694985,0.0058247885739983185,2.4944678694527824
250,5,150,164,631,457,1252,5.57485083266542,0.006124631231929023,2.6228755990377293
250,5,250,164,631,503,1298,5.779677620447057,0.006492014825487141,2.7802077593818364
250,5,500,164,631,559,1354,6.029031970789919,0.0068934944297522616,2.9521415489704452
250,5,1000,164,631,620,1415,6.300650102413393,0.007228942350788553,3.095797245699946
250,5,2500,164,631,673,1468,6.536646183987889,0.007401265782815164,3.1695948194458965
250,5,5000,164,631,722,1517,6.754831240537892,0.007468214136020113,3.1982654765626215
250,5,10000,164,631,767,1562,6.955205272063407,0.007509285286755957,3.215854212114217
250,5,50000,164,631,816,1611,7.1733903286134115,0.007523893101239909,3.222110014090586
250,5,200000,164,631,823,1618,7.2045596224062685,0.007523893101239909,3.222110014090586
250,10,1,164,877,20,1061,4.724374387746015,0.004044850706458769,1.7322088168204302
250,10,2,164,877,52,1093,4.866862587941936,0.004072445151727083,1.7440261482519008
250,10,3,164,877,73,1114,4.96037046932051,0.004133292081997142,1.7700838687314115
250,10,5,164,877,102,1143,5.089500400748062,0.004218710569935669,1.806664367905416
250,10,10,164,877,172,1213,5.401193338676641,0.004357842552428937,1.866247691065331
250,10,20,164,877,279,1320,5.8776382580817526,0.004910536709494068,2.1029391690337564
250,10,30,164,877,335,1376,6.126992608424615,0.005331524653005737,2.2832274121477916
250,10,50,164,877,376,1417,6.30955561492564,0.005863084270695457,2.5108680157818273
250,10,75,164,877,407,1448,6.447591058865437,0.006204840674730205,2.657225322697642
250,10,100,164,877,425,1466,6.527740671475643,0.006364865201415881,2.7257558856649777
250,10,150,164,877,457,1498,6.670228871671564,0.006664707859346586,2.8541636152499246
250,10,250,164,877,503,1544,6.875055659453201,0.007032091452904704,3.0114957755940317
250,10,500,164,877,559,1600,7.1244100097960645,0.007433571057169824,3.1834295651826405
250,10,1000,164,877,620,1661,7.396028141419539,0.007769018978206116,3.327085261912141
250,10,2500,164,877,673,1714,7.6320242229940325,0.007941342410232727,3.4008828356580914
250,10,5000,164,877,722,1763,7.850209279544037,0.008008290763437675,3.4295534927748164
250,10,10000,164,877,767,1808,8.050583311069552,0.00804936191417352,3.4471422283264124
250,10,50000,164,877,816,1857,8.268768367619558,0.008063969728657472,3.453398030302781
250,10,200000,164,877,823,1864,8.299937661412415,0.008063969728657472,3.453398030302781
250,20,1,164,1110,20,1294,5.761866595422567,0.004797416087021417,2.054495220460215
250,20,2,164,1110,52,1326,5.904354795618487,0.004825010532289731,2.066312551891686
250,20,3,164,1110,73,1347,5.9978626769970615,0.0048858574625597895,2.0923702723711965
250,20,5,164,1110,102,1376,6.126992608424615,0.004971275950498316,2.1289507715452007
250,20,10,164,1110,172,1446,6.4386855463531925,0.005110407932991584,2.1885340947051164
250,20,20,164,1110,279,1553,6.915130465758304,0.005663102090056715,2.4252255726735417
250,20,30,164,1110,335,1609,7.164484816101166,0.0060840900335683845,2.605513815787577
250,20,50,164,1110,376,1650,7.34704782260219,0.006615649651258104,2.833154419421612
250,20,75,164,1110,407,1681,7.485083266541989,0.006957406055292853,2.979511726337427
250,20,100,164,1110,425,1699,7.565232879152195,0.007117430581978529,3.0480422893047625
250,20,150,164,1110,457,1731,7.707721079348116,0.007417273239909233,3.1764500188897093
250,20,250,164,1110,503,1777,7.912547867129753,0.007784656833467352,3.3337821792338165
250,20,500,164,1110,559,1833,8.161902217472615,0.008186136437732472,3.5057159688224253
250,20,1000,164,1110,620,1894,8.43352034909609,0.008521584358768763,3.649371665551926
250,20,2500,164,1110,673,1947,8.669516430670585,0.008693907790795374,3.723169239297877
250,20,5000,164,1110,722,1996,8.887701487220589,0.008760856144000323,3.7518398964146016
250,20,10000,164,1110,767,2041,9.088075518746104,0.008801927294736167,3.7694286319661976
250,20,50000,164,1110,816,2090,9.30626057529611,0.00881653510922012,3.775684433942566
250,20,200000,164,1110,823,2097,9.337429869088966,0.00881653510922012,3.775684433942566
250,30,1,164,1234,20,1418,6.314008371181762,0.00567784596917234,2.431539644378942
250,30,2,164,1234,52,1450,6.456496571377683,0.0057054404144406545,2.443356975810413
250,30,3,164,1234,73,1471,6.550004452756256,0.005766287344710713,2.4694146962899235
250,30,5,164,1234,102,1500,6.6791343841838104,0.00585170583264924,2.5059951954639277
250,30,10,164,1234,172,1570,6.990827322112388,0.005990837815142508,2.5655785186238433
250,30,20,164,1234,279,1677,7.467272241517499,0.006543531972207639,2.8022699965922686
250,30,30,164,1234,335,1733,7.716626591860362,0.006964519915719308,2.9825582397063033
250,30,50,164,1234,376,1774,7.899189598361386,0.007496079533409028,3.2101988433403394
250,30,75,164,1234,407,1805,8.037225042301184,0.007837835937443777,3.356556150256154
250,30,100,164,1234,425,1823,8.117374654911389,0.007997860464129453,3.4250867132234895
250,30,150,164,1234,457,1855,8.259862855107311,0.008297703122060157,3.5534944428084367
250,30,250,164,1234,503,1901,8.464689642888947,0.008665086715618275,3.7108266031525434
250,30,500,164,1234,559,1957,8.714043993231812,0.009066566319883396,3.8827603927411527
250,30,1000,164,1234,620,2018,8.985662124855285,0.009402014240919687,4.026416089470653
250,30,2500,164,1234,673,2071,9.22165820642978,0.009574337672946298,4.1002136632166035
250,30,5000,164,1234,722,2120,9.439843262979783,0.009641286026151247,4.128884320333329
250,30,10000,164,1234,767,2165,9.640217294505298,0.00968235717688709,4.1464730558849245
250,30,50000,164,1234,816,2214,9.858402351055304,0.009696964991371043,4.152728857861293
250,30,200000,164,1234,823,2221,9.88957164484816,0.009696964991371043,4.152728857861293
250,50,1,164,1348,20,1532,6.821622584379732,0.006320618885373275,2.7068073843918796
250,50,2,164,1348,52,1564,6.964110784575653,0.006348213330641589,2.71862471582335
250,50,3,164,1348,73,1585,7.057618665954226,0.006409060260911648,2.744682436302861
250,50,5,164,1348,102,1614,7.18674859738178,0.006494478748850174,2.781262935476865
250,50,10,164,1348,172,1684,7.4984415353103575,0.006633610731343442,2.8408462586367804
250,50,20,164,1348,279,1791,7.9748864547154685,0.007186304888408573,3.077537736605206
250,50,30,164,1348,335,1847,8.224240805058331,0.007607292831920243,3.257825979719241
250,50,50,164,1348,376,1888,8.406803811559355,0.008138852449609962,3.4854665833532765
250,50,75,164,1348,407,1919,8.544839255499154,0.008480608853644711,3.631823890269091
250,50,100,164,1348,425,1937,8.624988868109359,0.008640633380330387,3.700354453236427
250,50,150,164,1348,457,1969,8.767477068305281,0.008940476038261091,3.8287621828213734
250,50,250,164,1348,503,2015,8.972303856086917,0.00930785963181921,3.9860943431654805
250,50,500,164,1348,559,2071,9.22165820642978,0.00970933923608433,4.15802813275409
250,50,1000,164,1348,620,2132,9.493276338053255,0.010044787157120622,4.301683829483591
250,50,2500,164,1348,673,2185,9.72927241962775,0.010217110589147232,4.375481403229541
250,50,5000,164,1348,722,2234,9.947457476177753,0.010284058942352181,4.404152060346266
250,50,10000,164,1348,767,2279,10.147831507703268,0.010325130093088025,4.421740795897862
250,50,50000,164,1348,816,2328,10.366016564253274,0.010339737907571978,4.42799659787423
250,50,200000,164,1348,823,2335,10.39718585804613,0.010339737907571978,4.42799659787423
250,75,1,164,1422,20,1606,7.151126547332799,0.00688614094438203,2.9489924161304284
250,75,2,164,1422,52,1638,7.2936147475287205,0.006913735389650344,2.9608097475618993
250,75,3,164,1422,73,1659,7.387122628907293,0.006974582319920403,2.98686746804141
250,75,5,164,1422,102,1688,7.516252560334848,0.007060000807858929,3.023447967215414
250,75,10,164,1422,172,1758,7.827945498263425,0.007199132790352197,3.083031290375329
250,75,20,164,1422,279,1865,8.304390417668536,0.0077518269474173285,3.3197227683437545
250,75,30,164,1422,335,1921,8.5537447680114,0.008172814890928998,3.5000110114577896
250,75,50,164,1422,376,1962,8.736307774512424,0.008704374508618717,3.7276516150918253
250,75,75,164,1422,407,1993,8.874343218452221,0.009046130912653466,3.87400892200764
250,75,100,164,1422,425,2011,8.954492831062428,0.009206155439339142,3.9425394849749757
250,75,150,164,1422,457,2043,9.096981031258348,0.009505998097269847,4.070947214559922
250,75,250,164,1422,503,2089,9.301807819039984,0.009873381690827965,4.228279374904029
250,75,500,164,1422,559,2145,9.551162169382849,0.010274861295093085,4.400213164492639
250,75,1000,164,1422,620,2206,9.822780301006324,0.010610309216129377,4.54386886122214
250,75,2500,164,1422,673,2259,10.058776382580817,0.010782632648155988,4.61766643496809
250,75,5000,164,1422,722,2308,10.276961439130822,0.010849581001360936,4.646337092084814
250,75,10000,164,1422,767,2353,10.477335470656337,0.01089065215209678,4.663925827636411
250,75,50000,164,1422,816,2402,10.695520527206341,0.010905259966580733,4.670181629612779
250,75,200000,164,1422,823,2409,10.726689820999198,0.010905259966580733,4.670181629612779
250,100,1,164,1455,20,1639,7.298067503784843,0.007068585096545038,3.0271241920324305
250,100,2,164,1455,52,1671,7.440555703980764,0.007096179541813352,3.0389415234639015
250,100,3,164,1455,73,1692,7.534063585359338,0.007157026472083411,3.064999243943412
250,100,5,164,1455,102,1721,7.663193516786891,0.007242444960021938,3.101579743117416
250,100,10,164,1455,172,1791,7.9748864547154685,0.007381576942515206,3.161163066277332
250,100,20,164,1455,279,1898,8.451331374120581,0.007934271099580337,3.397854544245757
250,100,30,164,1455,335,1954,8.700685724463444,0.008355259043092006,3.578142787359792
250,100,50,164,1455,376,1995,8.883248730964468,0.008886818660781726,3.8057833909938275
250,100,75,164,1455,407,2026,9.021284174904267,0.009228575064816474,3.9521406979096425
250,100,100,164,1455,425,2044,9.101433787514472,0.00938859959150215,4.020671260876978
250,100,150,164,1455,457,2076,9.243921987710394,0.009688442249432855,4.149078990461925
250,100,250,164,1455,503,2122,9.44874877549203,0.010055825842990973,4.306411150806031
250,100,500,164,1455,559,2178,9.698103125834892,0.010457305447256093,4.47834494039464
250,100,1000,164,1455,620,2239,9.969721257458367,0.010792753368292385,4.622000637124142
250,100,2500,164,1455,673,2292,10.205717339032862,0.010965076800318996,4.695798210870092
250,100,5000,164,1455,722,2341,10.423902395582866,0.011032025153523944,4.7244688679868165
250,100,10000,164,1455,767,2386,10.624276427108379,0.011073096304259789,4.742057603538412
250,100,50000,164,1455,816,2435,10.842461483658385,0.01108770411874374,4.74831340551478
250,100,200000,164,1455,823,2442,10.873630777451242,0.01108770411874374,4.74831340551478
250,150,1,164,1497,20,1681,7.485083266541989,0.007218513295179724,3.0913309987633464
250,150,2,164,1497,52,1713,7.62757146673791,0.007246107740448038,3.1031483301948173
250,150,3,164,1497,73,1734,7.7210793481164846,0.007306954670718097,3.1292060506743278
250,150,5,164,1497,102,1763,7.850209279544037,0.007392373158656623,3.1657865498483324
250,150,10,164,1497,172,1833,8.161902217472615,0.007531505141149891,3.225369873008247
250,150,20,164,1497,279,1940,8.638347136877728,0.008084199298215022,3.462061350976673
250,150,30,164,1497,335,1996,8.887701487220589,0.008505187241726692,3.6423495940907076
250,150,50,164,1497,376,2037,9.070264493721613,0.009036746859416411,3.869990197724743
250,150,75,164,1497,407,2068,9.208299937661412,0.00937850326345116,4.016347504640558
250,150,100,164,1497,425,2086,9.288449550271618,0.009538527790136836,4.084878067607893
250,150,150,164,1497,457,2118,9.43093775046754,0.00983837044806754,4.213285797192841
250,150,250,164,1497,503,2164,9.635764538249177,0.010205754041625659,4.370617957536948
250,150,500,164,1497,559,2220,9.88511888859204,0.010607233645890779,4.5425517471255565
250,150,1000,164,1497,620,2281,10.156737020215513,0.01094268156692707,4.686207443855057
250,150,2500,164,1497,673,2334,10.392733101790007,0.011115004998953681,4.760005017601008
250,150,5000,164,1497,722,2383,10.610918158340013,0.01118195335215863,4.788675674717732
250,150,10000,164,1497,767,2428,10.811292189865526,0.011223024502894474,4.806264410269328
250,150,50000,164,1497,816,2477,11.029477246415532,0.011237632317378426,4.812520212245697
250,150,200000,164,1497,823,2484,11.06064654020839,0.011237632317378426,4.812520212245697
250,250,1,164,1526,20,1710,7.614213197969544,0.0073315151466384065,3.1397240836060583
250,250,2,164,1526,52,1742,7.756701398165465,0.007359109591906721,3.1515414150375296
250,250,3,164,1526,73,1763,7.850209279544037,0.007419956522176779,3.1775991355170397
250,250,5,164,1526,102,1792,7.979339210971591,0.007505375010115306,3.214179634691044
250,250,10,164,1526,172,1862,8.29103214890017,0.007644506992608574,3.273762957850959
250,250,20,164,1526,279,1969,8.767477068305281,0.008197201149673705,3.510454435819385
250,250,30,164,1526,335,2025,9.016831418648144,0.008618189093185374,3.6907426789334195
250,250,50,164,1526,376,2066,9.199394425149167,0.009149748710875094,3.918383282567455
250,250,75,164,1526,407,2097,9.337429869088966,0.009491505114909843,4.064740589483271
250,250,100,164,1526,425,2115,9.417579481699171,0.009651529641595519,4.133271152450606
250,250,150,164,1526,457,2147,9.560067681895093,0.009951372299526223,4.261678882035553
250,250,250,164,1526,503,2193,9.76489446967673,0.010318755893084341,4.41901104237966
250,250,500,164,1526,559,2249,10.014248820019592,0.010720235497349462,4.590944831968269
250,250,1000,164,1526,620,2310,10.285866951643067,0.011055683418385753,4.7346005286977695
250,250,2500,164,1526,673,2363,10.521863033217562,0.011228006850412364,4.80839810244372
250,250,5000,164,1526,722,2412,10.740048089767566,0.011294955203617313,4.837068759560444
250,250,10000,164,1526,767,2457,10.94042212129308,0.011336026354353157,4.854657495112041
250,250,50000,164,1526,816,2506,11.158607177843084,0.01135063416883711,4.860913297088409
250,250,200000,164,1526,823,2513,11.189776471635943,0.01135063416883711,4.860913297088409
250,500,1,164,1545,20,1729,7.698815566835872,0.007401948868551889,3.1698873511662664
250,500,2,164,1545,52,1761,7.841303767031793,0.007429543313820203,3.1817046825977373
250,500,3,164,1545,73,1782,7.934811648410365,0.0074903902440902614,3.2077624030772482
250,500,5,164,1545,102,1811,8.06394157983792,0.007575808732028788,3.2443429022512524
250,500,10,164,1545,172,1881,8.375634517766498,0.007714940714522056,3.3039262254111676
250,500,20,164,1545,279,1988,8.852079437171609,0.008267634871587187,3.540617703379593
250,500,30,164,1545,335,2044,9.101433787514472,0.008688622815098856,3.720905946493628
250,500,50,164,1545,376,2085,9.283996794015495,0.009220182432788576,3.9485465501276638
250,500,75,164,1545,407,2116,9.422032237955294,0.009561938836823325,4.094903857043478
250,500,100,164,1545,425,2134,9.5021818505655,0.009721963363509,4.163434420010813
250,500,150,164,1545,457,2166,9.644670050761421,0.010021806021439705,4.291842149595761
250,500,250,164,1545,503,2212,9.849496838543057,0.010389189614997824,4.449174309939868
250,500,500,164,1545,559,2268,10.09885118888592,0.010790669219262944,4.621108099528477
250,500,1000,164,1545,620,2329,10.370469320509395,0.011126117140299235,4.764763796257977
250,500,2500,164,1545,673,2382,10.60646540208389,0.011298440572325846,4.838561370003927
250,500,5000,164,1545,722,2431,10.824650458633894,0.011365388925530795,4.867232027120653
250,500,10000,164,1545,767,2476,11.025024490159408,0.011406460076266639,4.884820762672248
250,500,50000,164,1545,816,2525,11.243209546709414,0.011421067890750591,4.891076564648618
250,500,200000,164,1545,823,2532,11.274378840502271,0.011421067890750591,4.891076564648618
250,1000,1,164,1550,20,1734,7.7210793481164846,0.007405215585182923,3.171286323776379
250,1000,2,164,1550,52,1766,7.863567548312406,0.007432810030451237,3.18310365520785
250,1000,3,164,1550,73,1787,7.9570754296909785,0.0074936569607212955,3.2091613756873603
250,1000,5,164,1550,102,1816,8.086205361118532,0.007579075448659822,3.2457418748613653
250,1000,10,164,1550,172,1886,8.39789829904711,0.00771820743115309,3.3053251980212797
250,1000,20,164,1550,279,1993,8.874343218452221,0.008270901588218221,3.542016675989706
250,1000,30,164,1550,335,2049,9.123697568795084,0.00869188953172989,3.72230491910374
250,1000,50,164,1550,376,2090,9.30626057529611,0.00922344914941961,3.9499455227377758
250,1000,75,164,1550,407,2121,9.444296019235907,0.009565205553454359,4.096302829653591
250,1000,100,164,1550,425,2139,9.524445631846113,0.009725230080140035,4.164833392620927
250,1000,150,164,1550,457,2171,9.666933832042034,0.01002507273807074,4.293241122205874
250,1000,250,164,1550,503,2217,9.87176061982367,0.010392456331628858,4.450573282549981
250,1000,500,164,1550,559,2273,10.121114970166534,0.010793935935893978,4.62250707213859
250,1000,1000,164,1550,620,2334,10.392733101790007,0.01112938385693027,4.7661627688680905
250,1000,2500,164,1550,673,2387,10.628729183364502,0.01130170728895688,4.839960342614041
250,1000,5000,164,1550,722,2436,10.846914239914508,0.011368655642161829,4.868630999730765
250,1000,10000,164,1550,767,2481,11.04728827144002,0.011409726792897673,4.886219735282362
250,1000,50000,164,1550,816,2530,11.265473327990026,0.011424334607381625,4.892475537258729
250,1000,200000,164,1550,823,2537,11.296642621782883,0.011424334607381625,4.892475537258729
250,2500,1,164,1553,20,1737,7.734437616884851,0.0074087064690095406,3.1727812960712294
250,2500,2,164,1553,52,1769,7.876925817080773,0.007436300914277855,3.1845986275027007
250,2500,3,164,1553,73,1790,7.970433698459346,0.007497147844547913,3.2106563479822112
250,2500,5,164,1553,102,1819,8.0995636298869,0.00758256633248644,3.247236847156216
250,2500,10,164,1553,172,1889,8.411256567815478,0.007721698314979708,3.306820170316131
250,2500,20,164,1553,279,1996,8.887701487220589,0.00827439247204484,3.5435116482845563
250,2500,30,164,1553,335,2052,9.137055837563452,0.008695380415556508,3.7237998913985915
250,2500,50,164,1553,376,2093,9.319618844064475,0.009226940033246228,3.951440495032627
250,2500,75,164,1553,407,2124,9.457654288004274,0.009568696437280977,4.097797801948442
250,2500,100,164,1553,425,2142,9.537803900614481,0.009728720963966653,4.166328364915777
250,2500,150,164,1553,457,2174,9.680292100810401,0.010028563621897357,4.294736094500724
250,2500,250,164,1553,503,2220,9.88511888859204,0.010395947215455476,4.452068254844831
250,2500,500,164,1553,559,2276,10.1344732389349,0.010797426819720596,4.62400204443344
250,2500,1000,164,1553,620,2337,10.406091370558377,0.011132874740756887,4.767657741162941
250,2500,2500,164,1553,673,2390,10.64208745213287,0.011305198172783498,4.841455314908892
250,2500,5000,164,1553,722,2439,10.860272508682876,0.011372146525988447,4.870125972025616
250,2500,10000,164,1553,767,2484,11.06064654020839,0.011413217676724291,4.887714707577212
250,2500,50000,164,1553,816,2533,11.278831596758392,0.011427825491208243,4.89397050955358
250,2500,200000,164,1553,823,2540,11.310000890551251,0.011427825491208243,4.89397050955358
250,5000,1,164,1555,20,1739,7.743343129397097,0.0074087064690095406,3.1727812960712294
250,5000,2,164,1555,52,1771,7.885831329593018,0.007436300914277855,3.1845986275027007
250,5000,3,164,1555,73,1792,7.979339210971591,0.007497147844547913,3.2106563479822112
250,5000,5,164,1555,102,1821,8.108469142399146,0.00758256633248644,3.247236847156216
250,5000,10,164,1555,172,1891,8.420162080327723,0.007721698314979708,3.306820170316131
250,5000,20,164,1555,279,1998,8.896606999732834,0.00827439247204484,3.5435116482845563
250,5000,30,164,1555,335,2054,9.145961350075698,0.008695380415556508,3.7237998913985915
250,5000,50,164,1555,376,2095,9.328524356576722,0.009226940033246228,3.951440495032627
250,5000,75,164,1555,407,2126,9.466559800516519,0.009568696437280977,4.097797801948442
250,5000,100,164,1555,425,2144,9.546709413126726,0.009728720963966653,4.166328364915777
250,5000,150,164,1555,457,2176,9.689197613322646,0.010028563621897357,4.294736094500724
250,5000,250,164,1555,503,2222,9.894024401104282,0.010395947215455476,4.452068254844831
250,5000,500,164,1555,559,2278,10.143378751447147,0.010797426819720596,4.62400204443344
250,5000,1000,164,1555,620,2339,10.414996883070621,0.011132874740756887,4.767657741162941
250,5000,2500,164,1555,673,2392,10.650992964645116,0.011305198172783498,4.841455314908892
250,5000,5000,164,1555,722,2441,10.86917802119512,0.011372146525988447,4.870125972025616
250,5000,10000,164,1555,767,2486,11.069552052720635,0.011413217676724291,4.887714707577212
250,5000,50000,164,1555,816,2535,11.287737109270639,0.011427825491208243,4.89397050955358
250,5000,200000,164,1555,823,2542,11.318906403063496,0.011427825491208243,4.89397050955358
250,10000,1,164,1556,20,1740,7.747795885653219,0.0074087064690095406,3.1727812960712294
250,10000,2,164,1556,52,1772,7.8902840858491405,0.007436300914277855,3.1845986275027007
250,10000,3,164,1556,73,1793,7.983791967227714,0.007497147844547913,3.2106563479822112
250,10000,5,164,1556,102,1822,8.112921898655268,0.00758256633248644,3.247236847156216
250,10000,10,164,1556,172,1892,8.424614836583846,0.007721698314979708,3.306820170316131
250,10000,20,164,1556,279,1999,8.901059755988957,0.00827439247204484,3.5435116482845563
250,10000,30,164,1556,335,2055,9.15041410633182,0.008695380415556508,3.7237998913985915
250,10000,50,164,1556,376,2096,9.332977112832843,0.009226940033246228,3.951440495032627
250,10000,75,164,1556,407,2127,9.471012556772642,0.009568696437280977,4.097797801948442
250,10000,100,164,1556,425,2145,9.551162169382849,0.009728720963966653,4.166328364915777
250,10000,150,164,1556,457,2177,9.69365036957877,0.010028563621897357,4.294736094500724
250,10000,250,164,1556,503,2223,9.898477157360407,0.010395947215455476,4.452068254844831
250,10000,500,164,1556,559,2279,10.147831507703268,0.010797426819720596,4.62400204443344
250,10000,1000,164,1556,620,2340,10.419449639326743,0.011132874740756887,4.767657741162941
250,10000,2500,164,1556,673,2393,10.655445720901238,0.011305198172783498,4.841455314908892
250,10000,5000,164,1556,722,2442,10.873630777451242,0.011372146525988447,4.870125972025616
250,10000,10000,164,1556,767,2487,11.074004808976756,0.011413217676724291,4.887714707577212
250,10000,50000,164,1556,816,2536,11.292189865526762,0.011427825491208243,4.89397050955358
250,10000,200000,164,1556,823,2543,11.323359159319619,0.011427825491208243,4.89397050955358
250,50000,1,164,1557,20,1741,7.7522486419093415,0.0074087064690095406,3.1727812960712294
250,50000,2,164,1557,52,1773,7.894736842105263,0.007436300914277855,3.1845986275027007
250,50000,3,164,1557,73,1794,7.988244723483836,0.007497147844547913,3.2106563479822112
250,50000,5,164,1557,102,1823,8.117374654911389,0.00758256633248644,3.247236847156216
250,50000,10,164,1557,172,1893,8.429067592839969,0.007721698314979708,3.306820170316131
250,50000,20,164,1557,279,2000,8.90551251224508,0.00827439247204484,3.5435116482845563
250,50000,30,164,1557,335,2056,9.154866862587943,0.008695380415556508,3.7237998913985915
250,50000,50,164,1557,376,2097,9.337429869088966,0.009226940033246228,3.951440495032627
250,50000,75,164,1557,407,2128,9.475465313028765,0.009568696437280977,4.097797801948442
250,50000,100,164,1557,425,2146,9.55561492563897,0.009728720963966653,4.166328364915777
250,50000,150,164,1557,457,2178,9.698103125834892,0.010028563621897357,4.294736094500724
250,50000,250,164,1557,503,2224,9.902929913616529,0.010395947215455476,4.452068254844831
250,50000,500,164,1557,559,2280,10.152284263959391,0.010797426819720596,4.62400204443344
250,50000,1000,164,1557,620,2341,10.423902395582866,0.011132874740756887,4.767657741162941
250,50000,2500,164,1557,673,2394,10.65989847715736,0.011305198172783498,4.841455314908892
250,50000,5000,164,1557,722,2443,10.878083533707365,0.011372146525988447,4.870125972025616
250,50000,10000,164,1557,767,2488,11.07845756523288,0.011413217676724291,4.887714707577212
250,50000,50000,164,1557,816,2537,11.296642621782883,0.011427825491208243,4.89397050955358
250,50000,200000,164,1557,823,2544,11.327811915575742,0.011427825491208243,4.89397050955358
250,200000,1,164,1557,20,1741,7.7522486419093415,0.0074087064690095406,3.1727812960712294
250,200000,2,164,1557,52,1773,7.894736842105263,0.007436300914277855,3.1845986275027007
250,200000,3,164,1557,73,1794,7.988244723483836,0.007497147844547913,3.2106563479822112
250,200000,5,164,1557,102,1823,8.117374654911389,0.00758256633248644,3.247236847156216
250,200000,10,164,1557,172,1893,8.429067592839969,0.007721698314979708,3.306820170316131
250,200000,20,164,1557,279,2000,8.90551251224508,0.00827439247204484,3.5435116482845563
250,200000,30,164,1557,335,2056,9.154866862587943,0.008695380415556508,3.7237998913985915
250,200000,50,164,1557,376,2097,9.337429869088966,0.009226940033246228,3.951440495032627
250,200000,75,164,1557,407,2128,9.475465313028765,0.009568696437280977,4.097797801948442
250,200000,100,164,1557,425,2146,9.55561492563897,0.009728720963966653,4.166328364915777
250,200000,150,164,1557,457,2178,9.698103125834892,0.010028563621897357,4.294736094500724
250,200000,250,164,1557,503,2224,9.902929913616529,0.010395947215455476,4.452068254844831
250,200000,500,164,1557,559,2280,10.152284263959391,0.010797426819720596,4.62400204443344
250,200000,1000,164,1557,620,2341,10.423902395582866,0.011132874740756887,4.767657741162941
250,200000,2500,164,1557,673,2394,10.65989847715736,0.011305198172783498,4.841455314908892
250,200000,5000,164,1557,722,2443,10.878083533707365,0.011372146525988447,4.870125972025616
250,200000,10000,164,1557,767,2488,11.07845756523288,0.011413217676724291,4.887714707577212
250,200000,50000,164,1557,816,2537,11.296642621782883,0.011427825491208243,4.89397050955358
250,200000,200000,164,1557,823,2544,11.327811915575742,0.011427825491208243,4.89397050955358
500,1,1,174,240,20,434,1.9324962151571823,0.0016260823757924259,0.6963703811679023
500,1,2,174,240,52,466,2.0749844153531036,0.00165367682106074,0.7081877125993732
500,1,3,174,240,73,487,2.168492296731677,0.0017145237513307987,0.7342454330788838
500,1,5,174,240,102,516,2.2976222281592307,0.0017999422392693254,0.7708259322528881
500,1,10,174,240,172,586,2.6093151660878084,0.0019390742217625934,0.8304092554128034
500,1,20,174,240,279,693,3.0857600854929204,0.0024917683788277245,1.0671007333812288
500,1,30,174,240,335,749,3.335114435835782,0.0029127563223393937,1.2473889764952637
500,1,50,174,240,376,790,3.5176774423368062,0.0034443159400291135,1.4750295801292994
500,1,75,174,240,407,821,3.6557128862766053,0.003786072344063862,1.6213868870451145
500,1,100,174,240,425,839,3.7358624988868114,0.003946096870749538,1.6899174500124496
500,1,150,174,240,457,871,3.8783506990827323,0.004245939528680243,1.8183251795973965
500,1,250,174,240,503,917,4.083177486864369,0.004613323122238361,1.9756573399415036
500,1,500,174,240,559,973,4.332531837207231,0.005014802726503481,2.1475911295301127
500,1,1000,174,240,620,1034,4.604149968830706,0.005350250647539773,2.2912468262596133
500,1,2500,174,240,673,1087,4.840146050405201,0.005522574079566384,2.365044400005564
500,1,5000,174,240,722,1136,5.058331106955205,0.005589522432771332,2.3937150571222885
500,1,10000,174,240,767,1181,5.258705138480719,0.005630593583507176,2.4113037926738845
500,1,50000,174,240,816,1230,5.476890195030724,0.005645201397991129,2.417559594650253
500,1,200000,174,240,823,1237,5.508059488823582,0.005645201397991129,2.417559594650253
500,2,1,174,382,20,576,2.564787603526583,0.0024012849970379835,1.028351191534939
500,2,2,174,382,52,608,2.707275803722504,0.0024288794423062976,1.0401685229664102
500,2,3,174,382,73,629,2.8007836851010777,0.0024897263725763563,1.0662262434459207
500,2,5,174,382,102,658,2.9299136165286312,0.002575144860514883,1.1028067426199248
500,2,10,174,382,172,728,3.241606554457209,0.002714276843008151,1.1623900657798403
500,2,20,174,382,279,835,3.718051473862321,0.003266971000073282,1.3990815437482655
500,2,30,174,382,335,891,3.9674058242051826,0.0036879589435849514,1.5793697868623007
500,2,50,174,382,376,932,4.149968830706207,0.004219518561274671,1.8070103904963362
500,2,75,174,382,407,963,4.288004274646006,0.00456127496530942,1.9533676974121512
500,2,100,174,382,425,981,4.368153887256212,0.004721299491995096,2.0218982603794866
500,2,150,174,382,457,1013,4.510642087452133,0.0050211421499258,2.1503059899644335
500,2,250,174,382,503,1059,4.71546887523377,0.0053885257434839184,2.30763815030854
500,2,500,174,382,559,1115,4.964823225576632,0.005790005347749039,2.4795719398971494
500,2,1000,174,382,620,1176,5.236441357200107,0.00612545326878533,2.62322763662665
500,2,2500,174,382,673,1229,5.472437438774602,0.006297776700811941,2.6970252103726007
500,2,5000,174,382,722,1278,5.690622495324606,0.00636472505401689,2.7256958674893252
500,2,10000,174,382,767,1323,5.89099652685012,0.006405796204752734,2.7432846030409213
500,2,50000,174,382,816,1372,6.109181583400124,0.006420404019236686,2.74954040501729
500,2,200000,174,382,823,1379,6.140350877192982,0.006420404019236686,2.74954040501729
500,3,1,174,482,20,676,3.010063229138837,0.0029373500617306536,1.2579212545207787
500,3,2,174,482,52,708,3.152551429334758,0.0029649445069989677,1.2697385859522496
500,3,3,174,482,73,729,3.2460593107133318,0.0030257914372690264,1.2957963064317604
500,3,5,174,482,102,758,3.375189242140885,0.003111209925207553,1.3323768056057643
500,3,10,174,482,172,828,3.686882180069463,0.003250341907700821,1.3919601287656798
500,3,20,174,482,279,935,4.163327099474575,0.0038030360647659522,1.6286516067341055
500,3,30,174,482,335,991,4.412681449817437,0.0042240240082776215,1.8089398498481402
500,3,50,174,482,376,1032,4.595244456318461,0.004755583625967341,2.0365804534821756
500,3,75,174,482,407,1063,4.7332799002582595,0.00509734003000209,2.1829377603979907
500,3,100,174,482,425,1081,4.813429512868465,0.005257364556687766,2.251468323365326
500,3,150,174,482,457,1113,4.9559177130643866,0.00555720721461847,2.379876052950273
500,3,250,174,482,503,1159,5.1607445008460235,0.0059245908081765886,2.53720821329438
500,3,500,174,482,559,1215,5.410098851188886,0.006326070412441709,2.7091420028829893
500,3,1000,174,482,620,1276,5.68171698281236,0.006661518333478,2.85279769961249
500,3,2500,174,482,673,1329,5.917713064386856,0.006833841765504611,2.92659527335844
500,3,5000,174,482,722,1378,6.13589812093686,0.00690079011870956,2.955265930475165
500,3,10000,174,482,767,1423,6.336272152462374,0.006941861269445404,2.9728546660267607
500,3,50000,174,482,816,1472,6.554457209012379,0.006956469083929356,2.9791104680031295
500,3,200000,174,482,823,1479,6.585626502805236,0.006956469083929356,2.9791104680031295
500,5,1,174,631,20,825,3.673523911301095,0.0035195489779858424,1.5072481565669265
500,5,2,174,631,52,857,3.8160121114970162,0.0035471434232541565,1.5190654879983974
500,5,3,174,631,73,878,3.90951999287559,0.0036079903535242153,1.545123208477908
500,5,5,174,631,102,907,4.038649924303144,0.003693408841462742,1.5817037076519123
500,5,10,174,631,172,977,4.350342862231722,0.00383254082395601,1.6412870308118277
500,5,20,174,631,279,1084,4.826787781636834,0.004385234981021141,1.877978508780253
500,5,30,174,631,335,1140,5.0761421319796955,0.00480622292453281,2.058266751894288
500,5,50,174,631,376,1181,5.258705138480719,0.00533778254222253,2.2859073555283236
500,5,75,174,631,407,1212,5.396740582420518,0.005679538946257279,2.4322646624441386
500,5,100,174,631,425,1230,5.476890195030724,0.005839563472942955,2.500795225411474
500,5,150,174,631,457,1262,5.619378395226645,0.006139406130873659,2.629202954996421
500,5,250,174,631,503,1308,5.8242051830082815,0.006506789724431777,2.786535115340528
500,5,500,174,631,559,1364,6.073559533351144,0.006908269328696898,2.958468904929137
500,5,1000,174,631,620,1425,6.345177664974619,0.007243717249733189,3.102124601658638
500,5,2500,174,631,673,1478,6.581173746549114,0.0074160406817598,3.1759221754045885
500,5,5000,174,631,722,1527,6.7993588030991186,0.007482989034964749,3.2045928325213127
500,5,10000,174,631,767,1572,6.999732834624632,0.007524060185700593,3.222181568072909
500,5,50000,174,631,816,1621,7.217917891174637,0.007538668000184545,3.2284373700492774
500,5,200000,174,631,823,1628,7.249087184967495,0.007538668000184545,3.2284373700492774
500,10,1,174,877,20,1071,4.7689019503072405,0.004059625605403405,1.7385361727791218
500,10,2,174,877,52,1103,4.911390150503162,0.004087220050671719,1.7503535042105927
500,10,3,174,877,73,1124,5.004898031881734,0.004148066980941778,1.7764112246901034
500,10,5,174,877,102,1153,5.134027963309289,0.004233485468880305,1.8129917238641076
500,10,10,174,877,172,1223,5.445720901237866,0.004372617451373573,1.8725750470240228
500,10,20,174,877,279,1330,5.922165820642978,0.004925311608438704,2.109266524992448
500,10,30,174,877,335,1386,6.171520170985841,0.005346299551950373,2.289554768106483
500,10,50,174,877,376,1427,6.3540831774868645,0.005877859169640093,2.517195371740519
500,10,75,174,877,407,1458,6.4921186214266635,0.0062196155736748415,2.663552678656334
500,10,100,174,877,425,1476,6.572268234036868,0.006379640100360517,2.732083241623669
500,10,150,174,877,457,1508,6.71475643423279,0.006679482758291222,2.8604909712086157
500,10,250,174,877,503,1554,6.919583222014427,0.00704686635184934,3.017823131552723
500,10,500,174,877,559,1610,7.168937572357289,0.0074483459561144605,3.1897569211413317
500,10,1000,174,877,620,1671,7.440555703980764,0.007783793877150752,3.3334126178708323
500,10,2500,174,877,673,1724,7.676551785555259,0.007956117309177363,3.407210191616784
500,10,5000,174,877,722,1773,7.894736842105263,0.008023065662382312,3.435880848733508
500,10,10000,174,877,767,1818,8.095110873630777,0.008064136813118156,3.4534695842851044
500,10,50000,174,877,816,1867,8.313295930180782,0.008078744627602108,3.4597253862614723
500,10,200000,174,877,823,1874,8.34446522397364,0.008078744627602108,3.4597253862614723
500,20,1,174,1110,20,1304,5.806394157983792,0.004812190985966053,2.0608225764189068
500,20,2,174,1110,52,1336,5.948882358179714,0.004839785431234367,2.0726399078503777
500,20,3,174,1110,73,1357,6.042390239558286,0.004900632361504426,2.098697628329888
500,20,5,174,1110,102,1386,6.171520170985841,0.004986050849442952,2.1352781275038923
500,20,10,174,1110,172,1456,6.483213108914418,0.00512518283193622,2.1948614506638076
500,20,20,174,1110,279,1563,6.959658028319529,0.005677876989001351,2.4315529286322333
500,20,30,174,1110,335,1619,7.2090123786623925,0.006098864932513021,2.611841171746268
500,20,50,174,1110,376,1660,7.391575385163416,0.00663042455020274,2.8394817753803037
500,20,75,174,1110,407,1691,7.529610829103214,0.006972180954237489,2.9858390822961187
500,20,100,174,1110,425,1709,7.60976044171342,0.007132205480923165,3.054369645263454
500,20,150,174,1110,457,1741,7.7522486419093415,0.0074320481388538695,3.182777374848401
500,20,250,174,1110,503,1787,7.9570754296909785,0.007799431732411988,3.3401095351925076
500,20,500,174,1110,559,1843,8.206429780033842,0.008200911336677108,3.5120433247811174
500,20,1000,174,1110,620,1904,8.478047911657317,0.0085363592577134,3.655699021510618
500,20,2500,174,1110,673,1957,8.714043993231812,0.00870868268974001,3.7294965952565686
500,20,5000,174,1110,722,2006,8.932229049781814,0.008775631042944959,3.7581672523732927
500,20,10000,174,1110,767,2051,9.132603081307328,0.008816702193680803,3.775755987924889
500,20,50000,174,1110,816,2100,9.350788137857334,0.008831310008164756,3.782011789901257
500,20,200000,174,1110,823,2107,9.381957431650191,0.008831310008164756,3.782011789901257
500,30,1,174,1234,20,1428,6.358535933742987,0.0056926208681169765,2.4378670003376337
500,30,2,174,1234,52,1460,6.501024133938908,0.005720215313385291,2.4496843317691046
500,30,3,174,1234,73,1481,6.5945320153174825,0.005781062243655349,2.475742052248615
500,30,5,174,1234,102,1510,6.723661946745035,0.005866480731593876,2.5123225514226197
500,30,10,174,1234,172,1580,7.0353548846736125,0.006005612714087144,2.571905874582535
500,30,20,174,1234,279,1687,7.511799804078725,0.006558306871152275,2.80859735255096
500,30,30,174,1234,335,1743,7.761154154421587,0.006979294814663944,2.9888855956649953
500,30,50,174,1234,376,1784,7.943717160922612,0.007510854432353664,3.216526199299031
500,30,75,174,1234,407,1815,8.081752604862409,0.007852610836388413,3.3628835062148457
500,30,100,174,1234,425,1833,8.161902217472615,0.008012635363074089,3.4314140691821806
500,30,150,174,1234,457,1865,8.304390417668536,0.008312478021004793,3.559821798767128
500,30,250,174,1234,503,1911,8.509217205450174,0.008679861614562911,3.717153959111235
500,30,500,174,1234,559,1967,8.758571555793036,0.009081341218828032,3.889087748699844
500,30,1000,174,1234,620,2028,9.030189687416511,0.009416789139864323,4.032743445429345
500,30,2500,174,1234,673,2081,9.266185768991006,0.009589112571890934,4.106541019175295
500,30,5000,174,1234,722,2130,9.48437082554101,0.009656060925095883,4.13521167629202
500,30,10000,174,1234,767,2175,9.684744857066525,0.009697132075831727,4.152800411843616
500,30,50000,174,1234,816,2224,9.902929913616529,0.00971173989031568,4.1590562138199845
500,30,200000,174,1234,823,2231,9.934099207409385,0.00971173989031568,4.1590562138199845
500,50,1,174,1348,20,1542,6.8661501469409565,0.006335393784317911,2.713134740350571
500,50,2,174,1348,52,1574,7.008638347136878,0.006362988229586225,2.7249520717820417
500,50,3,174,1348,73,1595,7.10214622851545,0.006423835159856284,2.751009792261552
500,50,5,174,1348,102,1624,7.231276159943005,0.00650925364779481,2.787590291435557
500,50,10,174,1348,172,1694,7.542969097871582,0.006648385630288078,2.847173614595472
500,50,20,174,1348,279,1801,8.019414017276693,0.0072010797873532095,3.0838650925638973
500,50,30,174,1348,335,1857,8.268768367619558,0.007622067730864879,3.264153335677932
500,50,50,174,1348,376,1898,8.451331374120581,0.008153627348554598,3.4917939393119677
500,50,75,174,1348,407,1929,8.589366818060379,0.008495383752589347,3.638151246227783
500,50,100,174,1348,425,1947,8.669516430670585,0.008655408279275023,3.7066818091951186
500,50,150,174,1348,457,1979,8.812004630866506,0.008955250937205728,3.835089538780065
500,50,250,174,1348,503,2025,9.016831418648144,0.009322634530763846,3.992421699124172
500,50,500,174,1348,559,2081,9.266185768991006,0.009724114135028966,4.164355488712782
500,50,1000,174,1348,620,2142,9.537803900614481,0.010059562056065258,4.3080111854422825
500,50,2500,174,1348,673,2195,9.773799982188976,0.010231885488091869,4.381808759188233
500,50,5000,174,1348,722,2244,9.99198503873898,0.010298833841296817,4.410479416304957
500,50,10000,174,1348,767,2289,10.192359070264494,0.010339904992032661,4.428068151856554
500,50,50000,174,1348,816,2338,10.410544126814498,0.010354512806516614,4.434323953832921
500,50,200000,174,1348,823,2345,10.441713420607355,0.010354512806516614,4.434323953832921
500,75,1,174,1422,20,1616,7.195654109894025,0.006900915843326666,2.9553197720891196
500,75,2,174,1422,52,1648,7.338142310089946,0.00692851028859498,2.9671371035205905
500,75,3,174,1422,73,1669,7.43165019146852,0.006989357218865039,2.9931948240001014
500,75,5,174,1422,102,1698,7.560780122896073,0.0070747757068035655,3.0297753231741056
500,75,10,174,1422,172,1768,7.8724730608246505,0.0072139076892968335,3.0893586463340212
500,75,20,174,1422,279,1875,8.348917980229762,0.007766601846361965,3.3260501243024465
500,75,30,174,1422,335,1931,8.598272330572625,0.008187589789873634,3.506338367416481
500,75,50,174,1422,376,1972,8.780835337073649,0.008719149407563354,3.733978971050517
500,75,75,174,1422,407,2003,8.918870781013448,0.009060905811598102,3.880336277966332
500,75,100,174,1422,425,2021,8.999020393623653,0.009220930338283778,3.9488668409336674
500,75,150,174,1422,457,2053,9.141508593819573,0.009520772996214483,4.077274570518615
500,75,250,174,1422,503,2099,9.346335381601211,0.009888156589772601,4.234606730862722
500,75,500,174,1422,559,2155,9.595689731944073,0.010289636194037721,4.406540520451331
500,75,1000,174,1422,620,2216,9.867307863567548,0.010625084115074013,4.550196217180831
500,75,2500,174,1422,673,2269,10.103303945142043,0.010797407547100624,4.623993790926781
500,75,5000,174,1422,722,2318,10.321489001692047,0.010864355900305572,4.652664448043506
500,75,10000,174,1422,767,2363,10.521863033217562,0.010905427051041416,4.670253183595102
500,75,50000,174,1422,816,2412,10.740048089767566,0.010920034865525369,4.67650898557147
500,75,200000,174,1422,823,2419,10.771217383560423,0.010920034865525369,4.67650898557147
500,100,1,174,1455,20,1649,7.3425950663460675,0.007083359995489674,3.0334515479911217
500,100,2,174,1455,52,1681,7.485083266541989,0.007110954440757988,3.0452688794225926
500,100,3,174,1455,73,1702,7.578591147920563,0.007171801371028047,3.071326599902103
500,100,5,174,1455,102,1731,7.707721079348116,0.007257219858966574,3.1079070990761077
500,100,10,174,1455,172,1801,8.019414017276693,0.007396351841459842,3.167490422236023
500,100,20,174,1455,279,1908,8.495858936681806,0.007949045998524973,3.404181900204448
500,100,30,174,1455,335,1964,8.745213287024669,0.008370033942036642,3.5844701433184833
500,100,50,174,1455,376,2005,8.927776293525692,0.008901593559726362,3.812110746952519
500,100,75,174,1455,407,2036,9.065811737465491,0.00924334996376111,3.9584680538683337
500,100,100,174,1455,425,2054,9.145961350075698,0.009403374490446786,4.026998616835669
500,100,150,174,1455,457,2086,9.288449550271618,0.009703217148377491,4.155406346420616
500,100,250,174,1455,503,2132,9.493276338053255,0.01007060074193561,4.312738506764723
500,100,500,174,1455,559,2188,9.742630688396117,0.01047208034620073,4.484672296353332
500,100,1000,174,1455,620,2249,10.014248820019592,0.010807528267237021,4.6283279930828325
500,100,2500,174,1455,673,2302,10.250244901594087,0.010979851699263632,4.702125566828784
500,100,5000,174,1455,722,2351,10.468429958144092,0.01104680005246858,4.730796223945508
500,100,10000,174,1455,767,2396,10.668803989669605,0.011087871203204425,4.748384959497104
500,100,50000,174,1455,816,2445,10.88698904621961,0.011102479017688377,4.754640761473473
500,100,200000,174,1455,823,2452,10.918158340012468,0.011102479017688377,4.754640761473473
500,150,1,174,1497,20,1691,7.529610829103214,0.00723328819412436,3.097658354722038
500,150,2,174,1497,52,1723,7.672099029299136,0.007260882639392674,3.109475686153509
500,150,3,174,1497,73,1744,7.765606910677709,0.007321729569662733,3.13553340663302
500,150,5,174,1497,102,1773,7.894736842105263,0.007407148057601259,3.172113905807024
500,150,10,174,1497,172,1843,8.206429780033842,0.007546280040094527,3.2316972289669392
500,150,20,174,1497,279,1950,8.682874699438953,0.008098974197159658,3.4683887069353645
500,150,30,174,1497,335,2006,8.932229049781814,0.008519962140671328,3.6486769500493996
500,150,50,174,1497,376,2047,9.11479205628284,0.009051521758361047,3.8763175536834353
500,150,75,174,1497,407,2078,9.252827500222638,0.009393278162395796,4.02267486059925
500,150,100,174,1497,425,2096,9.332977112832843,0.009553302689081472,4.091205423566585
500,150,150,174,1497,457,2128,9.475465313028765,0.009853145347012177,4.219613153151532
500,150,250,174,1497,503,2174,9.680292100810401,0.010220528940570295,4.376945313495639
500,150,500,174,1497,559,2230,9.929646451153264,0.010622008544835415,4.548879103084248
500,150,1000,174,1497,620,2291,10.201264582776739,0.010957456465871707,4.692534799813749
500,150,2500,174,1497,673,2344,10.437260664351234,0.011129779897898318,4.766332373559699
500,150,5000,174,1497,722,2393,10.655445720901238,0.011196728251103266,4.795003030676424
500,150,10000,174,1497,767,2438,10.855819752426752,0.01123779940183911,4.81259176622802
500,150,50000,174,1497,816,2487,11.074004808976756,0.011252407216323063,4.818847568204389
500,150,200000,174,1497,823,2494,11.105174102769615,0.011252407216323063,4.818847568204389
500,250,1,174,1526,20,1720,7.658740760530769,0.007346290045583043,3.1460514395647494
500,250,2,174,1526,52,1752,7.80122896072669,0.007373884490851357,3.1578687709962208
500,250,3,174,1526,73,1773,7.894736842105263,0.0074347314211214155,3.1839264914757317
500,250,5,174,1526,102,1802,8.023866773532816,0.007520149909059942,3.220506990649736
500,250,10,174,1526,172,1872,8.335559711461395,0.00765928189155321,3.280090313809651
500,250,20,174,1526,279,1979,8.812004630866506,0.008211976048618341,3.5167817917780764
500,250,30,174,1526,335,2035,9.06135898120937,0.00863296399213001,3.6970700348921115
500,250,50,174,1526,376,2076,9.243921987710394,0.00916452360981973,3.924710638526147
500,250,75,174,1526,407,2107,9.381957431650191,0.009506280013854479,4.071067945441962
500,250,100,174,1526,425,2125,9.462107044260398,0.009666304540540155,4.139598508409297
500,250,150,174,1526,457,2157,9.604595244456318,0.00996614719847086,4.2680062379942445
500,250,250,174,1526,503,2203,9.809422032237954,0.010333530792028978,4.425338398338352
500,250,500,174,1526,559,2259,10.058776382580817,0.010735010396294098,4.5972721879269605
500,250,1000,174,1526,620,2320,10.330394514204293,0.01107045831733039,4.740927884656461
500,250,2500,174,1526,673,2373,10.566390595778786,0.011242781749357,4.814725458402411
500,250,5000,174,1526,722,2422,10.784575652328792,0.011309730102561949,4.843396115519137
500,250,10000,174,1526,767,2467,10.984949683854307,0.011350801253297793,4.860984851070732
500,250,50000,174,1526,816,2516,11.20313474040431,0.011365409067781745,4.867240653047101
500,250,200000,174,1526,823,2523,11.234304034197168,0.011365409067781745,4.867240653047101
500,500,1,174,1545,20,1739,7.743343129397097,0.007416723767496525,3.176214707124958
500,500,2,174,1545,52,1771,7.885831329593018,0.007444318212764839,3.1880320385564285
500,500,3,174,1545,73,1792,7.979339210971591,0.007505165143034898,3.2140897590359394
500,500,5,174,1545,102,1821,8.108469142399146,0.007590583630973424,3.2506702582099436
500,500,10,174,1545,172,1891,8.420162080327723,0.007729715613466692,3.310253581369859
500,500,20,174,1545,279,1998,8.896606999732834,0.008282409770531823,3.546945059338284
500,500,30,174,1545,335,2054,9.145961350075698,0.008703397714043493,3.727233302452319
500,500,50,174,1545,376,2095,9.328524356576722,0.009234957331733212,3.954873906086355
500,500,75,174,1545,407,2126,9.466559800516519,0.009576713735767961,4.10123121300217
500,500,100,174,1545,425,2144,9.546709413126726,0.009736738262453637,4.169761775969506
500,500,150,174,1545,457,2176,9.689197613322646,0.010036580920384341,4.298169505554452
500,500,250,174,1545,503,2222,9.894024401104282,0.01040396451394246,4.455501665898559
500,500,500,174,1545,559,2278,10.143378751447147,0.01080544411820758,4.627435455487168
500,500,1000,174,1545,620,2339,10.414996883070621,0.011140892039243872,4.771091152216669
500,500,2500,174,1545,673,2392,10.650992964645116,0.011313215471270482,4.84488872596262
500,500,5000,174,1545,722,2441,10.86917802119512,0.011380163824475431,4.873559383079344
500,500,10000,174,1545,767,2486,11.069552052720635,0.011421234975211275,4.891148118630941
500,500,50000,174,1545,816,2535,11.287737109270639,0.011435842789695227,4.897403920607308
500,500,200000,174,1545,823,2542,11.318906403063496,0.011435842789695227,4.897403920607308
500,1000,1,174,1550,20,1744,7.765606910677709,0.007419990484127559,3.177613679735071
500,1000,2,174,1550,52,1776,7.908095110873631,0.007447584929395873,3.1894310111665414
500,1000,3,174,1550,73,1797,8.001602992252204,0.007508431859665932,3.2154887316460523
500,1000,5,174,1550,102,1826,8.130732923679759,0.007593850347604458,3.2520692308200565
500,1000,10,174,1550,172,1896,8.442425861608335,0.007732982330097726,3.311652553979972
500,1000,20,174,1550,279,2003,8.918870781013448,0.008285676487162857,3.548344031948397
500,1000,30,174,1550,335,2059,9.16822513135631,0.008706664430674527,3.7286322750624326
500,1000,50,174,1550,376,2100,9.350788137857334,0.009238224048364246,3.956272878696468
500,1000,75,174,1550,407,2131,9.488823581797133,0.009579980452398995,4.102630185612282
500,1000,100,174,1550,425,2149,9.568973194407338,0.009740004979084671,4.171160748579618
500,1000,150,174,1550,457,2181,9.711461394603258,0.010039847637015376,4.299568478164565
500,1000,250,174,1550,503,2227,9.916288182384896,0.010407231230573494,4.456900638508672
500,1000,500,174,1550,559,2283,10.165642532727759,0.010808710834838614,4.628834428097281
500,1000,1000,174,1550,620,2344,10.437260664351234,0.011144158755874906,4.772490124826781
500,1000,2500,174,1550,673,2397,10.673256745925729,0.011316482187901516,4.846287698572732
500,1000,5000,174,1550,722,2446,10.891441802475732,0.011383430541106465,4.874958355689457
500,1000,10000,174,1550,767,2491,11.091815834001247,0.01142450169184231,4.8925470912410525
500,1000,50000,174,1550,816,2540,11.310000890551251,0.011439109506326262,4.898802893217422
500,1000,200000,174,1550,823,2547,11.341170184344108,0.011439109506326262,4.898802893217422
500,2500,1,174,1553,20,1747,7.778965179446078,0.007423481367954177,3.179108652029922
500,2500,2,174,1553,52,1779,7.921453379641999,0.007451075813222491,3.1909259834613923
500,2500,3,174,1553,73,1800,8.014961261020572,0.0075119227434925495,3.2169837039409033
500,2500,5,174,1553,102,1829,8.144091192448126,0.007597341231431076,3.2535642031149075
500,2500,10,174,1553,172,1899,8.455784130376703,0.007736473213924344,3.3131475262748227
500,2500,20,174,1553,279,2006,8.932229049781814,0.008289167370989475,3.549839004243248
500,2500,30,174,1553,335,2062,9.181583400124676,0.008710155314501145,3.730127247357283
500,2500,50,174,1553,376,2103,9.3641464066257,0.009241714932190864,3.957767850991319
500,2500,75,174,1553,407,2134,9.5021818505655,0.009583471336225613,4.104125157907133
500,2500,100,174,1553,425,2152,9.582331463175706,0.009743495862911289,4.172655720874468
500,2500,150,174,1553,457,2184,9.724819663371626,0.010043338520841993,4.301063450459416
500,2500,250,174,1553,503,2230,9.929646451153264,0.010410722114400112,4.458395610803523
500,2500,500,174,1553,559,2286,10.179000801496125,0.010812201718665232,4.630329400392132
500,2500,1000,174,1553,620,2347,10.450618933119602,0.011147649639701523,4.773985097121632
500,2500,2500,174,1553,673,2400,10.686615014694095,0.011319973071728134,4.847782670867582
500,2500,5000,174,1553,722,2449,10.9048000712441,0.011386921424933083,4.876453327984308
500,2500,10000,174,1553,767,2494,11.105174102769615,0.011427992575668927,4.894042063535903
500,2500,50000,174,1553,816,2543,11.323359159319619,0.01144260039015288,4.900297865512273
500,2500,200000,174,1553,823,2550,11.354528453112476,0.01144260039015288,4.900297865512273
500,5000,1,174,1555,20,1749,7.7878706919583225,0.007423481367954177,3.179108652029922
500,5000,2,174,1555,52,1781,7.930358892154244,0.007451075813222491,3.1909259834613923
500,5000,3,174,1555,73,1802,8.023866773532816,0.0075119227434925495,3.2169837039409033
500,5000,5,174,1555,102,1831,8.15299670496037,0.007597341231431076,3.2535642031149075
500,5000,10,174,1555,172,1901,8.464689642888947,0.007736473213924344,3.3131475262748227
500,5000,20,174,1555,279,2008,8.94113456229406,0.008289167370989475,3.549839004243248
500,5000,30,174,1555,335,2064,9.190488912636923,0.008710155314501145,3.730127247357283
500,5000,50,174,1555,376,2105,9.373051919137946,0.009241714932190864,3.957767850991319
500,5000,75,174,1555,407,2136,9.511087363077745,0.009583471336225613,4.104125157907133
500,5000,100,174,1555,425,2154,9.591236975687952,0.009743495862911289,4.172655720874468
500,5000,150,174,1555,457,2186,9.733725175883873,0.010043338520841993,4.301063450459416
500,5000,250,174,1555,503,2232,9.93855196366551,0.010410722114400112,4.458395610803523
500,5000,500,174,1555,559,2288,10.187906314008371,0.010812201718665232,4.630329400392132
500,5000,1000,174,1555,620,2349,10.459524445631846,0.011147649639701523,4.773985097121632
500,5000,2500,174,1555,673,2402,10.695520527206341,0.011319973071728134,4.847782670867582
500,5000,5000,174,1555,722,2451,10.913705583756345,0.011386921424933083,4.876453327984308
500,5000,10000,174,1555,767,2496,11.11407961528186,0.011427992575668927,4.894042063535903
500,5000,50000,174,1555,816,2545,11.332264671831863,0.01144260039015288,4.900297865512273
500,5000,200000,174,1555,823,2552,11.36343396562472,0.01144260039015288,4.900297865512273
500,10000,1,174,1556,20,1750,7.792323448214445,0.007423481367954177,3.179108652029922
500,10000,2,174,1556,52,1782,7.934811648410365,0.007451075813222491,3.1909259834613923
500,10000,3,174,1556,73,1803,8.02831952978894,0.0075119227434925495,3.2169837039409033
500,10000,5,174,1556,102,1832,8.157449461216492,0.007597341231431076,3.2535642031149075
500,10000,10,174,1556,172,1902,8.46914239914507,0.007736473213924344,3.3131475262748227
500,10000,20,174,1556,279,2009,8.945587318550183,0.008289167370989475,3.549839004243248
500,10000,30,174,1556,335,2065,9.194941668893044,0.008710155314501145,3.730127247357283
500,10000,50,174,1556,376,2106,9.37750467539407,0.009241714932190864,3.957767850991319
500,10000,75,174,1556,407,2137,9.515540119333869,0.009583471336225613,4.104125157907133
500,10000,100,174,1556,425,2155,9.595689731944073,0.009743495862911289,4.172655720874468
500,10000,150,174,1556,457,2187,9.738177932139996,0.010043338520841993,4.301063450459416
500,10000,250,174,1556,503,2233,9.943004719921632,0.010410722114400112,4.458395610803523
500,10000,500,174,1556,559,2289,10.192359070264494,0.010812201718665232,4.630329400392132
500,10000,1000,174,1556,620,2350,10.463977201887968,0.011147649639701523,4.773985097121632
500,10000,2500,174,1556,673,2403,10.699973283462464,0.011319973071728134,4.847782670867582
500,10000,5000,174,1556,722,2452,10.918158340012468,0.011386921424933083,4.876453327984308
500,10000,10000,174,1556,767,2497,11.118532371537981,0.011427992575668927,4.894042063535903
500,10000,50000,174,1556,816,2546,11.336717428087987,0.01144260039015288,4.900297865512273
500,10000,200000,174,1556,823,2553,11.367886721880845,0.01144260039015288,4.900297865512273
500,50000,1,174,1557,20,1751,7.796776204470568,0.007423481367954177,3.179108652029922
500,50000,2,174,1557,52,1783,7.939264404666489,0.007451075813222491,3.1909259834613923
500,50000,3,174,1557,73,1804,8.032772286045061,0.0075119227434925495,3.2169837039409033
500,50000,5,174,1557,102,1833,8.161902217472615,0.007597341231431076,3.2535642031149075
500,50000,10,174,1557,172,1903,8.473595155401194,0.007736473213924344,3.3131475262748227
500,50000,20,174,1557,279,2010,8.950040074806305,0.008289167370989475,3.549839004243248
500,50000,30,174,1557,335,2066,9.199394425149167,0.008710155314501145,3.730127247357283
500,50000,50,174,1557,376,2107,9.381957431650191,0.009241714932190864,3.957767850991319
500,50000,75,174,1557,407,2138,9.51999287558999,0.009583471336225613,4.104125157907133
500,50000,100,174,1557,425,2156,9.600142488200197,0.009743495862911289,4.172655720874468
500,50000,150,174,1557,457,2188,9.742630688396117,0.010043338520841993,4.301063450459416
500,50000,250,174,1557,503,2234,9.947457476177753,0.010410722114400112,4.458395610803523
500,50000,500,174,1557,559,2290,10.196811826520616,0.010812201718665232,4.630329400392132
500,50000,1000,174,1557,620,2351,10.468429958144092,0.011147649639701523,4.773985097121632
500,50000,2500,174,1557,673,2404,10.704426039718586,0.011319973071728134,4.847782670867582
500,50000,5000,174,1557,722,2453,10.922611096268591,0.011386921424933083,4.876453327984308
500,50000,10000,174,1557,767,2498,11.122985127794106,0.011427992575668927,4.894042063535903
500,50000,50000,174,1557,816,2547,11.341170184344108,0.01144260039015288,4.900297865512273
500,50000,200000,174,1557,823,2554,11.372339478136967,0.01144260039015288,4.900297865512273
500,200000,1,174,1557,20,1751,7.796776204470568,0.007423481367954177,3.179108652029922
500,200000,2,174,1557,52,1783,7.939264404666489,0.007451075813222491,3.1909259834613923
500,200000,3,174,1557,73,1804,8.032772286045061,0.0075119227434925495,3.2169837039409033
500,200000,5,174,1557,102,1833,8.161902217472615,0.007597341231431076,3.2535642031149075
500,200000,10,174,1557,172,1903,8.473595155401194,0.007736473213924344,3.3131475262748227
500,200000,20,174,1557,279,2010,8.950040074806305,0.008289167370989475,3.549839004243248
500,200000,30,174,1557,335,2066,9.199394425149167,0.008710155314501145,3.730127247357283
500,200000,50,174,1557,376,2107,9.381957431650191,0.009241714932190864,3.957767850991319
500,200000,75,174,1557,407,2138,9.51999287558999,0.009583471336225613,4.104125157907133
500,200000,100,174,1557,425,2156,9.600142488200197,0.009743495862911289,4.172655720874468
500,200000,150,174,1557,457,2188,9.742630688396117,0.010043338520841993,4.301063450459416
500,200000,250,174,1557,503,2234,9.947457476177753,0.010410722114400112,4.458395610803523
500,200000,500,174,1557,559,2290,10.196811826520616,0.010812201718665232,4.630329400392132
500,200000,1000,174,1557,620,2351,10.468429958144092,0.011147649639701523,4.773985097121632
500,200000,2500,174,1557,673,2404,10.704426039718586,0.011319973071728134,4.847782670867582
500,200000,5000,174,1557,722,2453,10.922611096268591,0.011386921424933083,4.876453327984308
500,200000,10000,174,1557,767,2498,11.122985127794106,0.011427992575668927,4.894042063535903
500,200000,50000,174,1557,816,2547,11.341170184344108,0.01144260039015288,4.900297865512273
500,200000,200000,174,1557,823,2554,11.372339478136967,0.01144260039015288,4.900297865512273
1000,1,1,180,240,20,440,1.9592127526939174,0.0016396737411829565,0.7021908884426238
1000,1,2,180,240,52,472,2.1017009528898387,0.0016672681864512706,0.7140082198740947
1000,1,3,180,240,73,493,2.195208834268412,0.0017281151167213293,0.7400659403536052
1000,1,5,180,240,102,522,2.3243387656959658,0.001813533604659856,0.7766464395276095
1000,1,10,180,240,172,592,2.6360317036245435,0.001952665587153124,0.8362297626875247
1000,1,20,180,240,279,699,3.1124766230296554,0.002505359744218255,1.07292124065595
1000,1,30,180,240,335,755,3.3618309733725176,0.0029263476877299244,1.2532094837699852
1000,1,50,180,240,376,796,3.5443939798735418,0.003457907305419644,1.480850087404021
1000,1,75,180,240,407,827,3.6824294238133404,0.003799663709454393,1.6272073943198357
1000,1,100,180,240,425,845,3.762579036423546,0.003959688236140069,1.6957379572871714
1000,1,150,180,240,457,877,3.9050672366194674,0.004259530894070773,1.8241456868721182
1000,1,250,180,240,503,923,4.109894024401104,0.0046269144876288915,1.981477847216225
1000,1,500,180,240,559,979,4.3592483747439665,0.005028394091894012,2.153411636804834
1000,1,1000,180,240,620,1040,4.6308665063674415,0.005363842012930303,2.2970673335343346
1000,1,2500,180,240,673,1093,4.866862587941936,0.005536165444956914,2.3708649072802856
1000,1,5000,180,240,722,1142,5.08504764449194,0.005603113798161863,2.3995355643970098
1000,1,10000,180,240,767,1187,5.285421676017455,0.005644184948897707,2.4171242999486062
1000,1,50000,180,240,816,1236,5.50360673256746,0.005658792763381659,2.4233801019249746
1000,1,200000,180,240,823,1243,5.534776026360317,0.005658792763381659,2.4233801019249746
1000,2,1,180,382,20,582,2.5915041410633184,0.002414876362428514,1.0341716988096605
1000,2,2,180,382,52,614,2.7339923412592397,0.0024424708076968282,1.0459890302411314
1000,2,3,180,382,73,635,2.8275002226378128,0.002503317737966887,1.072046750720642
1000,2,5,180,382,102,664,2.9566301540653663,0.0025887362259054136,1.1086272498946463
1000,2,10,180,382,172,734,3.2683230919939446,0.0027278682083986816,1.1682105730545616
1000,2,20,180,382,279,841,3.7447680113990556,0.0032805623654638127,1.404902051022987
1000,2,30,180,382,335,897,3.994122361741918,0.003701550308975482,1.585190294137022
1000,2,50,180,382,376,938,4.176685368242943,0.004233109926665202,1.8128308977710574
1000,2,75,180,382,407,969,4.314720812182741,0.00457486633069995,1.9591882046868725
1000,2,100,180,382,425,987,4.394870424792947,0.004734890857385626,2.0277187676542083
1000,2,150,180,382,457,1019,4.537358624988868,0.005034733515316331,2.1561264972391547
1000,2,250,180,382,503,1065,4.742185412770505,0.005402117108874449,2.313458657583262
1000,2,500,180,382,559,1121,4.991539763113368,0.005803596713139569,2.4853924471718707
1000,2,1000,180,382,620,1182,5.263157894736842,0.006139044634175861,2.6290481439013713
1000,2,2500,180,382,673,1235,5.499153976311337,0.006311368066202472,2.7028457176473224
1000,2,5000,180,382,722,1284,5.717339032861341,0.0063783164194074204,2.7315163747640465
1000,2,10000,180,382,767,1329,5.917713064386856,0.0064193875701432646,2.7491051103156425
1000,2,50000,180,382,816,1378,6.13589812093686,0.006433995384627217,2.7553609122920113
1000,2,200000,180,382,823,1385,6.1670674147297175,0.006433995384627217,2.7553609122920113
1000,3,1,180,482,20,682,3.036779766675572,0.0029509414271211842,1.2637417617955
1000,3,2,180,482,52,714,3.1792679668714934,0.0029785358723894984,1.275559093226971
1000,3,3,180,482,73,735,3.272775848250067,0.003039382802659557,1.3016168137064816
1000,3,5,180,482,102,764,3.4019057796776204,0.0031248012905980838,1.3381973128804858
1000,3,10,180,482,172,834,3.7135987176061978,0.0032639332730913517,1.397780636040401
1000,3,20,180,482,279,941,4.19004363701131,0.003816627430156483,1.6344721140088267
1000,3,30,180,482,335,997,4.439397987354172,0.004237615373668152,1.8147603571228614
1000,3,50,180,482,376,1038,4.621960993855197,0.004769174991357872,2.042400960756897
1000,3,75,180,482,407,1069,4.759996437794995,0.0051109313953926205,2.188758267672712
1000,3,100,180,482,425,1087,4.840146050405201,0.0052709559220782964,2.257288830640048
1000,3,150,180,482,457,1119,4.982634250601122,0.005570798580009001,2.3856965602249947
1000,3,250,180,482,503,1165,5.187461038382759,0.005938182173567119,2.543028720569102
1000,3,500,180,482,559,1221,5.436815388725621,0.0063396617778322395,2.7149625101577106
1000,3,1000,180,482,620,1282,5.708433520349096,0.006675109698868531,2.8586182068872112
1000,3,2500,180,482,673,1335,5.9444296019235905,0.006847433130895142,2.932415780633162
1000,3,5000,180,482,722,1384,6.162614658473595,0.006914381484100091,2.9610864377498864
1000,3,10000,180,482,767,1429,6.362988689999109,0.006955452634835935,2.9786751733014825
1000,3,50000,180,482,816,1478,6.581173746549114,0.006970060449319887,2.984930975277851
1000,3,200000,180,482,823,1485,6.612343040341971,0.006970060449319887,2.984930975277851
1000,5,1,180,631,20,831,3.7002404488378304,0.003533140343376373,1.513068663841648
1000,5,2,180,631,52,863,3.8427286490337518,0.003560734788644687,1.5248859952731189
1000,5,3,180,631,73,884,3.9362365304123252,0.003621581718914746,1.5509437157526296
1000,5,5,180,631,102,913,4.065366461839879,0.0037070002068532726,1.5875242149266338
1000,5,10,180,631,172,983,4.377059399768457,0.0038461321893465406,1.647107538086549
1000,5,20,180,631,279,1090,4.8535043191735685,0.004398826346411672,1.8837990160549747
1000,5,30,180,631,335,1146,5.102858669516431,0.004819814289923341,2.0640872591690096
1000,5,50,180,631,376,1187,5.285421676017455,0.005351373907613061,2.291727862803045
1000,5,75,180,631,407,1218,5.423457119957254,0.005693130311647809,2.43808516971886
1000,5,100,180,631,425,1236,5.50360673256746,0.005853154838333485,2.5066157326861953
1000,5,150,180,631,457,1268,5.646094932763381,0.00615299749626419,2.635023462271142
1000,5,250,180,631,503,1314,5.850921720545017,0.006520381089822308,2.7923556226152493
1000,5,500,180,631,559,1370,6.10027607088788,0.006921860694087428,2.9642894122038586
1000,5,1000,180,631,620,1431,6.371894202511355,0.00725730861512372,3.107945108933359
1000,5,2500,180,631,673,1484,6.607890284085849,0.007429632047150331,3.1817426826793094
1000,5,5000,180,631,722,1533,6.826075340635854,0.007496580400355279,3.210413339796034
1000,5,10000,180,631,767,1578,7.026449372161368,0.0075376515510911235,3.2280020753476304
1000,5,50000,180,631,816,1627,7.244634428711372,0.007552259365575076,3.2342578773239983
1000,5,200000,180,631,823,1634,7.2758037225042305,0.007552259365575076,3.2342578773239983
1000,10,1,180,877,20,1077,4.795618487843976,0.004073216970793936,1.744356680053843
1000,10,2,180,877,52,1109,4.938106688039897,0.00410081141606225,1.756174011485314
1000,10,3,180,877,73,1130,5.03161456941847,0.004161658346332309,1.7822317319648247
1000,10,5,180,877,102,1159,5.1607445008460235,0.004247076834270835,1.8188122311388288
1000,10,10,180,877,172,1229,5.472437438774602,0.004386208816764103,1.878395554298744
1000,10,20,180,877,279,1336,5.948882358179714,0.0049389029738292345,2.1150870322671698
1000,10,30,180,877,335,1392,6.198236708522575,0.005359890917340904,2.2953752753812044
1000,10,50,180,877,376,1433,6.380799715023599,0.0058914505350306234,2.52301587901524
1000,10,75,180,877,407,1464,6.518835158963398,0.006233206939065372,2.669373185931055
1000,10,100,180,877,425,1482,6.598984771573605,0.006393231465751048,2.7379037488983906
1000,10,150,180,877,457,1514,6.741472971769526,0.006693074123681753,2.866311478483337
1000,10,250,180,877,503,1560,6.946299759551162,0.007060457717239871,3.0236436388274446
1000,10,500,180,877,559,1616,7.195654109894025,0.007461937321504991,3.1955774284160534
1000,10,1000,180,877,620,1677,7.467272241517499,0.007797385242541283,3.339233125145554
1000,10,2500,180,877,673,1730,7.703268323091994,0.007969708674567894,3.4130306988915047
1000,10,5000,180,877,722,1779,7.921453379641999,0.008036657027772842,3.4417013560082297
1000,10,10000,180,877,767,1824,8.121827411167512,0.008077728178508686,3.4592900915598253
1000,10,50000,180,877,816,1873,8.340012467717518,0.008092335992992639,3.4655458935361936
1000,10,200000,180,877,823,1880,8.371181761510375,0.008092335992992639,3.4655458935361936
1000,20,1,180,1110,20,1310,5.833110695520527,0.004825782351356583,2.066643083693628
1000,20,2,180,1110,52,1342,5.975598895716448,0.0048533767966248975,2.078460415125099
1000,20,3,180,1110,73,1363,6.069106777095022,0.004914223726894956,2.1045181356046094
1000,20,5,180,1110,102,1392,6.198236708522575,0.004999642214833483,2.141098634778614
1000,20,10,180,1110,172,1462,6.509929646451153,0.005138774197326751,2.200681957938529
1000,20,20,180,1110,279,1569,6.9863745658562655,0.005691468354391882,2.4373734359069545
1000,20,30,180,1110,335,1625,7.235728916199127,0.006112456297903551,2.6176616790209892
1000,20,50,180,1110,376,1666,7.418291922700152,0.006644015915593271,2.8453022826550254
1000,20,75,180,1110,407,1697,7.556327366639951,0.00698577231962802,2.99165958957084
1000,20,100,180,1110,425,1715,7.636476979250157,0.007145796846313696,3.060190152538176
1000,20,150,180,1110,457,1747,7.778965179446078,0.0074456395042444,3.1885978821231222
1000,20,250,180,1110,503,1793,7.983791967227714,0.007813023097802518,3.3459300424672294
1000,20,500,180,1110,559,1849,8.233146317570576,0.008214502702067639,3.517863832055838
1000,20,1000,180,1110,620,1910,8.50476444919405,0.00854995062310393,3.661519528785339
1000,20,2500,180,1110,673,1963,8.740760530768545,0.008722274055130541,3.7353171025312895
1000,20,5000,180,1110,722,2012,8.958945587318551,0.00878922240833549,3.7639877596480145
1000,20,10000,180,1110,767,2057,9.159319618844064,0.008830293559071334,3.78157649519961
1000,20,50000,180,1110,816,2106,9.37750467539407,0.008844901373555286,3.787832297175979
1000,20,200000,180,1110,823,2113,9.408673969186927,0.008844901373555286,3.787832297175979
1000,30,1,180,1234,20,1434,6.385252471279721,0.005706212233507507,2.4436875076123554
1000,30,2,180,1234,52,1466,6.527740671475643,0.005733806678775821,2.455504839043826
1000,30,3,180,1234,73,1487,6.621248552854217,0.00579465360904588,2.481562559523337
1000,30,5,180,1234,102,1516,6.75037848428177,0.005880072096984407,2.518143058697341
1000,30,10,180,1234,172,1586,7.062071422210348,0.006019204079477675,2.577726381857256
1000,30,20,180,1234,279,1693,7.53851634161546,0.006571898236542806,2.8144178598256815
1000,30,30,180,1234,335,1749,7.7878706919583225,0.006992886180054475,2.9947061029397166
1000,30,50,180,1234,376,1790,7.970433698459346,0.007524445797744195,3.222346706573752
1000,30,75,180,1234,407,1821,8.108469142399146,0.007866202201778943,3.3687040134895674
1000,30,100,180,1234,425,1839,8.188618755009351,0.00802622672846462,3.4372345764569023
1000,30,150,180,1234,457,1871,8.331106955205273,0.008326069386395324,3.5656423060418496
1000,30,250,180,1234,503,1917,8.53593374298691,0.008693452979953442,3.7229744663859567
1000,30,500,180,1234,559,1973,8.785288093329772,0.009094932584218562,3.8949082559745656
1000,30,1000,180,1234,620,2034,9.056906224953245,0.009430380505254854,4.038563952704067
1000,30,2500,180,1234,673,2087,9.292902306527742,0.009602703937281465,4.112361526450017
1000,30,5000,180,1234,722,2136,9.511087363077745,0.009669652290486414,4.141032183566741
1000,30,10000,180,1234,767,2181,9.711461394603258,0.009710723441222258,4.158620919118337
1000,30,50000,180,1234,816,2230,9.929646451153264,0.00972533125570621,4.164876721094705
1000,30,200000,180,1234,823,2237,9.960815744946123,0.00972533125570621,4.164876721094705
1000,50,1,180,1348,20,1548,6.892866684477691,0.0063489851497084415,2.7189552476252925
1000,50,2,180,1348,52,1580,7.0353548846736125,0.006376579594976756,2.7307725790567634
1000,50,3,180,1348,73,1601,7.128862766052187,0.006437426525246814,2.756830299536274
1000,50,5,180,1348,102,1630,7.2579926974797395,0.006522845013185341,2.793410798710278
1000,50,10,180,1348,172,1700,7.569685635408317,0.006661976995678609,2.8529941218701933
1000,50,20,180,1348,279,1807,8.04613055481343,0.00721467115274374,3.0896855998386186
1000,50,30,180,1348,335,1863,8.295484905156291,0.007635659096255409,3.2699738429526537
1000,50,50,180,1348,376,1904,8.478047911657317,0.008167218713945129,3.4976144465866894
1000,50,75,180,1348,407,1935,8.616083355597116,0.008508975117979878,3.643971753502504
1000,50,100,180,1348,425,1953,8.69623296820732,0.008668999644665554,3.7125023164698403
1000,50,150,180,1348,457,1985,8.838721168403243,0.008968842302596258,3.8409100460547867
1000,50,250,180,1348,503,2031,9.043547956184879,0.009336225896154376,3.9982422063988934
1000,50,500,180,1348,559,2087,9.292902306527742,0.009737705500419497,4.170175995987503
1000,50,1000,180,1348,620,2148,9.564520438151215,0.010073153421455788,4.313831692717003
1000,50,2500,180,1348,673,2201,9.800516519725711,0.0102454768534824,4.387629266462954
1000,50,5000,180,1348,722,2250,10.018701576275715,0.010312425206687348,4.416299923579679
1000,50,10000,180,1348,767,2295,10.219075607801228,0.010353496357423192,4.433888659131275
1000,50,50000,180,1348,816,2344,10.437260664351234,0.010368104171907144,4.440144461107643
1000,50,200000,180,1348,823,2351,10.468429958144092,0.010368104171907144,4.440144461107643
1000,75,1,180,1422,20,1622,7.222370647430759,0.006914507208717197,2.9611402793638413
1000,75,2,180,1422,52,1654,7.364858847626681,0.006942101653985511,2.972957610795312
1000,75,3,180,1422,73,1675,7.458366729005254,0.007002948584255569,2.9990153312748227
1000,75,5,180,1422,102,1704,7.587496660432808,0.007088367072194096,3.035595830448827
1000,75,10,180,1422,172,1774,7.899189598361386,0.007227499054687364,3.0951791536087425
1000,75,20,180,1422,279,1881,8.375634517766498,0.007780193211752495,3.331870631577168
1000,75,30,180,1422,335,1937,8.624988868109359,0.008201181155264164,3.512158874691203
1000,75,50,180,1422,376,1978,8.807551874610384,0.008732740772953884,3.739799478325238
1000,75,75,180,1422,407,2009,8.945587318550183,0.009074497176988633,3.8861567852410532
1000,75,100,180,1422,425,2027,9.025736931160388,0.009234521703674309,3.954687348208389
1000,75,150,180,1422,457,2059,9.16822513135631,0.009534364361605013,4.0830950777933355
1000,75,250,180,1422,503,2105,9.373051919137946,0.009901747955163132,4.240427238137443
1000,75,500,180,1422,559,2161,9.622406269480809,0.010303227559428252,4.412361027726051
1000,75,1000,180,1422,620,2222,9.894024401104282,0.010638675480464543,4.556016724455552
1000,75,2500,180,1422,673,2275,10.130020482678779,0.010810998912491154,4.629814298201503
1000,75,5000,180,1422,722,2324,10.348205539228783,0.010877947265696103,4.658484955318228
1000,75,10000,180,1422,767,2369,10.548579570754297,0.010919018416431947,4.676073690869824
1000,75,50000,180,1422,816,2418,10.766764627304301,0.0109336262309159,4.682329492846192
1000,75,200000,180,1422,823,2425,10.79793392109716,0.0109336262309159,4.682329492846192
1000,100,1,180,1455,20,1655,7.369311603882804,0.007096951360880205,3.039272055265843
1000,100,2,180,1455,52,1687,7.511799804078725,0.007124545806148519,3.0510893866973143
1000,100,3,180,1455,73,1708,7.605307685457298,0.007185392736418578,3.077147107176825
1000,100,5,180,1455,102,1737,7.734437616884851,0.007270811224357104,3.113727606350829
1000,100,10,180,1455,172,1807,8.04613055481343,0.007409943206850372,3.1733109295107442
1000,100,20,180,1455,279,1914,8.522575474218542,0.007962637363915503,3.41000240747917
1000,100,30,180,1455,335,1970,8.771929824561402,0.008383625307427173,3.5902906505932046
1000,100,50,180,1455,376,2011,8.954492831062428,0.008915184925116892,3.81793125422724
1000,100,75,180,1455,407,2042,9.092528275002227,0.009256941329151641,3.9642885611430554
1000,100,100,180,1455,425,2060,9.172677887612432,0.009416965855837317,4.03281912411039
1000,100,150,180,1455,457,2092,9.315166087808354,0.009716808513768022,4.161226853695338
1000,100,250,180,1455,503,2138,9.51999287558999,0.01008419210732614,4.318559014039445
1000,100,500,180,1455,559,2194,9.769347225932853,0.01048567171159126,4.490492803628054
1000,100,1000,180,1455,620,2255,10.040965357556328,0.010821119632627552,4.634148500357554
1000,100,2500,180,1455,673,2308,10.276961439130822,0.010993443064654163,4.707946074103505
1000,100,5000,180,1455,722,2357,10.495146495680826,0.011060391417859111,4.736616731220229
1000,100,10000,180,1455,767,2402,10.695520527206341,0.011101462568594955,4.754205466771825
1000,100,50000,180,1455,816,2451,10.913705583756345,0.011116070383078908,4.760461268748194
1000,100,200000,180,1455,823,2458,10.944874877549204,0.011116070383078908,4.760461268748194
1000,150,1,180,1497,20,1697,7.556327366639951,0.0072468795595148905,3.1034788619967593
1000,150,2,180,1497,52,1729,7.698815566835872,0.007274474004783205,3.11529619342823
1000,150,3,180,1497,73,1750,7.792323448214445,0.007335320935053263,3.1413539139077407
1000,150,5,180,1497,102,1779,7.921453379641999,0.00742073942299179,3.177934413081745
1000,150,10,180,1497,172,1849,8.233146317570576,0.007559871405485058,3.23751773624166
1000,150,20,180,1497,279,1956,8.709591236975687,0.008112565562550189,3.4742092142100853
1000,150,30,180,1497,335,2012,8.958945587318551,0.008533553506061858,3.6544974573241205
1000,150,50,180,1497,376,2053,9.141508593819573,0.009065113123751578,3.882138060958156
1000,150,75,180,1497,407,2084,9.279544037759372,0.009406869527786327,4.028495367873972
1000,150,100,180,1497,425,2102,9.359693650369579,0.009566894054472003,4.097025930841307
1000,150,150,180,1497,457,2134,9.5021818505655,0.009866736712402707,4.225433660426253
1000,150,250,180,1497,503,2180,9.707008638347137,0.010234120305960825,4.38276582077036
1000,150,500,180,1497,559,2236,9.956362988689998,0.010635599910225946,4.55469961035897
1000,150,1000,180,1497,620,2297,10.227981120313475,0.010971047831262237,4.6983553070884705
1000,150,2500,180,1497,673,2350,10.463977201887968,0.011143371263288848,4.772152880834421
1000,150,5000,180,1497,722,2399,10.682162258437973,0.011210319616493797,4.800823537951145
1000,150,10000,180,1497,767,2444,10.882536289963488,0.011251390767229641,4.818412273502742
1000,150,50000,180,1497,816,2493,11.100721346513492,0.011265998581713593,4.82466807547911
1000,150,200000,180,1497,823,2500,11.131890640306349,0.011265998581713593,4.82466807547911
1000,250,1,180,1526,20,1726,7.6854572980675036,0.007359881410973573,3.151871946839471
1000,250,2,180,1526,52,1758,7.827945498263425,0.007387475856241887,3.1636892782709425
1000,250,3,180,1526,73,1779,7.921453379641999,0.007448322786511946,3.1897469987504525
1000,250,5,180,1526,102,1808,8.050583311069552,0.007533741274450473,3.2263274979244567
1000,250,10,180,1526,172,1878,8.36227624899813,0.007672873256943741,3.2859108210843724
1000,250,20,180,1526,279,1985,8.838721168403243,0.008225567414008872,3.5226022990527976
1000,250,30,180,1526,335,2041,9.088075518746104,0.008646555357520541,3.7028905421668328
1000,250,50,180,1526,376,2082,9.270638525247128,0.009178114975210261,3.930531145800868
1000,250,75,180,1526,407,2113,9.408673969186927,0.00951987137924501,4.076888452716684
1000,250,100,180,1526,425,2131,9.488823581797133,0.009679895905930685,4.145419015684019
1000,250,150,180,1526,457,2163,9.631311781993054,0.00997973856386139,4.273826745268965
1000,250,250,180,1526,503,2209,9.836138569774691,0.010347122157419508,4.4311589056130725
1000,250,500,180,1526,559,2265,10.085492920117552,0.010748601761684629,4.603092695201682
1000,250,1000,180,1526,620,2326,10.357111051741027,0.01108404968272092,4.746748391931183
1000,250,2500,180,1526,673,2379,10.593107133315522,0.011256373114747531,4.820545965677133
1000,250,5000,180,1526,722,2428,10.811292189865526,0.01132332146795248,4.849216622793858
1000,250,10000,180,1526,767,2473,11.01166622139104,0.011364392618688324,4.866805358345454
1000,250,50000,180,1526,816,2522,11.229851277941046,0.011379000433172276,4.8730611603218215
1000,250,200000,180,1526,823,2529,11.261020571733903,0.011379000433172276,4.8730611603218215
1000,500,1,180,1545,20,1745,7.7700596669338315,0.007430315132887055,3.182035214399679
1000,500,2,180,1545,52,1777,7.912547867129753,0.0074579095781553695,3.19385254583115
1000,500,3,180,1545,73,1798,8.006055748508327,0.007518756508425428,3.2199102663106602
1000,500,5,180,1545,102,1827,8.13518567993588,0.007604174996363955,3.2564907654846653
1000,500,10,180,1545,172,1897,8.446878617864458,0.007743306978857223,3.31607408864458
1000,500,20,180,1545,279,2004,8.923323537269571,0.008296001135922354,3.552765566613006
1000,500,30,180,1545,335,2060,9.172677887612432,0.008716989079434023,3.733053809727041
1000,500,50,180,1545,376,2101,9.355240894113455,0.009248548697123743,3.9606944133610766
1000,500,75,180,1545,407,2132,9.493276338053255,0.009590305101158492,4.107051720276892
1000,500,100,180,1545,425,2150,9.573425950663461,0.009750329627844168,4.175582283244227
1000,500,150,180,1545,457,2182,9.715914150859382,0.010050172285774872,4.303990012829174
1000,500,250,180,1545,503,2228,9.92074093864102,0.01041755587933299,4.461322173173281
1000,500,500,180,1545,559,2284,10.17009528898388,0.01081903548359811,4.63325596276189
1000,500,1000,180,1545,620,2345,10.441713420607355,0.011154483404634402,4.7769116594913905
1000,500,2500,180,1545,673,2398,10.67770950218185,0.011326806836661013,4.850709233237341
1000,500,5000,180,1545,722,2447,10.895894558731856,0.011393755189865962,4.879379890354065
1000,500,10000,180,1545,767,2492,11.096268590257369,0.011434826340601806,4.896968625905662
1000,500,50000,180,1545,816,2541,11.314453646807374,0.011449434155085758,4.903224427882029
1000,500,200000,180,1545,823,2548,11.345622940600233,0.011449434155085758,4.903224427882029
1000,1000,1,180,1550,20,1750,7.792323448214445,0.007433581849518089,3.1834341870097917
1000,1000,2,180,1550,52,1782,7.934811648410365,0.0074611762947864035,3.195251518441263
1000,1000,3,180,1550,73,1803,8.02831952978894,0.007522023225056462,3.2213092389207736
1000,1000,5,180,1550,102,1832,8.157449461216492,0.007607441712994989,3.2578897380947778
1000,1000,10,180,1550,172,1902,8.46914239914507,0.007746573695488257,3.317473061254693
1000,1000,20,180,1550,279,2009,8.945587318550183,0.008299267852553388,3.5541645392231183
1000,1000,30,180,1550,335,2065,9.194941668893044,0.008720255796065057,3.7344527823371534
1000,1000,50,180,1550,376,2106,9.37750467539407,0.009251815413754777,3.962093385971189
1000,1000,75,180,1550,407,2137,9.515540119333869,0.009593571817789526,4.108450692887004
1000,1000,100,180,1550,425,2155,9.595689731944073,0.009753596344475202,4.17698125585434
1000,1000,150,180,1550,457,2187,9.738177932139996,0.010053439002405906,4.305388985439286
1000,1000,250,180,1550,503,2233,9.943004719921632,0.010420822595964024,4.462721145783393
1000,1000,500,180,1550,559,2289,10.192359070264494,0.010822302200229145,4.634654935372002
1000,1000,1000,180,1550,620,2350,10.463977201887968,0.011157750121265436,4.778310632101503
1000,1000,2500,180,1550,673,2403,10.699973283462464,0.011330073553292047,4.852108205847454
1000,1000,5000,180,1550,722,2452,10.918158340012468,0.011397021906496996,4.880778862964178
1000,1000,10000,180,1550,767,2497,11.118532371537981,0.01143809305723284,4.898367598515774
1000,1000,50000,180,1550,816,2546,11.336717428087987,0.011452700871716792,4.9046234004921425
1000,1000,200000,180,1550,823,2553,11.367886721880845,0.011452700871716792,4.9046234004921425
1000,2500,1,180,1553,20,1753,7.8056817169828125,0.007437072733344707,3.1849291593046427
1000,2500,2,180,1553,52,1785,7.948169917178734,0.007464667178613021,3.196746490736114
1000,2500,3,180,1553,73,1806,8.041677798557307,0.00752551410888308,3.222804211215624
1000,2500,5,180,1553,102,1835,8.17080772998486,0.007610932596821607,3.2593847103896283
1000,2500,10,180,1553,172,1905,8.482500667913438,0.007750064579314875,3.3189680335495435
1000,2500,20,180,1553,279,2012,8.958945587318551,0.008302758736380006,3.5556595115179697
1000,2500,30,180,1553,335,2068,9.208299937661412,0.008723746679891675,3.735947754632004
1000,2500,50,180,1553,376,2109,9.390862944162437,0.009255306297581395,3.9635883582660396
1000,2500,75,180,1553,407,2140,9.528898388102235,0.009597062701616144,4.109945665181855
1000,2500,100,180,1553,425,2158,9.609048000712441,0.00975708722830182,4.17847622814919
1000,2500,150,180,1553,457,2190,9.751536200908362,0.010056929886232524,4.306883957734137
1000,2500,250,180,1553,503,2236,9.956362988689998,0.010424313479790642,4.4642161180782445
1000,2500,500,180,1553,559,2292,10.205717339032862,0.010825793084055763,4.636149907666853
1000,2500,1000,180,1553,620,2353,10.477335470656337,0.011161241005092054,4.779805604396354
1000,2500,2500,180,1553,673,2406,10.713331552230832,0.011333564437118665,4.853603178142304
1000,2500,5000,180,1553,722,2455,10.931516608780836,0.011400512790323614,4.882273835259029
1000,2500,10000,180,1553,767,2500,11.131890640306349,0.011441583941059458,4.899862570810625
1000,2500,50000,180,1553,816,2549,11.350075696856354,0.01145619175554341,4.9061183727869935
1000,2500,200000,180,1553,823,2556,11.381244990649211,0.01145619175554341,4.9061183727869935
1000,5000,1,180,1555,20,1755,7.814587229495057,0.007437072733344707,3.1849291593046427
1000,5000,2,180,1555,52,1787,7.9570754296909785,0.007464667178613021,3.196746490736114
1000,5000,3,180,1555,73,1808,8.050583311069552,0.00752551410888308,3.222804211215624
1000,5000,5,180,1555,102,1837,8.179713242497105,0.007610932596821607,3.2593847103896283
1000,5000,10,180,1555,172,1907,8.491406180425685,0.007750064579314875,3.3189680335495435
1000,5000,20,180,1555,279,2014,8.967851099830796,0.008302758736380006,3.5556595115179697
1000,5000,30,180,1555,335,2070,9.217205450173656,0.008723746679891675,3.735947754632004
1000,5000,50,180,1555,376,2111,9.399768456674682,0.009255306297581395,3.9635883582660396
1000,5000,75,180,1555,407,2142,9.537803900614481,0.009597062701616144,4.109945665181855
1000,5000,100,180,1555,425,2160,9.617953513224686,0.00975708722830182,4.17847622814919
1000,5000,150,180,1555,457,2192,9.760441713420608,0.010056929886232524,4.306883957734137
1000,5000,250,180,1555,503,2238,9.965268501202244,0.010424313479790642,4.4642161180782445
1000,5000,500,180,1555,559,2294,10.214622851545107,0.010825793084055763,4.636149907666853
1000,5000,1000,180,1555,620,2355,10.48624098316858,0.011161241005092054,4.779805604396354
1000,5000,2500,180,1555,673,2408,10.722237064743076,0.011333564437118665,4.853603178142304
1000,5000,5000,180,1555,722,2457,10.94042212129308,0.011400512790323614,4.882273835259029
1000,5000,10000,180,1555,767,2502,11.140796152818595,0.011441583941059458,4.899862570810625
1000,5000,50000,180,1555,816,2551,11.358981209368599,0.01145619175554341,4.9061183727869935
1000,5000,200000,180,1555,823,2558,11.390150503161458,0.01145619175554341,4.9061183727869935
1000,10000,1,180,1556,20,1756,7.81903998575118,0.007437072733344707,3.1849291593046427
1000,10000,2,180,1556,52,1788,7.961528185947102,0.007464667178613021,3.196746490736114
1000,10000,3,180,1556,73,1809,8.055036067325675,0.00752551410888308,3.222804211215624
1000,10000,5,180,1556,102,1838,8.18416599875323,0.007610932596821607,3.2593847103896283
1000,10000,10,180,1556,172,1908,8.495858936681806,0.007750064579314875,3.3189680335495435
1000,10000,20,180,1556,279,2015,8.972303856086917,0.008302758736380006,3.5556595115179697
1000,10000,30,180,1556,335,2071,9.22165820642978,0.008723746679891675,3.735947754632004
1000,10000,50,180,1556,376,2112,9.404221212930803,0.009255306297581395,3.9635883582660396
1000,10000,75,180,1556,407,2143,9.542256656870602,0.009597062701616144,4.109945665181855
1000,10000,100,180,1556,425,2161,9.622406269480809,0.00975708722830182,4.17847622814919
1000,10000,150,180,1556,457,2193,9.76489446967673,0.010056929886232524,4.306883957734137
1000,10000,250,180,1556,503,2239,9.969721257458367,0.010424313479790642,4.4642161180782445
1000,10000,500,180,1556,559,2295,10.219075607801228,0.010825793084055763,4.636149907666853
1000,10000,1000,180,1556,620,2356,10.490693739424705,0.011161241005092054,4.779805604396354
1000,10000,2500,180,1556,673,2409,10.726689820999198,0.011333564437118665,4.853603178142304
1000,10000,5000,180,1556,722,2458,10.944874877549204,0.011400512790323614,4.882273835259029
1000,10000,10000,180,1556,767,2503,11.145248909074718,0.011441583941059458,4.899862570810625
1000,10000,50000,180,1556,816,2552,11.36343396562472,0.01145619175554341,4.9061183727869935
1000,10000,200000,180,1556,823,2559,11.394603259417579,0.01145619175554341,4.9061183727869935
1000,50000,1,180,1557,20,1757,7.823492742007303,0.007437072733344707,3.1849291593046427
1000,50000,2,180,1557,52,1789,7.965980942203224,0.007464667178613021,3.196746490736114
1000,50000,3,180,1557,73,1810,8.059488823581797,0.00752551410888308,3.222804211215624
1000,50000,5,180,1557,102,1839,8.188618755009351,0.007610932596821607,3.2593847103896283
1000,50000,10,180,1557,172,1909,8.50031169293793,0.007750064579314875,3.3189680335495435
1000,50000,20,180,1557,279,2016,8.97675661234304,0.008302758736380006,3.5556595115179697
1000,50000,30,180,1557,335,2072,9.226110962685903,0.008723746679891675,3.735947754632004
1000,50000,50,180,1557,376,2113,9.408673969186927,0.009255306297581395,3.9635883582660396
1000,50000,75,180,1557,407,2144,9.546709413126726,0.009597062701616144,4.109945665181855
1000,50000,100,180,1557,425,2162,9.62685902573693,0.00975708722830182,4.17847622814919
1000,50000,150,180,1557,457,2194,9.769347225932853,0.010056929886232524,4.306883957734137
1000,50000,250,180,1557,503,2240,9.974174013714489,0.010424313479790642,4.4642161180782445
1000,50000,500,180,1557,559,2296,10.223528364057351,0.010825793084055763,4.636149907666853
1000,50000,1000,180,1557,620,2357,10.495146495680826,0.011161241005092054,4.779805604396354
1000,50000,2500,180,1557,673,2410,10.731142577255321,0.011333564437118665,4.853603178142304
1000,50000,5000,180,1557,722,2459,10.949327633805325,0.011400512790323614,4.882273835259029
1000,50000,10000,180,1557,767,2504,11.14970166533084,0.011441583941059458,4.899862570810625
1000,50000,50000,180,1557,816,2553,11.367886721880845,0.01145619175554341,4.9061183727869935
1000,50000,200000,180,1557,823,2560,11.399056015673702,0.01145619175554341,4.9061183727869935
1000,200000,1,180,1557,20,1757,7.823492742007303,0.007437072733344707,3.1849291593046427
1000,200000,2,180,1557,52,1789,7.965980942203224,0.007464667178613021,3.196746490736114
1000,200000,3,180,1557,73,1810,8.059488823581797,0.00752551410888308,3.222804211215624
1000,200000,5,180,1557,102,1839,8.188618755009351,0.007610932596821607,3.2593847103896283
1000,200000,10,180,1557,172,1909,8.50031169293793,0.007750064579314875,3.3189680335495435
1000,200000,20,180,1557,279,2016,8.97675661234304,0.008302758736380006,3.5556595115179697
1000,200000,30,180,1557,335,2072,9.226110962685903,0.008723746679891675,3.735947754632004
1000,200000,50,180,1557,376,2113,9.408673969186927,0.009255306297581395,3.9635883582660396
1000,200000,75,180,1557,407,2144,9.546709413126726,0.009597062701616144,4.109945665181855
1000,200000,100,180,1557,425,2162,9.62685902573693,0.00975708722830182,4.17847622814919
1000,200000,150,180,1557,457,2194,9.769347225932853,0.010056929886232524,4.306883957734137
1000,200000,250,180,1557,503,2240,9.974174013714489,0.010424313479790642,4.4642161180782445
1000,200000,500,180,1557,559,2296,10.223528364057351,0.010825793084055763,4.636149907666853
1000,200000,1000,180,1557,620,2357,10.495146495680826,0.011161241005092054,4.779805604396354
1000,200000,2500,180,1557,673,2410,10.731142577255321,0.011333564437118665,4.853603178142304
1000,200000,5000,180,1557,722,2459,10.949327633805325,0.011400512790323614,4.882273835259029
1000,200000,10000,180,1557,767,2504,11.14970166533084,0.011441583941059458,4.899862570810625
1000,200000,50000,180,1557,816,2553,11.367886721880845,0.01145619175554341,4.9061183727869935
1000,200000,200000,180,1557,823,2560,11.399056015673702,0.01145619175554341,4.9061183727869935
2500,1,1,183,240,20,443,1.9725710214622851,0.0016396737411829565,0.7021908884426238
2500,1,2,183,240,52,475,2.1150592216582065,0.0016672681864512706,0.7140082198740947
2500,1,3,183,240,73,496,2.2085671030367795,0.0017281151167213293,0.7400659403536052
2500,1,5,183,240,102,525,2.3376970344643335,0.001813533604659856,0.7766464395276095
2500,1,10,183,240,172,595,2.6493899723929113,0.001952665587153124,0.8362297626875247
2500,1,20,183,240,279,702,3.125834891798023,0.002505359744218255,1.07292124065595
2500,1,30,183,240,335,758,3.375189242140885,0.0029263476877299244,1.2532094837699852
2500,1,50,183,240,376,799,3.557752248641909,0.003457907305419644,1.480850087404021
2500,1,75,183,240,407,830,3.695787692581708,0.003799663709454393,1.6272073943198357
2500,1,100,183,240,425,848,3.7759373051919134,0.003959688236140069,1.6957379572871714
2500,1,150,183,240,457,880,3.9184255053878347,0.004259530894070773,1.8241456868721182
2500,1,250,183,240,503,926,4.123252293169473,0.0046269144876288915,1.981477847216225
2500,1,500,183,240,559,982,4.372606643512334,0.005028394091894012,2.153411636804834
2500,1,1000,183,240,620,1043,4.644224775135809,0.005363842012930303,2.2970673335343346
2500,1,2500,183,240,673,1096,4.880220856710304,0.005536165444956914,2.3708649072802856
2500,1,5000,183,240,722,1145,5.098405913260308,0.005603113798161863,2.3995355643970098
2500,1,10000,183,240,767,1190,5.298779944785823,0.005644184948897707,2.4171242999486062
2500,1,50000,183,240,816,1239,5.5169650013358265,0.005658792763381659,2.4233801019249746
2500,1,200000,183,240,823,1246,5.548134295128684,0.005658792763381659,2.4233801019249746
2500,2,1,183,382,20,585,2.6048624098316857,0.002414876362428514,1.0341716988096605
2500,2,2,183,382,52,617,2.747350610027607,0.0024424708076968282,1.0459890302411314
2500,2,3,183,382,73,638,2.84085849140618,0.002503317737966887,1.072046750720642
2500,2,5,183,382,102,667,2.969988422833734,0.0025887362259054136,1.1086272498946463
2500,2,10,183,382,172,737,3.281681360762312,0.0027278682083986816,1.1682105730545616
2500,2,20,183,382,279,844,3.758126280167424,0.0032805623654638127,1.404902051022987
2500,2,30,183,382,335,900,4.007480630510286,0.003701550308975482,1.585190294137022
2500,2,50,183,382,376,941,4.19004363701131,0.004233109926665202,1.8128308977710574
2500,2,75,183,382,407,972,4.328079080951109,0.00457486633069995,1.9591882046868725
2500,2,100,183,382,425,990,4.408228693561314,0.004734890857385626,2.0277187676542083
2500,2,150,183,382,457,1022,4.550716893757236,0.005034733515316331,2.1561264972391547
2500,2,250,183,382,503,1068,4.755543681538873,0.005402117108874449,2.313458657583262
2500,2,500,183,382,559,1124,5.004898031881734,0.005803596713139569,2.4853924471718707
2500,2,1000,183,382,620,1185,5.27651616350521,0.006139044634175861,2.6290481439013713
2500,2,2500,183,382,673,1238,5.512512245079704,0.006311368066202472,2.7028457176473224
2500,2,5000,183,382,722,1287,5.730697301629709,0.0063783164194074204,2.7315163747640465
2500,2,10000,183,382,767,1332,5.931071333155223,0.0064193875701432646,2.7491051103156425
2500,2,50000,183,382,816,1381,6.1492563897052275,0.006433995384627217,2.7553609122920113
2500,2,200000,183,382,823,1388,6.180425683498085,0.006433995384627217,2.7553609122920113
2500,3,1,183,482,20,685,3.05013803544394,0.0029509414271211842,1.2637417617955
2500,3,2,183,482,52,717,3.1926262356398607,0.0029785358723894984,1.275559093226971
2500,3,3,183,482,73,738,3.286134117018434,0.003039382802659557,1.3016168137064816
2500,3,5,183,482,102,767,3.415264048445988,0.0031248012905980838,1.3381973128804858
2500,3,10,183,482,172,837,3.726956986374566,0.0032639332730913517,1.397780636040401
2500,3,20,183,482,279,944,4.203401905779677,0.003816627430156483,1.6344721140088267
2500,3,30,183,482,335,1000,4.45275625612254,0.004237615373668152,1.8147603571228614
2500,3,50,183,482,376,1041,4.635319262623564,0.004769174991357872,2.042400960756897
2500,3,75,183,482,407,1072,4.773354706563363,0.0051109313953926205,2.188758267672712
2500,3,100,183,482,425,1090,4.8535043191735685,0.0052709559220782964,2.257288830640048
2500,3,150,183,482,457,1122,4.99599251936949,0.005570798580009001,2.3856965602249947
2500,3,250,183,482,503,1168,5.200819307151126,0.005938182173567119,2.543028720569102
2500,3,500,183,482,559,1224,5.4501736574939885,0.0063396617778322395,2.7149625101577106
2500,3,1000,183,482,620,1285,5.7217917891174634,0.006675109698868531,2.8586182068872112
2500,3,2500,183,482,673,1338,5.957787870691958,0.006847433130895142,2.932415780633162
2500,3,5000,183,482,722,1387,6.175972927241963,0.006914381484100091,2.9610864377498864
2500,3,10000,183,482,767,1432,6.376346958767478,0.006955452634835935,2.9786751733014825
2500,3,50000,183,482,816,1481,6.5945320153174825,0.006970060449319887,2.984930975277851
2500,3,200000,183,482,823,1488,6.625701309110339,0.006970060449319887,2.984930975277851
2500,5,1,183,631,20,834,3.7135987176061978,0.003533140343376373,1.513068663841648
2500,5,2,183,631,52,866,3.856086917802119,0.003560734788644687,1.5248859952731189
2500,5,3,183,631,73,887,3.949594799180693,0.003621581718914746,1.5509437157526296
2500,5,5,183,631,102,916,4.078724730608246,0.0037070002068532726,1.5875242149266338
2500,5,10,183,631,172,986,4.390417668536824,0.0038461321893465406,1.647107538086549
2500,5,20,183,631,279,1093,4.866862587941936,0.004398826346411672,1.8837990160549747
2500,5,30,183,631,335,1149,5.116216938284798,0.004819814289923341,2.0640872591690096
2500,5,50,183,631,376,1190,5.298779944785823,0.005351373907613061,2.291727862803045
2500,5,75,183,631,407,1221,5.436815388725621,0.005693130311647809,2.43808516971886
2500,5,100,183,631,425,1239,5.5169650013358265,0.005853154838333485,2.5066157326861953
2500,5,150,183,631,457,1271,5.659453201531748,0.00615299749626419,2.635023462271142
2500,5,250,183,631,503,1317,5.864279989313385,0.006520381089822308,2.7923556226152493
2500,5,500,183,631,559,1373,6.113634339656247,0.006921860694087428,2.9642894122038586
2500,5,1000,183,631,620,1434,6.385252471279721,0.00725730861512372,3.107945108933359
2500,5,2500,183,631,673,1487,6.621248552854217,0.007429632047150331,3.1817426826793094
2500,5,5000,183,631,722,1536,6.839433609404222,0.007496580400355279,3.210413339796034
2500,5,10000,183,631,767,1581,7.039807640929735,0.0075376515510911235,3.2280020753476304
2500,5,50000,183,631,816,1630,7.2579926974797395,0.007552259365575076,3.2342578773239983
2500,5,200000,183,631,823,1637,7.289161991272598,0.007552259365575076,3.2342578773239983
2500,10,1,183,877,20,1080,4.808976756612343,0.004073216970793936,1.744356680053843
2500,10,2,183,877,52,1112,4.951464956808264,0.00410081141606225,1.756174011485314
2500,10,3,183,877,73,1133,5.044972838186838,0.004161658346332309,1.7822317319648247
2500,10,5,183,877,102,1162,5.174102769614391,0.004247076834270835,1.8188122311388288
2500,10,10,183,877,172,1232,5.485795707542969,0.004386208816764103,1.878395554298744
2500,10,20,183,877,279,1339,5.9622406269480805,0.0049389029738292345,2.1150870322671698
2500,10,30,183,877,335,1395,6.211594977290943,0.005359890917340904,2.2953752753812044
2500,10,50,183,877,376,1436,6.394157983791968,0.0058914505350306234,2.52301587901524
2500,10,75,183,877,407,1467,6.532193427731765,0.006233206939065372,2.669373185931055
2500,10,100,183,877,425,1485,6.612343040341971,0.006393231465751048,2.7379037488983906
2500,10,150,183,877,457,1517,6.754831240537892,0.006693074123681753,2.866311478483337
2500,10,250,183,877,503,1563,6.959658028319529,0.007060457717239871,3.0236436388274446
2500,10,500,183,877,559,1619,7.2090123786623925,0.007461937321504991,3.1955774284160534
2500,10,1000,183,877,620,1680,7.480630510285867,0.007797385242541283,3.339233125145554
2500,10,2500,183,877,673,1733,7.716626591860362,0.007969708674567894,3.4130306988915047
2500,10,5000,183,877,722,1782,7.934811648410365,0.008036657027772842,3.4417013560082297
2500,10,10000,183,877,767,1827,8.13518567993588,0.008077728178508686,3.4592900915598253
2500,10,50000,183,877,816,1876,8.353370736485886,0.008092335992992639,3.4655458935361936
2500,10,200000,183,877,823,1883,8.384540030278743,0.008092335992992639,3.4655458935361936
2500,20,1,183,1110,20,1313,5.846468964288895,0.004825782351356583,2.066643083693628
2500,20,2,183,1110,52,1345,5.988957164484816,0.0048533767966248975,2.078460415125099
2500,20,3,183,1110,73,1366,6.0824650458633895,0.004914223726894956,2.1045181356046094
2500,20,5,183,1110,102,1395,6.211594977290943,0.004999642214833483,2.141098634778614
2500,20,10,183,1110,172,1465,6.5232879152195204,0.005138774197326751,2.200681957938529
2500,20,20,183,1110,279,1572,6.999732834624632,0.005691468354391882,2.4373734359069545
2500,20,30,183,1110,335,1628,7.249087184967495,0.006112456297903551,2.6176616790209892
2500,20,50,183,1110,376,1669,7.43165019146852,0.006644015915593271,2.8453022826550254
2500,20,75,183,1110,407,1700,7.569685635408317,0.00698577231962802,2.99165958957084
2500,20,100,183,1110,425,1718,7.649835248018523,0.007145796846313696,3.060190152538176
2500,20,150,183,1110,457,1750,7.792323448214445,0.0074456395042444,3.1885978821231222
2500,20,250,183,1110,503,1796,7.997150235996081,0.007813023097802518,3.3459300424672294
2500,20,500,183,1110,559,1852,8.246504586338945,0.008214502702067639,3.517863832055838
2500,20,1000,183,1110,620,1913,8.518122717962418,0.00854995062310393,3.661519528785339
2500,20,2500,183,1110,673,1966,8.754118799536913,0.008722274055130541,3.7353171025312895
2500,20,5000,183,1110,722,2015,8.972303856086917,0.00878922240833549,3.7639877596480145
2500,20,10000,183,1110,767,2060,9.172677887612432,0.008830293559071334,3.78157649519961
2500,20,50000,183,1110,816,2109,9.390862944162437,0.008844901373555286,3.787832297175979
2500,20,200000,183,1110,823,2116,9.422032237955294,0.008844901373555286,3.787832297175979
2500,30,1,183,1234,20,1437,6.39861074004809,0.005706212233507507,2.4436875076123554
2500,30,2,183,1234,52,1469,6.541098940244011,0.005733806678775821,2.455504839043826
2500,30,3,183,1234,73,1490,6.634606821622584,0.00579465360904588,2.481562559523337
2500,30,5,183,1234,102,1519,6.763736753050138,0.005880072096984407,2.518143058697341
2500,30,10,183,1234,172,1589,7.075429690978716,0.006019204079477675,2.577726381857256
2500,30,20,183,1234,279,1696,7.551874610383827,0.006571898236542806,2.8144178598256815
2500,30,30,183,1234,335,1752,7.80122896072669,0.006992886180054475,2.9947061029397166
2500,30,50,183,1234,376,1793,7.983791967227714,0.007524445797744195,3.222346706573752
2500,30,75,183,1234,407,1824,8.121827411167512,0.007866202201778943,3.3687040134895674
2500,30,100,183,1234,425,1842,8.201977023777719,0.00802622672846462,3.4372345764569023
2500,30,150,183,1234,457,1874,8.34446522397364,0.008326069386395324,3.5656423060418496
2500,30,250,183,1234,503,1920,8.549292011755275,0.008693452979953442,3.7229744663859567
2500,30,500,183,1234,559,1976,8.79864636209814,0.009094932584218562,3.8949082559745656
2500,30,1000,183,1234,620,2037,9.070264493721613,0.009430380505254854,4.038563952704067
2500,30,2500,183,1234,673,2090,9.30626057529611,0.009602703937281465,4.112361526450017
2500,30,5000,183,1234,722,2139,9.524445631846113,0.009669652290486414,4.141032183566741
2500,30,10000,183,1234,767,2184,9.724819663371626,0.009710723441222258,4.158620919118337
2500,30,50000,183,1234,816,2233,9.943004719921632,0.00972533125570621,4.164876721094705
2500,30,200000,183,1234,823,2240,9.974174013714489,0.00972533125570621,4.164876721094705
2500,50,1,183,1348,20,1551,6.90622495324606,0.0063489851497084415,2.7189552476252925
2500,50,2,183,1348,52,1583,7.048713153441981,0.006376579594976756,2.7307725790567634
2500,50,3,183,1348,73,1604,7.142221034820554,0.006437426525246814,2.756830299536274
2500,50,5,183,1348,102,1633,7.271350966248108,0.006522845013185341,2.793410798710278
2500,50,10,183,1348,172,1703,7.5830439041766855,0.006661976995678609,2.8529941218701933
2500,50,20,183,1348,279,1810,8.059488823581797,0.00721467115274374,3.0896855998386186
2500,50,30,183,1348,335,1866,8.308843173924659,0.007635659096255409,3.2699738429526537
2500,50,50,183,1348,376,1907,8.491406180425685,0.008167218713945129,3.4976144465866894
2500,50,75,183,1348,407,1938,8.629441624365482,0.008508975117979878,3.643971753502504
2500,50,100,183,1348,425,1956,8.709591236975687,0.008668999644665554,3.7125023164698403
2500,50,150,183,1348,457,1988,8.852079437171609,0.008968842302596258,3.8409100460547867
2500,50,250,183,1348,503,2034,9.056906224953245,0.009336225896154376,3.9982422063988934
2500,50,500,183,1348,559,2090,9.30626057529611,0.009737705500419497,4.170175995987503
2500,50,1000,183,1348,620,2151,9.577878706919583,0.010073153421455788,4.313831692717003
2500,50,2500,183,1348,673,2204,9.813874788494077,0.0102454768534824,4.387629266462954
2500,50,5000,183,1348,722,2253,10.032059845044081,0.010312425206687348,4.416299923579679
2500,50,10000,183,1348,767,2298,10.232433876569596,0.010353496357423192,4.433888659131275
2500,50,50000,183,1348,816,2347,10.450618933119602,0.010368104171907144,4.440144461107643
2500,50,200000,183,1348,823,2354,10.481788226912458,0.010368104171907144,4.440144461107643
2500,75,1,183,1422,20,1625,7.235728916199127,0.006914507208717197,2.9611402793638413
2500,75,2,183,1422,52,1657,7.3782171163950485,0.006942101653985511,2.972957610795312
2500,75,3,183,1422,73,1678,7.471724997773623,0.007002948584255569,2.9990153312748227
2500,75,5,183,1422,102,1707,7.600854929201176,0.007088367072194096,3.035595830448827
2500,75,10,183,1422,172,1777,7.912547867129753,0.007227499054687364,3.0951791536087425
2500,75,20,183,1422,279,1884,8.388992786534866,0.007780193211752495,3.331870631577168
2500,75,30,183,1422,335,1940,8.638347136877728,0.008201181155264164,3.512158874691203
2500,75,50,183,1422,376,1981,8.820910143378752,0.008732740772953884,3.739799478325238
2500,75,75,183,1422,407,2012,8.958945587318551,0.009074497176988633,3.8861567852410532
2500,75,100,183,1422,425,2030,9.039095199928756,0.009234521703674309,3.954687348208389
2500,75,150,183,1422,457,2062,9.181583400124676,0.009534364361605013,4.0830950777933355
2500,75,250,183,1422,503,2108,9.386410187906314,0.009901747955163132,4.240427238137443
2500,75,500,183,1422,559,2164,9.635764538249177,0.010303227559428252,4.412361027726051
2500,75,1000,183,1422,620,2225,9.907382669872652,0.010638675480464543,4.556016724455552
2500,75,2500,183,1422,673,2278,10.143378751447147,0.010810998912491154,4.629814298201503
2500,75,5000,183,1422,722,2327,10.36156380799715,0.010877947265696103,4.658484955318228
2500,75,10000,183,1422,767,2372,10.561937839522665,0.010919018416431947,4.676073690869824
2500,75,50000,183,1422,816,2421,10.780122896072669,0.0109336262309159,4.682329492846192
2500,75,200000,183,1422,823,2428,10.811292189865526,0.0109336262309159,4.682329492846192
2500,100,1,183,1455,20,1658,7.382669872651171,0.007096951360880205,3.039272055265843
2500,100,2,183,1455,52,1690,7.525158072847092,0.007124545806148519,3.0510893866973143
2500,100,3,183,1455,73,1711,7.618665954225666,0.007185392736418578,3.077147107176825
2500,100,5,183,1455,102,1740,7.747795885653219,0.007270811224357104,3.113727606350829
2500,100,10,183,1455,172,1810,8.059488823581797,0.007409943206850372,3.1733109295107442
2500,100,20,183,1455,279,1917,8.53593374298691,0.007962637363915503,3.41000240747917
2500,100,30,183,1455,335,1973,8.785288093329772,0.008383625307427173,3.5902906505932046
2500,100,50,183,1455,376,2014,8.967851099830796,0.008915184925116892,3.81793125422724
2500,100,75,183,1455,407,2045,9.105886543770595,0.009256941329151641,3.9642885611430554
2500,100,100,183,1455,425,2063,9.1860361563808,0.009416965855837317,4.03281912411039
2500,100,150,183,1455,457,2095,9.328524356576722,0.009716808513768022,4.161226853695338
2500,100,250,183,1455,503,2141,9.533351144358358,0.01008419210732614,4.318559014039445
2500,100,500,183,1455,559,2197,9.78270549470122,0.01048567171159126,4.490492803628054
2500,100,1000,183,1455,620,2258,10.054323626324695,0.010821119632627552,4.634148500357554
2500,100,2500,183,1455,673,2311,10.29031970789919,0.010993443064654163,4.707946074103505
2500,100,5000,183,1455,722,2360,10.508504764449194,0.011060391417859111,4.736616731220229
2500,100,10000,183,1455,767,2405,10.708878795974709,0.011101462568594955,4.754205466771825
2500,100,50000,183,1455,816,2454,10.927063852524713,0.011116070383078908,4.760461268748194
2500,100,200000,183,1455,823,2461,10.958233146317571,0.011116070383078908,4.760461268748194
2500,150,1,183,1497,20,1700,7.569685635408317,0.0072468795595148905,3.1034788619967593
2500,150,2,183,1497,52,1732,7.712173835604238,0.007274474004783205,3.11529619342823
2500,150,3,183,1497,73,1753,7.8056817169828125,0.007335320935053263,3.1413539139077407
2500,150,5,183,1497,102,1782,7.934811648410365,0.00742073942299179,3.177934413081745
2500,150,10,183,1497,172,1852,8.246504586338945,0.007559871405485058,3.23751773624166
2500,150,20,183,1497,279,1959,8.722949505744056,0.008112565562550189,3.4742092142100853
2500,150,30,183,1497,335,2015,8.972303856086917,0.008533553506061858,3.6544974573241205
2500,150,50,183,1497,376,2056,9.154866862587943,0.009065113123751578,3.882138060958156
2500,150,75,183,1497,407,2087,9.292902306527742,0.009406869527786327,4.028495367873972
2500,150,100,183,1497,425,2105,9.373051919137946,0.009566894054472003,4.097025930841307
2500,150,150,183,1497,457,2137,9.515540119333869,0.009866736712402707,4.225433660426253
2500,150,250,183,1497,503,2183,9.720366907115505,0.010234120305960825,4.38276582077036
2500,150,500,183,1497,559,2239,9.969721257458367,0.010635599910225946,4.55469961035897
2500,150,1000,183,1497,620,2300,10.24133938908184,0.010971047831262237,4.6983553070884705
2500,150,2500,183,1497,673,2353,10.477335470656337,0.011143371263288848,4.772152880834421
2500,150,5000,183,1497,722,2402,10.695520527206341,0.011210319616493797,4.800823537951145
2500,150,10000,183,1497,767,2447,10.895894558731856,0.011251390767229641,4.818412273502742
2500,150,50000,183,1497,816,2496,11.11407961528186,0.011265998581713593,4.82466807547911
2500,150,200000,183,1497,823,2503,11.145248909074718,0.011265998581713593,4.82466807547911
2500,250,1,183,1526,20,1729,7.698815566835872,0.007359881410973573,3.151871946839471
2500,250,2,183,1526,52,1761,7.841303767031793,0.007387475856241887,3.1636892782709425
2500,250,3,183,1526,73,1782,7.934811648410365,0.007448322786511946,3.1897469987504525
2500,250,5,183,1526,102,1811,8.06394157983792,0.007533741274450473,3.2263274979244567
2500,250,10,183,1526,172,1881,8.375634517766498,0.007672873256943741,3.2859108210843724
2500,250,20,183,1526,279,1988,8.852079437171609,0.008225567414008872,3.5226022990527976
2500,250,30,183,1526,335,2044,9.101433787514472,0.008646555357520541,3.7028905421668328
2500,250,50,183,1526,376,2085,9.283996794015495,0.009178114975210261,3.930531145800868
2500,250,75,183,1526,407,2116,9.422032237955294,0.00951987137924501,4.076888452716684
2500,250,100,183,1526,425,2134,9.5021818505655,0.009679895905930685,4.145419015684019
2500,250,150,183,1526,457,2166,9.644670050761421,0.00997973856386139,4.273826745268965
2500,250,250,183,1526,503,2212,9.849496838543057,0.010347122157419508,4.4311589056130725
2500,250,500,183,1526,559,2268,10.09885118888592,0.010748601761684629,4.603092695201682
2500,250,1000,183,1526,620,2329,10.370469320509395,0.01108404968272092,4.746748391931183
2500,250,2500,183,1526,673,2382,10.60646540208389,0.011256373114747531,4.820545965677133
2500,250,5000,183,1526,722,2431,10.824650458633894,0.01132332146795248,4.849216622793858
2500,250,10000,183,1526,767,2476,11.025024490159408,0.011364392618688324,4.866805358345454
2500,250,50000,183,1526,816,2525,11.243209546709414,0.011379000433172276,4.8730611603218215
2500,250,200000,183,1526,823,2532,11.274378840502271,0.011379000433172276,4.8730611603218215
2500,500,1,183,1545,20,1748,7.7834179357022,0.007430315132887055,3.182035214399679
2500,500,2,183,1545,52,1780,7.9259061358981215,0.0074579095781553695,3.19385254583115
2500,500,3,183,1545,73,1801,8.019414017276693,0.007518756508425428,3.2199102663106602
2500,500,5,183,1545,102,1830,8.148543948704248,0.007604174996363955,3.2564907654846653
2500,500,10,183,1545,172,1900,8.460236886632826,0.007743306978857223,3.31607408864458
2500,500,20,183,1545,279,2007,8.936681806037937,0.008296001135922354,3.552765566613006
2500,500,30,183,1545,335,2063,9.1860361563808,0.008716989079434023,3.733053809727041
2500,500,50,183,1545,376,2104,9.368599162881825,0.009248548697123743,3.9606944133610766
2500,500,75,183,1545,407,2135,9.506634606821622,0.009590305101158492,4.107051720276892
2500,500,100,183,1545,425,2153,9.586784219431827,0.009750329627844168,4.175582283244227
2500,500,150,183,1545,457,2185,9.72927241962775,0.010050172285774872,4.303990012829174
2500,500,250,183,1545,503,2231,9.934099207409385,0.01041755587933299,4.461322173173281
2500,500,500,183,1545,559,2287,10.18345355775225,0.01081903548359811,4.63325596276189
2500,500,1000,183,1545,620,2348,10.455071689375723,0.011154483404634402,4.7769116594913905
2500,500,2500,183,1545,673,2401,10.69106777095022,0.011326806836661013,4.850709233237341
2500,500,5000,183,1545,722,2450,10.909252827500222,0.011393755189865962,4.879379890354065
2500,500,10000,183,1545,767,2495,11.109626859025736,0.011434826340601806,4.896968625905662
2500,500,50000,183,1545,816,2544,11.327811915575742,0.011449434155085758,4.903224427882029
2500,500,200000,183,1545,823,2551,11.358981209368599,0.011449434155085758,4.903224427882029
2500,1000,1,183,1550,20,1753,7.8056817169828125,0.007433581849518089,3.1834341870097917
2500,1000,2,183,1550,52,1785,7.948169917178734,0.0074611762947864035,3.195251518441263
2500,1000,3,183,1550,73,1806,8.041677798557307,0.007522023225056462,3.2213092389207736
2500,1000,5,183,1550,102,1835,8.17080772998486,0.007607441712994989,3.2578897380947778
2500,1000,10,183,1550,172,1905,8.482500667913438,0.007746573695488257,3.317473061254693
2500,1000,20,183,1550,279,2012,8.958945587318551,0.008299267852553388,3.5541645392231183
2500,1000,30,183,1550,335,2068,9.208299937661412,0.008720255796065057,3.7344527823371534
2500,1000,50,183,1550,376,2109,9.390862944162437,0.009251815413754777,3.962093385971189
2500,1000,75,183,1550,407,2140,9.528898388102235,0.009593571817789526,4.108450692887004
2500,1000,100,183,1550,425,2158,9.609048000712441,0.009753596344475202,4.17698125585434
2500,1000,150,183,1550,457,2190,9.751536200908362,0.010053439002405906,4.305388985439286
2500,1000,250,183,1550,503,2236,9.956362988689998,0.010420822595964024,4.462721145783393
2500,1000,500,183,1550,559,2292,10.205717339032862,0.010822302200229145,4.634654935372002
2500,1000,1000,183,1550,620,2353,10.477335470656337,0.011157750121265436,4.778310632101503
2500,1000,2500,183,1550,673,2406,10.713331552230832,0.011330073553292047,4.852108205847454
2500,1000,5000,183,1550,722,2455,10.931516608780836,0.011397021906496996,4.880778862964178
2500,1000,10000,183,1550,767,2500,11.131890640306349,0.01143809305723284,4.898367598515774
2500,1000,50000,183,1550,816,2549,11.350075696856354,0.011452700871716792,4.9046234004921425
2500,1000,200000,183,1550,823,2556,11.381244990649211,0.011452700871716792,4.9046234004921425
2500,2500,1,183,1553,20,1756,7.81903998575118,0.007437072733344707,3.1849291593046427
2500,2500,2,183,1553,52,1788,7.961528185947102,0.007464667178613021,3.196746490736114
2500,2500,3,183,1553,73,1809,8.055036067325675,0.00752551410888308,3.222804211215624
2500,2500,5,183,1553,102,1838,8.18416599875323,0.007610932596821607,3.2593847103896283
2500,2500,10,183,1553,172,1908,8.495858936681806,0.007750064579314875,3.3189680335495435
2500,2500,20,183,1553,279,2015,8.972303856086917,0.008302758736380006,3.5556595115179697
2500,2500,30,183,1553,335,2071,9.22165820642978,0.008723746679891675,3.735947754632004
2500,2500,50,183,1553,376,2112,9.404221212930803,0.009255306297581395,3.9635883582660396
2500,2500,75,183,1553,407,2143,9.542256656870602,0.009597062701616144,4.109945665181855
2500,2500,100,183,1553,425,2161,9.622406269480809,0.00975708722830182,4.17847622814919
2500,2500,150,183,1553,457,2193,9.76489446967673,0.010056929886232524,4.306883957734137
2500,2500,250,183,1553,503,2239,9.969721257458367,0.010424313479790642,4.4642161180782445
2500,2500,500,183,1553,559,2295,10.219075607801228,0.010825793084055763,4.636149907666853
2500,2500,1000,183,1553,620,2356,10.490693739424705,0.011161241005092054,4.779805604396354
2500,2500,2500,183,1553,673,2409,10.726689820999198,0.011333564437118665,4.853603178142304
2500,2500,5000,183,1553,722,2458,10.944874877549204,0.011400512790323614,4.882273835259029
2500,2500,10000,183,1553,767,2503,11.145248909074718,0.011441583941059458,4.899862570810625
2500,2500,50000,183,1553,816,2552,11.36343396562472,0.01145619175554341,4.9061183727869935
2500,2500,200000,183,1553,823,2559,11.394603259417579,0.01145619175554341,4.9061183727869935
2500,5000,1,183,1555,20,1758,7.827945498263425,0.007437072733344707,3.1849291593046427
2500,5000,2,183,1555,52,1790,7.970433698459346,0.007464667178613021,3.196746490736114
2500,5000,3,183,1555,73,1811,8.06394157983792,0.00752551410888308,3.222804211215624
2500,5000,5,183,1555,102,1840,8.193071511265474,0.007610932596821607,3.2593847103896283
2500,5000,10,183,1555,172,1910,8.50476444919405,0.007750064579314875,3.3189680335495435
2500,5000,20,183,1555,279,2017,8.981209368599163,0.008302758736380006,3.5556595115179697
2500,5000,30,183,1555,335,2073,9.230563718942026,0.008723746679891675,3.735947754632004
2500,5000,50,183,1555,376,2114,9.41312672544305,0.009255306297581395,3.9635883582660396
2500,5000,75,183,1555,407,2145,9.551162169382849,0.009597062701616144,4.109945665181855
2500,5000,100,183,1555,425,2163,9.631311781993054,0.00975708722830182,4.17847622814919
2500,5000,150,183,1555,457,2195,9.773799982188976,0.010056929886232524,4.306883957734137
2500,5000,250,183,1555,503,2241,9.978626769970612,0.010424313479790642,4.4642161180782445
2500,5000,500,183,1555,559,2297,10.227981120313475,0.010825793084055763,4.636149907666853
2500,5000,1000,183,1555,620,2358,10.49959925193695,0.011161241005092054,4.779805604396354
2500,5000,2500,183,1555,673,2411,10.735595333511444,0.011333564437118665,4.853603178142304
2500,5000,5000,183,1555,722,2460,10.953780390061448,0.011400512790323614,4.882273835259029
2500,5000,10000,183,1555,767,2505,11.154154421586963,0.011441583941059458,4.899862570810625
2500,5000,50000,183,1555,816,2554,11.372339478136967,0.01145619175554341,4.9061183727869935
2500,5000,200000,183,1555,823,2561,11.403508771929824,0.01145619175554341,4.9061183727869935
2500,10000,1,183,1556,20,1759,7.832398254519547,0.007437072733344707,3.1849291593046427
2500,10000,2,183,1556,52,1791,7.9748864547154685,0.007464667178613021,3.196746490736114
2500,10000,3,183,1556,73,1812,8.068394336094043,0.00752551410888308,3.222804211215624
2500,10000,5,183,1556,102,1841,8.197524267521596,0.007610932596821607,3.2593847103896283
2500,10000,10,183,1556,172,1911,8.509217205450174,0.007750064579314875,3.3189680335495435
2500,10000,20,183,1556,279,2018,8.985662124855285,0.008302758736380006,3.5556595115179697
2500,10000,30,183,1556,335,2074,9.235016475198147,0.008723746679891675,3.735947754632004
2500,10000,50,183,1556,376,2115,9.417579481699171,0.009255306297581395,3.9635883582660396
2500,10000,75,183,1556,407,2146,9.55561492563897,0.009597062701616144,4.109945665181855
2500,10000,100,183,1556,425,2164,9.635764538249177,0.00975708722830182,4.17847622814919
2500,10000,150,183,1556,457,2196,9.778252738445097,0.010056929886232524,4.306883957734137
2500,10000,250,183,1556,503,2242,9.983079526226735,0.010424313479790642,4.4642161180782445
2500,10000,500,183,1556,559,2298,10.232433876569596,0.010825793084055763,4.636149907666853
2500,10000,1000,183,1556,620,2359,10.50405200819307,0.011161241005092054,4.779805604396354
2500,10000,2500,183,1556,673,2412,10.740048089767566,0.011333564437118665,4.853603178142304
2500,10000,5000,183,1556,722,2461,10.958233146317571,0.011400512790323614,4.882273835259029
2500,10000,10000,183,1556,767,2506,11.158607177843084,0.011441583941059458,4.899862570810625
2500,10000,50000,183,1556,816,2555,11.37679223439309,0.01145619175554341,4.9061183727869935
2500,10000,200000,183,1556,823,2562,11.407961528185947,0.01145619175554341,4.9061183727869935
2500,50000,1,183,1557,20,1760,7.8368510107756695,0.007437072733344707,3.1849291593046427
2500,50000,2,183,1557,52,1792,7.979339210971591,0.007464667178613021,3.196746490736114
2500,50000,3,183,1557,73,1813,8.072847092350164,0.00752551410888308,3.222804211215624
2500,50000,5,183,1557,102,1842,8.201977023777719,0.007610932596821607,3.2593847103896283
2500,50000,10,183,1557,172,1912,8.513669961706297,0.007750064579314875,3.3189680335495435
2500,50000,20,183,1557,279,2019,8.990114881111408,0.008302758736380006,3.5556595115179697
2500,50000,30,183,1557,335,2075,9.23946923145427,0.008723746679891675,3.735947754632004
2500,50000,50,183,1557,376,2116,9.422032237955294,0.009255306297581395,3.9635883582660396
2500,50000,75,183,1557,407,2147,9.560067681895093,0.009597062701616144,4.109945665181855
2500,50000,100,183,1557,425,2165,9.640217294505298,0.00975708722830182,4.17847622814919
2500,50000,150,183,1557,457,2197,9.78270549470122,0.010056929886232524,4.306883957734137
2500,50000,250,183,1557,503,2243,9.987532282482857,0.010424313479790642,4.4642161180782445
2500,50000,500,183,1557,559,2299,10.236886632825719,0.010825793084055763,4.636149907666853
2500,50000,1000,183,1557,620,2360,10.508504764449194,0.011161241005092054,4.779805604396354
2500,50000,2500,183,1557,673,2413,10.744500846023689,0.011333564437118665,4.853603178142304
2500,50000,5000,183,1557,722,2462,10.962685902573693,0.011400512790323614,4.882273835259029
2500,50000,10000,183,1557,767,2507,11.163059934099207,0.011441583941059458,4.899862570810625
2500,50000,50000,183,1557,816,2556,11.381244990649211,0.01145619175554341,4.9061183727869935
2500,50000,200000,183,1557,823,2563,11.41241428444207,0.01145619175554341,4.9061183727869935
2500,200000,1,183,1557,20,1760,7.8368510107756695,0.007437072733344707,3.1849291593046427
2500,200000,2,183,1557,52,1792,7.979339210971591,0.007464667178613021,3.196746490736114
2500,200000,3,183,1557,73,1813,8.072847092350164,0.00752551410888308,3.222804211215624
2500,200000,5,183,1557,102,1842,8.201977023777719,0.007610932596821607,3.2593847103896283
2500,200000,10,183,1557,172,1912,8.513669961706297,0.007750064579314875,3.3189680335495435
2500,200000,20,183,1557,279,2019,8.990114881111408,0.008302758736380006,3.5556595115179697
2500,200000,30,183,1557,335,2075,9.23946923145427,0.008723746679891675,3.735947754632004
2500,200000,50,183,1557,376,2116,9.422032237955294,0.009255306297581395,3.9635883582660396
2500,200000,75,183,1557,407,2147,9.560067681895093,0.009597062701616144,4.109945665181855
2500,200000,100,183,1557,425,2165,9.640217294505298,0.00975708722830182,4.17847622814919
2500,200000,150,183,1557,457,2197,9.78270549470122,0.010056929886232524,4.306883957734137
2500,200000,250,183,1557,503,2243,9.987532282482857,0.010424313479790642,4.4642161180782445
2500,200000,500,183,1557,559,2299,10.236886632825719,0.010825793084055763,4.636149907666853
2500,200000,1000,183,1557,620,2360,10.508504764449194,0.011161241005092054,4.779805604396354
2500,200000,2500,183,1557,673,2413,10.744500846023689,0.011333564437118665,4.853603178142304
2500,200000,5000,183,1557,722,2462,10.962685902573693,0.011400512790323614,4.882273835259029
2500,200000,10000,183,1557,767,2507,11.163059934099207,0.011441583941059458,4.899862570810625
2500,200000,50000,183,1557,816,2556,11.381244990649211,0.01145619175554341,4.9061183727869935
2500,200000,200000,183,1557,823,2563,11.41241428444207,0.01145619175554341,4.9061183727869935
5000,1,1,183,240,20,443,1.9725710214622851,0.0016396737411829565,0.7021908884426238
5000,1,2,183,240,52,475,2.1150592216582065,0.0016672681864512706,0.7140082198740947
5000,1,3,183,240,73,496,2.2085671030367795,0.0017281151167213293,0.7400659403536052
5000,1,5,183,240,102,525,2.3376970344643335,0.001813533604659856,0.7766464395276095
5000,1,10,183,240,172,595,2.6493899723929113,0.001952665587153124,0.8362297626875247
5000,1,20,183,240,279,702,3.125834891798023,0.002505359744218255,1.07292124065595
5000,1,30,183,240,335,758,3.375189242140885,0.0029263476877299244,1.2532094837699852
5000,1,50,183,240,376,799,3.557752248641909,0.003457907305419644,1.480850087404021
5000,1,75,183,240,407,830,3.695787692581708,0.003799663709454393,1.6272073943198357
5000,1,100,183,240,425,848,3.7759373051919134,0.003959688236140069,1.6957379572871714
5000,1,150,183,240,457,880,3.9184255053878347,0.004259530894070773,1.8241456868721182
5000,1,250,183,240,503,926,4.123252293169473,0.0046269144876288915,1.981477847216225
5000,1,500,183,240,559,982,4.372606643512334,0.005028394091894012,2.153411636804834
5000,1,1000,183,240,620,1043,4.644224775135809,0.005363842012930303,2.2970673335343346
5000,1,2500,183,240,673,1096,4.880220856710304,0.005536165444956914,2.3708649072802856
5000,1,5000,183,240,722,1145,5.098405913260308,0.005603113798161863,2.3995355643970098
5000,1,10000,183,240,767,1190,5.298779944785823,0.005644184948897707,2.4171242999486062
5000,1,50000,183,240,816,1239,5.5169650013358265,0.005658792763381659,2.4233801019249746
5000,1,200000,183,240,823,1246,5.548134295128684,0.005658792763381659,2.4233801019249746
5000,2,1,183,382,20,585,2.6048624098316857,0.002414876362428514,1.0341716988096605
5000,2,2,183,382,52,617,2.747350610027607,0.0024424708076968282,1.0459890302411314
5000,2,3,183,382,73,638,2.84085849140618,0.002503317737966887,1.072046750720642
5000,2,5,183,382,102,667,2.969988422833734,0.0025887362259054136,1.1086272498946463
5000,2,10,183,382,172,737,3.281681360762312,0.0027278682083986816,1.1682105730545616
5000,2,20,183,382,279,844,3.758126280167424,0.0032805623654638127,1.404902051022987
5000,2,30,183,382,335,900,4.007480630510286,0.003701550308975482,1.585190294137022
5000,2,50,183,382,376,941,4.19004363701131,0.004233109926665202,1.8128308977710574
5000,2,75,183,382,407,972,4.328079080951109,0.00457486633069995,1.9591882046868725
5000,2,100,183,382,425,990,4.408228693561314,0.004734890857385626,2.0277187676542083
5000,2,150,183,382,457,1022,4.550716893757236,0.005034733515316331,2.1561264972391547
5000,2,250,183,382,503,1068,4.755543681538873,0.005402117108874449,2.313458657583262
5000,2,500,183,382,559,1124,5.004898031881734,0.005803596713139569,2.4853924471718707
5000,2,1000,183,382,620,1185,5.27651616350521,0.006139044634175861,2.6290481439013713
5000,2,2500,183,382,673,1238,5.512512245079704,0.006311368066202472,2.7028457176473224
5000,2,5000,183,382,722,1287,5.730697301629709,0.0063783164194074204,2.7315163747640465
5000,2,10000,183,382,767,1332,5.931071333155223,0.0064193875701432646,2.7491051103156425
5000,2,50000,183,382,816,1381,6.1492563897052275,0.006433995384627217,2.7553609122920113
5000,2,200000,183,382,823,1388,6.180425683498085,0.006433995384627217,2.7553609122920113
5000,3,1,183,482,20,685,3.05013803544394,0.0029509414271211842,1.2637417617955
5000,3,2,183,482,52,717,3.1926262356398607,0.0029785358723894984,1.275559093226971
5000,3,3,183,482,73,738,3.286134117018434,0.003039382802659557,1.3016168137064816
5000,3,5,183,482,102,767,3.415264048445988,0.0031248012905980838,1.3381973128804858
5000,3,10,183,482,172,837,3.726956986374566,0.0032639332730913517,1.397780636040401
5000,3,20,183,482,279,944,4.203401905779677,0.003816627430156483,1.6344721140088267
5000,3,30,183,482,335,1000,4.45275625612254,0.004237615373668152,1.8147603571228614
5000,3,50,183,482,376,1041,4.635319262623564,0.004769174991357872,2.042400960756897
5000,3,75,183,482,407,1072,4.773354706563363,0.0051109313953926205,2.188758267672712
5000,3,100,183,482,425,1090,4.8535043191735685,0.0052709559220782964,2.257288830640048
5000,3,150,183,482,457,1122,4.99599251936949,0.005570798580009001,2.3856965602249947
5000,3,250,183,482,503,1168,5.200819307151126,0.005938182173567119,2.543028720569102
5000,3,500,183,482,559,1224,5.4501736574939885,0.0063396617778322395,2.7149625101577106
5000,3,1000,183,482,620,1285,5.7217917891174634,0.006675109698868531,2.8586182068872112
5000,3,2500,183,482,673,1338,5.957787870691958,0.006847433130895142,2.932415780633162
5000,3,5000,183,482,722,1387,6.175972927241963,0.006914381484100091,2.9610864377498864
5000,3,10000,183,482,767,1432,6.376346958767478,0.006955452634835935,2.9786751733014825
5000,3,50000,183,482,816,1481,6.5945320153174825,0.006970060449319887,2.984930975277851
5000,3,200000,183,482,823,1488,6.625701309110339,0.006970060449319887,2.984930975277851
5000,5,1,183,631,20,834,3.7135987176061978,0.003533140343376373,1.513068663841648
5000,5,2,183,631,52,866,3.856086917802119,0.003560734788644687,1.5248859952731189
5000,5,3,183,631,73,887,3.949594799180693,0.003621581718914746,1.5509437157526296
5000,5,5,183,631,102,916,4.078724730608246,0.0037070002068532726,1.5875242149266338
5000,5,10,183,631,172,986,4.390417668536824,0.0038461321893465406,1.647107538086549
5000,5,20,183,631,279,1093,4.866862587941936,0.004398826346411672,1.8837990160549747
5000,5,30,183,631,335,1149,5.116216938284798,0.004819814289923341,2.0640872591690096
5000,5,50,183,631,376,1190,5.298779944785823,0.005351373907613061,2.291727862803045
5000,5,75,183,631,407,1221,5.436815388725621,0.005693130311647809,2.43808516971886
5000,5,100,183,631,425,1239,5.5169650013358265,0.005853154838333485,2.5066157326861953
5000,5,150,183,631,457,1271,5.659453201531748,0.00615299749626419,2.635023462271142
5000,5,250,183,631,503,1317,5.864279989313385,0.006520381089822308,2.7923556226152493
5000,5,500,183,631,559,1373,6.113634339656247,0.006921860694087428,2.9642894122038586
5000,5,1000,183,631,620,1434,6.385252471279721,0.00725730861512372,3.107945108933359
5000,5,2500,183,631,673,1487,6.621248552854217,0.007429632047150331,3.1817426826793094
5000,5,5000,183,631,722,1536,6.839433609404222,0.007496580400355279,3.210413339796034
5000,5,10000,183,631,767,1581,7.039807640929735,0.0075376515510911235,3.2280020753476304
5000,5,50000,183,631,816,1630,7.2579926974797395,0.007552259365575076,3.2342578773239983
5000,5,200000,183,631,823,1637,7.289161991272598,0.007552259365575076,3.2342578773239983
5000,10,1,183,877,20,1080,4.808976756612343,0.004073216970793936,1.744356680053843
5000,10,2,183,877,52,1112,4.951464956808264,0.00410081141606225,1.756174011485314
5000,10,3,183,877,73,1133,5.044972838186838,0.004161658346332309,1.7822317319648247
5000,10,5,183,877,102,1162,5.174102769614391,0.004247076834270835,1.8188122311388288
5000,10,10,183,877,172,1232,5.485795707542969,0.004386208816764103,1.878395554298744
5000,10,20,183,877,279,1339,5.9622406269480805,0.0049389029738292345,2.1150870322671698
5000,10,30,183,877,335,1395,6.211594977290943,0.005359890917340904,2.2953752753812044
5000,10,50,183,877,376,1436,6.394157983791968,0.0058914505350306234,2.52301587901524
5000,10,75,183,877,407,1467,6.532193427731765,0.006233206939065372,2.669373185931055
5000,10,100,183,877,425,1485,6.612343040341971,0.006393231465751048,2.7379037488983906
5000,10,150,183,877,457,1517,6.754831240537892,0.006693074123681753,2.866311478483337
5000,10,250,183,877,503,1563,6.959658028319529,0.007060457717239871,3.0236436388274446
5000,10,500,183,877,559,1619,7.2090123786623925,0.007461937321504991,3.1955774284160534
5000,10,1000,183,877,620,1680,7.480630510285867,0.007797385242541283,3.339233125145554
5000,10,2500,183,877,673,1733,7.716626591860362,0.007969708674567894,3.4130306988915047
5000,10,5000,183,877,722,1782,7.934811648410365,0.008036657027772842,3.4417013560082297
5000,10,10000,183,877,767,1827,8.13518567993588,0.008077728178508686,3.4592900915598253
5000,10,50000,183,877,816,1876,8.353370736485886,0.008092335992992639,3.4655458935361936
5000,10,200000,183,877,823,1883,8.384540030278743,0.008092335992992639,3.4655458935361936
5000,20,1,183,1110,20,1313,5.846468964288895,0.004825782351356583,2.066643083693628
5000,20,2,183,1110,52,1345,5.988957164484816,0.0048533767966248975,2.078460415125099
5000,20,3,183,1110,73,1366,6.0824650458633895,0.004914223726894956,2.1045181356046094
5000,20,5,183,1110,102,1395,6.211594977290943,0.004999642214833483,2.141098634778614
5000,20,10,183,1110,172,1465,6.5232879152195204,0.005138774197326751,2.200681957938529
5000,20,20,183,1110,279,1572,6.999732834624632,0.005691468354391882,2.4373734359069545
5000,20,30,183,1110,335,1628,7.249087184967495,0.006112456297903551,2.6176616790209892
5000,20,50,183,1110,376,1669,7.43165019146852,0.006644015915593271,2.8453022826550254
5000,20,75,183,1110,407,1700,7.569685635408317,0.00698577231962802,2.99165958957084
5000,20,100,183,1110,425,1718,7.649835248018523,0.007145796846313696,3.060190152538176
5000,20,150,183,1110,457,1750,7.792323448214445,0.0074456395042444,3.1885978821231222
5000,20,250,183,1110,503,1796,7.997150235996081,0.007813023097802518,3.3459300424672294
5000,20,500,183,1110,559,1852,8.246504586338945,0.008214502702067639,3.517863832055838
5000,20,1000,183,1110,620,1913,8.518122717962418,0.00854995062310393,3.661519528785339
5000,20,2500,183,1110,673,1966,8.754118799536913,0.008722274055130541,3.7353171025312895
5000,20,5000,183,1110,722,2015,8.972303856086917,0.00878922240833549,3.7639877596480145
5000,20,10000,183,1110,767,2060,9.172677887612432,0.008830293559071334,3.78157649519961
5000,20,50000,183,1110,816,2109,9.390862944162437,0.008844901373555286,3.787832297175979
5000,20,200000,183,1110,823,2116,9.422032237955294,0.008844901373555286,3.787832297175979
5000,30,1,183,1234,20,1437,6.39861074004809,0.005706212233507507,2.4436875076123554
5000,30,2,183,1234,52,1469,6.541098940244011,0.005733806678775821,2.455504839043826
5000,30,3,183,1234,73,1490,6.634606821622584,0.00579465360904588,2.481562559523337
5000,30,5,183,1234,102,1519,6.763736753050138,0.005880072096984407,2.518143058697341
5000,30,10,183,1234,172,1589,7.075429690978716,0.006019204079477675,2.577726381857256
5000,30,20,183,1234,279,1696,7.551874610383827,0.006571898236542806,2.8144178598256815
5000,30,30,183,1234,335,1752,7.80122896072669,0.006992886180054475,2.9947061029397166
5000,30,50,183,1234,376,1793,7.983791967227714,0.007524445797744195,3.222346706573752
5000,30,75,183,1234,407,1824,8.121827411167512,0.007866202201778943,3.3687040134895674
5000,30,100,183,1234,425,1842,8.201977023777719,0.00802622672846462,3.4372345764569023
5000,30,150,183,1234,457,1874,8.34446522397364,0.008326069386395324,3.5656423060418496
5000,30,250,183,1234,503,1920,8.549292011755275,0.008693452979953442,3.7229744663859567
5000,30,500,183,1234,559,1976,8.79864636209814,0.009094932584218562,3.8949082559745656
5000,30,1000,183,1234,620,2037,9.070264493721613,0.009430380505254854,4.038563952704067
5000,30,2500,183,1234,673,2090,9.30626057529611,0.009602703937281465,4.112361526450017
5000,30,5000,183,1234,722,2139,9.524445631846113,0.009669652290486414,4.141032183566741
5000,30,10000,183,1234,767,2184,9.724819663371626,0.009710723441222258,4.158620919118337
5000,30,50000,183,1234,816,2233,9.943004719921632,0.00972533125570621,4.164876721094705
5000,30,200000,183,1234,823,2240,9.974174013714489,0.00972533125570621,4.164876721094705
5000,50,1,183,1348,20,1551,6.90622495324606,0.0063489851497084415,2.7189552476252925
5000,50,2,183,1348,52,1583,7.048713153441981,0.006376579594976756,2.7307725790567634
5000,50,3,183,1348,73,1604,7.142221034820554,0.006437426525246814,2.756830299536274
5000,50,5,183,1348,102,1633,7.271350966248108,0.006522845013185341,2.793410798710278
5000,50,10,183,1348,172,1703,7.5830439041766855,0.006661976995678609,2.8529941218701933
5000,50,20,183,1348,279,1810,8.059488823581797,0.00721467115274374,3.0896855998386186
5000,50,30,183,1348,335,1866,8.308843173924659,0.007635659096255409,3.2699738429526537
5000,50,50,183,1348,376,1907,8.491406180425685,0.008167218713945129,3.4976144465866894
5000,50,75,183,1348,407,1938,8.629441624365482,0.008508975117979878,3.643971753502504
5000,50,100,183,1348,425,1956,8.709591236975687,0.008668999644665554,3.7125023164698403
5000,50,150,183,1348,457,1988,8.852079437171609,0.008968842302596258,3.8409100460547867
5000,50,250,183,1348,503,2034,9.056906224953245,0.009336225896154376,3.9982422063988934
5000,50,500,183,1348,559,2090,9.30626057529611,0.009737705500419497,4.170175995987503
5000,50,1000,183,1348,620,2151,9.577878706919583,0.010073153421455788,4.313831692717003
5000,50,2500,183,1348,673,2204,9.813874788494077,0.0102454768534824,4.387629266462954
5000,50,5000,183,1348,722,2253,10.032059845044081,0.010312425206687348,4.416299923579679
5000,50,10000,183,1348,767,2298,10.232433876569596,0.010353496357423192,4.433888659131275
5000,50,50000,183,1348,816,2347,10.450618933119602,0.010368104171907144,4.440144461107643
5000,50,200000,183,1348,823,2354,10.481788226912458,0.010368104171907144,4.440144461107643
5000,75,1,183,1422,20,1625,7.235728916199127,0.006914507208717197,2.9611402793638413
5000,75,2,183,1422,52,1657,7.3782171163950485,0.006942101653985511,2.972957610795312
5000,75,3,183,1422,73,1678,7.471724997773623,0.007002948584255569,2.9990153312748227
5000,75,5,183,1422,102,1707,7.600854929201176,0.007088367072194096,3.035595830448827
5000,75,10,183,1422,172,1777,7.912547867129753,0.007227499054687364,3.0951791536087425
5000,75,20,183,1422,279,1884,8.388992786534866,0.007780193211752495,3.331870631577168
5000,75,30,183,1422,335,1940,8.638347136877728,0.008201181155264164,3.512158874691203
5000,75,50,183,1422,376,1981,8.820910143378752,0.008732740772953884,3.739799478325238
5000,75,75,183,1422,407,2012,8.958945587318551,0.009074497176988633,3.8861567852410532
5000,75,100,183,1422,425,2030,9.039095199928756,0.009234521703674309,3.954687348208389
5000,75,150,183,1422,457,2062,9.181583400124676,0.009534364361605013,4.0830950777933355
5000,75,250,183,1422,503,2108,9.386410187906314,0.009901747955163132,4.240427238137443
5000,75,500,183,1422,559,2164,9.635764538249177,0.010303227559428252,4.412361027726051
5000,75,1000,183,1422,620,2225,9.907382669872652,0.010638675480464543,4.556016724455552
5000,75,2500,183,1422,673,2278,10.143378751447147,0.010810998912491154,4.629814298201503
5000,75,5000,183,1422,722,2327,10.36156380799715,0.010877947265696103,4.658484955318228
5000,75,10000,183,1422,767,2372,10.561937839522665,0.010919018416431947,4.676073690869824
5000,75,50000,183,1422,816,2421,10.780122896072669,0.0109336262309159,4.682329492846192
5000,75,200000,183,1422,823,2428,10.811292189865526,0.0109336262309159,4.682329492846192
5000,100,1,183,1455,20,1658,7.382669872651171,0.007096951360880205,3.039272055265843
5000,100,2,183,1455,52,1690,7.525158072847092,0.007124545806148519,3.0510893866973143
5000,100,3,183,1455,73,1711,7.618665954225666,0.007185392736418578,3.077147107176825
5000,100,5,183,1455,102,1740,7.747795885653219,0.007270811224357104,3.113727606350829
5000,100,10,183,1455,172,1810,8.059488823581797,0.007409943206850372,3.1733109295107442
5000,100,20,183,1455,279,1917,8.53593374298691,0.007962637363915503,3.41000240747917
5000,100,30,183,1455,335,1973,8.785288093329772,0.008383625307427173,3.5902906505932046
5000,100,50,183,1455,376,2014,8.967851099830796,0.008915184925116892,3.81793125422724
5000,100,75,183,1455,407,2045,9.105886543770595,0.009256941329151641,3.9642885611430554
5000,100,100,183,1455,425,2063,9.1860361563808,0.009416965855837317,4.03281912411039
5000,100,150,183,1455,457,2095,9.328524356576722,0.009716808513768022,4.161226853695338
5000,100,250,183,1455,503,2141,9.533351144358358,0.01008419210732614,4.318559014039445
5000,100,500,183,1455,559,2197,9.78270549470122,0.01048567171159126,4.490492803628054
5000,100,1000,183,1455,620,2258,10.054323626324695,0.010821119632627552,4.634148500357554
5000,100,2500,183,1455,673,2311,10.29031970789919,0.010993443064654163,4.707946074103505
5000,100,5000,183,1455,722,2360,10.508504764449194,0.011060391417859111,4.736616731220229
5000,100,10000,183,1455,767,2405,10.708878795974709,0.011101462568594955,4.754205466771825
5000,100,50000,183,1455,816,2454,10.927063852524713,0.011116070383078908,4.760461268748194
5000,100,200000,183,1455,823,2461,10.958233146317571,0.011116070383078908,4.760461268748194
5000,150,1,183,1497,20,1700,7.569685635408317,0.0072468795595148905,3.1034788619967593
5000,150,2,183,1497,52,1732,7.712173835604238,0.007274474004783205,3.11529619342823
5000,150,3,183,1497,73,1753,7.8056817169828125,0.007335320935053263,3.1413539139077407
5000,150,5,183,1497,102,1782,7.934811648410365,0.00742073942299179,3.177934413081745
5000,150,10,183,1497,172,1852,8.246504586338945,0.007559871405485058,3.23751773624166
5000,150,20,183,1497,279,1959,8.722949505744056,0.008112565562550189,3.4742092142100853
5000,150,30,183,1497,335,2015,8.972303856086917,0.008533553506061858,3.6544974573241205
5000,150,50,183,1497,376,2056,9.154866862587943,0.009065113123751578,3.882138060958156
5000,150,75,183,1497,407,2087,9.292902306527742,0.009406869527786327,4.028495367873972
5000,150,100,183,1497,425,2105,9.373051919137946,0.009566894054472003,4.097025930841307
5000,150,150,183,1497,457,2137,9.515540119333869,0.009866736712402707,4.225433660426253
5000,150,250,183,1497,503,2183,9.720366907115505,0.010234120305960825,4.38276582077036
5000,150,500,183,1497,559,2239,9.969721257458367,0.010635599910225946,4.55469961035897
5000,150,1000,183,1497,620,2300,10.24133938908184,0.010971047831262237,4.6983553070884705
5000,150,2500,183,1497,673,2353,10.477335470656337,0.011143371263288848,4.772152880834421
5000,150,5000,183,1497,722,2402,10.695520527206341,0.011210319616493797,4.800823537951145
5000,150,10000,183,1497,767,2447,10.895894558731856,0.011251390767229641,4.818412273502742
5000,150,50000,183,1497,816,2496,11.11407961528186,0.011265998581713593,4.82466807547911
5000,150,200000,183,1497,823,2503,11.145248909074718,0.011265998581713593,4.82466807547911
5000,250,1,183,1526,20,1729,7.698815566835872,0.007359881410973573,3.151871946839471
5000,250,2,183,1526,52,1761,7.841303767031793,0.007387475856241887,3.1636892782709425
5000,250,3,183,1526,73,1782,7.934811648410365,0.007448322786511946,3.1897469987504525
5000,250,5,183,1526,102,1811,8.06394157983792,0.007533741274450473,3.2263274979244567
5000,250,10,183,1526,172,1881,8.375634517766498,0.007672873256943741,3.2859108210843724
5000,250,20,183,1526,279,1988,8.852079437171609,0.008225567414008872,3.5226022990527976
5000,250,30,183,1526,335,2044,9.101433787514472,0.008646555357520541,3.7028905421668328
5000,250,50,183,1526,376,2085,9.283996794015495,0.009178114975210261,3.930531145800868
5000,250,75,183,1526,407,2116,9.422032237955294,0.00951987137924501,4.076888452716684
5000,250,100,183,1526,425,2134,9.5021818505655,0.009679895905930685,4.145419015684019
5000,250,150,183,1526,457,2166,9.644670050761421,0.00997973856386139,4.273826745268965
5000,250,250,183,1526,503,2212,9.849496838543057,0.010347122157419508,4.4311589056130725
5000,250,500,183,1526,559,2268,10.09885118888592,0.010748601761684629,4.603092695201682
5000,250,1000,183,1526,620,2329,10.370469320509395,0.01108404968272092,4.746748391931183
5000,250,2500,183,1526,673,2382,10.60646540208389,0.011256373114747531,4.820545965677133
5000,250,5000,183,1526,722,2431,10.824650458633894,0.01132332146795248,4.849216622793858
5000,250,10000,183,1526,767,2476,11.025024490159408,0.011364392618688324,4.866805358345454
5000,250,50000,183,1526,816,2525,11.243209546709414,0.011379000433172276,4.8730611603218215
5000,250,200000,183,1526,823,2532,11.274378840502271,0.011379000433172276,4.8730611603218215
5000,500,1,183,1545,20,1748,7.7834179357022,0.007430315132887055,3.182035214399679
5000,500,2,183,1545,52,1780,7.9259061358981215,0.0074579095781553695,3.19385254583115
5000,500,3,183,1545,73,1801,8.019414017276693,0.007518756508425428,3.2199102663106602
5000,500,5,183,1545,102,1830,8.148543948704248,0.007604174996363955,3.2564907654846653
5000,500,10,183,1545,172,1900,8.460236886632826,0.007743306978857223,3.31607408864458
5000,500,20,183,1545,279,2007,8.936681806037937,0.008296001135922354,3.552765566613006
5000,500,30,183,1545,335,2063,9.1860361563808,0.008716989079434023,3.733053809727041
5000,500,50,183,1545,376,2104,9.368599162881825,0.009248548697123743,3.9606944133610766
5000,500,75,183,1545,407,2135,9.506634606821622,0.009590305101158492,4.107051720276892
5000,500,100,183,1545,425,2153,9.586784219431827,0.009750329627844168,4.175582283244227
5000,500,150,183,1545,457,2185,9.72927241962775,0.010050172285774872,4.303990012829174
5000,500,250,183,1545,503,2231,9.934099207409385,0.01041755587933299,4.461322173173281
5000,500,500,183,1545,559,2287,10.18345355775225,0.01081903548359811,4.63325596276189
5000,500,1000,183,1545,620,2348,10.455071689375723,0.011154483404634402,4.7769116594913905
5000,500,2500,183,1545,673,2401,10.69106777095022,0.011326806836661013,4.850709233237341
5000,500,5000,183,1545,722,2450,10.909252827500222,0.011393755189865962,4.879379890354065
5000,500,10000,183,1545,767,2495,11.109626859025736,0.011434826340601806,4.896968625905662
5000,500,50000,183,1545,816,2544,11.327811915575742,0.011449434155085758,4.903224427882029
5000,500,200000,183,1545,823,2551,11.358981209368599,0.011449434155085758,4.903224427882029
5000,1000,1,183,1550,20,1753,7.8056817169828125,0.007433581849518089,3.1834341870097917
5000,1000,2,183,1550,52,1785,7.948169917178734,0.0074611762947864035,3.195251518441263
5000,1000,3,183,1550,73,1806,8.041677798557307,0.007522023225056462,3.2213092389207736
5000,1000,5,183,1550,102,1835,8.17080772998486,0.007607441712994989,3.2578897380947778
5000,1000,10,183,1550,172,1905,8.482500667913438,0.007746573695488257,3.317473061254693
5000,1000,20,183,1550,279,2012,8.958945587318551,0.008299267852553388,3.5541645392231183
5000,1000,30,183,1550,335,2068,9.208299937661412,0.008720255796065057,3.7344527823371534
5000,1000,50,183,1550,376,2109,9.390862944162437,0.009251815413754777,3.962093385971189
5000,1000,75,183,1550,407,2140,9.528898388102235,0.009593571817789526,4.108450692887004
5000,1000,100,183,1550,425,2158,9.609048000712441,0.009753596344475202,4.17698125585434
5000,1000,150,183,1550,457,2190,9.751536200908362,0.010053439002405906,4.305388985439286
5000,1000,250,183,1550,503,2236,9.956362988689998,0.010420822595964024,4.462721145783393
5000,1000,500,183,1550,559,2292,10.205717339032862,0.010822302200229145,4.634654935372002
5000,1000,1000,183,1550,620,2353,10.477335470656337,0.011157750121265436,4.778310632101503
5000,1000,2500,183,1550,673,2406,10.713331552230832,0.011330073553292047,4.852108205847454
5000,1000,5000,183,1550,722,2455,10.931516608780836,0.011397021906496996,4.880778862964178
5000,1000,10000,183,1550,767,2500,11.131890640306349,0.01143809305723284,4.898367598515774
5000,1000,50000,183,1550,816,2549,11.350075696856354,0.011452700871716792,4.9046234004921425
5000,1000,200000,183,1550,823,2556,11.381244990649211,0.011452700871716792,4.9046234004921425
5000,2500,1,183,1553,20,1756,7.81903998575118,0.007437072733344707,3.1849291593046427
5000,2500,2,183,1553,52,1788,7.961528185947102,0.007464667178613021,3.196746490736114
5000,2500,3,183,1553,73,1809,8.055036067325675,0.00752551410888308,3.222804211215624
5000,2500,5,183,1553,102,1838,8.18416599875323,0.007610932596821607,3.2593847103896283
5000,2500,10,183,1553,172,1908,8.495858936681806,0.007750064579314875,3.3189680335495435
5000,2500,20,183,1553,279,2015,8.972303856086917,0.008302758736380006,3.5556595115179697
5000,2500,30,183,1553,335,2071,9.22165820642978,0.008723746679891675,3.735947754632004
5000,2500,50,183,1553,376,2112,9.404221212930803,0.009255306297581395,3.9635883582660396
5000,2500,75,183,1553,407,2143,9.542256656870602,0.009597062701616144,4.109945665181855
5000,2500,100,183,1553,425,2161,9.622406269480809,0.00975708722830182,4.17847622814919
5000,2500,150,183,1553,457,2193,9.76489446967673,0.010056929886232524,4.306883957734137
5000,2500,250,183,1553,503,2239,9.969721257458367,0.010424313479790642,4.4642161180782445
5000,2500,500,183,1553,559,2295,10.219075607801228,0.010825793084055763,4.636149907666853
5000,2500,1000,183,1553,620,2356,10.490693739424705,0.011161241005092054,4.779805604396354
5000,2500,2500,183,1553,673,2409,10.726689820999198,0.011333564437118665,4.853603178142304
5000,2500,5000,183,1553,722,2458,10.944874877549204,0.011400512790323614,4.882273835259029
5000,2500,10000,183,1553,767,2503,11.145248909074718,0.011441583941059458,4.899862570810625
5000,2500,50000,183,1553,816,2552,11.36343396562472,0.01145619175554341,4.9061183727869935
5000,2500,200000,183,1553,823,2559,11.394603259417579,0.01145619175554341,4.9061183727869935
5000,5000,1,183,1555,20,1758,7.827945498263425,0.007437072733344707,3.1849291593046427
5000,5000,2,183,1555,52,1790,7.970433698459346,0.007464667178613021,3.196746490736114
5000,5000,3,183,1555,73,1811,8.06394157983792,0.00752551410888308,3.222804211215624
5000,5000,5,183,1555,102,1840,8.193071511265474,0.007610932596821607,3.2593847103896283
5000,5000,10,183,1555,172,1910,8.50476444919405,0.007750064579314875,3.3189680335495435
5000,5000,20,183,1555,279,2017,8.981209368599163,0.008302758736380006,3.5556595115179697
5000,5000,30,183,1555,335,2073,9.230563718942026,0.008723746679891675,3.735947754632004
5000,5000,50,183,1555,376,2114,9.41312672544305,0.009255306297581395,3.9635883582660396
5000,5000,75,183,1555,407,2145,9.551162169382849,0.009597062701616144,4.109945665181855
5000,5000,100,183,1555,425,2163,9.631311781993054,0.00975708722830182,4.17847622814919
5000,5000,150,183,1555,457,2195,9.773799982188976,0.010056929886232524,4.306883957734137
5000,5000,250,183,1555,503,2241,9.978626769970612,0.010424313479790642,4.4642161180782445
5000,5000,500,183,1555,559,2297,10.227981120313475,0.010825793084055763,4.636149907666853
5000,5000,1000,183,1555,620,2358,10.49959925193695,0.011161241005092054,4.779805604396354
5000,5000,2500,183,1555,673,2411,10.735595333511444,0.011333564437118665,4.853603178142304
5000,5000,5000,183,1555,722,2460,10.953780390061448,0.011400512790323614,4.882273835259029
5000,5000,10000,183,1555,767,2505,11.154154421586963,0.011441583941059458,4.899862570810625
5000,5000,50000,183,1555,816,2554,11.372339478136967,0.01145619175554341,4.9061183727869935
5000,5000,200000,183,1555,823,2561,11.403508771929824,0.01145619175554341,4.9061183727869935
5000,10000,1,183,1556,20,1759,7.832398254519547,0.007437072733344707,3.1849291593046427
5000,10000,2,183,1556,52,1791,7.9748864547154685,0.007464667178613021,3.196746490736114
5000,10000,3,183,1556,73,1812,8.068394336094043,0.00752551410888308,3.222804211215624
5000,10000,5,183,1556,102,1841,8.197524267521596,0.007610932596821607,3.2593847103896283
5000,10000,10,183,1556,172,1911,8.509217205450174,0.007750064579314875,3.3189680335495435
5000,10000,20,183,1556,279,2018,8.985662124855285,0.008302758736380006,3.5556595115179697
5000,10000,30,183,1556,335,2074,9.235016475198147,0.008723746679891675,3.735947754632004
5000,10000,50,183,1556,376,2115,9.417579481699171,0.009255306297581395,3.9635883582660396
5000,10000,75,183,1556,407,2146,9.55561492563897,0.009597062701616144,4.109945665181855
5000,10000,100,183,1556,425,2164,9.635764538249177,0.00975708722830182,4.17847622814919
5000,10000,150,183,1556,457,2196,9.778252738445097,0.010056929886232524,4.306883957734137
5000,10000,250,183,1556,503,2242,9.983079526226735,0.010424313479790642,4.4642161180782445
5000,10000,500,183,1556,559,2298,10.232433876569596,0.010825793084055763,4.636149907666853
5000,10000,1000,183,1556,620,2359,10.50405200819307,0.011161241005092054,4.779805604396354
5000,10000,2500,183,1556,673,2412,10.740048089767566,0.011333564437118665,4.853603178142304
5000,10000,5000,183,1556,722,2461,10.958233146317571,0.011400512790323614,4.882273835259029
5000,10000,10000,183,1556,767,2506,11.158607177843084,0.011441583941059458,4.899862570810625
5000,10000,50000,183,1556,816,2555,11.37679223439309,0.01145619175554341,4.9061183727869935
5000,10000,200000,183,1556,823,2562,11.407961528185947,0.01145619175554341,4.9061183727869935
5000,50000,1,183,1557,20,1760,7.8368510107756695,0.007437072733344707,3.1849291593046427
5000,50000,2,183,1557,52,1792,7.979339210971591,0.007464667178613021,3.196746490736114
5000,50000,3,183,1557,73,1813,8.072847092350164,0.00752551410888308,3.222804211215624
5000,50000,5,183,1557,102,1842,8.201977023777719,0.007610932596821607,3.2593847103896283
5000,50000,10,183,1557,172,1912,8.513669961706297,0.007750064579314875,3.3189680335495435
5000,50000,20,183,1557,279,2019,8.990114881111408,0.008302758736380006,3.5556595115179697
5000,50000,30,183,1557,335,2075,9.23946923145427,0.008723746679891675,3.735947754632004
5000,50000,50,183,1557,376,2116,9.422032237955294,0.009255306297581395,3.9635883582660396
5000,50000,75,183,1557,407,2147,9.560067681895093,0.009597062701616144,4.109945665181855
5000,50000,100,183,1557,425,2165,9.640217294505298,0.00975708722830182,4.17847622814919
5000,50000,150,183,1557,457,2197,9.78270549470122,0.010056929886232524,4.306883957734137
5000,50000,250,183,1557,503,2243,9.987532282482857,0.010424313479790642,4.4642161180782445
5000,50000,500,183,1557,559,2299,10.236886632825719,0.010825793084055763,4.636149907666853
5000,50000,1000,183,1557,620,2360,10.508504764449194,0.011161241005092054,4.779805604396354
5000,50000,2500,183,1557,673,2413,10.744500846023689,0.011333564437118665,4.853603178142304
5000,50000,5000,183,1557,722,2462,10.962685902573693,0.011400512790323614,4.882273835259029
5000,50000,10000,183,1557,767,2507,11.163059934099207,0.011441583941059458,4.899862570810625
5000,50000,50000,183,1557,816,2556,11.381244990649211,0.01145619175554341,4.9061183727869935
5000,50000,200000,183,1557,823,2563,11.41241428444207,0.01145619175554341,4.9061183727869935
5000,200000,1,183,1557,20,1760,7.8368510107756695,0.007437072733344707,3.1849291593046427
5000,200000,2,183,1557,52,1792,7.979339210971591,0.007464667178613021,3.196746490736114
5000,200000,3,183,1557,73,1813,8.072847092350164,0.00752551410888308,3.222804211215624
5000,200000,5,183,1557,102,1842,8.201977023777719,0.007610932596821607,3.2593847103896283
5000,200000,10,183,1557,172,1912,8.513669961706297,0.007750064579314875,3.3189680335495435
5000,200000,20,183,1557,279,2019,8.990114881111408,0.008302758736380006,3.5556595115179697
5000,200000,30,183,1557,335,2075,9.23946923145427,0.008723746679891675,3.735947754632004
5000,200000,50,183,1557,376,2116,9.422032237955294,0.009255306297581395,3.9635883582660396
5000,200000,75,183,1557,407,2147,9.560067681895093,0.009597062701616144,4.109945665181855
5000,200000,100,183,1557,425,2165,9.640217294505298,0.00975708722830182,4.17847622814919
5000,200000,150,183,1557,457,2197,9.78270549470122,0.010056929886232524,4.306883957734137
5000,200000,250,183,1557,503,2243,9.987532282482857,0.010424313479790642,4.4642161180782445
5000,200000,500,183,1557,559,2299,10.236886632825719,0.010825793084055763,4.636149907666853
5000,200000,1000,183,1557,620,2360,10.508504764449194,0.011161241005092054,4.779805604396354
5000,200000,2500,183,1557,673,2413,10.744500846023689,0.011333564437118665,4.853603178142304
5000,200000,5000,183,1557,722,2462,10.962685902573693,0.011400512790323614,4.882273835259029
5000,200000,10000,183,1557,767,2507,11.163059934099207,0.011441583941059458,4.899862570810625
5000,200000,50000,183,1557,816,2556,11.381244990649211,0.01145619175554341,4.9061183727869935
5000,200000,200000,183,1557,823,2563,11.41241428444207,0.01145619175554341,4.9061183727869935
10000,1,1,183,240,20,443,1.9725710214622851,0.0016396737411829565,0.7021908884426238
10000,1,2,183,240,52,475,2.1150592216582065,0.0016672681864512706,0.7140082198740947
10000,1,3,183,240,73,496,2.2085671030367795,0.0017281151167213293,0.7400659403536052
10000,1,5,183,240,102,525,2.3376970344643335,0.001813533604659856,0.7766464395276095
10000,1,10,183,240,172,595,2.6493899723929113,0.001952665587153124,0.8362297626875247
10000,1,20,183,240,279,702,3.125834891798023,0.002505359744218255,1.07292124065595
10000,1,30,183,240,335,758,3.375189242140885,0.0029263476877299244,1.2532094837699852
10000,1,50,183,240,376,799,3.557752248641909,0.003457907305419644,1.480850087404021
10000,1,75,183,240,407,830,3.695787692581708,0.003799663709454393,1.6272073943198357
10000,1,100,183,240,425,848,3.7759373051919134,0.003959688236140069,1.6957379572871714
10000,1,150,183,240,457,880,3.9184255053878347,0.004259530894070773,1.8241456868721182
10000,1,250,183,240,503,926,4.123252293169473,0.0046269144876288915,1.981477847216225
10000,1,500,183,240,559,982,4.372606643512334,0.005028394091894012,2.153411636804834
10000,1,1000,183,240,620,1043,4.644224775135809,0.005363842012930303,2.2970673335343346
10000,1,2500,183,240,673,1096,4.880220856710304,0.005536165444956914,2.3708649072802856
10000,1,5000,183,240,722,1145,5.098405913260308,0.005603113798161863,2.3995355643970098
10000,1,10000,183,240,767,1190,5.298779944785823,0.005644184948897707,2.4171242999486062
10000,1,50000,183,240,816,1239,5.5169650013358265,0.005658792763381659,2.4233801019249746
10000,1,200000,183,240,823,1246,5.548134295128684,0.005658792763381659,2.4233801019249746
10000,2,1,183,382,20,585,2.6048624098316857,0.002414876362428514,1.0341716988096605
10000,2,2,183,382,52,617,2.747350610027607,0.0024424708076968282,1.0459890302411314
10000,2,3,183,382,73,638,2.84085849140618,0.002503317737966887,1.072046750720642
10000,2,5,183,382,102,667,2.969988422833734,0.0025887362259054136,1.1086272498946463
10000,2,10,183,382,172,737,3.281681360762312,0.0027278682083986816,1.1682105730545616
10000,2,20,183,382,279,844,3.758126280167424,0.0032805623654638127,1.404902051022987
10000,2,30,183,382,335,900,4.007480630510286,0.003701550308975482,1.585190294137022
10000,2,50,183,382,376,941,4.19004363701131,0.004233109926665202,1.8128308977710574
10000,2,75,183,382,407,972,4.328079080951109,0.00457486633069995,1.9591882046868725
10000,2,100,183,382,425,990,4.408228693561314,0.004734890857385626,2.0277187676542083
10000,2,150,183,382,457,1022,4.550716893757236,0.005034733515316331,2.1561264972391547
10000,2,250,183,382,503,1068,4.755543681538873,0.005402117108874449,2.313458657583262
10000,2,500,183,382,559,1124,5.004898031881734,0.005803596713139569,2.4853924471718707
10000,2,1000,183,382,620,1185,5.27651616350521,0.006139044634175861,2.6290481439013713
10000,2,2500,183,382,673,1238,5.512512245079704,0.006311368066202472,2.7028457176473224
10000,2,5000,183,382,722,1287,5.730697301629709,0.0063783164194074204,2.7315163747640465
10000,2,10000,183,382,767,1332,5.931071333155223,0.0064193875701432646,2.7491051103156425
10000,2,50000,183,382,816,1381,6.1492563897052275,0.006433995384627217,2.7553609122920113
10000,2,200000,183,382,823,1388,6.180425683498085,0.006433995384627217,2.7553609122920113
10000,3,1,183,482,20,685,3.05013803544394,0.0029509414271211842,1.2637417617955
10000,3,2,183,482,52,717,3.1926262356398607,0.0029785358723894984,1.275559093226971
10000,3,3,183,482,73,738,3.286134117018434,0.003039382802659557,1.3016168137064816
10000,3,5,183,482,102,767,3.415264048445988,0.0031248012905980838,1.3381973128804858
10000,3,10,183,482,172,837,3.726956986374566,0.0032639332730913517,1.397780636040401
10000,3,20,183,482,279,944,4.203401905779677,0.003816627430156483,1.6344721140088267
10000,3,30,183,482,335,1000,4.45275625612254,0.004237615373668152,1.8147603571228614
10000,3,50,183,482,376,1041,4.635319262623564,0.004769174991357872,2.042400960756897
10000,3,75,183,482,407,1072,4.773354706563363,0.0051109313953926205,2.188758267672712
10000,3,100,183,482,425,1090,4.8535043191735685,0.0052709559220782964,2.257288830640048
10000,3,150,183,482,457,1122,4.99599251936949,0.005570798580009001,2.3856965602249947
10000,3,250,183,482,503,1168,5.200819307151126,0.005938182173567119,2.543028720569102
10000,3,500,183,482,559,1224,5.4501736574939885,0.0063396617778322395,2.7149625101577106
10000,3,1000,183,482,620,1285,5.7217917891174634,0.006675109698868531,2.8586182068872112
10000,3,2500,183,482,673,1338,5.957787870691958,0.006847433130895142,2.932415780633162
10000,3,5000,183,482,722,1387,6.175972927241963,0.006914381484100091,2.9610864377498864
10000,3,10000,183,482,767,1432,6.376346958767478,0.006955452634835935,2.9786751733014825
10000,3,50000,183,482,816,1481,6.5945320153174825,0.006970060449319887,2.984930975277851
10000,3,200000,183,482,823,1488,6.625701309110339,0.006970060449319887,2.984930975277851
10000,5,1,183,631,20,834,3.7135987176061978,0.003533140343376373,1.513068663841648
10000,5,2,183,631,52,866,3.856086917802119,0.003560734788644687,1.5248859952731189
10000,5,3,183,631,73,887,3.949594799180693,0.003621581718914746,1.5509437157526296
10000,5,5,183,631,102,916,4.078724730608246,0.0037070002068532726,1.5875242149266338
10000,5,10,183,631,172,986,4.390417668536824,0.0038461321893465406,1.647107538086549
10000,5,20,183,631,279,1093,4.866862587941936,0.004398826346411672,1.8837990160549747
10000,5,30,183,631,335,1149,5.116216938284798,0.004819814289923341,2.0640872591690096
10000,5,50,183,631,376,1190,5.298779944785823,0.005351373907613061,2.291727862803045
10000,5,75,183,631,407,1221,5.436815388725621,0.005693130311647809,2.43808516971886
10000,5,100,183,631,425,1239,5.5169650013358265,0.005853154838333485,2.5066157326861953
10000,5,150,183,631,457,1271,5.659453201531748,0.00615299749626419,2.635023462271142
10000,5,250,183,631,503,1317,5.864279989313385,0.006520381089822308,2.7923556226152493
10000,5,500,183,631,559,1373,6.113634339656247,0.006921860694087428,2.9642894122038586
10000,5,1000,183,631,620,1434,6.385252471279721,0.00725730861512372,3.107945108933359
10000,5,2500,183,631,673,1487,6.621248552854217,0.007429632047150331,3.1817426826793094
10000,5,5000,183,631,722,1536,6.839433609404222,0.007496580400355279,3.210413339796034
10000,5,10000,183,631,767,1581,7.039807640929735,0.0075376515510911235,3.2280020753476304
10000,5,50000,183,631,816,1630,7.2579926974797395,0.007552259365575076,3.2342578773239983
10000,5,200000,183,631,823,1637,7.289161991272598,0.007552259365575076,3.2342578773239983
10000,10,1,183,877,20,1080,4.808976756612343,0.004073216970793936,1.744356680053843
10000,10,2,183,877,52,1112,4.951464956808264,0.00410081141606225,1.756174011485314
10000,10,3,183,877,73,1133,5.044972838186838,0.004161658346332309,1.7822317319648247
10000,10,5,183,877,102,1162,5.174102769614391,0.004247076834270835,1.8188122311388288
10000,10,10,183,877,172,1232,5.485795707542969,0.004386208816764103,1.878395554298744
10000,10,20,183,877,279,1339,5.9622406269480805,0.0049389029738292345,2.1150870322671698
10000,10,30,183,877,335,1395,6.211594977290943,0.005359890917340904,2.2953752753812044
10000,10,50,183,877,376,1436,6.394157983791968,0.0058914505350306234,2.52301587901524
10000,10,75,183,877,407,1467,6.532193427731765,0.006233206939065372,2.669373185931055
10000,10,100,183,877,425,1485,6.612343040341971,0.006393231465751048,2.7379037488983906
10000,10,150,183,877,457,1517,6.754831240537892,0.006693074123681753,2.866311478483337
10000,10,250,183,877,503,1563,6.959658028319529,0.007060457717239871,3.0236436388274446
10000,10,500,183,877,559,1619,7.2090123786623925,0.007461937321504991,3.1955774284160534
10000,10,1000,183,877,620,1680,7.480630510285867,0.007797385242541283,3.339233125145554
10000,10,2500,183,877,673,1733,7.716626591860362,0.007969708674567894,3.4130306988915047
10000,10,5000,183,877,722,1782,7.934811648410365,0.008036657027772842,3.4417013560082297
10000,10,10000,183,877,767,1827,8.13518567993588,0.008077728178508686,3.4592900915598253
10000,10,50000,183,877,816,1876,8.353370736485886,0.008092335992992639,3.4655458935361936
10000,10,200000,183,877,823,1883,8.384540030278743,0.008092335992992639,3.4655458935361936
10000,20,1,183,1110,20,1313,5.846468964288895,0.004825782351356583,2.066643083693628
10000,20,2,183,1110,52,1345,5.988957164484816,0.0048533767966248975,2.078460415125099
10000,20,3,183,1110,73,1366,6.0824650458633895,0.004914223726894956,2.1045181356046094
10000,20,5,183,1110,102,1395,6.211594977290943,0.004999642214833483,2.141098634778614
10000,20,10,183,1110,172,1465,6.5232879152195204,0.005138774197326751,2.200681957938529
10000,20,20,183,1110,279,1572,6.999732834624632,0.005691468354391882,2.4373734359069545
10000,20,30,183,1110,335,1628,7.249087184967495,0.006112456297903551,2.6176616790209892
10000,20,50,183,1110,376,1669,7.43165019146852,0.006644015915593271,2.8453022826550254
10000,20,75,183,1110,407,1700,7.569685635408317,0.00698577231962802,2.99165958957084
10000,20,100,183,1110,425,1718,7.649835248018523,0.007145796846313696,3.060190152538176
10000,20,150,183,1110,457,1750,7.792323448214445,0.0074456395042444,3.1885978821231222
10000,20,250,183,1110,503,1796,7.997150235996081,0.007813023097802518,3.3459300424672294
10000,20,500,183,1110,559,1852,8.246504586338945,0.008214502702067639,3.517863832055838
10000,20,1000,183,1110,620,1913,8.518122717962418,0.00854995062310393,3.661519528785339
10000,20,2500,183,1110,673,1966,8.754118799536913,0.008722274055130541,3.7353171025312895
10000,20,5000,183,1110,722,2015,8.972303856086917,0.00878922240833549,3.7639877596480145
10000,20,10000,183,1110,767,2060,9.172677887612432,0.008830293559071334,3.78157649519961
10000,20,50000,183,1110,816,2109,9.390862944162437,0.008844901373555286,3.787832297175979
10000,20,200000,183,1110,823,2116,9.422032237955294,0.008844901373555286,3.787832297175979
10000,30,1,183,1234,20,1437,6.39861074004809,0.005706212233507507,2.4436875076123554
10000,30,2,183,1234,52,1469,6.541098940244011,0.005733806678775821,2.455504839043826
10000,30,3,183,1234,73,1490,6.634606821622584,0.00579465360904588,2.481562559523337
10000,30,5,183,1234,102,1519,6.763736753050138,0.005880072096984407,2.518143058697341
10000,30,10,183,1234,172,1589,7.075429690978716,0.006019204079477675,2.577726381857256
10000,30,20,183,1234,279,1696,7.551874610383827,0.006571898236542806,2.8144178598256815
10000,30,30,183,1234,335,1752,7.80122896072669,0.006992886180054475,2.9947061029397166
10000,30,50,183,1234,376,1793,7.983791967227714,0.007524445797744195,3.222346706573752
10000,30,75,183,1234,407,1824,8.121827411167512,0.007866202201778943,3.3687040134895674
10000,30,100,183,1234,425,1842,8.201977023777719,0.00802622672846462,3.4372345764569023
10000,30,150,183,1234,457,1874,8.34446522397364,0.008326069386395324,3.5656423060418496
10000,30,250,183,1234,503,1920,8.549292011755275,0.008693452979953442,3.7229744663859567
10000,30,500,183,1234,559,1976,8.79864636209814,0.009094932584218562,3.8949082559745656
10000,30,1000,183,1234,620,2037,9.070264493721613,0.009430380505254854,4.038563952704067
10000,30,2500,183,1234,673,2090,9.30626057529611,0.009602703937281465,4.112361526450017
10000,30,5000,183,1234,722,2139,9.524445631846113,0.009669652290486414,4.141032183566741
10000,30,10000,183,1234,767,2184,9.724819663371626,0.009710723441222258,4.158620919118337
10000,30,50000,183,1234,816,2233,9.943004719921632,0.00972533125570621,4.164876721094705
10000,30,200000,183,1234,823,2240,9.974174013714489,0.00972533125570621,4.164876721094705
10000,50,1,183,1348,20,1551,6.90622495324606,0.0063489851497084415,2.7189552476252925
10000,50,2,183,1348,52,1583,7.048713153441981,0.006376579594976756,2.7307725790567634
10000,50,3,183,1348,73,1604,7.142221034820554,0.006437426525246814,2.756830299536274
10000,50,5,183,1348,102,1633,7.271350966248108,0.006522845013185341,2.793410798710278
10000,50,10,183,1348,172,1703,7.5830439041766855,0.006661976995678609,2.8529941218701933
10000,50,20,183,1348,279,1810,8.059488823581797,0.00721467115274374,3.0896855998386186
10000,50,30,183,1348,335,1866,8.308843173924659,0.007635659096255409,3.2699738429526537
10000,50,50,183,1348,376,1907,8.491406180425685,0.008167218713945129,3.4976144465866894
10000,50,75,183,1348,407,1938,8.629441624365482,0.008508975117979878,3.643971753502504
10000,50,100,183,1348,425,1956,8.709591236975687,0.008668999644665554,3.7125023164698403
10000,50,150,183,1348,457,1988,8.852079437171609,0.008968842302596258,3.8409100460547867
10000,50,250,183,1348,503,2034,9.056906224953245,0.009336225896154376,3.9982422063988934
10000,50,500,183,1348,559,2090,9.30626057529611,0.009737705500419497,4.170175995987503
10000,50,1000,183,1348,620,2151,9.577878706919583,0.010073153421455788,4.313831692717003
10000,50,2500,183,1348,673,2204,9.813874788494077,0.0102454768534824,4.387629266462954
10000,50,5000,183,1348,722,2253,10.032059845044081,0.010312425206687348,4.416299923579679
10000,50,10000,183,1348,767,2298,10.232433876569596,0.010353496357423192,4.433888659131275
10000,50,50000,183,1348,816,2347,10.450618933119602,0.010368104171907144,4.440144461107643
10000,50,200000,183,1348,823,2354,10.481788226912458,0.010368104171907144,4.440144461107643
10000,75,1,183,1422,20,1625,7.235728916199127,0.006914507208717197,2.9611402793638413
10000,75,2,183,1422,52,1657,7.3782171163950485,0.006942101653985511,2.972957610795312
10000,75,3,183,1422,73,1678,7.471724997773623,0.007002948584255569,2.9990153312748227
10000,75,5,183,1422,102,1707,7.600854929201176,0.007088367072194096,3.035595830448827
10000,75,10,183,1422,172,1777,7.912547867129753,0.007227499054687364,3.0951791536087425
10000,75,20,183,1422,279,1884,8.388992786534866,0.007780193211752495,3.331870631577168
10000,75,30,183,1422,335,1940,8.638347136877728,0.008201181155264164,3.512158874691203
10000,75,50,183,1422,376,1981,8.820910143378752,0.008732740772953884,3.739799478325238
10000,75,75,183,1422,407,2012,8.958945587318551,0.009074497176988633,3.8861567852410532
10000,75,100,183,1422,425,2030,9.039095199928756,0.009234521703674309,3.954687348208389
10000,75,150,183,1422,457,2062,9.181583400124676,0.009534364361605013,4.0830950777933355
10000,75,250,183,1422,503,2108,9.386410187906314,0.009901747955163132,4.240427238137443
10000,75,500,183,1422,559,2164,9.635764538249177,0.010303227559428252,4.412361027726051
10000,75,1000,183,1422,620,2225,9.907382669872652,0.010638675480464543,4.556016724455552
10000,75,2500,183,1422,673,2278,10.143378751447147,0.010810998912491154,4.629814298201503
10000,75,5000,183,1422,722,2327,10.36156380799715,0.010877947265696103,4.658484955318228
10000,75,10000,183,1422,767,2372,10.561937839522665,0.010919018416431947,4.676073690869824
10000,75,50000,183,1422,816,2421,10.780122896072669,0.0109336262309159,4.682329492846192
10000,75,200000,183,1422,823,2428,10.811292189865526,0.0109336262309159,4.682329492846192
10000,100,1,183,1455,20,1658,7.382669872651171,0.007096951360880205,3.039272055265843
10000,100,2,183,1455,52,1690,7.525158072847092,0.007124545806148519,3.0510893866973143
10000,100,3,183,1455,73,1711,7.618665954225666,0.007185392736418578,3.077147107176825
10000,100,5,183,1455,102,1740,7.747795885653219,0.007270811224357104,3.113727606350829
10000,100,10,183,1455,172,1810,8.059488823581797,0.007409943206850372,3.1733109295107442
10000,100,20,183,1455,279,1917,8.53593374298691,0.007962637363915503,3.41000240747917
10000,100,30,183,1455,335,1973,8.785288093329772,0.008383625307427173,3.5902906505932046
10000,100,50,183,1455,376,2014,8.967851099830796,0.008915184925116892,3.81793125422724
10000,100,75,183,1455,407,2045,9.105886543770595,0.009256941329151641,3.9642885611430554
10000,100,100,183,1455,425,2063,9.1860361563808,0.009416965855837317,4.03281912411039
10000,100,150,183,1455,457,2095,9.328524356576722,0.009716808513768022,4.161226853695338
10000,100,250,183,1455,503,2141,9.533351144358358,0.01008419210732614,4.318559014039445
10000,100,500,183,1455,559,2197,9.78270549470122,0.01048567171159126,4.490492803628054
10000,100,1000,183,1455,620,2258,10.054323626324695,0.010821119632627552,4.634148500357554
10000,100,2500,183,1455,673,2311,10.29031970789919,0.010993443064654163,4.707946074103505
10000,100,5000,183,1455,722,2360,10.508504764449194,0.011060391417859111,4.736616731220229
10000,100,10000,183,1455,767,2405,10.708878795974709,0.011101462568594955,4.754205466771825
10000,100,50000,183,1455,816,2454,10.927063852524713,0.011116070383078908,4.760461268748194
10000,100,200000,183,1455,823,2461,10.958233146317571,0.011116070383078908,4.760461268748194
10000,150,1,183,1497,20,1700,7.569685635408317,0.0072468795595148905,3.1034788619967593
10000,150,2,183,1497,52,1732,7.712173835604238,0.007274474004783205,3.11529619342823
10000,150,3,183,1497,73,1753,7.8056817169828125,0.007335320935053263,3.1413539139077407
10000,150,5,183,1497,102,1782,7.934811648410365,0.00742073942299179,3.177934413081745
10000,150,10,183,1497,172,1852,8.246504586338945,0.007559871405485058,3.23751773624166
10000,150,20,183,1497,279,1959,8.722949505744056,0.008112565562550189,3.4742092142100853
10000,150,30,183,1497,335,2015,8.972303856086917,0.008533553506061858,3.6544974573241205
10000,150,50,183,1497,376,2056,9.154866862587943,0.009065113123751578,3.882138060958156
10000,150,75,183,1497,407,2087,9.292902306527742,0.009406869527786327,4.028495367873972
10000,150,100,183,1497,425,2105,9.373051919137946,0.009566894054472003,4.097025930841307
10000,150,150,183,1497,457,2137,9.515540119333869,0.009866736712402707,4.225433660426253
10000,150,250,183,1497,503,2183,9.720366907115505,0.010234120305960825,4.38276582077036
10000,150,500,183,1497,559,2239,9.969721257458367,0.010635599910225946,4.55469961035897
10000,150,1000,183,1497,620,2300,10.24133938908184,0.010971047831262237,4.6983553070884705
10000,150,2500,183,1497,673,2353,10.477335470656337,0.011143371263288848,4.772152880834421
10000,150,5000,183,1497,722,2402,10.695520527206341,0.011210319616493797,4.800823537951145
10000,150,10000,183,1497,767,2447,10.895894558731856,0.011251390767229641,4.818412273502742
10000,150,50000,183,1497,816,2496,11.11407961528186,0.011265998581713593,4.82466807547911
10000,150,200000,183,1497,823,2503,11.145248909074718,0.011265998581713593,4.82466807547911
10000,250,1,183,1526,20,1729,7.698815566835872,0.007359881410973573,3.151871946839471
10000,250,2,183,1526,52,1761,7.841303767031793,0.007387475856241887,3.1636892782709425
10000,250,3,183,1526,73,1782,7.934811648410365,0.007448322786511946,3.1897469987504525
10000,250,5,183,1526,102,1811,8.06394157983792,0.007533741274450473,3.2263274979244567
10000,250,10,183,1526,172,1881,8.375634517766498,0.007672873256943741,3.2859108210843724
10000,250,20,183,1526,279,1988,8.852079437171609,0.008225567414008872,3.5226022990527976
10000,250,30,183,1526,335,2044,9.101433787514472,0.008646555357520541,3.7028905421668328
10000,250,50,183,1526,376,2085,9.283996794015495,0.009178114975210261,3.930531145800868
10000,250,75,183,1526,407,2116,9.422032237955294,0.00951987137924501,4.076888452716684
10000,250,100,183,1526,425,2134,9.5021818505655,0.009679895905930685,4.145419015684019
10000,250,150,183,1526,457,2166,9.644670050761421,0.00997973856386139,4.273826745268965
10000,250,250,183,1526,503,2212,9.849496838543057,0.010347122157419508,4.4311589056130725
10000,250,500,183,1526,559,2268,10.09885118888592,0.010748601761684629,4.603092695201682
10000,250,1000,183,1526,620,2329,10.370469320509395,0.01108404968272092,4.746748391931183
10000,250,2500,183,1526,673,2382,10.60646540208389,0.011256373114747531,4.820545965677133
10000,250,5000,183,1526,722,2431,10.824650458633894,0.01132332146795248,4.849216622793858
10000,250,10000,183,1526,767,2476,11.025024490159408,0.011364392618688324,4.866805358345454
10000,250,50000,183,1526,816,2525,11.243209546709414,0.011379000433172276,4.8730611603218215
10000,250,200000,183,1526,823,2532,11.274378840502271,0.011379000433172276,4.8730611603218215
10000,500,1,183,1545,20,1748,7.7834179357022,0.007430315132887055,3.182035214399679
10000,500,2,183,1545,52,1780,7.9259061358981215,0.0074579095781553695,3.19385254583115
10000,500,3,183,1545,73,1801,8.019414017276693,0.007518756508425428,3.2199102663106602
10000,500,5,183,1545,102,1830,8.148543948704248,0.007604174996363955,3.2564907654846653
10000,500,10,183,1545,172,1900,8.460236886632826,0.007743306978857223,3.31607408864458
10000,500,20,183,1545,279,2007,8.936681806037937,0.008296001135922354,3.552765566613006
10000,500,30,183,1545,335,2063,9.1860361563808,0.008716989079434023,3.733053809727041
10000,500,50,183,1545,376,2104,9.368599162881825,0.009248548697123743,3.9606944133610766
10000,500,75,183,1545,407,2135,9.506634606821622,0.009590305101158492,4.107051720276892
10000,500,100,183,1545,425,2153,9.586784219431827,0.009750329627844168,4.175582283244227
10000,500,150,183,1545,457,2185,9.72927241962775,0.010050172285774872,4.303990012829174
10000,500,250,183,1545,503,2231,9.934099207409385,0.01041755587933299,4.461322173173281
10000,500,500,183,1545,559,2287,10.18345355775225,0.01081903548359811,4.63325596276189
10000,500,1000,183,1545,620,2348,10.455071689375723,0.011154483404634402,4.7769116594913905
10000,500,2500,183,1545,673,2401,10.69106777095022,0.011326806836661013,4.850709233237341
10000,500,5000,183,1545,722,2450,10.909252827500222,0.011393755189865962,4.879379890354065
10000,500,10000,183,1545,767,2495,11.109626859025736,0.011434826340601806,4.896968625905662
10000,500,50000,183,1545,816,2544,11.327811915575742,0.011449434155085758,4.903224427882029
10000,500,200000,183,1545,823,2551,11.358981209368599,0.011449434155085758,4.903224427882029
10000,1000,1,183,1550,20,1753,7.8056817169828125,0.007433581849518089,3.1834341870097917
10000,1000,2,183,1550,52,1785,7.948169917178734,0.0074611762947864035,3.195251518441263
10000,1000,3,183,1550,73,1806,8.041677798557307,0.007522023225056462,3.2213092389207736
10000,1000,5,183,1550,102,1835,8.17080772998486,0.007607441712994989,3.2578897380947778
10000,1000,10,183,1550,172,1905,8.482500667913438,0.007746573695488257,3.317473061254693
10000,1000,20,183,1550,279,2012,8.958945587318551,0.008299267852553388,3.5541645392231183
10000,1000,30,183,1550,335,2068,9.208299937661412,0.008720255796065057,3.7344527823371534
10000,1000,50,183,1550,376,2109,9.390862944162437,0.009251815413754777,3.962093385971189
10000,1000,75,183,1550,407,2140,9.528898388102235,0.009593571817789526,4.108450692887004
10000,1000,100,183,1550,425,2158,9.609048000712441,0.009753596344475202,4.17698125585434
10000,1000,150,183,1550,457,2190,9.751536200908362,0.010053439002405906,4.305388985439286
10000,1000,250,183,1550,503,2236,9.956362988689998,0.010420822595964024,4.462721145783393
10000,1000,500,183,1550,559,2292,10.205717339032862,0.010822302200229145,4.634654935372002
10000,1000,1000,183,1550,620,2353,10.477335470656337,0.011157750121265436,4.778310632101503
10000,1000,2500,183,1550,673,2406,10.713331552230832,0.011330073553292047,4.852108205847454
10000,1000,5000,183,1550,722,2455,10.931516608780836,0.011397021906496996,4.880778862964178
10000,1000,10000,183,1550,767,2500,11.131890640306349,0.01143809305723284,4.898367598515774
10000,1000,50000,183,1550,816,2549,11.350075696856354,0.011452700871716792,4.9046234004921425
10000,1000,200000,183,1550,823,2556,11.381244990649211,0.011452700871716792,4.9046234004921425
10000,2500,1,183,1553,20,1756,7.81903998575118,0.007437072733344707,3.1849291593046427
10000,2500,2,183,1553,52,1788,7.961528185947102,0.007464667178613021,3.196746490736114
10000,2500,3,183,1553,73,1809,8.055036067325675,0.00752551410888308,3.222804211215624
10000,2500,5,183,1553,102,1838,8.18416599875323,0.007610932596821607,3.2593847103896283
10000,2500,10,183,1553,172,1908,8.495858936681806,0.007750064579314875,3.3189680335495435
10000,2500,20,183,1553,279,2015,8.972303856086917,0.008302758736380006,3.5556595115179697
10000,2500,30,183,1553,335,2071,9.22165820642978,0.008723746679891675,3.735947754632004
10000,2500,50,183,1553,376,2112,9.404221212930803,0.009255306297581395,3.9635883582660396
10000,2500,75,183,1553,407,2143,9.542256656870602,0.009597062701616144,4.109945665181855
10000,2500,100,183,1553,425,2161,9.622406269480809,0.00975708722830182,4.17847622814919
10000,2500,150,183,1553,457,2193,9.76489446967673,0.010056929886232524,4.306883957734137
10000,2500,250,183,1553,503,2239,9.969721257458367,0.010424313479790642,4.4642161180782445
10000,2500,500,183,1553,559,2295,10.219075607801228,0.010825793084055763,4.636149907666853
10000,2500,1000,183,1553,620,2356,10.490693739424705,0.011161241005092054,4.779805604396354
10000,2500,2500,183,1553,673,2409,10.726689820999198,0.011333564437118665,4.853603178142304
10000,2500,5000,183,1553,722,2458,10.944874877549204,0.011400512790323614,4.882273835259029
10000,2500,10000,183,1553,767,2503,11.145248909074718,0.011441583941059458,4.899862570810625
10000,2500,50000,183,1553,816,2552,11.36343396562472,0.01145619175554341,4.9061183727869935
10000,2500,200000,183,1553,823,2559,11.394603259417579,0.01145619175554341,4.9061183727869935
10000,5000,1,183,1555,20,1758,7.827945498263425,0.007437072733344707,3.1849291593046427
10000,5000,2,183,1555,52,1790,7.970433698459346,0.007464667178613021,3.196746490736114
10000,5000,3,183,1555,73,1811,8.06394157983792,0.00752551410888308,3.222804211215624
10000,5000,5,183,1555,102,1840,8.193071511265474,0.007610932596821607,3.2593847103896283
10000,5000,10,183,1555,172,1910,8.50476444919405,0.007750064579314875,3.3189680335495435
10000,5000,20,183,1555,279,2017,8.981209368599163,0.008302758736380006,3.5556595115179697
10000,5000,30,183,1555,335,2073,9.230563718942026,0.008723746679891675,3.735947754632004
10000,5000,50,183,1555,376,2114,9.41312672544305,0.009255306297581395,3.9635883582660396
10000,5000,75,183,1555,407,2145,9.551162169382849,0.009597062701616144,4.109945665181855
10000,5000,100,183,1555,425,2163,9.631311781993054,0.00975708722830182,4.17847622814919
10000,5000,150,183,1555,457,2195,9.773799982188976,0.010056929886232524,4.306883957734137
10000,5000,250,183,1555,503,2241,9.978626769970612,0.010424313479790642,4.4642161180782445
10000,5000,500,183,1555,559,2297,10.227981120313475,0.010825793084055763,4.636149907666853
10000,5000,1000,183,1555,620,2358,10.49959925193695,0.011161241005092054,4.779805604396354
10000,5000,2500,183,1555,673,2411,10.735595333511444,0.011333564437118665,4.853603178142304
10000,5000,5000,183,1555,722,2460,10.953780390061448,0.011400512790323614,4.882273835259029
10000,5000,10000,183,1555,767,2505,11.154154421586963,0.011441583941059458,4.899862570810625
10000,5000,50000,183,1555,816,2554,11.372339478136967,0.01145619175554341,4.9061183727869935
10000,5000,200000,183,1555,823,2561,11.403508771929824,0.01145619175554341,4.9061183727869935
10000,10000,1,183,1556,20,1759,7.832398254519547,0.007437072733344707,3.1849291593046427
10000,10000,2,183,1556,52,1791,7.9748864547154685,0.007464667178613021,3.196746490736114
10000,10000,3,183,1556,73,1812,8.068394336094043,0.00752551410888308,3.222804211215624
10000,10000,5,183,1556,102,1841,8.197524267521596,0.007610932596821607,3.2593847103896283
10000,10000,10,183,1556,172,1911,8.509217205450174,0.007750064579314875,3.3189680335495435
10000,10000,20,183,1556,279,2018,8.985662124855285,0.008302758736380006,3.5556595115179697
10000,10000,30,183,1556,335,2074,9.235016475198147,0.008723746679891675,3.735947754632004
10000,10000,50,183,1556,376,2115,9.417579481699171,0.009255306297581395,3.9635883582660396
10000,10000,75,183,1556,407,2146,9.55561492563897,0.009597062701616144,4.109945665181855
10000,10000,100,183,1556,425,2164,9.635764538249177,0.00975708722830182,4.17847622814919
10000,10000,150,183,1556,457,2196,9.778252738445097,0.010056929886232524,4.306883957734137
10000,10000,250,183,1556,503,2242,9.983079526226735,0.010424313479790642,4.4642161180782445
10000,10000,500,183,1556,559,2298,10.232433876569596,0.010825793084055763,4.636149907666853
10000,10000,1000,183,1556,620,2359,10.50405200819307,0.011161241005092054,4.779805604396354
10000,10000,2500,183,1556,673,2412,10.740048089767566,0.011333564437118665,4.853603178142304
10000,10000,5000,183,1556,722,2461,10.958233146317571,0.011400512790323614,4.882273835259029
10000,10000,10000,183,1556,767,2506,11.158607177843084,0.011441583941059458,4.899862570810625
10000,10000,50000,183,1556,816,2555,11.37679223439309,0.01145619175554341,4.9061183727869935
10000,10000,200000,183,1556,823,2562,11.407961528185947,0.01145619175554341,4.9061183727869935
10000,50000,1,183,1557,20,1760,7.8368510107756695,0.007437072733344707,3.1849291593046427
10000,50000,2,183,1557,52,1792,7.979339210971591,0.007464667178613021,3.196746490736114
10000,50000,3,183,1557,73,1813,8.072847092350164,0.00752551410888308,3.222804211215624
10000,50000,5,183,1557,102,1842,8.201977023777719,0.007610932596821607,3.2593847103896283
10000,50000,10,183,1557,172,1912,8.513669961706297,0.007750064579314875,3.3189680335495435
10000,50000,20,183,1557,279,2019,8.990114881111408,0.008302758736380006,3.5556595115179697
10000,50000,30,183,1557,335,2075,9.23946923145427,0.008723746679891675,3.735947754632004
10000,50000,50,183,1557,376,2116,9.422032237955294,0.009255306297581395,3.9635883582660396
10000,50000,75,183,1557,407,2147,9.560067681895093,0.009597062701616144,4.109945665181855
10000,50000,100,183,1557,425,2165,9.640217294505298,0.00975708722830182,4.17847622814919
10000,50000,150,183,1557,457,2197,9.78270549470122,0.010056929886232524,4.306883957734137
10000,50000,250,183,1557,503,2243,9.987532282482857,0.010424313479790642,4.4642161180782445
10000,50000,500,183,1557,559,2299,10.236886632825719,0.010825793084055763,4.636149907666853
10000,50000,1000,183,1557,620,2360,10.508504764449194,0.011161241005092054,4.779805604396354
10000,50000,2500,183,1557,673,2413,10.744500846023689,0.011333564437118665,4.853603178142304
10000,50000,5000,183,1557,722,2462,10.962685902573693,0.011400512790323614,4.882273835259029
10000,50000,10000,183,1557,767,2507,11.163059934099207,0.011441583941059458,4.899862570810625
10000,50000,50000,183,1557,816,2556,11.381244990649211,0.01145619175554341,4.9061183727869935
10000,50000,200000,183,1557,823,2563,11.41241428444207,0.01145619175554341,4.9061183727869935
10000,200000,1,183,1557,20,1760,7.8368510107756695,0.007437072733344707,3.1849291593046427
10000,200000,2,183,1557,52,1792,7.979339210971591,0.007464667178613021,3.196746490736114
10000,200000,3,183,1557,73,1813,8.072847092350164,0.00752551410888308,3.222804211215624
10000,200000,5,183,1557,102,1842,8.201977023777719,0.007610932596821607,3.2593847103896283
10000,200000,10,183,1557,172,1912,8.513669961706297,0.007750064579314875,3.3189680335495435
10000,200000,20,183,1557,279,2019,8.990114881111408,0.008302758736380006,3.5556595115179697
10000,200000,30,183,1557,335,2075,9.23946923145427,0.008723746679891675,3.735947754632004
10000,200000,50,183,1557,376,2116,9.422032237955294,0.009255306297581395,3.9635883582660396
10000,200000,75,183,1557,407,2147,9.560067681895093,0.009597062701616144,4.109945665181855
10000,200000,100,183,1557,425,2165,9.640217294505298,0.00975708722830182,4.17847622814919
10000,200000,150,183,1557,457,2197,9.78270549470122,0.010056929886232524,4.306883957734137
10000,200000,250,183,1557,503,2243,9.987532282482857,0.010424313479790642,4.4642161180782445
10000,200000,500,183,1557,559,2299,10.236886632825719,0.010825793084055763,4.636149907666853
10000,200000,1000,183,1557,620,2360,10.508504764449194,0.011161241005092054,4.779805604396354
10000,200000,2500,183,1557,673,2413,10.744500846023689,0.011333564437118665,4.853603178142304
10000,200000,5000,183,1557,722,2462,10.962685902573693,0.011400512790323614,4.882273835259029
10000,200000,10000,183,1557,767,2507,11.163059934099207,0.011441583941059458,4.899862570810625
10000,200000,50000,183,1557,816,2556,11.381244990649211,0.01145619175554341,4.9061183727869935
10000,200000,200000,183,1557,823,2563,11.41241428444207,0.01145619175554341,4.9061183727869935
50000,1,1,183,240,20,443,1.9725710214622851,0.0016396737411829565,0.7021908884426238
50000,1,2,183,240,52,475,2.1150592216582065,0.0016672681864512706,0.7140082198740947
50000,1,3,183,240,73,496,2.2085671030367795,0.0017281151167213293,0.7400659403536052
50000,1,5,183,240,102,525,2.3376970344643335,0.001813533604659856,0.7766464395276095
50000,1,10,183,240,172,595,2.6493899723929113,0.001952665587153124,0.8362297626875247
50000,1,20,183,240,279,702,3.125834891798023,0.002505359744218255,1.07292124065595
50000,1,30,183,240,335,758,3.375189242140885,0.0029263476877299244,1.2532094837699852
50000,1,50,183,240,376,799,3.557752248641909,0.003457907305419644,1.480850087404021
50000,1,75,183,240,407,830,3.695787692581708,0.003799663709454393,1.6272073943198357
50000,1,100,183,240,425,848,3.7759373051919134,0.003959688236140069,1.6957379572871714
50000,1,150,183,240,457,880,3.9184255053878347,0.004259530894070773,1.8241456868721182
50000,1,250,183,240,503,926,4.123252293169473,0.0046269144876288915,1.981477847216225
50000,1,500,183,240,559,982,4.372606643512334,0.005028394091894012,2.153411636804834
50000,1,1000,183,240,620,1043,4.644224775135809,0.005363842012930303,2.2970673335343346
50000,1,2500,183,240,673,1096,4.880220856710304,0.005536165444956914,2.3708649072802856
50000,1,5000,183,240,722,1145,5.098405913260308,0.005603113798161863,2.3995355643970098
50000,1,10000,183,240,767,1190,5.298779944785823,0.005644184948897707,2.4171242999486062
50000,1,50000,183,240,816,1239,5.5169650013358265,0.005658792763381659,2.4233801019249746
50000,1,200000,183,240,823,1246,5.548134295128684,0.005658792763381659,2.4233801019249746
50000,2,1,183,382,20,585,2.6048624098316857,0.002414876362428514,1.0341716988096605
50000,2,2,183,382,52,617,2.747350610027607,0.0024424708076968282,1.0459890302411314
50000,2,3,183,382,73,638,2.84085849140618,0.002503317737966887,1.072046750720642
50000,2,5,183,382,102,667,2.969988422833734,0.0025887362259054136,1.1086272498946463
50000,2,10,183,382,172,737,3.281681360762312,0.0027278682083986816,1.1682105730545616
50000,2,20,183,382,279,844,3.758126280167424,0.0032805623654638127,1.404902051022987
50000,2,30,183,382,335,900,4.007480630510286,0.003701550308975482,1.585190294137022
50000,2,50,183,382,376,941,4.19004363701131,0.004233109926665202,1.8128308977710574
50000,2,75,183,382,407,972,4.328079080951109,0.00457486633069995,1.9591882046868725
50000,2,100,183,382,425,990,4.408228693561314,0.004734890857385626,2.0277187676542083
50000,2,150,183,382,457,1022,4.550716893757236,0.005034733515316331,2.1561264972391547
50000,2,250,183,382,503,1068,4.755543681538873,0.005402117108874449,2.313458657583262
50000,2,500,183,382,559,1124,5.004898031881734,0.005803596713139569,2.4853924471718707
50000,2,1000,183,382,620,1185,5.27651616350521,0.006139044634175861,2.6290481439013713
50000,2,2500,183,382,673,1238,5.512512245079704,0.006311368066202472,2.7028457176473224
50000,2,5000,183,382,722,1287,5.730697301629709,0.0063783164194074204,2.7315163747640465
50000,2,10000,183,382,767,1332,5.931071333155223,0.0064193875701432646,2.7491051103156425
50000,2,50000,183,382,816,1381,6.1492563897052275,0.006433995384627217,2.7553609122920113
50000,2,200000,183,382,823,1388,6.180425683498085,0.006433995384627217,2.7553609122920113
50000,3,1,183,482,20,685,3.05013803544394,0.0029509414271211842,1.2637417617955
50000,3,2,183,482,52,717,3.1926262356398607,0.0029785358723894984,1.275559093226971
50000,3,3,183,482,73,738,3.286134117018434,0.003039382802659557,1.3016168137064816
50000,3,5,183,482,102,767,3.415264048445988,0.0031248012905980838,1.3381973128804858
50000,3,10,183,482,172,837,3.726956986374566,0.0032639332730913517,1.397780636040401
50000,3,20,183,482,279,944,4.203401905779677,0.003816627430156483,1.6344721140088267
50000,3,30,183,482,335,1000,4.45275625612254,0.004237615373668152,1.8147603571228614
50000,3,50,183,482,376,1041,4.635319262623564,0.004769174991357872,2.042400960756897
50000,3,75,183,482,407,1072,4.773354706563363,0.0051109313953926205,2.188758267672712
50000,3,100,183,482,425,1090,4.8535043191735685,0.0052709559220782964,2.257288830640048
50000,3,150,183,482,457,1122,4.99599251936949,0.005570798580009001,2.3856965602249947
50000,3,250,183,482,503,1168,5.200819307151126,0.005938182173567119,2.543028720569102
50000,3,500,183,482,559,1224,5.4501736574939885,0.0063396617778322395,2.7149625101577106
50000,3,1000,183,482,620,1285,5.7217917891174634,0.006675109698868531,2.8586182068872112
50000,3,2500,183,482,673,1338,5.957787870691958,0.006847433130895142,2.932415780633162
50000,3,5000,183,482,722,1387,6.175972927241963,0.006914381484100091,2.9610864377498864
50000,3,10000,183,482,767,1432,6.376346958767478,0.006955452634835935,2.9786751733014825
50000,3,50000,183,482,816,1481,6.5945320153174825,0.006970060449319887,2.984930975277851
50000,3,200000,183,482,823,1488,6.625701309110339,0.006970060449319887,2.984930975277851
50000,5,1,183,631,20,834,3.7135987176061978,0.003533140343376373,1.513068663841648
50000,5,2,183,631,52,866,3.856086917802119,0.003560734788644687,1.5248859952731189
50000,5,3,183,631,73,887,3.949594799180693,0.003621581718914746,1.5509437157526296
50000,5,5,183,631,102,916,4.078724730608246,0.0037070002068532726,1.5875242149266338
50000,5,10,183,631,172,986,4.390417668536824,0.0038461321893465406,1.647107538086549
50000,5,20,183,631,279,1093,4.866862587941936,0.004398826346411672,1.8837990160549747
50000,5,30,183,631,335,1149,5.116216938284798,0.004819814289923341,2.0640872591690096
50000,5,50,183,631,376,1190,5.298779944785823,0.005351373907613061,2.291727862803045
50000,5,75,183,631,407,1221,5.436815388725621,0.005693130311647809,2.43808516971886
50000,5,100,183,631,425,1239,5.5169650013358265,0.005853154838333485,2.5066157326861953
50000,5,150,183,631,457,1271,5.659453201531748,0.00615299749626419,2.635023462271142
50000,5,250,183,631,503,1317,5.864279989313385,0.006520381089822308,2.7923556226152493
50000,5,500,183,631,559,1373,6.113634339656247,0.006921860694087428,2.9642894122038586
50000,5,1000,183,631,620,1434,6.385252471279721,0.00725730861512372,3.107945108933359
50000,5,2500,183,631,673,1487,6.621248552854217,0.007429632047150331,3.1817426826793094
50000,5,5000,183,631,722,1536,6.839433609404222,0.007496580400355279,3.210413339796034
50000,5,10000,183,631,767,1581,7.039807640929735,0.0075376515510911235,3.2280020753476304
50000,5,50000,183,631,816,1630,7.2579926974797395,0.007552259365575076,3.2342578773239983
50000,5,200000,183,631,823,1637,7.289161991272598,0.007552259365575076,3.2342578773239983
50000,10,1,183,877,20,1080,4.808976756612343,0.004073216970793936,1.744356680053843
50000,10,2,183,877,52,1112,4.951464956808264,0.00410081141606225,1.756174011485314
50000,10,3,183,877,73,1133,5.044972838186838,0.004161658346332309,1.7822317319648247
50000,10,5,183,877,102,1162,5.174102769614391,0.004247076834270835,1.8188122311388288
50000,10,10,183,877,172,1232,5.485795707542969,0.004386208816764103,1.878395554298744
50000,10,20,183,877,279,1339,5.9622406269480805,0.0049389029738292345,2.1150870322671698
50000,10,30,183,877,335,1395,6.211594977290943,0.005359890917340904,2.2953752753812044
50000,10,50,183,877,376,1436,6.394157983791968,0.0058914505350306234,2.52301587901524
50000,10,75,183,877,407,1467,6.532193427731765,0.006233206939065372,2.669373185931055
50000,10,100,183,877,425,1485,6.612343040341971,0.006393231465751048,2.7379037488983906
50000,10,150,183,877,457,1517,6.754831240537892,0.006693074123681753,2.866311478483337
50000,10,250,183,877,503,1563,6.959658028319529,0.007060457717239871,3.0236436388274446
50000,10,500,183,877,559,1619,7.2090123786623925,0.007461937321504991,3.1955774284160534
50000,10,1000,183,877,620,1680,7.480630510285867,0.007797385242541283,3.339233125145554
50000,10,2500,183,877,673,1733,7.716626591860362,0.007969708674567894,3.4130306988915047
50000,10,5000,183,877,722,1782,7.934811648410365,0.008036657027772842,3.4417013560082297
50000,10,10000,183,877,767,1827,8.13518567993588,0.008077728178508686,3.4592900915598253
50000,10,50000,183,877,816,1876,8.353370736485886,0.008092335992992639,3.4655458935361936
50000,10,200000,183,877,823,1883,8.384540030278743,0.008092335992992639,3.4655458935361936
50000,20,1,183,1110,20,1313,5.846468964288895,0.004825782351356583,2.066643083693628
50000,20,2,183,1110,52,1345,5.988957164484816,0.0048533767966248975,2.078460415125099
50000,20,3,183,1110,73,1366,6.0824650458633895,0.004914223726894956,2.1045181356046094
50000,20,5,183,1110,102,1395,6.211594977290943,0.004999642214833483,2.141098634778614
50000,20,10,183,1110,172,1465,6.5232879152195204,0.005138774197326751,2.200681957938529
50000,20,20,183,1110,279,1572,6.999732834624632,0.005691468354391882,2.4373734359069545
50000,20,30,183,1110,335,1628,7.249087184967495,0.006112456297903551,2.6176616790209892
50000,20,50,183,1110,376,1669,7.43165019146852,0.006644015915593271,2.8453022826550254
50000,20,75,183,1110,407,1700,7.569685635408317,0.00698577231962802,2.99165958957084
50000,20,100,183,1110,425,1718,7.649835248018523,0.007145796846313696,3.060190152538176
50000,20,150,183,1110,457,1750,7.792323448214445,0.0074456395042444,3.1885978821231222
50000,20,250,183,1110,503,1796,7.997150235996081,0.007813023097802518,3.3459300424672294
50000,20,500,183,1110,559,1852,8.246504586338945,0.008214502702067639,3.517863832055838
50000,20,1000,183,1110,620,1913,8.518122717962418,0.00854995062310393,3.661519528785339
50000,20,2500,183,1110,673,1966,8.754118799536913,0.008722274055130541,3.7353171025312895
50000,20,5000,183,1110,722,2015,8.972303856086917,0.00878922240833549,3.7639877596480145
50000,20,10000,183,1110,767,2060,9.172677887612432,0.008830293559071334,3.78157649519961
50000,20,50000,183,1110,816,2109,9.390862944162437,0.008844901373555286,3.787832297175979
50000,20,200000,183,1110,823,2116,9.422032237955294,0.008844901373555286,3.787832297175979
50000,30,1,183,1234,20,1437,6.39861074004809,0.005706212233507507,2.4436875076123554
50000,30,2,183,1234,52,1469,6.541098940244011,0.005733806678775821,2.455504839043826
50000,30,3,183,1234,73,1490,6.634606821622584,0.00579465360904588,2.481562559523337
50000,30,5,183,1234,102,1519,6.763736753050138,0.005880072096984407,2.518143058697341
50000,30,10,183,1234,172,1589,7.075429690978716,0.006019204079477675,2.577726381857256
50000,30,20,183,1234,279,1696,7.551874610383827,0.006571898236542806,2.8144178598256815
50000,30,30,183,1234,335,1752,7.80122896072669,0.006992886180054475,2.9947061029397166
50000,30,50,183,1234,376,1793,7.983791967227714,0.007524445797744195,3.222346706573752
50000,30,75,183,1234,407,1824,8.121827411167512,0.007866202201778943,3.3687040134895674
50000,30,100,183,1234,425,1842,8.201977023777719,0.00802622672846462,3.4372345764569023
50000,30,150,183,1234,457,1874,8.34446522397364,0.008326069386395324,3.5656423060418496
50000,30,250,183,1234,503,1920,8.549292011755275,0.008693452979953442,3.7229744663859567
50000,30,500,183,1234,559,1976,8.79864636209814,0.009094932584218562,3.8949082559745656
50000,30,1000,183,1234,620,2037,9.070264493721613,0.009430380505254854,4.038563952704067
50000,30,2500,183,1234,673,2090,9.30626057529611,0.009602703937281465,4.112361526450017
50000,30,5000,183,1234,722,2139,9.524445631846113,0.009669652290486414,4.141032183566741
50000,30,10000,183,1234,767,2184,9.724819663371626,0.009710723441222258,4.158620919118337
50000,30,50000,183,1234,816,2233,9.943004719921632,0.00972533125570621,4.164876721094705
50000,30,200000,183,1234,823,2240,9.974174013714489,0.00972533125570621,4.164876721094705
50000,50,1,183,1348,20,1551,6.90622495324606,0.0063489851497084415,2.7189552476252925
50000,50,2,183,1348,52,1583,7.048713153441981,0.006376579594976756,2.7307725790567634
50000,50,3,183,1348,73,1604,7.142221034820554,0.006437426525246814,2.756830299536274
50000,50,5,183,1348,102,1633,7.271350966248108,0.006522845013185341,2.793410798710278
50000,50,10,183,1348,172,1703,7.5830439041766855,0.006661976995678609,2.8529941218701933
50000,50,20,183,1348,279,1810,8.059488823581797,0.00721467115274374,3.0896855998386186
50000,50,30,183,1348,335,1866,8.308843173924659,0.007635659096255409,3.2699738429526537
50000,50,50,183,1348,376,1907,8.491406180425685,0.008167218713945129,3.4976144465866894
50000,50,75,183,1348,407,1938,8.629441624365482,0.008508975117979878,3.643971753502504
50000,50,100,183,1348,425,1956,8.709591236975687,0.008668999644665554,3.7125023164698403
50000,50,150,183,1348,457,1988,8.852079437171609,0.008968842302596258,3.8409100460547867
50000,50,250,183,1348,503,2034,9.056906224953245,0.009336225896154376,3.9982422063988934
50000,50,500,183,1348,559,2090,9.30626057529611,0.009737705500419497,4.170175995987503
50000,50,1000,183,1348,620,2151,9.577878706919583,0.010073153421455788,4.313831692717003
50000,50,2500,183,1348,673,2204,9.813874788494077,0.0102454768534824,4.387629266462954
50000,50,5000,183,1348,722,2253,10.032059845044081,0.010312425206687348,4.416299923579679
50000,50,10000,183,1348,767,2298,10.232433876569596,0.010353496357423192,4.433888659131275
50000,50,50000,183,1348,816,2347,10.450618933119602,0.010368104171907144,4.440144461107643
50000,50,200000,183,1348,823,2354,10.481788226912458,0.010368104171907144,4.440144461107643
50000,75,1,183,1422,20,1625,7.235728916199127,0.006914507208717197,2.9611402793638413
50000,75,2,183,1422,52,1657,7.3782171163950485,0.006942101653985511,2.972957610795312
50000,75,3,183,1422,73,1678,7.471724997773623,0.007002948584255569,2.9990153312748227
50000,75,5,183,1422,102,1707,7.600854929201176,0.007088367072194096,3.035595830448827
50000,75,10,183,1422,172,1777,7.912547867129753,0.007227499054687364,3.0951791536087425
50000,75,20,183,1422,279,1884,8.388992786534866,0.007780193211752495,3.331870631577168
50000,75,30,183,1422,335,1940,8.638347136877728,0.008201181155264164,3.512158874691203
50000,75,50,183,1422,376,1981,8.820910143378752,0.008732740772953884,3.739799478325238
50000,75,75,183,1422,407,2012,8.958945587318551,0.009074497176988633,3.8861567852410532
50000,75,100,183,1422,425,2030,9.039095199928756,0.009234521703674309,3.954687348208389
50000,75,150,183,1422,457,2062,9.181583400124676,0.009534364361605013,4.0830950777933355
50000,75,250,183,1422,503,2108,9.386410187906314,0.009901747955163132,4.240427238137443
50000,75,500,183,1422,559,2164,9.635764538249177,0.010303227559428252,4.412361027726051
50000,75,1000,183,1422,620,2225,9.907382669872652,0.010638675480464543,4.556016724455552
50000,75,2500,183,1422,673,2278,10.143378751447147,0.010810998912491154,4.629814298201503
50000,75,5000,183,1422,722,2327,10.36156380799715,0.010877947265696103,4.658484955318228
50000,75,10000,183,1422,767,2372,10.561937839522665,0.010919018416431947,4.676073690869824
50000,75,50000,183,1422,816,2421,10.780122896072669,0.0109336262309159,4.682329492846192
50000,75,200000,183,1422,823,2428,10.811292189865526,0.0109336262309159,4.682329492846192
50000,100,1,183,1455,20,1658,7.382669872651171,0.007096951360880205,3.039272055265843
50000,100,2,183,1455,52,1690,7.525158072847092,0.007124545806148519,3.0510893866973143
50000,100,3,183,1455,73,1711,7.618665954225666,0.007185392736418578,3.077147107176825
50000,100,5,183,1455,102,1740,7.747795885653219,0.007270811224357104,3.113727606350829
50000,100,10,183,1455,172,1810,8.059488823581797,0.007409943206850372,3.1733109295107442
50000,100,20,183,1455,279,1917,8.53593374298691,0.007962637363915503,3.41000240747917
50000,100,30,183,1455,335,1973,8.785288093329772,0.008383625307427173,3.5902906505932046
50000,100,50,183,1455,376,2014,8.967851099830796,0.008915184925116892,3.81793125422724
50000,100,75,183,1455,407,2045,9.105886543770595,0.009256941329151641,3.9642885611430554
50000,100,100,183,1455,425,2063,9.1860361563808,0.009416965855837317,4.03281912411039
50000,100,150,183,1455,457,2095,9.328524356576722,0.009716808513768022,4.161226853695338
50000,100,250,183,1455,503,2141,9.533351144358358,0.01008419210732614,4.318559014039445
50000,100,500,183,1455,559,2197,9.78270549470122,0.01048567171159126,4.490492803628054
50000,100,1000,183,1455,620,2258,10.054323626324695,0.010821119632627552,4.634148500357554
50000,100,2500,183,1455,673,2311,10.29031970789919,0.010993443064654163,4.707946074103505
50000,100,5000,183,1455,722,2360,10.508504764449194,0.011060391417859111,4.736616731220229
50000,100,10000,183,1455,767,2405,10.708878795974709,0.011101462568594955,4.754205466771825
50000,100,50000,183,1455,816,2454,10.927063852524713,0.011116070383078908,4.760461268748194
50000,100,200000,183,1455,823,2461,10.958233146317571,0.011116070383078908,4.760461268748194
50000,150,1,183,1497,20,1700,7.569685635408317,0.0072468795595148905,3.1034788619967593
50000,150,2,183,1497,52,1732,7.712173835604238,0.007274474004783205,3.11529619342823
50000,150,3,183,1497,73,1753,7.8056817169828125,0.007335320935053263,3.1413539139077407
50000,150,5,183,1497,102,1782,7.934811648410365,0.00742073942299179,3.177934413081745
50000,150,10,183,1497,172,1852,8.246504586338945,0.007559871405485058,3.23751773624166
50000,150,20,183,1497,279,1959,8.722949505744056,0.008112565562550189,3.4742092142100853
50000,150,30,183,1497,335,2015,8.972303856086917,0.008533553506061858,3.6544974573241205
50000,150,50,183,1497,376,2056,9.154866862587943,0.009065113123751578,3.882138060958156
50000,150,75,183,1497,407,2087,9.292902306527742,0.009406869527786327,4.028495367873972
50000,150,100,183,1497,425,2105,9.373051919137946,0.009566894054472003,4.097025930841307
50000,150,150,183,1497,457,2137,9.515540119333869,0.009866736712402707,4.225433660426253
50000,150,250,183,1497,503,2183,9.720366907115505,0.010234120305960825,4.38276582077036
50000,150,500,183,1497,559,2239,9.969721257458367,0.010635599910225946,4.55469961035897
50000,150,1000,183,1497,620,2300,10.24133938908184,0.010971047831262237,4.6983553070884705
50000,150,2500,183,1497,673,2353,10.477335470656337,0.011143371263288848,4.772152880834421
50000,150,5000,183,1497,722,2402,10.695520527206341,0.011210319616493797,4.800823537951145
50000,150,10000,183,1497,767,2447,10.895894558731856,0.011251390767229641,4.818412273502742
50000,150,50000,183,1497,816,2496,11.11407961528186,0.011265998581713593,4.82466807547911
50000,150,200000,183,1497,823,2503,11.145248909074718,0.011265998581713593,4.82466807547911
50000,250,1,183,1526,20,1729,7.698815566835872,0.007359881410973573,3.151871946839471
50000,250,2,183,1526,52,1761,7.841303767031793,0.007387475856241887,3.1636892782709425
50000,250,3,183,1526,73,1782,7.934811648410365,0.007448322786511946,3.1897469987504525
50000,250,5,183,1526,102,1811,8.06394157983792,0.007533741274450473,3.2263274979244567
50000,250,10,183,1526,172,1881,8.375634517766498,0.007672873256943741,3.2859108210843724
50000,250,20,183,1526,279,1988,8.852079437171609,0.008225567414008872,3.5226022990527976
50000,250,30,183,1526,335,2044,9.101433787514472,0.008646555357520541,3.7028905421668328
50000,250,50,183,1526,376,2085,9.283996794015495,0.009178114975210261,3.930531145800868
50000,250,75,183,1526,407,2116,9.422032237955294,0.00951987137924501,4.076888452716684
50000,250,100,183,1526,425,2134,9.5021818505655,0.009679895905930685,4.145419015684019
50000,250,150,183,1526,457,2166,9.644670050761421,0.00997973856386139,4.273826745268965
50000,250,250,183,1526,503,2212,9.849496838543057,0.010347122157419508,4.4311589056130725
50000,250,500,183,1526,559,2268,10.09885118888592,0.010748601761684629,4.603092695201682
50000,250,1000,183,1526,620,2329,10.370469320509395,0.01108404968272092,4.746748391931183
50000,250,2500,183,1526,673,2382,10.60646540208389,0.011256373114747531,4.820545965677133
50000,250,5000,183,1526,722,2431,10.824650458633894,0.01132332146795248,4.849216622793858
50000,250,10000,183,1526,767,2476,11.025024490159408,0.011364392618688324,4.866805358345454
50000,250,50000,183,1526,816,2525,11.243209546709414,0.011379000433172276,4.8730611603218215
50000,250,200000,183,1526,823,2532,11.274378840502271,0.011379000433172276,4.8730611603218215
50000,500,1,183,1545,20,1748,7.7834179357022,0.007430315132887055,3.182035214399679
50000,500,2,183,1545,52,1780,7.9259061358981215,0.0074579095781553695,3.19385254583115
50000,500,3,183,1545,73,1801,8.019414017276693,0.007518756508425428,3.2199102663106602
50000,500,5,183,1545,102,1830,8.148543948704248,0.007604174996363955,3.2564907654846653
50000,500,10,183,1545,172,1900,8.460236886632826,0.007743306978857223,3.31607408864458
50000,500,20,183,1545,279,2007,8.936681806037937,0.008296001135922354,3.552765566613006
50000,500,30,183,1545,335,2063,9.1860361563808,0.008716989079434023,3.733053809727041
50000,500,50,183,1545,376,2104,9.368599162881825,0.009248548697123743,3.9606944133610766
50000,500,75,183,1545,407,2135,9.506634606821622,0.009590305101158492,4.107051720276892
50000,500,100,183,1545,425,2153,9.586784219431827,0.009750329627844168,4.175582283244227
50000,500,150,183,1545,457,2185,9.72927241962775,0.010050172285774872,4.303990012829174
50000,500,250,183,1545,503,2231,9.934099207409385,0.01041755587933299,4.461322173173281
50000,500,500,183,1545,559,2287,10.18345355775225,0.01081903548359811,4.63325596276189
50000,500,1000,183,1545,620,2348,10.455071689375723,0.011154483404634402,4.7769116594913905
50000,500,2500,183,1545,673,2401,10.69106777095022,0.011326806836661013,4.850709233237341
50000,500,5000,183,1545,722,2450,10.909252827500222,0.011393755189865962,4.879379890354065
50000,500,10000,183,1545,767,2495,11.109626859025736,0.011434826340601806,4.896968625905662
50000,500,50000,183,1545,816,2544,11.327811915575742,0.011449434155085758,4.903224427882029
50000,500,200000,183,1545,823,2551,11.358981209368599,0.011449434155085758,4.903224427882029
50000,1000,1,183,1550,20,1753,7.8056817169828125,0.007433581849518089,3.1834341870097917
50000,1000,2,183,1550,52,1785,7.948169917178734,0.0074611762947864035,3.195251518441263
50000,1000,3,183,1550,73,1806,8.041677798557307,0.007522023225056462,3.2213092389207736
50000,1000,5,183,1550,102,1835,8.17080772998486,0.007607441712994989,3.2578897380947778
50000,1000,10,183,1550,172,1905,8.482500667913438,0.007746573695488257,3.317473061254693
50000,1000,20,183,1550,279,2012,8.958945587318551,0.008299267852553388,3.5541645392231183
50000,1000,30,183,1550,335,2068,9.208299937661412,0.008720255796065057,3.7344527823371534
50000,1000,50,183,1550,376,2109,9.390862944162437,0.009251815413754777,3.962093385971189
50000,1000,75,183,1550,407,2140,9.528898388102235,0.009593571817789526,4.108450692887004
50000,1000,100,183,1550,425,2158,9.609048000712441,0.009753596344475202,4.17698125585434
50000,1000,150,183,1550,457,2190,9.751536200908362,0.010053439002405906,4.305388985439286
50000,1000,250,183,1550,503,2236,9.956362988689998,0.010420822595964024,4.462721145783393
50000,1000,500,183,1550,559,2292,10.205717339032862,0.010822302200229145,4.634654935372002
50000,1000,1000,183,1550,620,2353,10.477335470656337,0.011157750121265436,4.778310632101503
50000,1000,2500,183,1550,673,2406,10.713331552230832,0.011330073553292047,4.852108205847454
50000,1000,5000,183,1550,722,2455,10.931516608780836,0.011397021906496996,4.880778862964178
50000,1000,10000,183,1550,767,2500,11.131890640306349,0.01143809305723284,4.898367598515774
50000,1000,50000,183,1550,816,2549,11.350075696856354,0.011452700871716792,4.9046234004921425
50000,1000,200000,183,1550,823,2556,11.381244990649211,0.011452700871716792,4.9046234004921425
50000,2500,1,183,1553,20,1756,7.81903998575118,0.007437072733344707,3.1849291593046427
50000,2500,2,183,1553,52,1788,7.961528185947102,0.007464667178613021,3.196746490736114
50000,2500,3,183,1553,73,1809,8.055036067325675,0.00752551410888308,3.222804211215624
50000,2500,5,183,1553,102,1838,8.18416599875323,0.007610932596821607,3.2593847103896283
50000,2500,10,183,1553,172,1908,8.495858936681806,0.007750064579314875,3.3189680335495435
50000,2500,20,183,1553,279,2015,8.972303856086917,0.008302758736380006,3.5556595115179697
50000,2500,30,183,1553,335,2071,9.22165820642978,0.008723746679891675,3.735947754632004
50000,2500,50,183,1553,376,2112,9.404221212930803,0.009255306297581395,3.9635883582660396
50000,2500,75,183,1553,407,2143,9.542256656870602,0.009597062701616144,4.109945665181855
50000,2500,100,183,1553,425,2161,9.622406269480809,0.00975708722830182,4.17847622814919
50000,2500,150,183,1553,457,2193,9.76489446967673,0.010056929886232524,4.306883957734137
50000,2500,250,183,1553,503,2239,9.969721257458367,0.010424313479790642,4.4642161180782445
50000,2500,500,183,1553,559,2295,10.219075607801228,0.010825793084055763,4.636149907666853
50000,2500,1000,183,1553,620,2356,10.490693739424705,0.011161241005092054,4.779805604396354
50000,2500,2500,183,1553,673,2409,10.726689820999198,0.011333564437118665,4.853603178142304
50000,2500,5000,183,1553,722,2458,10.944874877549204,0.011400512790323614,4.882273835259029
50000,2500,10000,183,1553,767,2503,11.145248909074718,0.011441583941059458,4.899862570810625
50000,2500,50000,183,1553,816,2552,11.36343396562472,0.01145619175554341,4.9061183727869935
50000,2500,200000,183,1553,823,2559,11.394603259417579,0.01145619175554341,4.9061183727869935
50000,5000,1,183,1555,20,1758,7.827945498263425,0.007437072733344707,3.1849291593046427
50000,5000,2,183,1555,52,1790,7.970433698459346,0.007464667178613021,3.196746490736114
50000,5000,3,183,1555,73,1811,8.06394157983792,0.00752551410888308,3.222804211215624
50000,5000,5,183,1555,102,1840,8.193071511265474,0.007610932596821607,3.2593847103896283
50000,5000,10,183,1555,172,1910,8.50476444919405,0.007750064579314875,3.3189680335495435
50000,5000,20,183,1555,279,2017,8.981209368599163,0.008302758736380006,3.5556595115179697
50000,5000,30,183,1555,335,2073,9.230563718942026,0.008723746679891675,3.735947754632004
50000,5000,50,183,1555,376,2114,9.41312672544305,0.009255306297581395,3.9635883582660396
50000,5000,75,183,1555,407,2145,9.551162169382849,0.009597062701616144,4.109945665181855
50000,5000,100,183,1555,425,2163,9.631311781993054,0.00975708722830182,4.17847622814919
50000,5000,150,183,1555,457,2195,9.773799982188976,0.010056929886232524,4.306883957734137
50000,5000,250,183,1555,503,2241,9.978626769970612,0.010424313479790642,4.4642161180782445
50000,5000,500,183,1555,559,2297,10.227981120313475,0.010825793084055763,4.636149907666853
50000,5000,1000,183,1555,620,2358,10.49959925193695,0.011161241005092054,4.779805604396354
50000,5000,2500,183,1555,673,2411,10.735595333511444,0.011333564437118665,4.853603178142304
50000,5000,5000,183,1555,722,2460,10.953780390061448,0.011400512790323614,4.882273835259029
50000,5000,10000,183,1555,767,2505,11.154154421586963,0.011441583941059458,4.899862570810625
50000,5000,50000,183,1555,816,2554,11.372339478136967,0.01145619175554341,4.9061183727869935
50000,5000,200000,183,1555,823,2561,11.403508771929824,0.01145619175554341,4.9061183727869935
50000,10000,1,183,1556,20,1759,7.832398254519547,0.007437072733344707,3.1849291593046427
50000,10000,2,183,1556,52,1791,7.9748864547154685,0.007464667178613021,3.196746490736114
50000,10000,3,183,1556,73,1812,8.068394336094043,0.00752551410888308,3.222804211215624
50000,10000,5,183,1556,102,1841,8.197524267521596,0.007610932596821607,3.2593847103896283
50000,10000,10,183,1556,172,1911,8.509217205450174,0.007750064579314875,3.3189680335495435
50000,10000,20,183,1556,279,2018,8.985662124855285,0.008302758736380006,3.5556595115179697
50000,10000,30,183,1556,335,2074,9.235016475198147,0.008723746679891675,3.735947754632004
50000,10000,50,183,1556,376,2115,9.417579481699171,0.009255306297581395,3.9635883582660396
50000,10000,75,183,1556,407,2146,9.55561492563897,0.009597062701616144,4.109945665181855
50000,10000,100,183,1556,425,2164,9.635764538249177,0.00975708722830182,4.17847622814919
50000,10000,150,183,1556,457,2196,9.778252738445097,0.010056929886232524,4.306883957734137
50000,10000,250,183,1556,503,2242,9.983079526226735,0.010424313479790642,4.4642161180782445
50000,10000,500,183,1556,559,2298,10.232433876569596,0.010825793084055763,4.636149907666853
50000,10000,1000,183,1556,620,2359,10.50405200819307,0.011161241005092054,4.779805604396354
50000,10000,2500,183,1556,673,2412,10.740048089767566,0.011333564437118665,4.853603178142304
50000,10000,5000,183,1556,722,2461,10.958233146317571,0.011400512790323614,4.882273835259029
50000,10000,10000,183,1556,767,2506,11.158607177843084,0.011441583941059458,4.899862570810625
50000,10000,50000,183,1556,816,2555,11.37679223439309,0.01145619175554341,4.9061183727869935
50000,10000,200000,183,1556,823,2562,11.407961528185947,0.01145619175554341,4.9061183727869935
50000,50000,1,183,1557,20,1760,7.8368510107756695,0.007437072733344707,3.1849291593046427
50000,50000,2,183,1557,52,1792,7.979339210971591,0.007464667178613021,3.196746490736114
50000,50000,3,183,1557,73,1813,8.072847092350164,0.00752551410888308,3.222804211215624
50000,50000,5,183,1557,102,1842,8.201977023777719,0.007610932596821607,3.2593847103896283
50000,50000,10,183,1557,172,1912,8.513669961706297,0.007750064579314875,3.3189680335495435
50000,50000,20,183,1557,279,2019,8.990114881111408,0.008302758736380006,3.5556595115179697
50000,50000,30,183,1557,335,2075,9.23946923145427,0.008723746679891675,3.735947754632004
50000,50000,50,183,1557,376,2116,9.422032237955294,0.009255306297581395,3.9635883582660396
50000,50000,75,183,1557,407,2147,9.560067681895093,0.009597062701616144,4.109945665181855
50000,50000,100,183,1557,425,2165,9.640217294505298,0.00975708722830182,4.17847622814919
50000,50000,150,183,1557,457,2197,9.78270549470122,0.010056929886232524,4.306883957734137
50000,50000,250,183,1557,503,2243,9.987532282482857,0.010424313479790642,4.4642161180782445
50000,50000,500,183,1557,559,2299,10.236886632825719,0.010825793084055763,4.636149907666853
50000,50000,1000,183,1557,620,2360,10.508504764449194,0.011161241005092054,4.779805604396354
50000,50000,2500,183,1557,673,2413,10.744500846023689,0.011333564437118665,4.853603178142304
50000,50000,5000,183,1557,722,2462,10.962685902573693,0.011400512790323614,4.882273835259029
50000,50000,10000,183,1557,767,2507,11.163059934099207,0.011441583941059458,4.899862570810625
50000,50000,50000,183,1557,816,2556,11.381244990649211,0.01145619175554341,4.9061183727869935
50000,50000,200000,183,1557,823,2563,11.41241428444207,0.01145619175554341,4.9061183727869935
50000,200000,1,183,1557,20,1760,7.8368510107756695,0.007437072733344707,3.1849291593046427
50000,200000,2,183,1557,52,1792,7.979339210971591,0.007464667178613021,3.196746490736114
50000,200000,3,183,1557,73,1813,8.072847092350164,0.00752551410888308,3.222804211215624
50000,200000,5,183,1557,102,1842,8.201977023777719,0.007610932596821607,3.2593847103896283
50000,200000,10,183,1557,172,1912,8.513669961706297,0.007750064579314875,3.3189680335495435
50000,200000,20,183,1557,279,2019,8.990114881111408,0.008302758736380006,3.5556595115179697
50000,200000,30,183,1557,335,2075,9.23946923145427,0.008723746679891675,3.735947754632004
50000,200000,50,183,1557,376,2116,9.422032237955294,0.009255306297581395,3.9635883582660396
50000,200000,75,183,1557,407,2147,9.560067681895093,0.009597062701616144,4.109945665181855
50000,200000,100,183,1557,425,2165,9.640217294505298,0.00975708722830182,4.17847622814919
50000,200000,150,183,1557,457,2197,9.78270549470122,0.010056929886232524,4.306883957734137
50000,200000,250,183,1557,503,2243,9.987532282482857,0.010424313479790642,4.4642161180782445
50000,200000,500,183,1557,559,2299,10.236886632825719,0.010825793084055763,4.636149907666853
50000,200000,1000,183,1557,620,2360,10.508504764449194,0.011161241005092054,4.779805604396354
50000,200000,2500,183,1557,673,2413,10.744500846023689,0.011333564437118665,4.853603178142304
50000,200000,5000,183,1557,722,2462,10.962685902573693,0.011400512790323614,4.882273835259029
50000,200000,10000,183,1557,767,2507,11.163059934099207,0.011441583941059458,4.899862570810625
50000,200000,50000,183,1557,816,2556,11.381244990649211,0.01145619175554341,4.9061183727869935
50000,200000,200000,183,1557,823,2563,11.41241428444207,0.01145619175554341,4.9061183727869935
200000,1,1,183,240,20,443,1.9725710214622851,0.0016396737411829565,0.7021908884426238
200000,1,2,183,240,52,475,2.1150592216582065,0.0016672681864512706,0.7140082198740947
200000,1,3,183,240,73,496,2.2085671030367795,0.0017281151167213293,0.7400659403536052
200000,1,5,183,240,102,525,2.3376970344643335,0.001813533604659856,0.7766464395276095
200000,1,10,183,240,172,595,2.6493899723929113,0.001952665587153124,0.8362297626875247
200000,1,20,183,240,279,702,3.125834891798023,0.002505359744218255,1.07292124065595
200000,1,30,183,240,335,758,3.375189242140885,0.0029263476877299244,1.2532094837699852
200000,1,50,183,240,376,799,3.557752248641909,0.003457907305419644,1.480850087404021
200000,1,75,183,240,407,830,3.695787692581708,0.003799663709454393,1.6272073943198357
200000,1,100,183,240,425,848,3.7759373051919134,0.003959688236140069,1.6957379572871714
200000,1,150,183,240,457,880,3.9184255053878347,0.004259530894070773,1.8241456868721182
200000,1,250,183,240,503,926,4.123252293169473,0.0046269144876288915,1.981477847216225
200000,1,500,183,240,559,982,4.372606643512334,0.005028394091894012,2.153411636804834
200000,1,1000,183,240,620,1043,4.644224775135809,0.005363842012930303,2.2970673335343346
200000,1,2500,183,240,673,1096,4.880220856710304,0.005536165444956914,2.3708649072802856
200000,1,5000,183,240,722,1145,5.098405913260308,0.005603113798161863,2.3995355643970098
200000,1,10000,183,240,767,1190,5.298779944785823,0.005644184948897707,2.4171242999486062
200000,1,50000,183,240,816,1239,5.5169650013358265,0.005658792763381659,2.4233801019249746
200000,1,200000,183,240,823,1246,5.548134295128684,0.005658792763381659,2.4233801019249746
200000,2,1,183,382,20,585,2.6048624098316857,0.002414876362428514,1.0341716988096605
200000,2,2,183,382,52,617,2.747350610027607,0.0024424708076968282,1.0459890302411314
200000,2,3,183,382,73,638,2.84085849140618,0.002503317737966887,1.072046750720642
200000,2,5,183,382,102,667,2.969988422833734,0.0025887362259054136,1.1086272498946463
200000,2,10,183,382,172,737,3.281681360762312,0.0027278682083986816,1.1682105730545616
200000,2,20,183,382,279,844,3.758126280167424,0.0032805623654638127,1.404902051022987
200000,2,30,183,382,335,900,4.007480630510286,0.003701550308975482,1.585190294137022
200000,2,50,183,382,376,941,4.19004363701131,0.004233109926665202,1.8128308977710574
200000,2,75,183,382,407,972,4.328079080951109,0.00457486633069995,1.9591882046868725
200000,2,100,183,382,425,990,4.408228693561314,0.004734890857385626,2.0277187676542083
200000,2,150,183,382,457,1022,4.550716893757236,0.005034733515316331,2.1561264972391547
200000,2,250,183,382,503,1068,4.755543681538873,0.005402117108874449,2.313458657583262
200000,2,500,183,382,559,1124,5.004898031881734,0.005803596713139569,2.4853924471718707
200000,2,1000,183,382,620,1185,5.27651616350521,0.006139044634175861,2.6290481439013713
200000,2,2500,183,382,673,1238,5.512512245079704,0.006311368066202472,2.7028457176473224
200000,2,5000,183,382,722,1287,5.730697301629709,0.0063783164194074204,2.7315163747640465
200000,2,10000,183,382,767,1332,5.931071333155223,0.0064193875701432646,2.7491051103156425
200000,2,50000,183,382,816,1381,6.1492563897052275,0.006433995384627217,2.7553609122920113
200000,2,200000,183,382,823,1388,6.180425683498085,0.006433995384627217,2.7553609122920113
200000,3,1,183,482,20,685,3.05013803544394,0.0029509414271211842,1.2637417617955
200000,3,2,183,482,52,717,3.1926262356398607,0.0029785358723894984,1.275559093226971
200000,3,3,183,482,73,738,3.286134117018434,0.003039382802659557,1.3016168137064816
200000,3,5,183,482,102,767,3.415264048445988,0.0031248012905980838,1.3381973128804858
200000,3,10,183,482,172,837,3.726956986374566,0.0032639332730913517,1.397780636040401
200000,3,20,183,482,279,944,4.203401905779677,0.003816627430156483,1.6344721140088267
200000,3,30,183,482,335,1000,4.45275625612254,0.004237615373668152,1.8147603571228614
200000,3,50,183,482,376,1041,4.635319262623564,0.004769174991357872,2.042400960756897
200000,3,75,183,482,407,1072,4.773354706563363,0.0051109313953926205,2.188758267672712
200000,3,100,183,482,425,1090,4.8535043191735685,0.0052709559220782964,2.257288830640048
200000,3,150,183,482,457,1122,4.99599251936949,0.005570798580009001,2.3856965602249947
200000,3,250,183,482,503,1168,5.200819307151126,0.005938182173567119,2.543028720569102
200000,3,500,183,482,559,1224,5.4501736574939885,0.0063396617778322395,2.7149625101577106
200000,3,1000,183,482,620,1285,5.7217917891174634,0.006675109698868531,2.8586182068872112
200000,3,2500,183,482,673,1338,5.957787870691958,0.006847433130895142,2.932415780633162
200000,3,5000,183,482,722,1387,6.175972927241963,0.006914381484100091,2.9610864377498864
200000,3,10000,183,482,767,1432,6.376346958767478,0.006955452634835935,2.9786751733014825
200000,3,50000,183,482,816,1481,6.5945320153174825,0.006970060449319887,2.984930975277851
200000,3,200000,183,482,823,1488,6.625701309110339,0.006970060449319887,2.984930975277851
200000,5,1,183,631,20,834,3.7135987176061978,0.003533140343376373,1.513068663841648
200000,5,2,183,631,52,866,3.856086917802119,0.003560734788644687,1.5248859952731189
200000,5,3,183,631,73,887,3.949594799180693,0.003621581718914746,1.5509437157526296
200000,5,5,183,631,102,916,4.078724730608246,0.0037070002068532726,1.5875242149266338
200000,5,10,183,631,172,986,4.390417668536824,0.0038461321893465406,1.647107538086549
200000,5,20,183,631,279,1093,4.866862587941936,0.004398826346411672,1.8837990160549747
200000,5,30,183,631,335,1149,5.116216938284798,0.004819814289923341,2.0640872591690096
200000,5,50,183,631,376,1190,5.298779944785823,0.005351373907613061,2.291727862803045
200000,5,75,183,631,407,1221,5.436815388725621,0.005693130311647809,2.43808516971886
200000,5,100,183,631,425,1239,5.5169650013358265,0.005853154838333485,2.5066157326861953
200000,5,150,183,631,457,1271,5.659453201531748,0.00615299749626419,2.635023462271142
200000,5,250,183,631,503,1317,5.864279989313385,0.006520381089822308,2.7923556226152493
200000,5,500,183,631,559,1373,6.113634339656247,0.006921860694087428,2.9642894122038586
200000,5,1000,183,631,620,1434,6.385252471279721,0.00725730861512372,3.107945108933359
200000,5,2500,183,631,673,1487,6.621248552854217,0.007429632047150331,3.1817426826793094
200000,5,5000,183,631,722,1536,6.839433609404222,0.007496580400355279,3.210413339796034
200000,5,10000,183,631,767,1581,7.039807640929735,0.0075376515510911235,3.2280020753476304
200000,5,50000,183,631,816,1630,7.2579926974797395,0.007552259365575076,3.2342578773239983
200000,5,200000,183,631,823,1637,7.289161991272598,0.007552259365575076,3.2342578773239983
200000,10,1,183,877,20,1080,4.808976756612343,0.004073216970793936,1.744356680053843
200000,10,2,183,877,52,1112,4.951464956808264,0.00410081141606225,1.756174011485314
200000,10,3,183,877,73,1133,5.044972838186838,0.004161658346332309,1.7822317319648247
200000,10,5,183,877,102,1162,5.174102769614391,0.004247076834270835,1.8188122311388288
200000,10,10,183,877,172,1232,5.485795707542969,0.004386208816764103,1.878395554298744
200000,10,20,183,877,279,1339,5.9622406269480805,0.0049389029738292345,2.1150870322671698
200000,10,30,183,877,335,1395,6.211594977290943,0.005359890917340904,2.2953752753812044
200000,10,50,183,877,376,1436,6.394157983791968,0.0058914505350306234,2.52301587901524
200000,10,75,183,877,407,1467,6.532193427731765,0.006233206939065372,2.669373185931055
200000,10,100,183,877,425,1485,6.612343040341971,0.006393231465751048,2.7379037488983906
200000,10,150,183,877,457,1517,6.754831240537892,0.006693074123681753,2.866311478483337
200000,10,250,183,877,503,1563,6.959658028319529,0.007060457717239871,3.0236436388274446
200000,10,500,183,877,559,1619,7.2090123786623925,0.007461937321504991,3.1955774284160534
200000,10,1000,183,877,620,1680,7.480630510285867,0.007797385242541283,3.339233125145554
200000,10,2500,183,877,673,1733,7.716626591860362,0.007969708674567894,3.4130306988915047
200000,10,5000,183,877,722,1782,7.934811648410365,0.008036657027772842,3.4417013560082297
200000,10,10000,183,877,767,1827,8.13518567993588,0.008077728178508686,3.4592900915598253
200000,10,50000,183,877,816,1876,8.353370736485886,0.008092335992992639,3.4655458935361936
200000,10,200000,183,877,823,1883,8.384540030278743,0.008092335992992639,3.4655458935361936
200000,20,1,183,1110,20,1313,5.846468964288895,0.004825782351356583,2.066643083693628
200000,20,2,183,1110,52,1345,5.988957164484816,0.0048533767966248975,2.078460415125099
200000,20,3,183,1110,73,1366,6.0824650458633895,0.004914223726894956,2.1045181356046094
200000,20,5,183,1110,102,1395,6.211594977290943,0.004999642214833483,2.141098634778614
200000,20,10,183,1110,172,1465,6.5232879152195204,0.005138774197326751,2.200681957938529
200000,20,20,183,1110,279,1572,6.999732834624632,0.005691468354391882,2.4373734359069545
200000,20,30,183,1110,335,1628,7.249087184967495,0.006112456297903551,2.6176616790209892
200000,20,50,183,1110,376,1669,7.43165019146852,0.006644015915593271,2.8453022826550254
200000,20,75,183,1110,407,1700,7.569685635408317,0.00698577231962802,2.99165958957084
200000,20,100,183,1110,425,1718,7.649835248018523,0.007145796846313696,3.060190152538176
200000,20,150,183,1110,457,1750,7.792323448214445,0.0074456395042444,3.1885978821231222
200000,20,250,183,1110,503,1796,7.997150235996081,0.007813023097802518,3.3459300424672294
200000,20,500,183,1110,559,1852,8.246504586338945,0.008214502702067639,3.517863832055838
200000,20,1000,183,1110,620,1913,8.518122717962418,0.00854995062310393,3.661519528785339
200000,20,2500,183,1110,673,1966,8.754118799536913,0.008722274055130541,3.7353171025312895
200000,20,5000,183,1110,722,2015,8.972303856086917,0.00878922240833549,3.7639877596480145
200000,20,10000,183,1110,767,2060,9.172677887612432,0.008830293559071334,3.78157649519961
200000,20,50000,183,1110,816,2109,9.390862944162437,0.008844901373555286,3.787832297175979
200000,20,200000,183,1110,823,2116,9.422032237955294,0.008844901373555286,3.787832297175979
200000,30,1,183,1234,20,1437,6.39861074004809,0.005706212233507507,2.4436875076123554
200000,30,2,183,1234,52,1469,6.541098940244011,0.005733806678775821,2.455504839043826
200000,30,3,183,1234,73,1490,6.634606821622584,0.00579465360904588,2.481562559523337
200000,30,5,183,1234,102,1519,6.763736753050138,0.005880072096984407,2.518143058697341
200000,30,10,183,1234,172,1589,7.075429690978716,0.006019204079477675,2.577726381857256
200000,30,20,183,1234,279,1696,7.551874610383827,0.006571898236542806,2.8144178598256815
200000,30,30,183,1234,335,1752,7.80122896072669,0.006992886180054475,2.9947061029397166
200000,30,50,183,1234,376,1793,7.983791967227714,0.007524445797744195,3.222346706573752
200000,30,75,183,1234,407,1824,8.121827411167512,0.007866202201778943,3.3687040134895674
200000,30,100,183,1234,425,1842,8.201977023777719,0.00802622672846462,3.4372345764569023
200000,30,150,183,1234,457,1874,8.34446522397364,0.008326069386395324,3.5656423060418496
200000,30,250,183,1234,503,1920,8.549292011755275,0.008693452979953442,3.7229744663859567
200000,30,500,183,1234,559,1976,8.79864636209814,0.009094932584218562,3.8949082559745656
200000,30,1000,183,1234,620,2037,9.070264493721613,0.009430380505254854,4.038563952704067
200000,30,2500,183,1234,673,2090,9.30626057529611,0.009602703937281465,4.112361526450017
200000,30,5000,183,1234,722,2139,9.524445631846113,0.009669652290486414,4.141032183566741
200000,30,10000,183,1234,767,2184,9.724819663371626,0.009710723441222258,4.158620919118337
200000,30,50000,183,1234,816,2233,9.943004719921632,0.00972533125570621,4.164876721094705
200000,30,200000,183,1234,823,2240,9.974174013714489,0.00972533125570621,4.164876721094705
200000,50,1,183,1348,20,1551,6.90622495324606,0.0063489851497084415,2.7189552476252925
200000,50,2,183,1348,52,1583,7.048713153441981,0.006376579594976756,2.7307725790567634
200000,50,3,183,1348,73,1604,7.142221034820554,0.006437426525246814,2.756830299536274
200000,50,5,183,1348,102,1633,7.271350966248108,0.006522845013185341,2.793410798710278
200000,50,10,183,1348,172,1703,7.5830439041766855,0.006661976995678609,2.8529941218701933
200000,50,20,183,1348,279,1810,8.059488823581797,0.00721467115274374,3.0896855998386186
200000,50,30,183,1348,335,1866,8.308843173924659,0.007635659096255409,3.2699738429526537
200000,50,50,183,1348,376,1907,8.491406180425685,0.008167218713945129,3.4976144465866894
200000,50,75,183,1348,407,1938,8.629441624365482,0.008508975117979878,3.643971753502504
200000,50,100,183,1348,425,1956,8.709591236975687,0.008668999644665554,3.7125023164698403
200000,50,150,183,1348,457,1988,8.852079437171609,0.008968842302596258,3.8409100460547867
200000,50,250,183,1348,503,2034,9.056906224953245,0.009336225896154376,3.9982422063988934
200000,50,500,183,1348,559,2090,9.30626057529611,0.009737705500419497,4.170175995987503
200000,50,1000,183,1348,620,2151,9.577878706919583,0.010073153421455788,4.313831692717003
200000,50,2500,183,1348,673,2204,9.813874788494077,0.0102454768534824,4.387629266462954
200000,50,5000,183,1348,722,2253,10.032059845044081,0.010312425206687348,4.416299923579679
200000,50,10000,183,1348,767,2298,10.232433876569596,0.010353496357423192,4.433888659131275
200000,50,50000,183,1348,816,2347,10.450618933119602,0.010368104171907144,4.440144461107643
200000,50,200000,183,1348,823,2354,10.481788226912458,0.010368104171907144,4.440144461107643
200000,75,1,183,1422,20,1625,7.235728916199127,0.006914507208717197,2.9611402793638413
200000,75,2,183,1422,52,1657,7.3782171163950485,0.006942101653985511,2.972957610795312
200000,75,3,183,1422,73,1678,7.471724997773623,0.007002948584255569,2.9990153312748227
200000,75,5,183,1422,102,1707,7.600854929201176,0.007088367072194096,3.035595830448827
200000,75,10,183,1422,172,1777,7.912547867129753,0.007227499054687364,3.0951791536087425
200000,75,20,183,1422,279,1884,8.388992786534866,0.007780193211752495,3.331870631577168
200000,75,30,183,1422,335,1940,8.638347136877728,0.008201181155264164,3.512158874691203
200000,75,50,183,1422,376,1981,8.820910143378752,0.008732740772953884,3.739799478325238
200000,75,75,183,1422,407,2012,8.958945587318551,0.009074497176988633,3.8861567852410532
200000,75,100,183,1422,425,2030,9.039095199928756,0.009234521703674309,3.954687348208389
200000,75,150,183,1422,457,2062,9.181583400124676,0.009534364361605013,4.0830950777933355
200000,75,250,183,1422,503,2108,9.386410187906314,0.009901747955163132,4.240427238137443
200000,75,500,183,1422,559,2164,9.635764538249177,0.010303227559428252,4.412361027726051
200000,75,1000,183,1422,620,2225,9.907382669872652,0.010638675480464543,4.556016724455552
200000,75,2500,183,1422,673,2278,10.143378751447147,0.010810998912491154,4.629814298201503
200000,75,5000,183,1422,722,2327,10.36156380799715,0.010877947265696103,4.658484955318228
200000,75,10000,183,1422,767,2372,10.561937839522665,0.010919018416431947,4.676073690869824
200000,75,50000,183,1422,816,2421,10.780122896072669,0.0109336262309159,4.682329492846192
200000,75,200000,183,1422,823,2428,10.811292189865526,0.0109336262309159,4.682329492846192
200000,100,1,183,1455,20,1658,7.382669872651171,0.007096951360880205,3.039272055265843
200000,100,2,183,1455,52,1690,7.525158072847092,0.007124545806148519,3.0510893866973143
200000,100,3,183,1455,73,1711,7.618665954225666,0.007185392736418578,3.077147107176825
200000,100,5,183,1455,102,1740,7.747795885653219,0.007270811224357104,3.113727606350829
200000,100,10,183,1455,172,1810,8.059488823581797,0.007409943206850372,3.1733109295107442
200000,100,20,183,1455,279,1917,8.53593374298691,0.007962637363915503,3.41000240747917
200000,100,30,183,1455,335,1973,8.785288093329772,0.008383625307427173,3.5902906505932046
200000,100,50,183,1455,376,2014,8.967851099830796,0.008915184925116892,3.81793125422724
200000,100,75,183,1455,407,2045,9.105886543770595,0.009256941329151641,3.9642885611430554
200000,100,100,183,1455,425,2063,9.1860361563808,0.009416965855837317,4.03281912411039
200000,100,150,183,1455,457,2095,9.328524356576722,0.009716808513768022,4.161226853695338
200000,100,250,183,1455,503,2141,9.533351144358358,0.01008419210732614,4.318559014039445
200000,100,500,183,1455,559,2197,9.78270549470122,0.01048567171159126,4.490492803628054
200000,100,1000,183,1455,620,2258,10.054323626324695,0.010821119632627552,4.634148500357554
200000,100,2500,183,1455,673,2311,10.29031970789919,0.010993443064654163,4.707946074103505
200000,100,5000,183,1455,722,2360,10.508504764449194,0.011060391417859111,4.736616731220229
200000,100,10000,183,1455,767,2405,10.708878795974709,0.011101462568594955,4.754205466771825
200000,100,50000,183,1455,816,2454,10.927063852524713,0.011116070383078908,4.760461268748194
200000,100,200000,183,1455,823,2461,10.958233146317571,0.011116070383078908,4.760461268748194
200000,150,1,183,1497,20,1700,7.569685635408317,0.0072468795595148905,3.1034788619967593
200000,150,2,183,1497,52,1732,7.712173835604238,0.007274474004783205,3.11529619342823
200000,150,3,183,1497,73,1753,7.8056817169828125,0.007335320935053263,3.1413539139077407
200000,150,5,183,1497,102,1782,7.934811648410365,0.00742073942299179,3.177934413081745
200000,150,10,183,1497,172,1852,8.246504586338945,0.007559871405485058,3.23751773624166
200000,150,20,183,1497,279,1959,8.722949505744056,0.008112565562550189,3.4742092142100853
200000,150,30,183,1497,335,2015,8.972303856086917,0.008533553506061858,3.6544974573241205
200000,150,50,183,1497,376,2056,9.154866862587943,0.009065113123751578,3.882138060958156
200000,150,75,183,1497,407,2087,9.292902306527742,0.009406869527786327,4.028495367873972
200000,150,100,183,1497,425,2105,9.373051919137946,0.009566894054472003,4.097025930841307
200000,150,150,183,1497,457,2137,9.515540119333869,0.009866736712402707,4.225433660426253
200000,150,250,183,1497,503,2183,9.720366907115505,0.010234120305960825,4.38276582077036
200000,150,500,183,1497,559,2239,9.969721257458367,0.010635599910225946,4.55469961035897
200000,150,1000,183,1497,620,2300,10.24133938908184,0.010971047831262237,4.6983553070884705
200000,150,2500,183,1497,673,2353,10.477335470656337,0.011143371263288848,4.772152880834421
200000,150,5000,183,1497,722,2402,10.695520527206341,0.011210319616493797,4.800823537951145
200000,150,10000,183,1497,767,2447,10.895894558731856,0.011251390767229641,4.818412273502742
200000,150,50000,183,1497,816,2496,11.11407961528186,0.011265998581713593,4.82466807547911
200000,150,200000,183,1497,823,2503,11.145248909074718,0.011265998581713593,4.82466807547911
200000,250,1,183,1526,20,1729,7.698815566835872,0.007359881410973573,3.151871946839471
200000,250,2,183,1526,52,1761,7.841303767031793,0.007387475856241887,3.1636892782709425
200000,250,3,183,1526,73,1782,7.934811648410365,0.007448322786511946,3.1897469987504525
200000,250,5,183,1526,102,1811,8.06394157983792,0.007533741274450473,3.2263274979244567
200000,250,10,183,1526,172,1881,8.375634517766498,0.007672873256943741,3.2859108210843724
200000,250,20,183,1526,279,1988,8.852079437171609,0.008225567414008872,3.5226022990527976
200000,250,30,183,1526,335,2044,9.101433787514472,0.008646555357520541,3.7028905421668328
200000,250,50,183,1526,376,2085,9.283996794015495,0.009178114975210261,3.930531145800868
200000,250,75,183,1526,407,2116,9.422032237955294,0.00951987137924501,4.076888452716684
200000,250,100,183,1526,425,2134,9.5021818505655,0.009679895905930685,4.145419015684019
200000,250,150,183,1526,457,2166,9.644670050761421,0.00997973856386139,4.273826745268965
200000,250,250,183,1526,503,2212,9.849496838543057,0.010347122157419508,4.4311589056130725
200000,250,500,183,1526,559,2268,10.09885118888592,0.010748601761684629,4.603092695201682
200000,250,1000,183,1526,620,2329,10.370469320509395,0.01108404968272092,4.746748391931183
200000,250,2500,183,1526,673,2382,10.60646540208389,0.011256373114747531,4.820545965677133
200000,250,5000,183,1526,722,2431,10.824650458633894,0.01132332146795248,4.849216622793858
200000,250,10000,183,1526,767,2476,11.025024490159408,0.011364392618688324,4.866805358345454
200000,250,50000,183,1526,816,2525,11.243209546709414,0.011379000433172276,4.8730611603218215
200000,250,200000,183,1526,823,2532,11.274378840502271,0.011379000433172276,4.8730611603218215
200000,500,1,183,1545,20,1748,7.7834179357022,0.007430315132887055,3.182035214399679
200000,500,2,183,1545,52,1780,7.9259061358981215,0.0074579095781553695,3.19385254583115
200000,500,3,183,1545,73,1801,8.019414017276693,0.007518756508425428,3.2199102663106602
200000,500,5,183,1545,102,1830,8.148543948704248,0.007604174996363955,3.2564907654846653
200000,500,10,183,1545,172,1900,8.460236886632826,0.007743306978857223,3.31607408864458
200000,500,20,183,1545,279,2007,8.936681806037937,0.008296001135922354,3.552765566613006
200000,500,30,183,1545,335,2063,9.1860361563808,0.008716989079434023,3.733053809727041
200000,500,50,183,1545,376,2104,9.368599162881825,0.009248548697123743,3.9606944133610766
200000,500,75,183,1545,407,2135,9.506634606821622,0.009590305101158492,4.107051720276892
200000,500,100,183,1545,425,2153,9.586784219431827,0.009750329627844168,4.175582283244227
200000,500,150,183,1545,457,2185,9.72927241962775,0.010050172285774872,4.303990012829174
200000,500,250,183,1545,503,2231,9.934099207409385,0.01041755587933299,4.461322173173281
200000,500,500,183,1545,559,2287,10.18345355775225,0.01081903548359811,4.63325596276189
200000,500,1000,183,1545,620,2348,10.455071689375723,0.011154483404634402,4.7769116594913905
200000,500,2500,183,1545,673,2401,10.69106777095022,0.011326806836661013,4.850709233237341
200000,500,5000,183,1545,722,2450,10.909252827500222,0.011393755189865962,4.879379890354065
200000,500,10000,183,1545,767,2495,11.109626859025736,0.011434826340601806,4.896968625905662
200000,500,50000,183,1545,816,2544,11.327811915575742,0.011449434155085758,4.903224427882029
200000,500,200000,183,1545,823,2551,11.358981209368599,0.011449434155085758,4.903224427882029
200000,1000,1,183,1550,20,1753,7.8056817169828125,0.007433581849518089,3.1834341870097917
200000,1000,2,183,1550,52,1785,7.948169917178734,0.0074611762947864035,3.195251518441263
200000,1000,3,183,1550,73,1806,8.041677798557307,0.007522023225056462,3.2213092389207736
200000,1000,5,183,1550,102,1835,8.17080772998486,0.007607441712994989,3.2578897380947778
200000,1000,10,183,1550,172,1905,8.482500667913438,0.007746573695488257,3.317473061254693
200000,1000,20,183,1550,279,2012,8.958945587318551,0.008299267852553388,3.5541645392231183
200000,1000,30,183,1550,335,2068,9.208299937661412,0.008720255796065057,3.7344527823371534
200000,1000,50,183,1550,376,2109,9.390862944162437,0.009251815413754777,3.962093385971189
200000,1000,75,183,1550,407,2140,9.528898388102235,0.009593571817789526,4.108450692887004
200000,1000,100,183,1550,425,2158,9.609048000712441,0.009753596344475202,4.17698125585434
200000,1000,150,183,1550,457,2190,9.751536200908362,0.010053439002405906,4.305388985439286
200000,1000,250,183,1550,503,2236,9.956362988689998,0.010420822595964024,4.462721145783393
200000,1000,500,183,1550,559,2292,10.205717339032862,0.010822302200229145,4.634654935372002
200000,1000,1000,183,1550,620,2353,10.477335470656337,0.011157750121265436,4.778310632101503
200000,1000,2500,183,1550,673,2406,10.713331552230832,0.011330073553292047,4.852108205847454
200000,1000,5000,183,1550,722,2455,10.931516608780836,0.011397021906496996,4.880778862964178
200000,1000,10000,183,1550,767,2500,11.131890640306349,0.01143809305723284,4.898367598515774
200000,1000,50000,183,1550,816,2549,11.350075696856354,0.011452700871716792,4.9046234004921425
200000,1000,200000,183,1550,823,2556,11.381244990649211,0.011452700871716792,4.9046234004921425
200000,2500,1,183,1553,20,1756,7.81903998575118,0.007437072733344707,3.1849291593046427
200000,2500,2,183,1553,52,1788,7.961528185947102,0.007464667178613021,3.196746490736114
200000,2500,3,183,1553,73,1809,8.055036067325675,0.00752551410888308,3.222804211215624
200000,2500,5,183,1553,102,1838,8.18416599875323,0.007610932596821607,3.2593847103896283
200000,2500,10,183,1553,172,1908,8.495858936681806,0.007750064579314875,3.3189680335495435
200000,2500,20,183,1553,279,2015,8.972303856086917,0.008302758736380006,3.5556595115179697
200000,2500,30,183,1553,335,2071,9.22165820642978,0.008723746679891675,3.735947754632004
200000,2500,50,183,1553,376,2112,9.404221212930803,0.009255306297581395,3.9635883582660396
200000,2500,75,183,1553,407,2143,9.542256656870602,0.009597062701616144,4.109945665181855
200000,2500,100,183,1553,425,2161,9.622406269480809,0.00975708722830182,4.17847622814919
200000,2500,150,183,1553,457,2193,9.76489446967673,0.010056929886232524,4.306883957734137
200000,2500,250,183,1553,503,2239,9.969721257458367,0.010424313479790642,4.4642161180782445
200000,2500,500,183,1553,559,2295,10.219075607801228,0.010825793084055763,4.636149907666853
200000,2500,1000,183,1553,620,2356,10.490693739424705,0.011161241005092054,4.779805604396354
200000,2500,2500,183,1553,673,2409,10.726689820999198,0.011333564437118665,4.853603178142304
200000,2500,5000,183,1553,722,2458,10.944874877549204,0.011400512790323614,4.882273835259029
200000,2500,10000,183,1553,767,2503,11.145248909074718,0.011441583941059458,4.899862570810625
200000,2500,50000,183,1553,816,2552,11.36343396562472,0.01145619175554341,4.9061183727869935
200000,2500,200000,183,1553,823,2559,11.394603259417579,0.01145619175554341,4.9061183727869935
200000,5000,1,183,1555,20,1758,7.827945498263425,0.007437072733344707,3.1849291593046427
200000,5000,2,183,1555,52,1790,7.970433698459346,0.007464667178613021,3.196746490736114
200000,5000,3,183,1555,73,1811,8.06394157983792,0.00752551410888308,3.222804211215624
200000,5000,5,183,1555,102,1840,8.193071511265474,0.007610932596821607,3.2593847103896283
200000,5000,10,183,1555,172,1910,8.50476444919405,0.007750064579314875,3.3189680335495435
200000,5000,20,183,1555,279,2017,8.981209368599163,0.008302758736380006,3.5556595115179697
200000,5000,30,183,1555,335,2073,9.230563718942026,0.008723746679891675,3.735947754632004
200000,5000,50,183,1555,376,2114,9.41312672544305,0.009255306297581395,3.9635883582660396
200000,5000,75,183,1555,407,2145,9.551162169382849,0.009597062701616144,4.109945665181855
200000,5000,100,183,1555,425,2163,9.631311781993054,0.00975708722830182,4.17847622814919
200000,5000,150,183,1555,457,2195,9.773799982188976,0.010056929886232524,4.306883957734137
200000,5000,250,183,1555,503,2241,9.978626769970612,0.010424313479790642,4.4642161180782445
200000,5000,500,183,1555,559,2297,10.227981120313475,0.010825793084055763,4.636149907666853
200000,5000,1000,183,1555,620,2358,10.49959925193695,0.011161241005092054,4.779805604396354
200000,5000,2500,183,1555,673,2411,10.735595333511444,0.011333564437118665,4.853603178142304
200000,5000,5000,183,1555,722,2460,10.953780390061448,0.011400512790323614,4.882273835259029
200000,5000,10000,183,1555,767,2505,11.154154421586963,0.011441583941059458,4.899862570810625
200000,5000,50000,183,1555,816,2554,11.372339478136967,0.01145619175554341,4.9061183727869935
200000,5000,200000,183,1555,823,2561,11.403508771929824,0.01145619175554341,4.9061183727869935
200000,10000,1,183,1556,20,1759,7.832398254519547,0.007437072733344707,3.1849291593046427
200000,10000,2,183,1556,52,1791,7.9748864547154685,0.007464667178613021,3.196746490736114
200000,10000,3,183,1556,73,1812,8.068394336094043,0.00752551410888308,3.222804211215624
200000,10000,5,183,1556,102,1841,8.197524267521596,0.007610932596821607,3.2593847103896283
200000,10000,10,183,1556,172,1911,8.509217205450174,0.007750064579314875,3.3189680335495435
200000,10000,20,183,1556,279,2018,8.985662124855285,0.008302758736380006,3.5556595115179697
200000,10000,30,183,1556,335,2074,9.235016475198147,0.008723746679891675,3.735947754632004
200000,10000,50,183,1556,376,2115,9.417579481699171,0.009255306297581395,3.9635883582660396
200000,10000,75,183,1556,407,2146,9.55561492563897,0.009597062701616144,4.109945665181855
200000,10000,100,183,1556,425,2164,9.635764538249177,0.00975708722830182,4.17847622814919
200000,10000,150,183,1556,457,2196,9.778252738445097,0.010056929886232524,4.306883957734137
200000,10000,250,183,1556,503,2242,9.983079526226735,0.010424313479790642,4.4642161180782445
200000,10000,500,183,1556,559,2298,10.232433876569596,0.010825793084055763,4.636149907666853
200000,10000,1000,183,1556,620,2359,10.50405200819307,0.011161241005092054,4.779805604396354
200000,10000,2500,183,1556,673,2412,10.740048089767566,0.011333564437118665,4.853603178142304
200000,10000,5000,183,1556,722,2461,10.958233146317571,0.011400512790323614,4.882273835259029
200000,10000,10000,183,1556,767,2506,11.158607177843084,0.011441583941059458,4.899862570810625
200000,10000,50000,183,1556,816,2555,11.37679223439309,0.01145619175554341,4.9061183727869935
200000,10000,200000,183,1556,823,2562,11.407961528185947,0.01145619175554341,4.9061183727869935
200000,50000,1,183,1557,20,1760,7.8368510107756695,0.007437072733344707,3.1849291593046427
200000,50000,2,183,1557,52,1792,7.979339210971591,0.007464667178613021,3.196746490736114
200000,50000,3,183,1557,73,1813,8.072847092350164,0.00752551410888308,3.222804211215624
200000,50000,5,183,1557,102,1842,8.201977023777719,0.007610932596821607,3.2593847103896283
200000,50000,10,183,1557,172,1912,8.513669961706297,0.007750064579314875,3.3189680335495435
200000,50000,20,183,1557,279,2019,8.990114881111408,0.008302758736380006,3.5556595115179697
200000,50000,30,183,1557,335,2075,9.23946923145427,0.008723746679891675,3.735947754632004
200000,50000,50,183,1557,376,2116,9.422032237955294,0.009255306297581395,3.9635883582660396
200000,50000,75,183,1557,407,2147,9.560067681895093,0.009597062701616144,4.109945665181855
200000,50000,100,183,1557,425,2165,9.640217294505298,0.00975708722830182,4.17847622814919
200000,50000,150,183,1557,457,2197,9.78270549470122,0.010056929886232524,4.306883957734137
200000,50000,250,183,1557,503,2243,9.987532282482857,0.010424313479790642,4.4642161180782445
200000,50000,500,183,1557,559,2299,10.236886632825719,0.010825793084055763,4.636149907666853
200000,50000,1000,183,1557,620,2360,10.508504764449194,0.011161241005092054,4.779805604396354
200000,50000,2500,183,1557,673,2413,10.744500846023689,0.011333564437118665,4.853603178142304
200000,50000,5000,183,1557,722,2462,10.962685902573693,0.011400512790323614,4.882273835259029
200000,50000,10000,183,1557,767,2507,11.163059934099207,0.011441583941059458,4.899862570810625
200000,50000,50000,183,1557,816,2556,11.381244990649211,0.01145619175554341,4.9061183727869935
200000,50000,200000,183,1557,823,2563,11.41241428444207,0.01145619175554341,4.9061183727869935
200000,200000,1,183,1557,20,1760,7.8368510107756695,0.007437072733344707,3.1849291593046427
200000,200000,2,183,1557,52,1792,7.979339210971591,0.007464667178613021,3.196746490736114
200000,200000,3,183,1557,73,1813,8.072847092350164,0.00752551410888308,3.222804211215624
200000,200000,5,183,1557,102,1842,8.201977023777719,0.007610932596821607,3.2593847103896283
200000,200000,10,183,1557,172,1912,8.513669961706297,0.007750064579314875,3.3189680335495435
200000,200000,20,183,1557,279,2019,8.990114881111408,0.008302758736380006,3.5556595115179697
200000,200000,30,183,1557,335,2075,9.23946923145427,0.008723746679891675,3.735947754632004
200000,200000,50,183,1557,376,2116,9.422032237955294,0.009255306297581395,3.9635883582660396
200000,200000,75,183,1557,407,2147,9.560067681895093,0.009597062701616144,4.109945665181855
200000,200000,100,183,1557,425,2165,9.640217294505298,0.00975708722830182,4.17847622814919
200000,200000,150,183,1557,457,2197,9.78270549470122,0.010056929886232524,4.306883957734137
200000,200000,250,183,1557,503,2243,9.987532282482857,0.010424313479790642,4.4642161180782445
200000,200000,500,183,1557,559,2299,10.236886632825719,0.010825793084055763,4.636149907666853
200000,200000,1000,183,1557,620,2360,10.508504764449194,0.011161241005092054,4.779805604396354
200000,200000,2500,183,1557,673,2413,10.744500846023689,0.011333564437118665,4.853603178142304
200000,200000,5000,183,1557,722,2462,10.962685902573693,0.011400512790323614,4.882273835259029
200000,200000,10000,183,1557,767,2507,11.163059934099207,0.011441583941059458,4.899862570810625
200000,200000,50000,183,1557,816,2556,11.381244990649211,0.01145619175554341,4.9061183727869935
200000,200000,200000,183,1557,823,2563,11.41241428444207,0.01145619175554341,4.9061183727869935
