qid,solr_ndcg,solr_recall,solr_mrr,solr_hit_count
2,0,0,0,10
12,0,0,0,10
13,0,0,0,3
17,0.36745852005902885,0.3125,0.25,10
18,0.4099392796994856,0.16666666666666666,0.5,10
19,0.2240244473986023,0.2,0.2,10
27,-0,0,0,0
34,0.0636207881989517,0.03225806451612903,0.1,10
36,0,0,0,10
37,0.49292624219943304,0.375,1,10
42,0.09478836436955078,0.03225806451612903,0.25,10
52,0,0,0,10
60,0.2300510610426737,0.043478260869565216,1,10
67,0,0,0,10
72,0,0,0,10
80,0,0,0,10
99,0,0,0,10
100,0,0,0,10
101,0.2240055615151755,0.06451612903225806,0.5,10
108,0,0,0,10
109,0,0,0,10
111,0.46200376989056685,0.19047619047619047,1,10
113,0,0,0,10
117,0,0,0,10
121,0,0,0,10
125,0.6121883358691401,0.38461538461538464,1,10
127,0,0,0,10
128,1,0.7692307692307693,1,10
131,0,0,0,10
133,0.8311372706450891,0.7142857142857143,1,10
136,0.574105294203174,0.15789473684210525,1,10
158,0.790378833727545,0.2413793103448276,1,10
159,0.6410457898283652,0.21621621621621623,0.3333333333333333,10
160,0.4480660076829784,0.6,0.3333333333333333,10
164,0,0,0,2
165,0,0,0,10
174,0.5090967735771897,0.3333333333333333,1,10
177,0,0,0,10
182,0.1400365039073521,0,0,10
184,0,0,0,8
185,0.3772016539594372,0.125,1,10
194,0,0,0,10
206,0.4412851793128928,0.1,1,10
207,0.22009176629808014,0.034482758620689655,1,10
212,0.22009176629808014,0.034482758620689655,1,10
226,0.34346661651374605,0.125,1,10
229,0,0,0,10
230,0,0,0,10
247,0.6432672924690316,0.5833333333333334,0.5,10
267,0,0,0,10
275,0,0,0,10
277,0,0,0,3
278,0,0,0,10
284,0,0,0,9
285,0,0,0,10
289,0,0,0,10
296,0,0,0,10
300,0,0,0,10
302,0,0,0,3
306,0.24926098697416302,0.0625,1,10
316,0.5574388430225128,0.21212121212121213,1,10
341,0,0,0,10
343,0.046287481291184845,0.027777777777777776,0.125,10
348,0,0,0,10
351,0.130312174144285,0.18181818181818182,0.16666666666666666,10
352,0.8602353686353702,0.5625,1,10
353,0,0,0,10
354,0,0,0,10
358,0,0,0,10
362,0.4189694546022803,0.13157894736842105,1,10
363,0.08451002344589252,0.047619047619047616,0.1111111111111111,10
376,0,0,0,10
382,0.5069933907871709,0.15789473684210525,0.3333333333333333,10
387,0,0,0,10
393,0,0,0,10
402,0,0,0,10
404,0.26742619438551957,0.03333333333333333,1,10
420,0.07839826897867533,0.07142857142857142,0.16666666666666666,10
422,0.1799314820111718,0.058823529411764705,0.25,10
423,0,0,0,10
426,0,0,0,10
427,0,0,0,10
430,0,0,0,10
431,0.6843830725976617,0.375,1,10
433,0.6555791584833007,0.3333333333333333,1,10
444,0.18153274624938445,0.08823529411764706,0.25,10
446,0.14484047523481988,0.06666666666666667,0.5,10
447,0.11004588314904007,0.043478260869565216,0.3333333333333333,10
448,0,0,0,10
451,0.3826003873221413,0.13333333333333333,1,10
454,0.07394398245707663,0.07142857142857142,0.25,10
457,0,0,0,10
472,0.6046855387118409,0.1282051282051282,1,10
479,0.5022037311331264,0.3076923076923077,0.5,10
485,-0,0,0,0
486,-0,0,0,0
489,-0,0,0,0
491,0.368155235871488,0.16666666666666666,0.5,10
494,0,0,0,8
500,0.4074550932500007,0.07692307692307693,1,10
511,0.4003790276525583,0.12,1,10
512,0,0,0,10
517,0,0,0,1
526,0,0,0,1
530,0,0,0,10
531,0.6101818985613228,0.46153846153846156,1,10
533,0.6489315753318465,0.4166666666666667,1,10
535,0,0,0,10
536,0.16661541370404837,0.3333333333333333,0.25,10
537,0.866947989864271,0.5333333333333333,1,10
539,0.4985723557253837,0.3333333333333333,1,10
540,0,0,0,10
541,0.03384460147210485,0,0,10
544,0,0,0,1
551,0.6070854633474747,0.35714285714285715,1,10
553,0.4706076096766094,0.29411764705882354,0.5,10
563,0.07637274466264242,0.09090909090909091,0.125,10
565,0.3361070858277827,0.3076923076923077,0.5,10
567,0,0,0,10
568,0,0,0,10
570,0.4533865211509315,0.1724137931034483,1,10
578,0.7403775338658135,0.5714285714285714,1,10
579,-0,0,0,0
593,0.05886610400269325,0.030303030303030304,0.125,10
594,0.1388624438735545,0.03125,0.5,10
598,0.106779308192549,0.0625,0.16666666666666666,10
599,0,0,0,10
600,0.06625422345438903,0.03125,0.1111111111111111,10
602,0,0,0,10
605,0.11004588314904007,0.0625,0.3333333333333333,10
606,0,0,0,10
610,0,0,0,10
613,0,0,0,10
620,0,0,0,10
622,0,0,0,10
628,0,0,0,10
632,0,0,0,10
637,0,0,0,10
638,0,0,0,10
642,0,0,0,10
659,-0,0,0,0
661,0,0,0,10
666,0,0,0,10
679,0,0,0,10
690,0,0,0,10
691,0,0,0,10
695,0,0,0,10
697,0,0,0,3
700,0,0,0,10
705,0,0,0,10
713,0,0,0,10
720,0,0,0,10
723,0,0,0,10
725,0,0,0,4
729,0,0,0,10
730,0,0,0,10
731,0,0,0,10
737,0,0,0,10
745,-0,0,0,0
749,0,0,0,10
755,-0,0,0,0
758,0,0,0,10
759,0,0,0,10
765,-0,0,0,0
774,0,0,0,10
775,0,0,0,10
778,0,0,0,10
781,0,0,0,10
785,0,0,0,10
787,0,0,0,10
789,0,0,0,10
793,0,0,0,10
796,0,0,0,5
801,0,0,0,10
813,0,0,0,2
823,0,0,0,10
826,0,0,0,10
833,0,0,0,9
838,0,0,0,10
841,0,0,0,10
846,0.07062615173732346,0.0625,0.16666666666666666,10
847,0.04241385879930114,0.02857142857142857,0.1,10
856,0,0,0,10
858,-0,0,0,0
861,0,0,0,4
862,0,0,0,10
866,0,0,0,10
869,0,0,0,10
870,0,0,0,10
871,0,0,0,2
878,0,0,0,10
883,0,0,0,5
884,0,0,0,10
885,0,0,0,10
896,0,0,0,10
907,0,0,0,6
911,0,0,0,10
915,0,0,0,10
917,0,0,0,10
927,0.3499667779514209,0.21428571428571427,1,10
933,0.16385640852660888,0.2222222222222222,0.3333333333333333,10
935,0,0,0,10
938,0,0,0,10
942,0,0,0,10
949,0,0,0,9
951,0.8829967037580301,0.8571428571428571,1,10
954,0.056762078427747324,0.030303030303030304,0.2,10
960,0.9421111095506693,0.6666666666666666,1,10
961,0,0,0,10
966,0.22009176629808014,0.0625,1,10
969,0,0,0,10
975,0,0,0,10
978,0.5135285497500328,0.25,1,10
980,0,0,0,10
1005,0.13516034740642266,0.05555555555555555,0.2,10
1007,0.43889345408290364,0.16129032258064516,0.5,10
1019,0,0,0,10
1020,0.43265382056447504,0.1875,1,10
1021,0.05539133043870289,0.03333333333333333,0.14285714285714285,10
1022,0.7000949683025056,0.4375,1,10
1024,0.17771808022399066,0.09523809523809523,0.5,10
1025,0.25233394591105507,0.10344827586206896,1,10
1029,0,0,0,10
1032,0.09478836436955078,0.05263157894736842,0.25,10
1034,0.8236998933965708,0.5,1,10
1039,0.05723087010498149,0.1,0.14285714285714285,10
1045,0,0,0,10
1046,0,0,0,10
1049,0.06810992613063079,0.1111111111111111,0.2,10
1051,0,0,0,10
1058,0.1303206778555187,0.07142857142857142,0.2,10
1059,0.3764459522792426,0.10526315789473684,0.5,10
1060,0.35314377643380906,0.05660377358490566,1,10
1066,0.42367664508731884,0.3125,0.5,10
1074,0,0,0,10
1075,0,0,0,10
1086,0.21145027911440428,0.1875,0.16666666666666666,10
1087,0.06943122193677725,0.0625,0.125,10
1088,0,0,0,10
1090,0,0,0,10
1102,0.6662426550323625,0.34615384615384615,1,10
1104,0.279779854334449,0.08823529411764706,1,10
1114,0,0,0,10
1116,0.4885468020156227,0.3076923076923077,1,10
1117,0.19112795652600476,0.1875,0.5,10
1118,0,0,0,10
1119,0.586315624506743,0.4444444444444444,1,10
1121,0.8325987562889577,0.3333333333333333,1,10
1125,0.10902759108019754,0.06060606060606061,0.2,10
1129,0.44092032933086744,0.10256410256410256,1,10
1132,0.6150642399704767,0.5,1,10
1135,0,0,0,10
1143,0.12040331964403843,0,0,10
1145,0.04996896981460496,0.029411764705882353,0.14285714285714285,10
1159,0.14782949091545258,0.125,0.16666666666666666,10
1162,0,0,0,10
1166,0.08069862424496003,0.02564102564102564,0.3333333333333333,10
1174,0,0,0,10
1176,0,0,0,10
1179,0.4886446891881012,0.26666666666666666,1,10
1192,0,0,0,10
1198,0.873650206202574,0.6153846153846154,1,10
1199,0,0,0,10
1210,0,0,0,10
1213,0.09478836436955078,0.0625,0.25,10
1215,0.5826271107383744,0.46153846153846156,1,10
1219,0,0,0,10
1222,0,0,0,10
1224,0.6797786416500051,0.4,1,10
1226,0,0,0,10
1230,0.21222636597291455,0.08823529411764706,0.5,10
1231,0,0,0,10
1233,0,0,0,10
1236,0.09011733826062779,0.2,0.1,10
1237,0.1624889644740723,0.0625,0.5,10
1242,0.18660113481564067,0.0625,1,10
1246,0,0,0,10
1266,0.5011665573206625,0.3125,1,10
1267,0,0,0,10
1268,0,0,0,10
1271,0,0,0,10
1272,0.10080745164961168,0.125,0.2,10
1278,0,0,0,10
1285,0.34695119186869644,0.25,0.3333333333333333,10
1286,0,0,0,10
1289,0.3117171024213406,0.36363636363636365,0.3333333333333333,10
1291,0,0,0,10
1293,0,0,0,10
1299,0,0,0,8
1304,0,0,0,10
1310,0,0,0,10
1318,0.7695261902392829,0.4666666666666667,1,10
1324,0,0,0,10
1325,0,0,0,10
1327,0,0,0,10
1330,0,0,0,10
1332,0,0,0,10
1333,0.059330599181095484,0.034482758620689655,0.2,10
1335,0.04803505593834116,0.07142857142857142,0.1,10
1337,0.24060740518678822,0.05405405405405406,0.5,10
1352,-0,0,0,0
1354,0.06625422345438903,0.0625,0.1111111111111111,10
1355,0.5788068912547085,0.3125,1,10
1359,0,0,0,10
1362,0,0,0,1
1363,0.6332196796270028,0.3125,1,10
1374,0,0,0,10
1377,0,0,0,10
1382,0.1467278441987201,0.03333333333333333,1,10
1386,0,0,0,10
1397,0,0,0,10
1400,0,0,0,10
1402,0.1388624438735545,0.0625,0.5,10
1404,0,0,0,10
1406,0.06243697865825647,0.03225806451612903,0.2,10
1409,-0,0,0,0
1413,0,0,0,10
1414,0,0,0,10
1419,0,0,0,10
1421,0,0,0,10
1423,0.14514605925250643,0.0625,0.5,10
1426,0.9363792118010483,0.9,1,10
1435,0,0,0,10
1444,0,0,0,10
1450,0,0,0,10
1451,0,0,0,3
1452,0.2520649403266671,0.1875,0.3333333333333333,10
1457,0,0,0,10
1458,0.35895421017163465,0.0625,1,10
1460,0,0,0,3
1466,0.8899541168509598,0.2571428571428571,1,10
1467,0.22009176629808014,0.037037037037037035,1,10
1469,0.31488013066763093,0.05405405405405406,1,10
1470,0,0,0,10
1471,0.3828004051609265,0.18181818181818182,1,10
1474,0.19979392838358834,0.1875,0.3333333333333333,10
1476,0.09257496258236969,0.029411764705882353,0.5,10
1477,0.2691329512014855,0.4,0.3333333333333333,10
1480,0.4252084336260237,0.075,1,10
1486,0.4616496194586812,0.125,0.25,10
1503,0.29732121851066645,0.2,1,10
1505,0.04890928139957336,0.0625,0.14285714285714285,10
1507,0,0,0,10
1509,0.20764239128505763,0.23076923076923078,0.3333333333333333,10
1512,0,0,0,10
1513,0.13012600052710738,0.09090909090909091,0.3333333333333333,10
1514,0,0,0,10
1520,0.09478836436955078,0.0625,0.25,10
1521,0.3965453494115244,0.125,1,10
1526,0.13371309719275978,0.1,0.3333333333333333,10
1530,0.579881577361546,0.21739130434782608,1,10
1536,0,0,0,2
1540,-0,0,0,0
1549,0.3378979937882821,0.10810810810810811,1,10
1553,0.3714752203410368,0.1875,1,10
1566,0.4447551423209717,0.25,1,10
1568,0.04241385879930114,0.043478260869565216,0.1,10
1571,0,0,0,10
1574,0,0,0,10
1575,0.6309297535714574,1,0.5,10
1577,0.30509727028079764,0.15384615384615385,0.3333333333333333,10
1578,0.1388624438735545,0.0625,0.5,10
1581,0,0,0,10
1593,0.19562452230130184,0.13333333333333333,0.5,10
1597,0.20483424751859086,0.13333333333333333,0.3333333333333333,10
1601,-0,0,0,0
1603,0.36881115564952793,0.26666666666666666,0.5,10
1604,0.09916288995176918,0.058823529411764705,0.5,10
1612,0.37104391686262445,0.14705882352941177,0.5,10
1618,0.54739836229935,0.11428571428571428,1,10
1623,0,0,0,10
1629,0,0,0,10
1630,0.20483424751859086,0.125,0.3333333333333333,10
1633,0,0,0,10
1634,0,0,0,10
1635,0,0,0,10
1643,0.4361533373077281,0.125,1,10
1648,0.14167166961578476,0.125,0.5,10
1649,0.1955251688387091,0.5,0.2,10
1652,0,0,0,10
1654,0.3372905462485835,0.13333333333333333,1,10
1656,0,0,0,10
1659,0,0,0,10
1668,0.22469685202611797,0.06666666666666667,1,10
1669,0.07858473101834644,0.09090909090909091,0.3333333333333333,10
1670,0,0,0,10
1672,0.7059054020403311,0.4,1,10
1673,0,0,0,10
1678,0.12695397568449532,0.08695652173913043,0.16666666666666666,10
1689,0,0,0,10
1693,0.37413628243405833,0.25,1,10
1695,-0,0,0,0
1697,0.11004588314904007,0.06666666666666667,0.3333333333333333,10
1703,0.12956361375198786,0.03571428571428571,0.5,10
1706,-0,0,0,0
1707,-0,0,0,0
1708,-0,0,0,0
1710,0,0,0,1
1713,0,0,0,10
1716,0.04963029458075423,0.03225806451612903,0.1,10
1718,0,0,0,10
1722,0.2910613994774135,0.11764705882352941,0.25,10
1724,0.13012600052710738,0.1111111111111111,0.2,10
1725,0,0,0,10
1729,0.49482777924096316,0.3125,1,10
1730,0.27919462584003,0.08108108108108109,0.5,10
1731,0,0,0,10
1734,0.21427920687048965,0.4,0.14285714285714285,10
1736,0,0,0,10
1738,0.6746925730693635,0.3125,1,10
1742,0,0,0,10
1748,0.22754936414140298,0.25,0.3333333333333333,10
1750,0.06625422345438903,0.03225806451612903,0.1111111111111111,10
1756,0,0,0,10
1767,0.0636207881989517,0.02631578947368421,0.1,10
1770,0.15176219107803537,0.125,0.16666666666666666,10
1778,0.7315449642824574,0.4375,1,10
1780,0,0,0,10
1783,0.25469837558210445,0.08333333333333333,0.3333333333333333,10
1786,0,0,0,4
1787,0.08899589877164323,0.1,0.2,10
1796,0.31204907722178066,0.25,0.5,10
1801,0.647312626648793,0.4666666666666667,0.5,10
1805,0.24890832702259458,0.125,0.5,10
1810,0,0,0,10
1813,0.09478836436955078,0.0625,0.25,10
1816,0,0,0,10
1822,0,0,0,6
1823,0,0,0,10
1829,0.4152807670887412,0.21428571428571427,1,10
1834,0.8466624462998462,0.25,1,10
1835,0.2542008779489662,0.125,1,8
1837,0,0,0,10
1840,0,0,0,10
1845,0,0,0,10
1847,0.06649967000454629,0.06666666666666667,0.1,10
1848,0.2984900352767555,0.125,1,10
1855,0.3227266260473091,0.07692307692307693,0.25,10
1862,0.0715672426213396,0.07692307692307693,0.25,10
1866,0.22009176629808014,0.0625,1,10
1867,1,0.625,1,10
1869,0.3114604540098518,0.10256410256410256,0.3333333333333333,10
1876,0,0,0,10
1882,0.02208474115146301,0,0,10
1883,0,0,0,10
1886,1,0.25,1,10
1887,0,0,0,10
1888,0,0,0,10
1889,0,0,0,7
1891,0,0,0,10
1893,0,0,0,9
1897,0.6111145532972241,0.375,1,10
1900,0,0,0,10
1903,0,0,0,10
1904,0.28773683183059473,0.1875,0.25,10
1908,0,0,0,10
1910,0.08514311764162098,0.0625,0.2,10
1914,0.15020863570711496,0.125,0.3333333333333333,10
1915,0,0,0,10
1918,0.3995688713838975,0.1875,1,10
1926,0.14187109415106738,0.06666666666666667,0.5,10
1928,0,0,0,4
1937,0,0,0,10
1940,0.247248106317892,0.1875,0.3333333333333333,10
1949,0.8516541459565584,0.3,1,10
1957,0.31433892407338576,0.13333333333333333,1,10
1960,0.1390726996307995,0.125,0.125,10
1962,0,0,0,10
1973,0.4459440643687563,0.2,1,10
1977,0.490222650816517,0.2,1,10
1986,0.1388624438735545,0.0625,0.5,10
1988,0,0,0,10
1992,0.2816575879096918,0.17647058823529413,0.5,10
1993,0,0,0,10
1997,0.5072380780124417,0.1388888888888889,0.5,10
2000,0,0,0,10
2006,0.38852647257634365,0.17391304347826086,0.5,10
2029,0,0,0,10
2042,0.29655073104721996,0.125,1,10
2046,0,0,0,9
2048,0,0,0,10
2049,0,0,0,10
2051,0.6131471927654584,0.5,1,10
2054,0.40853591842579556,0.1875,1,10
2067,0.7340725783853697,0.375,1,10
2068,0.866947989864271,0.21621621621621623,1,10
2076,0.2186287669627102,0.125,0.25,10
2081,0,0,0,10
2082,0.7116179486056782,0.4,1,10
2090,0.3683756341388872,0.25,0.3333333333333333,10
2091,0.2837125544970318,0.05128205128205128,1,10
2101,0.29343678345195273,0.1875,0.5,10
2102,0.3125291152215463,0.1875,0.5,10
2104,0.49500112883755076,0.5,0.5,10
2110,0,0,0,10
2113,0,0,0,10
2120,0,0,0,10
2133,-0,0,0,0
2139,0.8482378089219647,0.5,1,10
2144,0.4977962688668735,0.3125,1,10
2158,0,0,0,2
2164,0,0,0,10
2166,-0,0,0,0
2173,0.1388624438735545,0.02857142857142857,0.5,10
2176,0.4472539411173282,0.25,1,10
2184,0.1388624438735545,0.0625,0.5,10
2193,0,0,0,10
2197,0.1584091525685025,0.05263157894736842,0.25,10
2215,0.7928074501067555,0.5,1,10
2223,0.5481351590340572,0.375,0.5,10
2226,0.4789085315124158,0.26666666666666666,1,10
2227,0,0,0,10
2234,0.4472539411173282,0.2857142857142857,1,10
2236,0,0,0,10
2244,0.24890832702259458,0.05555555555555555,0.5,10
2251,0,0,0,10
2255,0,0,0,10
2256,0,0,0,10
2257,0,0,0,10
2260,0,0,0,10
2261,0.09382209734404523,0.09090909090909091,0.125,10
2262,0,0,0,10
2269,0.5378761168834524,0.14705882352941177,1,10
2276,0,0,0,10
2286,0.24890832702259458,0.1,0.5,10
2292,0.05379908282997335,0.0625,0.14285714285714285,10
2301,0.42883980903376634,0.26666666666666666,0.5,10
2303,0.11004588314904007,0.03333333333333333,0.3333333333333333,10
2309,0.19318012431026274,0.1111111111111111,0.5,10
2310,0.92663607790064,0.24324324324324326,1,10
2322,0,0,0,4
2327,0,0,0,10
2328,0.5370079586075637,0.13157894736842105,1,10
2331,0.2357541930550393,0.07142857142857142,1,10
2333,0.09478836436955078,0.0625,0.25,10
2337,-0,0,0,0
2341,0,0,0,10
2345,0.12876945773620835,0.06666666666666667,0.3333333333333333,10
2351,0.28634598975246917,0.05263157894736842,1,10
2352,0,0,0,10
2353,0,0,0,10
2355,0.20511666732794356,0.05128205128205128,0.5,10
2359,0.0660908915685874,0.06666666666666667,0.14285714285714285,10
2374,0.10968786809055445,0.125,0.25,10
2390,0,0,0,3
2392,0,0,0,10
2393,0,0,0,10
2394,0.9363792118010483,0.8181818181818182,1,10
2395,0.9052116356304492,0.25,1,10
2397,0,0,0,10
2400,0.25696304648306906,0.13333333333333333,0.5,7
2401,-0,0,0,0
2414,0.07839826897867533,0.0625,0.16666666666666666,10
2421,-0,0,0,0
2431,0.7082209627553583,0.18421052631578946,1,10
2434,0.5562983930884396,0.5,1,10
2439,0.7349690220582439,0.375,1,10
2441,0.7782052679592341,0.5,1,10
2449,0.20769850114401986,0.07142857142857142,0.5,10
2452,0.20829366581033176,0.125,0.5,10
2459,0,0,0,10
2471,0,0,0,5
2499,0,0,0,10
2519,0,0,0,8
2524,0,0,0,2
2526,-0,0,0,0
2532,0,0,0,10
2542,0,0,0,4
2556,0,0,0,10
2561,-0,0,0,0
2564,0,0,0,10
2565,-0,0,0,0
2567,0,0,0,10
2568,0,0,0,10
2574,0,0,0,10
2575,0,0,0,10
2576,0,0,0,10
2579,0,0,0,2
2599,-0,0,0,0
2603,0,0,0,5
2606,0,0,0,9
2609,0,0,0,10
2613,0,0,0,4
2620,0,0,0,1
2622,-0,0,0,0
2625,0,0,0,10
2631,0,0,0,10
2633,0,0,0,10
2635,0,0,0,10
2638,0,0,0,10
2647,0,0,0,2
2653,-0,0,0,0
2658,0,0,0,3
2659,0,0,0,5
2680,0,0,0,9
2687,0,0,0,2
2692,0,0,0,10
2699,0,0,0,9
2705,0,0,0,4
2711,0,0,0,10
2717,0,0,0,10
2718,0,0,0,5
2724,0,0,0,10
2728,0,0,0,10
2732,0.08539139310228318,0.0625,0.25,10
2737,0.28088150105118154,0.075,0.5,10
2742,0.292550078615531,0.125,1,10
2750,0,0,0,10
2756,0.10153380441631457,0.03125,0.25,10
2767,0,0,0,4
2773,0,0,0,10
2774,0,0,0,10
2777,0.45679927708970486,0.1875,1,10
2779,0,0,0,10
2784,0.44746651497614526,0.1875,1,10
2786,0.4690000933206747,0.1875,1,10
2787,0,0,0,10
2792,0.09523968061602288,0.058823529411764705,0.1111111111111111,10
2794,0.16354138662029633,0.125,0.2,10
2797,-0,0,0,0
2798,0,0,0,1
2810,0,0,0,10
2811,0.16777763476155672,0.14285714285714285,0.25,10
2817,0,0,0,10
2820,0,0,0,2
2822,0,0,0,10
2825,0.44173955623824723,0.35714285714285715,0.3333333333333333,10
2838,0,0,0,10
2847,0.7125523635307983,0.375,1,10
2855,0.8683549952893764,0.30303030303030304,1,10
2871,0.2704606404298001,0.10256410256410256,0.2,10
2872,0.2754116326612255,0.05714285714285714,0.3333333333333333,10
2883,0.5994143399819541,0.5,0.5,10
2899,0.797189611533217,0.25806451612903225,1,10
2915,0.933745776545611,0.6,1,10
2920,0.0636207881989517,0.02702702702702703,0.1,10
2921,0.6403089930936581,0.15384615384615385,1,10
2924,0.6968404678259544,0.42857142857142855,1,10
2938,0.9021814372008531,0.625,1,10
2944,0.72891152902702,0.2,1,10
2952,0,0,0,5
2953,0.35266373843404347,0.25,0.3333333333333333,10
2955,0,0,0,10
2959,0,0,0,10
2964,0.2723278606900378,0.2222222222222222,0.25,10
2966,0.3024402401149683,0.125,0.5,5
2969,0,0,0,10
2987,0.2336508082431053,0.05128205128205128,0.5,10
2988,0,0,0,1
2989,0,0,0,10
3000,0.1799314820111718,0.125,0.25,10
3001,0.8268133666517737,0.5,1,10
3006,0.1610425878239398,0.05128205128205128,0.25,10
3011,0.6388032930796427,0.3333333333333333,1,10
3012,-0,0,0,0
3018,0.289883176024737,0.16666666666666666,0.5,10
3034,0.514186364257749,0.14705882352941177,1,10
3038,0.06625422345438903,0.0625,0.1111111111111111,10
3044,0.46318965958284924,0.25,1,10
3048,0.7313676349198183,0.7777777777777778,1,10
3049,0.2777045025687933,0.11428571428571428,0.16666666666666666,10
3055,0.4440973278132556,0.08571428571428572,1,10
3071,0,0,0,10
3085,0.34369669139214537,0.1875,0.5,10
3088,0.5336194105682829,0.4,1,10
3089,0.21222636597291455,0.125,0.5,10
3096,0.6603913373527771,0.1875,1,10
3099,0,0,0,10
3101,0.933745776545611,0.5625,1,10
3104,0.16815228646891084,0.125,0.25,10
3105,0.22009176629808014,0.05263157894736842,1,10
3107,0.7695833612957305,0.375,1,10
3108,0,0,0,10
3117,0.49463965556280093,0.25,1,10
3123,0,0,0,1
3128,0.35895421017163465,0.05,1,10
3131,0.31968887131711543,0.5,0.25,10
3143,0,0,0,10
3146,0.14588900179744113,0.125,0.14285714285714285,10
3155,0,0,0,10
3159,0.5852832005322933,0.25,1,10
3162,0,0,0,10
3164,0,0,0,10
3168,0.34701127251255487,0.2,1,10
3169,0.6569815082938862,0.375,1,10
3171,0.6026440940406617,0.3125,1,10
3172,0.4902813563734525,0.1875,1,10
3176,0.1884441521277154,0.125,0.3333333333333333,10
3179,0.5932711436208317,0.4,0.5,10
3190,0.6203974344166847,0.45454545454545453,1,10
3207,0.06943122193677725,0.0625,0.125,10
3222,0.14732849254514865,0.125,0.2,10
3223,0.640293831648171,1,0.5,10
3225,0.15176219107803537,0.125,0.16666666666666666,10
3226,-0,0,0,0
3232,0.28655422251897555,0.25,0.3333333333333333,10
3234,0,0,0,10
3235,0.0636207881989517,0.0625,0.1,10
3239,0.17630010660342912,0.125,0.3333333333333333,10
3245,0,0,0,10
3247,0.2800983811731686,0.1875,0.5,10
3251,0.06943122193677725,0.0625,0.125,10
3258,0,0,0,10
3268,0,0,0,10
3280,0.17169261031494448,0.0625,1,10
3299,0,0,0,10
3306,0,0,0,1
3332,-0,0,0,0
3336,0,0,0,1
3351,0,0,0,10
3352,0,0,0,10
3353,0,0,0,10
3354,0,0,0,10
3356,0,0,0,8
3362,-0,0,0,0
3363,0,0,0,10
3376,0,0,0,10
3381,0,0,0,10
3387,0,0,0,4
3388,0,0,0,10
3395,0,0,0,10
3397,0,0,0,2
3398,0,0,0,10
3402,-0,0,0,0
3404,0,0,0,10
3415,0,0,0,8
3417,0,0,0,1
3432,-0,0,0,0
3437,0,0,0,1
3439,-0,0,0,0
3446,0,0,0,5
3460,0,0,0,1
3468,0,0,0,10
3478,0.29343678345195273,0.075,0.5,10
3486,0.3210414625925213,0.23076923076923078,1,10
3492,0,0,0,10
3494,0,0,0,6
3499,-0,0,0,0
3507,0.8064561629629067,0.5333333333333333,1,10
3522,0.06319224291303384,0.0625,0.25,10
3527,0.7182728892216514,0.5625,0.5,10
3530,0.3903800499921017,0.25,1,10
3531,0.11004588314904007,0.0625,0.3333333333333333,10
3538,0.6249218820538481,0.38461538461538464,1,10
3543,0.07205258390751174,0.07142857142857142,0.1,10
3557,0.5988751049740154,0.3125,1,10
3559,0.5077181160122074,0.35714285714285715,1,10
3562,0.06649967000454629,0.08333333333333333,0.1,10
3563,0.2300510610426737,0.13333333333333333,1,10
3567,0.21538297927698707,0.1875,0.16666666666666666,10
3574,0.12301630188213636,0.125,0.2,10
3579,0.19518900079066107,0.125,0.3333333333333333,10
3581,0,0,0,10
3587,0.14588900179744113,0.18181818181818182,0.14285714285714285,10
3596,0.12468575026986017,0.027777777777777776,0.16666666666666666,10
3602,0.11502553052133685,0.0625,0.3333333333333333,10
3619,0.3828004051609265,0.125,1,10
3649,0.12463049348708151,0.02857142857142857,0.3333333333333333,10
3659,0.5227644317649516,0.38461538461538464,0.5,10
3667,0.40952524563111403,0.1875,1,10
3668,0.08514311764162098,0.07142857142857142,0.2,10
3673,0.48649183542828267,0.3125,0.5,10
3679,0.5501946573100127,0.3125,1,10
3680,0,0,0,10
3682,0.08698786311329101,0.06666666666666667,0.2,10
3684,1,0.2702702702702703,1,10
3702,0.4361533373077281,0.125,1,10
3703,0.5301288977060752,0.26666666666666666,1,10
3704,0.07668368701422457,0.06666666666666667,0.3333333333333333,10
3708,0.648655421153229,0.5714285714285714,0.5,10
3714,0.7849818707050382,0.4375,1,10
3741,0.3887137680344748,0.2727272727272727,1,10
3743,0.4017016898199177,0.1875,1,10
3750,0.057313656277404236,0.0625,0.1,10
3752,0,0,0,10
3762,0.5957616317188125,0.3125,1,10
3764,0.1610425878239398,0.13333333333333333,0.25,10
3765,0.8611375561264454,0.23684210526315788,1,10
3770,0.39375843764607193,0.1875,1,10
3771,0,0,0,10
3772,0.40350157154648025,0.1875,1,10
3774,0,0,0,10
3782,0,0,0,10
3786,1,0.625,1,10
3789,0.08514311764162098,0.0625,0.2,10
3795,0.6027639586679572,0.4,0.5,10
3802,0.2336508082431053,0.125,0.5,10
3803,0.7058075148678526,0.4,1,10
3805,0.2488356482890454,0.1875,0.25,10
3813,1,0.625,1,10
3814,0.04416948230292602,0.02702702702702703,0.1111111111111111,10
3817,0,0,0,10
3821,0.18660113481564067,0.0625,1,10
3839,0.19871370648715753,0.13333333333333333,0.2,10
3844,0.716287445502968,0.2,0.5,10
3856,0.708792672684658,0.375,1,10
3857,0,0,0,10
3859,0.3435382561923043,0.07692307692307693,1,10
3867,0.6039094289265273,0.25,1,10
3876,0.6570793954663647,0.46153846153846156,1,10
3877,0.24355227021012346,0.1875,0.25,10
3879,0.7791714369672127,0.5384615384615384,1,10
3895,0,0,0,10
3899,-0,0,0,0
3916,0.8179068035806782,0.6,1,10
3926,0.3796025655833152,0.3125,0.25,10
3932,0,0,0,10
3938,0.7167674835027337,0.4375,1,10
3940,0.8347528992401554,0.6428571428571429,1,10
3943,-0,0,0,0
3954,0.34445239307233994,0.21052631578947367,0.3333333333333333,10
3964,0,0,0,10
3972,0.1388624438735545,0.0625,0.5,10
3980,0.33405144466421555,0.2,0.5,10
3986,0.24618570546556082,0.2,0.25,10
3989,0,0,0,10
3990,0.18340980524840012,0.05,0.3333333333333333,10
3994,0.07495345472190745,0.09090909090909091,0.14285714285714285,10
3997,0.11004588314904007,0.0625,0.3333333333333333,10
4003,0.2793191675189575,0.1,0.2,10
4027,0,0,0,10
4035,0,0,0,4
4044,0,0,0,10
4050,-0,0,0,0
4071,0,0,0,10
4074,0,0,0,10
4077,0,0,0,10
4088,0,0,0,10
4089,0,0,0,10
4092,0.0636207881989517,0.0625,0.1,10
4094,0,0,0,10
4103,0,0,0,10
4109,0,0,0,2
4116,-0,0,0,0
4117,0,0,0,1
4126,0,0,0,6
4136,0,0,0,10
4137,0,0,0,10
4138,0,0,0,10
4141,0,0,0,10
4142,0.08539139310228318,0.06666666666666667,0.25,10
4148,0,0,0,8
4150,0.08671382849411971,0.14285714285714285,0.125,10
4156,0.4437851101802687,0.3333333333333333,1,10
4159,0.4006160907348705,0.2,1,10
4163,0,0,0,10
4169,0,0,0,10
4172,-0,0,0,0
4180,0,0,0,10
4183,0.6785008044950671,0.6,1,10
4185,0.08584630515747224,0.07142857142857142,0.14285714285714285,10
4192,0.6587628563364478,0.6666666666666666,0.3333333333333333,10
4198,0,0,0,1
4200,0.6500332220485789,0.2692307692307692,0.5,10
4204,0.16421958630632802,0.1111111111111111,0.25,10
4210,0.046287481291184845,0.07692307692307693,0.125,10
4212,0.21222636597291455,0.05,0.5,10
4225,0.4489265142892765,0.25,1,10
4234,0.14465249243306438,0.125,0.16666666666666666,10
4238,0.10345457402608846,0.09090909090909091,0.2,10
4241,0,0,0,10
4251,-0,0,0,0
4255,0,0,0,10
4274,0.9547715182029446,0.625,1,10
4276,0,0,0,2
4280,0.25505271647730476,0.14285714285714285,1,10
4285,0.6800218271491613,0.15789473684210525,1,10
4286,0,0,0,10
4289,0.3349170830068085,0.125,1,10
4293,0.7771787684932541,0.5714285714285714,0.3333333333333333,10
4295,0.29740901205864334,0.06666666666666667,1,1
4297,0.22009176629808014,0.0625,1,10
4299,0,0,0,10
4300,0.048585413013099134,0.0625,0.1111111111111111,10
4301,0,0,0,10
4321,-0,0,0,0
4326,0.1842778004295072,0.125,0.3333333333333333,10
4328,0.610496574679209,0.4444444444444444,1,10
4331,0,0,0,10
4340,0,0,0,10
4341,0,0,0,10
4353,0,0,0,10
4355,0.24833526963154454,0.13333333333333333,0.5,10
4358,-0,0,0,0
4375,0,0,0,10
4380,0.08514311764162098,0.0625,0.2,10
4381,0,0,0,3
4382,0,0,0,10
4383,0,0,0,10
4384,0,0,0,10
4398,0,0,0,5
4404,0,0,0,1
4407,0.6165358414340188,0.375,1,10
4413,0.48015139736843754,0.18181818181818182,1,10
4415,0.3312392961638527,0.10810810810810811,0.3333333333333333,10
4420,0.2781981696179509,0.1875,0.3333333333333333,10
4422,0.5637884576902256,0.25,1,10
4428,0,0,0,10
4429,0.2895229882348574,0.14285714285714285,1,10
4431,0,0,0,10
4433,0,0,0,10
4442,0,0,0,10
4443,0.13698471029831175,0.14285714285714285,0.14285714285714285,10
4444,0.07637274466264242,0.1,0.125,10
4445,0.06350608830737939,0.07692307692307693,0.16666666666666666,10
4455,0.2735872697693364,0.1875,0.3333333333333333,10
4459,0.06625422345438903,0.0625,0.1111111111111111,10
4463,0.22009176629808014,0.0625,1,10
4477,0,0,0,10
4480,0,0,0,10
4483,0,0,0,10
4493,0,0,0,2
4510,-0,0,0,0
4514,0,0,0,2
4517,0,0,0,1
4522,-0,0,0,0
4525,0,0,0,10
4567,0,0,0,2
4571,0,0,0,4
4572,0,0,0,6
4574,0,0,0,7
4576,0,0,0,5
4588,0.4920062203073636,0.25,1,10
4589,0.3183191637810562,0.25,0.3333333333333333,10
4592,0.7425769714145167,0.5,1,8
4593,0.22009176629808014,0.0625,1,10
4594,0.5057958659478398,0.16216216216216217,0.5,10
4596,0,0,0,10
4618,0,0,0,10
4623,1,0.625,1,10
4627,0.3278940735174565,0.13333333333333333,1,10
4628,0.2646202227274383,0.08823529411764706,0.3333333333333333,10
4635,0,0,0,10
4645,0.10947972420421868,0.13333333333333333,0.25,10
4646,0,0,0,10
4656,0.28533563803092393,0.08333333333333333,1,10
4658,0.10529614491368275,0,0,10
4661,0.6761708295813625,0.46153846153846156,1,10
4664,0.4694544702460292,0.25,1,10
4668,0.2841567750179705,0.1875,0.25,10
4676,0.4376670053923234,0.2,1,10
4680,0.2735872697693364,0.2,0.3333333333333333,10
4690,0.34369669139214537,0.08571428571428572,0.5,10
4696,0.19170609720866863,0.2,0.25,10
4698,0.37519712029518015,0.18181818181818182,1,10
4704,0.1388624438735545,0.06666666666666667,0.5,10
4721,0.4112220884143037,0.25,0.5,10
4722,0.2710884709729799,0.2,0.3333333333333333,10
4723,0.704048490006026,0.4375,1,10
4729,0.45546761169581695,0.1875,1,10
4737,0.2578753740644927,0.1875,0.3333333333333333,10
4749,0,0,0,10
4755,0.5727555047321237,0.3125,1,10
4767,0,0,0,10
4771,0.07839826897867533,0.0625,0.16666666666666666,10
4772,0.21408371436984164,0.21428571428571427,0.16666666666666666,10
4773,0,0,0,10
4774,0.9462059914695958,0.6,1,10
4777,0,0,0,1
4778,0.515889298427605,0.21428571428571427,1,10
4781,0.07336392209936005,0.0625,0.14285714285714285,10
4782,0.06625422345438903,0.07142857142857142,0.1111111111111111,10
4787,0,0,0,10
4793,0.15176219107803537,0.125,0.16666666666666666,10
4794,0.09478836436955078,0.06666666666666667,0.25,10
4798,0,0,0,10
4799,0.613652585753739,0.1282051282051282,1,10
4800,0.5487973376826973,0.2,1,10
4802,0.22009176629808014,0.02631578947368421,1,10
4803,0.17693896549758054,0.15384615384615385,0.25,10
4806,0.47602214300847034,0.3333333333333333,1,10
4807,0.5145180505781558,0.3333333333333333,1,10
4809,0.2874476364692017,0.1,0.16666666666666666,10
4813,0,0,0,10
4817,0.6812018507157487,0.375,1,10
4818,0.22009176629808014,0.027777777777777776,1,10
4820,0.576323354912681,0.15625,1,10
4821,0,0,0,10
4837,0,0,0,10
4839,0,0,0,1
4843,0,0,0,3
4848,-0,0,0,0
4850,0,0,0,1
4857,0,0,0,10
4860,0,0,0,10
4864,0,0,0,10
4868,0,0,0,9
4869,0,0,0,8
4872,0,0,0,8
4883,0,0,0,3
4886,0,0,0,10
4890,-0,0,0,0
4891,0,0,0,1
4899,-0,0,0,0
4901,-0,0,0,0
4907,0,0,0,10
4911,0,0,0,10
4914,0,0,0,10
4918,0,0,0,4
4926,0,0,0,10
4929,0.1610425878239398,0.15384615384615385,0.25,10
4934,0.2399208948023808,0.1875,0.3333333333333333,10
4935,0.25149163749941644,0.1875,0.25,10
4936,0.39284674918658075,0.2,1,10
4946,0,0,0,10
4951,0.5052671609330512,0.4375,0.3333333333333333,10
4952,0.31879392588472627,0.1875,0.5,10
4954,0,0,0,10
4955,0,0,0,10
4956,0,0,0,10
4972,0.5388856921828065,0.25,1,10
4975,0,0,0,10
4978,0.14833536055465485,0.05555555555555555,0.25,10
4984,0,0,0,2
5007,0.16815228646891084,0.125,0.25,10
5021,0,0,0,10
5022,0,0,0,10
5027,0.5708588662113934,0.375,0.5,10
5031,0,0,0,10
5034,0.0636207881989517,0.0625,0.1,10
5043,0.3529461582433961,0.3076923076923077,0.5,10
5047,0.5026621263343608,0.26666666666666666,1,10
5048,0.2893816602237692,0.13333333333333333,1,10
5051,-0,0,0,0
5066,0.34685330469621795,0.25,0.3333333333333333,10
5069,0.0636207881989517,0.0625,0.1,10
5072,0,0,0,10
5074,0.05242205769552898,0.06666666666666667,0.125,10
5075,0,0,0,10
5079,0,0,0,10
5080,0,0,0,10
5081,0,0,0,10
5085,0,0,0,10
5086,0,0,0,10
5087,0.7159955418930736,0.5555555555555556,1,10
5094,0,0,0,10
5102,0,0,0,1
5108,-0,0,0,0
5109,0,0,0,5
5110,0,0,0,6
5111,0,0,0,6
5112,-0,0,0,0
5115,0,0,0,3
5124,0,0,0,10
5130,0.6795347896622016,0.6666666666666666,0.5,10
5133,0,0,0,1
5134,0.5111707781750245,0.375,0.3333333333333333,10
5137,0.8289551287603967,0.2647058823529412,1,10
5141,0,0,0,10
5142,0,0,0,10
5146,-0,0,0,0
5149,0.38431135260440824,0.1875,1,10
5155,0,0,0,10
5158,0.4228506620510153,0.3125,0.3333333333333333,10
5166,0.5302442049991306,0.375,0.5,10
5168,0.5904583928023536,0.21621621621621623,0.3333333333333333,10
5177,0.08623628983735337,0.0625,0.16666666666666666,10
5178,0.5637884576902256,0.1111111111111111,1,10
5185,0,0,0,10
5187,0,0,0,10
5205,1,0.2631578947368421,1,10
5206,-0,0,0,0
5209,0,0,0,10
5210,1,0.625,1,10
5216,0.22009176629808014,0.0625,1,10
5220,0.1803791308352019,0.3333333333333333,0.1,10
5223,0.6571357268321337,0.5,0.5,10
5227,0,0,0,10
5230,0.10947972420421868,0.05128205128205128,0.25,10
5231,0.67269340399873,0.4375,1,10
5233,0.515889298427605,0.08333333333333333,1,10
5241,0,0,0,10
5249,0,0,0,1
5250,-0,0,0,0
5252,0,0,0,3
5257,0,0,0,1
5260,0,0,0,9
5263,0,0,0,2
5269,0,0,0,2
5271,0,0,0,4
5274,0,0,0,2
5278,-0,0,0,0
5285,-0,0,0,0
5289,-0,0,0,0
5291,0,0,0,2
5295,-0,0,0,0
5297,-0,0,0,0
5303,0.725452110735279,0.4375,1,10
5307,0,0,0,10
5309,0,0,0,10
5311,0.5072380780124417,0.1282051282051282,0.5,10
5312,0.9266360779006398,0.6428571428571429,1,10
5314,0.77586678329459,0.5,1,10
5318,0.3932783996463063,0.25,1,10
5319,0.4440973278132556,0.2,1,10
5321,0,0,0,10
5322,0.4437383536868235,0.14285714285714285,1,10
5338,0.178891322627579,0.14285714285714285,0.5,10
5339,0.26742619438551957,0.0625,1,10
5341,0.09010000865236768,0.125,0.16666666666666666,10
5342,0.3667314583167897,0.14285714285714285,1,10
5347,0.9556668866636359,0.5625,1,10
5351,0,0,0,10
5354,1,0.2564102564102564,1,10
5365,0.24640095731266953,0.13333333333333333,0.5,10
5366,0,0,0,10
5369,0,0,0,10
5383,0.540876706081048,0.25,1,10
5389,0.14231602649865396,0.14285714285714285,0.3333333333333333,10
5390,0,0,0,10
5391,0,0,0,10
5394,0.21905299129122968,0.2222222222222222,0.5,10
5396,0.24640095731266953,0.125,0.5,10
5405,0.49463965556280093,0.25,1,10
5407,0.4690000933206747,0.1875,1,10
5418,0,0,0,10
5419,0.1996655273151135,0.125,0.3333333333333333,10
5420,0.08914206479517318,0.0625,0.14285714285714285,10
5439,0,0,0,10
5447,0.3610443495636038,0.1875,0.5,10
5451,0.1388624438735545,0.0625,0.5,10
5454,0.06943122193677725,0.0625,0.125,10
5455,-0,0,0,0
5457,0,0,0,1
5459,0.5231737964779627,0.26666666666666666,1,10
5461,0.11965140339054489,0.13333333333333333,0.14285714285714285,10
5473,0.07336392209936005,0.0625,0.14285714285714285,10
5479,-0,0,0,0
5482,-0,0,0,0
5484,-0,0,0,0
5487,0,0,0,10
5488,0,0,0,10
5495,-0,0,0,0
5496,0.42883980903376634,0.3333333333333333,0.5,10
5497,0.4372825864440191,0.25,0.5,10
5507,0,0,0,1
5515,-0,0,0,0
5520,0.7222954974312066,0.375,1,10
5524,0.2710884709729799,0.1875,0.3333333333333333,10
5526,0.24890832702259458,0.14285714285714285,0.5,10
5527,0.2934556883974402,0.13333333333333333,1,10
5532,0.6988950380856122,0.625,1,10
5533,-0,0,0,0
5536,0,0,0,10
5538,0.3683756341388872,0.25,0.3333333333333333,10
5539,0.3262124827204899,0.1875,1,10
5549,0,0,0,10
5550,0,0,0,10
5559,0,0,0,10
5574,0.29740901205864334,0.07692307692307693,1,3
5579,0.6716766153645817,0.18181818181818182,1,10
5580,0.3499667779514209,0.1875,1,10
5581,0,0,0,10
5583,-0,0,0,0
5589,0.4351098955930419,0.25,1,10
5596,0,0,0,10
5597,0.27621924098145395,0.125,1,10
5599,0,0,0,10
5600,0.1073508639320094,0.07142857142857142,0.25,10
5607,0.745142262357244,0.5,1,10
5608,0,0,0,10
5609,0,0,0,10
5622,0,0,0,10
5628,0,0,0,10
5634,-0,0,0,0
5638,0,0,0,10
5640,0,0,0,10
5641,0,0,0,10
5643,0,0,0,10
5648,0,0,0,10
5649,0,0,0,10
5661,-0,0,0,0
5669,-0,0,0,0
5672,0,0,0,10
5673,0,0,0,10
5677,0,0,0,10
5680,0,0,0,10
5682,0,0,0,10
5696,0,0,0,10
5698,0,0,0,10
5706,-0,0,0,0
5709,0,0,0,10
5710,0,0,0,10
5711,0,0,0,10
5720,0,0,0,10
5722,0,0,0,10
5723,0,0,0,10
5728,0.056762078427747324,0.03225806451612903,0.2,10
5733,0,0,0,10
5736,0.1388624438735545,0.07142857142857142,0.5,10
5737,-0,0,0,0
5741,0,0,0,10
5746,0,0,0,10
5747,0,0,0,10
5756,0,0,0,10
5785,0,0,0,10
5787,0,0,0,10
5795,0.489938890671454,0.25,1,10
5796,0.694462739725164,0.5,1,10
5798,0.051535670955269286,0.1,0.1,10
5808,0.8757774055736726,0.75,1,10
5810,0,0,0,10
5823,0,0,0,10
5824,0.47792208686936044,0.25,1,10
5826,0.4690000933206747,0.1875,1,10
5828,1,0.625,1,10
5838,0,0,0,10
5842,0.19518900079066107,0.125,0.3333333333333333,10
5846,0,0,0,8
5849,0,0,0,7
5858,0.3042277482306232,0.25,0.5,10
5871,0.4225051418507037,0.13333333333333333,1,10
5872,0,0,0,10
5879,0,0,0,10
5880,0.18660113481564067,0.0625,1,10
5884,0,0,0,10
5885,0,0,0,10
5886,0.5129861293403476,0.25,1,10
5887,0,0,0,10
5888,0.6274944191528623,0.42857142857142855,1,10
5892,0,0,0,10
5893,0.5774566829659212,0.3333333333333333,1,10
5896,0.5541432109622957,0.3076923076923077,1,10
5898,-0,0,0,0
5899,0.524654207826511,0.5,1,10
5900,0.5741993168973154,0.6666666666666666,1,10
5902,0.7790889382842405,0.5,1,10
5903,0.6994739030813918,0.14634146341463414,1,10
5911,0.22009176629808014,0.0625,1,10
5918,0.6744821105691429,0.5,1,10
5921,0,0,0,10
5923,0.04958144497588459,0.06666666666666667,0.125,10
5932,0.9504318313235595,0.625,1,10
5935,0.9363792118010483,0.75,1,10
5941,0.2060642383373969,0.05263157894736842,0.25,10
5943,0,0,0,10
5948,-0,0,0,0
5952,-0,0,0,0
5955,0.8408436653657579,0.4666666666666667,1,10
5965,-0,0,0,0
5971,0.02556122900474152,0,0,10
5982,0.4283854321084119,0.075,1,10
5993,0,0,0,10
6001,-0,0,0,0
6008,0.04878471535567601,0,0,10
6026,0.31561692740233804,0.13793103448275862,0.25,10
6031,1,0.6666666666666666,1,10
6033,0.2575389154724167,0.07142857142857142,1,10
6035,0.7151857987862356,0.24,1,10
6036,0,0,0,10
6046,0.22119341301481263,0.1875,0.16666666666666666,10
6055,0.05226551265245022,0.02564102564102564,0.16666666666666666,10
6060,0.1388624438735545,0.0625,0.5,10
6077,0.0546305608968178,0.02702702702702703,0.16666666666666666,10
6081,0,0,0,10
6087,0.1564262420075855,0.3333333333333333,0.14285714285714285,10
6089,0,0,0,10
6091,0.3417032884314207,0.3333333333333333,0.3333333333333333,10
6125,0.3706355185414171,0.25,0.5,10
6128,-0,0,0,0
6132,0.9454862044599011,0.2857142857142857,1,10
6136,0,0,0,10
6138,0.5705976952068507,0.4,1,10
6149,0.07979453856244816,0.125,0.125,10
6154,0.1388624438735545,0.06666666666666667,0.5,10
6157,0.2520289596798838,0.2727272727272727,0.3333333333333333,10
6158,0,0,0,10
6163,0.08514311764162098,0.08333333333333333,0.2,10
6169,0.6578986223737446,0.375,1,10
6172,0.11004588314904007,0.0625,0.3333333333333333,10
6174,0.40853591842579556,0.1875,1,10
6177,0.7547875090851738,0.5,1,10
6182,0.5196575323691327,0.1875,1,10
6190,0,0,0,10
6191,1,0.625,1,10
6225,0,0,0,10
6232,0,0,0,10
6236,0,0,0,10
6240,0.5519699720241614,0.375,0.5,10
6242,0.1388624438735545,0.0625,0.5,10
6244,0.9094987067248556,0.6153846153846154,1,8
6247,0,0,0,10
6259,0.7728378251807518,0.4375,1,10
6260,0.5880381364770575,0.38461538461538464,1,10
6261,0.800693766409882,0.4375,1,10
6296,0,0,0,10
6304,0,0,0,10
6316,0.4972338571580798,0.3333333333333333,1,10
6329,0.5795092284518907,0.4375,0.3333333333333333,10
6331,0.44048341995406454,0.1875,1,10
6334,0.35895421017163465,0.125,1,5
6340,0.24890832702259458,0.16666666666666666,0.5,10
6362,0.42333070005078094,0.26666666666666666,1,10
6370,0.28634598975246917,0.125,1,10
6377,1,0.625,1,10
6380,-0,0,0,0
6382,0.20829366581033176,0.13333333333333333,0.5,10
6383,0,0,0,10
6387,0.43810818083050457,0.25,1,10
6395,0.9363792118010483,0.5294117647058824,1,10
6400,0.1374086302940712,0.06060606060606061,0.2,10
6409,0.456899187845258,0.12121212121212122,1,10
6411,0.49193913836103503,0.25,1,10
6416,0,0,0,10
6418,0.7222954974312066,0.375,1,10
6422,-0,0,0,0
6426,0.059330599181095484,0.06666666666666667,0.2,10
6430,0.515889298427605,0.1875,1,10
6433,0.0660908915685874,0.0625,0.14285714285714285,10
6436,0,0,0,10
6438,0,0,0,9
6439,0,0,0,10
6440,0,0,0,10
6447,0,0,0,10
6455,0.7297588295261282,0.46153846153846156,1,10
6458,-0,0,0,0
6459,-0,0,0,0
6470,0,0,0,10
6475,0.4131279133289226,0.26666666666666666,0.5,10
6477,0.3216587651945162,0.3076923076923077,0.3333333333333333,10
6485,0.24890832702259458,0.125,0.5,10
6508,0,0,0,10
6510,0.9266360779006398,0.625,1,10
6523,0,0,0,10
6560,0.08899589877164323,0.0625,0.2,10
6565,0.3843483686763149,0.5,1,10
6571,0,0,0,10
6572,0.2984900352767555,0.125,1,10
6573,0,0,0,10
6579,0,0,0,10
6583,0,0,0,10
6584,0.8165901947515998,0.5,1,10
6586,1,1,1,10
6590,0,0,0,10
6591,0.44534847005695666,0.1875,1,10
6596,0.06943122193677725,0.0625,0.125,10
6597,0.17318663334822612,0.125,0.25,10
6613,0.20829366581033176,0.125,0.5,10
6619,0.06943122193677725,0.06666666666666667,0.125,10
6624,0,0,0,10
6625,0,0,0,10
6636,1,0.6666666666666666,1,10
6637,0.3456882995191705,0.16666666666666666,1,10
6639,1,1,1,10
6643,0.11502553052133685,0.06666666666666667,0.3333333333333333,10
6647,-0,0,0,0
6655,0,0,0,10
6656,0,0,0,10
6663,0.0728781195196487,0.06666666666666667,0.1111111111111111,10
6665,0.26238458908655027,0.2222222222222222,0.3333333333333333,10
6666,0,0,0,10
6671,-0,0,0,0
6676,0.4690000933206747,0.07894736842105263,1,10
6683,0,0,0,10
6685,0,0,0,10
6690,0.6809047493604334,0.16216216216216217,1,10
6696,0.29727159644205703,0.2,0.5,10
6699,0,0,0,10
6725,0,0,0,10
6727,0.546216915252498,0.42857142857142855,1,10
6738,0,0,0,10
6742,0.1388624438735545,0.06666666666666667,0.5,10
6747,0.0636207881989517,0.07142857142857142,0.1,10
6750,0.22009176629808014,0.023809523809523808,1,10
6751,0.5363559634917963,0.46153846153846156,0.5,10
6756,0.8369256770986023,0.4375,1,10
6757,0,0,0,10
6758,0,0,0,10
6759,0.7788065869851873,0.4375,1,10
6762,0,0,0,10
6765,0.07414861528507453,0.1111111111111111,0.125,10
6769,0.17630010660342912,0.14285714285714285,0.3333333333333333,10
6771,0.92663607790064,0.5625,1,10
6782,0.2855902880722746,0.125,1,10
6786,0.3372879974713539,0.14285714285714285,1,10
6787,0.14867326849560983,0.15384615384615385,0.2,10
6793,0,0,0,10
6794,0.1388624438735545,0.06666666666666667,0.5,10
6813,0.933745776545611,0.5625,1,10
6816,0.5037854158496246,0.4,0.5,10
6823,0,0,0,4
6832,0.0636207881989517,0.03333333333333333,0.1,10
6839,0.12224381943892991,0.1,0.14285714285714285,10
6840,0.6500332220485789,0.5,0.5,10
6843,0.18340980524840012,0.125,0.3333333333333333,10
6850,0,0,0,8
6851,0,0,0,5
6857,0.0636207881989517,0.0625,0.1,10
6865,0.38834533445695124,0.10810810810810811,1,10
6871,0.37859880603906115,0.25,1,10
6895,0,0,0,10
6898,0.06943122193677725,0.06666666666666667,0.125,10
6901,0.2984900352767555,0.15384615384615385,1,10
6903,0,0,0,10
6904,0,0,0,2
6905,0,0,0,10
6915,0,0,0,10
6917,0,0,0,10
6920,0.7693401180464315,0.625,1,10
6926,0,0,0,10
6927,0,0,0,10
6934,0.2837125544970318,0.05405405405405406,1,10
6936,0,0,0,10
6943,0.15457433957839825,0.125,0.2,10
6948,0.22486036416572236,0.09090909090909091,1,10
6953,0.8701249883466592,0.5,1,10
6961,0.07839826897867533,0.0625,0.16666666666666666,10
6974,0.4629510325252251,0.21428571428571427,1,10
6975,0.2614432242450501,0.10344827586206896,0.3333333333333333,10
6976,0,0,0,10
6980,0.22009176629808014,0.0625,1,10
6983,0,0,0,10
6985,0.08514311764162098,0.0625,0.2,10
6987,0.31488013066763093,0.1111111111111111,1,10
7001,0.4283854321084119,0.2,1,10
7008,0,0,0,10
7013,0.2685529228900211,0.2727272727272727,0.3333333333333333,10
7016,0.0883766089040905,0.14285714285714285,0.1,10
7023,1,1,1,10
7025,0.4170606134915054,0.26666666666666666,0.5,10
7034,0.5586390833216328,0.26666666666666666,1,10
7035,0.38504814933911535,0.25,0.5,10
7037,0,0,0,10
7050,0.26367168298336585,0.1875,0.16666666666666666,10
7062,0.14606834984270645,0.2,0.25,10
7065,0,0,0,10
7079,0.3097279100965646,0.19047619047619047,0.2,10
7086,0.5734923014668307,0.46153846153846156,0.5,10
7092,0.641895699844958,0.375,1,10
7094,0.37519712029518015,0.14285714285714285,1,10
7095,0.2583297509898471,0.1875,0.25,10
7096,0,0,0,10
7103,-0,0,0,0
7106,1,0.25,1,10
7108,0.4228506620510153,0.3125,0.3333333333333333,10
7111,0,0,0,10
7112,0.17902898027818492,0.06451612903225806,0.2,10
7120,0.5028068227581621,0.3,1,10
7126,0.8080922243267024,0.5384615384615384,1,10
7127,0.279901702223461,0.0625,1,10
7132,0.6891451314068769,0.625,0.25,10
7145,0,0,0,2
7147,0.41939799988819815,0.25,1,10
7154,0.7588132970477612,0.4375,1,10
7158,0.16354138662029633,0.13333333333333333,0.2,10
7169,0.8611375561264454,0.6,1,10
7171,0.5743371894486218,0.19230769230769232,1,10
7175,0.7107366686735749,0.5714285714285714,1,10
7195,1,0.625,1,10
7203,0,0,0,10
7204,0,0,0,10
7207,0.6301653161143503,0.25,1,10
7210,0,0,0,10
7211,1,1,1,10
7217,0.784197037664021,0.5714285714285714,1,10
7238,0.800693766409882,0.4375,1,10
7240,0.2742848206396422,0.1875,1,10
7244,0.09478836436955078,0.0625,0.25,10
7250,0,0,0,10
7253,1,0.625,1,10
7255,0.3339138310053121,0.2857142857142857,0.5,10
7256,0.11004588314904007,0.0625,0.3333333333333333,10
7258,0.5388856921828065,0.17391304347826086,1,10
7268,0.9154119198746465,0.625,1,10
7269,0,0,0,10
7270,0,0,0,10
7274,0,0,0,10
7278,0.22009176629808014,0.08333333333333333,1,10
7295,0,0,0,10
7299,1,0.7692307692307693,1,10
7301,0.6371523797895855,0.3125,1,10
7303,0,0,0,10
7305,0,0,0,10
7316,0.1810234404962175,0.125,0.25,10
7318,0.07336392209936005,0.043478260869565216,0.14285714285714285,10
7319,0.3995688713838975,0.1875,1,10
7320,0.4690000933206747,0.25,1,10
7328,0,0,0,10
7336,0,0,0,10
7340,0.09330056740782033,0.0625,0.3333333333333333,10
7345,-0,0,0,0
7347,0.20511666732794356,0.13333333333333333,0.5,10
7388,0.24397230367837971,0.05357142857142857,0.5,10
7405,0.727329844310522,0.375,1,10
7415,0,0,0,10
7417,0.8539316501572934,0.8,1,10
7423,0,0,0,7
7425,0.5423247252962317,0.35714285714285715,0.5,10
7427,0.09478836436955078,0.07692307692307693,0.25,10
7428,0.15568992410816748,0.2,0.125,10
7430,0,0,0,10
7434,0.22009176629808014,0.07142857142857142,1,10
7436,0,0,0,10
7442,0,0,0,10
7443,0.9216017310213247,0.6,1,10
7456,0.41761443305159,0.2,0.5,10
7468,0,0,0,10
7478,0.12681303111198555,0.125,0.25,10
7480,-0,0,0,0
7481,0,0,0,2
7483,0,0,0,10
7493,-0,0,0,0
7503,-0,0,0,0
7505,0,0,0,10
7511,0.1388624438735545,0.0625,0.5,10
7512,-0,0,0,0
7519,-0,0,0,0
7520,-0,0,0,0
7528,0,0,0,1
7538,-0,0,0,0
7541,0.15139734109601002,0.08,0.2,10
7545,0,0,0,1
7561,-0,0,0,0
7574,0,0,0,1
7581,0.6496872770120411,0.5,1,10
7582,-0,0,0,0
7583,0.5631102580041938,0.3125,1,10
7585,-0,0,0,0
7587,0,0,0,10
7594,0,0,0,10
7596,0,0,0,1
7602,0,0,0,10
7605,0,0,0,10
7609,0.4000232483092519,0.12,1,10
7611,0.121825078691301,0.1,0.2,10
7612,0,0,0,10
7621,0.0636207881989517,0.04,0.1,10
7629,0.2850703250369507,0.3333333333333333,0.3333333333333333,10
7634,0,0,0,1
7635,0.9466020814589617,0.6923076923076923,1,10
7636,0.7383062449225429,0.5,1,10
7642,0.5211204970478976,0.21052631578947367,1,6
7657,0,0,0,9
7663,0.727329844310522,0.16666666666666666,1,10
7667,-0,0,0,0
7669,-0,0,0,0
7675,0.4089773158351054,0.3333333333333333,0.25,10
7679,0,0,0,5
7689,0.45650001423154074,0.125,1,10
7700,0.0546305608968178,0.06666666666666667,0.16666666666666666,10
7716,0,0,0,10
7726,-0,0,0,0
7729,0.7406373893926299,0.375,1,10
7732,0.3863083732086251,0.125,1,3
7740,0,0,0,10
7741,0,0,0,10
7742,0,0,0,10
7746,0,0,0,10
7751,0,0,0,10
7752,0.06625422345438903,0.030303030303030304,0.1111111111111111,10
7756,0.07336392209936005,0.0625,0.14285714285714285,10
7760,0.09257496258236969,0.024390243902439025,0.5,10
7808,0.0843142342558857,0.125,0.14285714285714285,10
7812,0.1388624438735545,0.06666666666666667,0.5,10
7828,0.9216017310213247,0.5625,1,10
7829,0.46085674837932616,0.2857142857142857,1,10
7839,0.3696659055794982,0.058823529411764705,0.1,10
7844,0.34010470860978487,0.09090909090909091,1,10
7854,0,0,0,10
7864,1,0.625,1,10
7873,0.0636207881989517,0.021739130434782608,0.1,10
7876,0,0,0,10
7879,0,0,0,10
7886,0.324296020802195,0.14285714285714285,1,10
7887,-0,0,0,0
7890,0.5114239979829408,0.5454545454545454,0.3333333333333333,10
7892,1,1,1,10
7896,0,0,0,10
7897,0.35895421017163465,0.125,1,10
7905,0.09891756949871809,0.07142857142857142,0.1111111111111111,10
7910,0.33405144466421555,0.2727272727272727,0.5,10
7922,1,0.625,1,10
7969,-0,0,0,0
7995,0.11004588314904007,0.06666666666666667,0.3333333333333333,10
7996,0.37519712029518015,0.15384615384615385,1,10
8011,0,0,0,10
8018,0.14782949091545258,0.125,0.16666666666666666,10
8019,0.06943122193677725,0.07142857142857142,0.125,10
8021,-0,0,0,0
8023,0.7270361529727652,0.21428571428571427,1,8
8027,0.28001858663099266,0.125,1,5
8043,0.521265605973125,0.1111111111111111,1,10
8045,0.5761572470314522,0.45454545454545453,1,10
8050,-0,0,0,0
8062,0.34231889049679554,0.1,0.5,10
8063,-0,0,0,0
8066,-0,0,0,0
8073,-0,0,0,0
8074,0,0,0,10
8077,-0,0,0,0
8087,0,0,0,10
8094,-0,0,0,0
8097,-0,0,0,0
8104,0,0,0,7
8105,0,0,0,1
8107,-0,0,0,0
8110,-0,0,0,0
8111,-0,0,0,0
8122,-0,0,0,0
8126,0,0,0,1
8134,-0,0,0,0
8139,-0,0,0,0
8142,-0,0,0,0
8144,-0,0,0,0
8146,-0,0,0,0
8155,0.9216017310213247,0.5625,1,10
8159,0.5619107241149828,0.5,1,10
8171,0,0,0,10
8173,0.6207622843987101,0.38461538461538464,1,10
8174,0,0,0,10
8177,0,0,0,10
8179,0.0636207881989517,0.0625,0.1,10
8181,0.8200685179888281,0.5,1,10
8185,0.933745776545611,0.5625,1,10
8229,0,0,0,1
8230,-0,0,0,0
8236,-0,0,0,0
8241,0.1356854453911663,0.125,0.125,10
8246,0,0,0,10
8253,0,0,0,10
8259,0.2685529228900211,0.11538461538461539,0.3333333333333333,10
8260,0.4323181322709947,0.1875,1,10
8265,0.09643499495537623,0.08695652173913043,0.16666666666666666,10
8267,0.4690000933206747,0.1875,1,10
8274,0.523764870123389,0.125,1,10
8276,0,0,0,10
8280,-0,0,0,0
8283,-0,0,0,0
8284,0,0,0,1
8285,-0,0,0,0
8290,-0,0,0,0
8313,0.11004588314904007,0.0625,0.3333333333333333,9
8317,0.6621137423456801,0.35294117647058826,1,10
8327,0.09684208768602304,0.06666666666666667,0.25,10
8369,0,0,0,10
8383,0.07336392209936005,0.0625,0.14285714285714285,10
8384,0,0,0,10
8396,0.8603818544462508,0.5625,1,10
8398,0,0,0,10
8405,0.1388624438735545,0.0625,0.5,10
8411,0,0,0,10
8419,0,0,0,10
8430,-0,0,0,0
8431,0.390700267063723,0.25,0.5,10
8445,0.4737093167043897,0.10526315789473684,1,10
8448,0,0,0,10
8454,0.24655055544758617,0.1875,0.25,10
8461,-0,0,0,0
8462,0.6597133113683123,0.4,1,10
8501,0,0,0,10
8509,0,0,0,10
8515,0.771300643499791,0.375,1,10
8517,0,0,0,10
8519,0.09950447776031854,0.15384615384615385,0.14285714285714285,10
8539,0.11004588314904007,0.07142857142857142,0.14285714285714285,10
8540,0,0,0,10
8542,0,0,0,10
8543,0,0,0,10
8545,0.30260241349881345,0.16666666666666666,1,1
8557,0,0,0,10
8558,0,0,0,10
8564,0,0,0,1
8573,0,0,0,10
8585,0,0,0,10
8604,-0,0,0,0
8605,-0,0,0,0
8608,0,0,0,2
8609,0,0,0,10
8610,-0,0,0,0
8617,0,0,0,10
8619,0,0,0,10
8620,0.07839826897867533,0.043478260869565216,0.16666666666666666,10
8630,-0,0,0,0
8692,0,0,0,10
8693,0.09907759915099076,0.0625,0.25,10
8695,0.09478836436955078,0.025,0.25,10
8700,0.424926013816671,0.1875,1,10
8706,0.3301376494471202,0.125,1,10
8724,0.7542686714597935,0.4375,1,10
8726,0.7799082337019198,0.5625,0.5,10
8727,0,0,0,10
8733,0.2300510610426737,0.08333333333333333,1,10
8740,0,0,0,10
8742,0,0,0,6
8743,0.31879392588472627,0.1875,0.5,10
8744,0.06625422345438903,0.0625,0.1111111111111111,10
8748,0,0,0,10
8752,1,0.8333333333333334,1,10
8760,0.07839826897867533,0.0625,0.16666666666666666,10
8772,0,0,0,2
8774,-0,0,0,0
8776,0.857673669302587,0.4375,1,10
8782,0,0,0,10
8783,0,0,0,10
8786,0,0,0,1
8788,0,0,0,2
8792,0.7849818707050382,0.175,1,10
8794,0.09478836436955078,0.043478260869565216,0.25,10
8803,0,0,0,10
8816,0.2300510610426737,0.07142857142857142,1,10
8820,0.4816899038611916,0.42857142857142855,0.16666666666666666,10
8822,0.9125388471459603,0.6,1,10
8826,0,0,0,10
8836,0,0,0,10
8843,0,0,0,7
8844,0.24823161036660316,0.125,0.3333333333333333,10
8848,-0,0,0,0
8857,0.3052348839397011,0.125,1,10
8871,0.5637884576902256,0.12903225806451613,1,10
8884,0.5023756245102127,0.2,1,10
8889,0.24926098697416302,0.09090909090909091,1,1
8892,0.8051628502199796,0.8,1,10
8893,0.7164198112122201,0.5454545454545454,1,10
8899,0.4557670841989305,0.26666666666666666,1,10
8923,0.641094948880982,0.3125,1,7
8924,1,0.625,1,10
8925,0.841492960259019,0.1951219512195122,1,10
8935,1,0.8333333333333334,1,10
8938,0,0,0,10
8942,0,0,0,7
8944,0.6286658127890671,0.3125,1,10
8950,0,0,0,10
8951,0.5236158565649857,0.25,1,10
8956,0.07437216746382688,0.08333333333333333,0.125,10
8957,0.6230158589111029,0.4666666666666667,0.5,10
8959,0,0,0,10
8972,0.4152807670887412,0.1875,1,10
8974,0.07858473101834644,0.0625,0.3333333333333333,10
8978,0.9267995871640471,0.875,1,10
8992,0.8630152897016883,0.5,1,10
8993,-0,0,0,0
9001,0.49118023727106,0.25,1,10
9003,0.6698623505528797,0.5333333333333333,0.5,10
9004,-0,0,0,0
9010,-0,0,0,0
9011,0.4791616403996509,0.075,1,10
9016,0,0,0,10
9019,0.7259622398328124,0.4375,1,10
9029,0.3597099118518292,0.1875,1,10
9043,1,0.625,1,10
9050,0,0,0,10
9053,0.07839826897867533,0.0625,0.16666666666666666,10
9059,0.1610425878239398,0.13333333333333333,0.25,10
9064,0.1799314820111718,0.07692307692307693,0.25,10
9066,0,0,0,10
9073,0,0,0,10
9076,0.9745424184457858,0.6666666666666666,1,10
9079,0.4396173736513389,0.25,1,10
9088,0.8456703476468725,0.20512820512820512,1,10
9093,0.16421958630632802,0.13333333333333333,0.25,10
9096,0,0,0,10
9099,0.07839826897867533,0.0625,0.16666666666666666,10
9101,1,0.625,1,10
9105,0.6807147163911592,0.5,1,10
9106,-0,0,0,0
9108,0,0,0,10
9112,0.22009176629808014,0.0625,1,1
9118,0,0,0,10
9120,0,0,0,10
9127,0.11505351121173782,0.0625,0.2,10
9128,0.6306637463657283,0.375,1,10
9167,-0,0,0,0
9169,0,0,0,5
9171,0,0,0,10
9176,0,0,0,3
9183,0,0,0,3
9190,0.22009176629808014,0.025,1,7
9192,0,0,0,7
9194,0,0,0,7
9197,0,0,0,1
9198,-0,0,0,0
9203,0.4982710309705436,0.3125,0.5,10
9207,0.35899799674353866,0.2857142857142857,0.5,10
9210,0,0,0,10
9211,0.2336508082431053,0.125,0.5,10
9215,0,0,0,10
9218,0,0,0,10
9222,0.1388624438735545,0.0625,0.5,10
9226,0.09120217140065603,0.0625,0.2,10
9245,0.4012479439685138,0.2222222222222222,1,10
9251,0.47293279348325756,0.25,1,10
9253,-0,0,0,0
9254,0.2575389154724167,0.06666666666666667,1,1
9259,0.27191445400928344,0.1875,0.5,10
9263,0.5231737964779627,0.25,1,10
9267,0.07336392209936005,0.0625,0.14285714285714285,10
9270,0.8447274418735332,0.5333333333333333,1,10
9279,0.20323893375270077,0.1875,0.14285714285714285,10
9287,0,0,0,10
9290,0.11004588314904007,0.08333333333333333,0.3333333333333333,10
9295,0.8899541168509598,0.5625,1,10
9300,0,0,0,10
9313,0.12342969255378516,0.125,0.16666666666666666,10
9314,0.1467278441987201,0.0625,1,10
9320,0.6489315753318465,0.3125,1,10
9335,0.7007249908422912,0.375,1,10
9342,0.1467278441987201,0.03225806451612903,1,4
9349,-0,0,0,0
9358,0.10153380441631457,0.08333333333333333,0.25,10
9359,0.35895421017163465,0.06060606060606061,1,2
9360,0,0,0,10
9362,0,0,0,10
9363,0.9032467383434785,0.625,1,10
9368,0.4323181322709947,0.1875,1,10
9370,0.7058075148678526,0.375,1,10
9372,0.07311683844390994,0.125,0.1,10
9385,0.07336392209936005,0.06666666666666667,0.14285714285714285,10
9388,0.7028752036107351,0.4375,1,10
9396,0,0,0,10
9398,0.2300510610426737,0.0625,1,10
9402,0.5698664345004878,0.23076923076923078,1,10
9407,0.31879392588472627,0.13636363636363635,0.5,10
9415,0,0,0,10
9416,0.632732683945411,0.3125,1,10
9418,0.6332196796270028,0.35714285714285715,1,10
9419,0,0,0,10
9421,0,0,0,10
9423,0.5363559634917963,0.375,0.5,10
9427,0.7791714369672127,0.20588235294117646,1,10
9436,0.9052116356304492,0.23076923076923078,1,10
9437,0.2300510610426737,0.0625,1,10
9439,0,0,0,1
9440,0.056762078427747324,0.0625,0.2,10
9447,0,0,0,10
9451,0,0,0,10
9477,0.22009176629808014,0.0625,1,10
9478,0,0,0,10
9485,0.3647442587311445,0.1875,1,10
9494,0.6648682786593287,0.3076923076923077,1,10
9496,0.9363792118010483,0.5625,1,10
9503,0.7948833326720564,0.5333333333333333,1,10
9506,0.5128801457364098,0.35714285714285715,0.5,10
9513,0.5736308419865447,0.2777777777777778,0.3333333333333333,10
9514,0.13371309719275978,0.0625,0.3333333333333333,5
9515,0.279901702223461,0.0625,1,1
9520,0.7948833326720564,0.5,1,10
9524,0.17187555068389032,0.2,0.16666666666666666,10
9553,0.34210208049534124,0.125,1,10
9555,0.40853591842579556,0.1875,1,10
9559,-0,0,0,0
9566,0,0,0,1
9570,0.22009176629808014,0.02857142857142857,1,10
9577,0,0,0,6
9578,0,0,0,10
9597,0.1668079615767874,0.125,0.3333333333333333,10
9598,0.5104398388577447,0.21428571428571427,1,10
9601,-0,0,0,0
9610,0.933745776545611,0.6428571428571429,1,10
9612,0.21726071285222984,0.05128205128205128,0.5,10
9614,0.15850703974098104,0.125,0.2,10
9626,0,0,0,5
9627,-0,0,0,0
9631,-0,0,0,0
9636,0,0,0,10
9637,0,0,0,10
9639,-0,0,0,0
9645,0,0,0,10
9647,0,0,0,10
9650,-0,0,0,0
9668,0,0,0,10
9669,0,0,0,10
9671,0,0,0,10
9672,0.07218717283658176,0.0625,0.2,10
9673,0,0,0,1
9676,0.0636207881989517,0.038461538461538464,0.1,10
9678,0.31646181538412904,0.15384615384615385,0.3333333333333333,10
9680,0.1388624438735545,0.0625,0.5,2
9687,0.06625422345438903,0.07142857142857142,0.1111111111111111,10
9690,0.06943122193677725,0.013157894736842105,0.125,10
9691,0,0,0,10
9693,0.3647442587311445,0.1875,1,10
9695,0.06456139179068202,0.0625,0.25,10
9698,0,0,0,5
9701,0,0,0,10
9708,-0,0,0,0
9713,0,0,0,10
9718,0,0,0,6
9719,0,0,0,1
9723,0,0,0,1
9726,-0,0,0,0
9730,0,0,0,4
9733,0,0,0,10
9740,-0,0,0,0
9742,0,0,0,10
9752,-0,0,0,0
9753,0,0,0,10
9755,0,0,0,10
9757,0,0,0,10
9763,-0,0,0,0
9767,-0,0,0,0
9772,0,0,0,10
9774,0,0,0,10
9776,0,0,0,10
9779,0,0,0,10
9784,0.1584091525685025,0.125,0.25,10
9785,0,0,0,10
9801,0,0,0,10
9805,0.10426501719323238,0.0625,0.25,10
9806,0,0,0,10
9807,0,0,0,10
9808,0,0,0,10
9818,0,0,0,10
9823,0.31833954895937183,0.2727272727272727,0.5,10
9825,0,0,0,2
9836,0,0,0,10
9839,0,0,0,10
9842,0.0991363373528811,0.06666666666666667,0.14285714285714285,10
9848,0,0,0,10
9851,0,0,0,10
9854,-0,0,0,0
9863,-0,0,0,0
9866,-0,0,0,0
9869,0,0,0,10
9880,0.28997736516021183,0.1875,0.3333333333333333,10
9882,0.08957915184229842,0,0,10
9883,0.2984900352767555,0.11764705882352941,1,10
9893,0,0,0,5
9898,0,0,0,10
9901,-0,0,0,0
9903,0,0,0,5
9904,0,0,0,7
9907,0,0,0,2
9909,0,0,0,3
9911,0,0,0,3
9912,0,0,0,7
9919,0,0,0,10
9926,0,0,0,10
9928,0,0,0,10
9939,0.45568466553999154,0.35,0.5,10
9948,0.47807901143642245,0.3125,1,10
9950,0,0,0,10
9957,0,0,0,10
9958,0,0,0,10
9962,0.7629310775045389,0.4666666666666667,1,10
9964,0,0,0,10
9967,0,0,0,10
9989,0,0,0,10
9990,0.955830517697074,0.24324324324324326,1,10
9991,0,0,0,3
9998,0,0,0,10
10002,0,0,0,10
10004,0,0,0,10
10006,0,0,0,10
10010,0.7745610100836567,0.3684210526315789,1,10
10016,0.8267416600889241,0.4666666666666667,1,10
10018,0.3683756341388872,0.16666666666666666,0.3333333333333333,10
10020,0.7222954974312066,0.46153846153846156,1,10
10025,0.2792998163346834,0.3,0.25,10
10027,-0,0,0,0
10028,0,0,0,10
10040,0.06625422345438903,0.07692307692307693,0.1111111111111111,10
10041,0.35895421017163465,0.15384615384615385,1,10
10042,0.1356854453911663,0.13333333333333333,0.125,10
10043,0.1610425878239398,0.125,0.25,10
10044,0.29740901205864334,0.06666666666666667,1,10
10051,0.09478836436955078,0.07142857142857142,0.25,10
10054,0.4189765203646354,0.26666666666666666,0.5,10
10071,0.6489315753318465,0.3125,1,10
10073,0.1467278441987201,0.08333333333333333,1,10
10083,0.4985723557253837,0.14814814814814814,1,10
10108,0,0,0,10
10114,0.5516478257283838,0.4375,0.3333333333333333,10
10121,0.866947989864271,0.5,1,10
10122,0.2399208948023808,0.1875,0.3333333333333333,10
10124,0.6180396628416763,0.375,1,10
10125,0,0,0,10
10126,0,0,0,10
10131,0.28955799767785434,0.25,0.16666666666666666,10
10133,0.8348088230847216,0.4666666666666667,1,7
10134,0,0,0,10
10140,0.7774274486106366,0.1891891891891892,1,10
10143,1,0.625,1,10
10144,0,0,0,10
10152,0.31604547268825595,0.16,0.2,10
10158,0.4527281414903876,0.3,1,10
10171,1,0.625,1,10
10179,-0,0,0,0
10186,0.28997736516021183,0.1875,0.3333333333333333,10
10189,0,0,0,10
10193,0.6382733776905922,0.46153846153846156,1,10
10195,0.8512360941594272,0.5333333333333333,1,10
10198,0.2860460468289663,0.25,0.2,10
10214,0.23817113949738414,0.25,0.16666666666666666,10
10226,0.6614022999318018,0.5,1,10
10227,0.20483424751859086,0.05714285714285714,0.3333333333333333,10
10228,0.5404673768993046,0.35714285714285715,0.5,10
10232,0.4977962688668735,0.3125,1,10
10235,0.6691345919034244,0.35714285714285715,1,10
10241,1,0.2777777777777778,1,10
10248,0.1708486469920357,0.06451612903225806,0.2,10
10273,-0,0,0,0
10274,-0,0,0,0
10279,-0,0,0,0
10285,-0,0,0,0
10288,0.9771741273130831,0.6666666666666666,1,10
10289,0.8579809428223729,0.8,1,10
10296,0.06943122193677725,0.0625,0.125,10
10297,-0,0,0,0
10298,0,0,0,10
10300,0.8175037781061659,0.4666666666666667,1,9
10307,0.45650001423154074,0.13333333333333333,1,3
10312,0.21287242412937254,0.07407407407407407,0.5,10
10323,0.5714988010115336,0.25,1,10
10332,0,0,0,10
10364,0,0,0,10
10368,0,0,0,10
10370,0.6083169141195837,0.5,1,10
10375,-0,0,0,0
10376,0.24209587273488012,0.07692307692307693,1,10
10379,0,0,0,4
10386,-0,0,0,0
10396,0.09478836436955078,0.07142857142857142,0.25,5
10409,0.7909506325094736,0.4666666666666667,1,10
10410,0,0,0,10
10435,1,0.2857142857142857,1,10
10438,0.4481609901571236,0.3333333333333333,0.2,10
10440,0.4150046129101238,0.2608695652173913,0.2,10
10457,0.20829366581033176,0.05128205128205128,0.5,10
10458,0,0,0,10
10459,0,0,0,10
10462,0.303902437924208,0.13333333333333333,1,10
10468,0,0,0,10
10469,0,0,0,10
10478,0,0,0,10
10482,-0,0,0,0
10489,0.3647442587311445,0.1875,1,10
10491,0,0,0,10
10492,0,0,0,10
10496,0.5988751049740154,0.3125,1,10
10498,0.4796836369028045,0.3125,0.5,10
10499,0.6785038377365555,0.375,1,10
10518,1,0.625,1,10
10525,0.08514311764162098,0.0625,0.2,10
10530,0.11004588314904007,0.0625,0.3333333333333333,10
10532,0.7653606369886218,0.6666666666666666,1,10
10533,0.21470340435482477,0.14285714285714285,0.3333333333333333,10
10536,0.5255977479526348,0.375,1,10
10537,0,0,0,1
10552,0,0,0,10
10553,0,0,0,10
10554,0.06625422345438903,0.0625,0.1111111111111111,10
10557,0.06943122193677725,0.06666666666666667,0.125,10
10560,0,0,0,10
10561,0.20530122902492812,0.125,0.5,10
10563,0,0,0,10
10564,0,0,0,10
10573,0.22082856303278728,0.1875,0.2,10
10580,0,0,0,10
10584,0.22009176629808014,0.06666666666666667,1,10
10611,0,0,0,10
10618,0.45650001423154074,0.13333333333333333,1,10
10621,-0,0,0,0
10636,0.9182162519778517,1,1,10
10638,0.4090307868171935,0.1875,1,10
10639,0,0,0,10
10645,0.2575389154724167,0.0625,1,2
10648,0.2520649403266671,0.07894736842105263,0.3333333333333333,10
10650,0,0,0,10
10651,0.3423045624937547,0.1875,1,10
10656,0,0,0,10
10663,0,0,0,10
10664,-0,0,0,0
10679,0.5423640154200348,0.3333333333333333,1,8
10686,0.4089788537970282,0.2857142857142857,0.5,10
10689,0.45374257454118544,0.1875,1,10
10706,0.3796047002392273,0.125,1,10
10753,0.8071397609596849,0.5384615384615384,1,10
10754,-0,0,0,0
10755,0.8531666001811665,0.5,1,10
10764,0.2685529228900211,0.1875,0.3333333333333333,10
10765,0.1581117808125655,0.14285714285714285,0.3333333333333333,10
10769,0,0,0,10
10771,-0,0,0,0
10781,0.19202318006638064,0.1875,0.16666666666666666,10
10792,0,0,0,10
10810,0.7510916729774053,0.5,1,10
10815,0.4701017400374072,0.45454545454545453,0.5,10
10833,-0,0,0,0
10836,-0,0,0,0
10837,-0,0,0,0
10839,0.5392627447548765,0.35294117647058826,0.5,10
10841,0,0,0,10
10846,0.07336392209936005,0.0625,0.14285714285714285,10
10848,0,0,0,10
10851,0,0,0,1
10863,0.22009176629808014,0.0625,1,10
10864,0,0,0,10
10865,0.35334665485187455,0.25,0.3333333333333333,10
10874,0.15274548932528484,0.0625,0.5,10
10883,-0,0,0,0
10893,0.3347696763243422,0.1875,0.5,10
10900,0,0,0,10
10918,0,0,0,10
10922,0,0,0,10
10924,0.2399465063283098,0.125,0.5,10
10928,0.8482378089219647,0.5,1,10
10931,0.4396592698888862,0.3333333333333333,1,10
10940,0,0,0,10
10942,0.5029066772370018,0.16216216216216217,0.5,10
10970,-0,0,0,0
10979,-0,0,0,0
10980,0,0,0,2
10981,0,0,0,4
10983,-0,0,0,0
10991,0.1979204851806171,0.125,0.25,10
11009,0.7510916729774053,0.5,1,10
11021,0.42126533542841105,0.23076923076923078,1,10
11027,0.9821490166714713,0.625,1,10
11029,0.48743356179143793,0.25,1,10
11032,-0,0,0,0
11038,0.23690530871965637,0.3,0.2,10
11052,0.7890459693613329,0.4666666666666667,1,10
11067,0.2187546037776888,0.25,0.25,10
11069,0.7655934900767001,0.18421052631578946,1,10
11074,0,0,0,10
11085,0,0,0,10
11098,0,0,0,10
11105,-0,0,0,0
11123,0.7379450459208725,0.46153846153846156,1,10
11124,0.5252954021029013,0.2727272727272727,1,10
11127,0.7421246259355073,0.4375,1,10
11128,0.7397482962262275,0.5384615384615384,1,10
11143,-0,0,0,0
11222,0.725452110735279,0.4375,1,10
11229,0.9674679834891694,1,1,10
11230,0.6627919420317118,0.5,1,10
11232,0.5341019007572799,0.25,1,10
11234,0.11517419293662172,0.07692307692307693,0.25,10
11235,0.11004588314904007,0.06666666666666667,0.3333333333333333,10
11242,0,0,0,10
11243,0.8224597061601243,0.21052631578947367,1,10
11251,0.49276192198755825,0.3125,1,10
11256,0.5182281048448001,0.45454545454545453,0.5,10
11265,0.7846170207230129,0.4375,1,10
11274,0.2449578509654947,0.18181818181818182,0.5,10
11275,0.2242324671449414,0.13333333333333333,0.5,10
11279,0.23690530871965637,0.1875,0.2,10
11282,0.3868528072345416,0.5,0.5,10
11284,0.3714891073940902,0.21428571428571427,1,10
11296,0,0,0,10
11301,-0,0,0,0
11302,0.7350608633173209,0.4,1,10
11307,0,0,0,10
11309,0.1388624438735545,0.02564102564102564,0.5,10
11317,0.22009176629808014,0.06666666666666667,1,10
11328,0.19572228152938376,0.125,0.5,10
11330,0.17630010660342912,0.13333333333333333,0.3333333333333333,10
11340,0,0,0,10
11344,-0,0,0,0
11345,0,0,0,10
11348,0.4827320268242777,0.25,1,10
11354,0.15621769124173895,0.125,0.16666666666666666,10
11358,0.3600558568883671,0.25,0.5,10
11374,0.06943122193677725,0.0625,0.125,10
11378,0.09525913246106908,0.09090909090909091,0.16666666666666666,10
11398,0.6951116003271834,0.3125,1,10
11405,0.6903718214731495,0.3125,1,10
11408,0.43735247915031,0.1875,1,10
11430,0,0,0,10
11432,0,0,0,10
11442,0,0,0,10
11450,-0,0,0,0
11451,0.22009176629808014,0.0625,1,2
11454,0.17169261031494448,0.0625,1,10
11457,0.45650001423154074,0.125,1,3
11461,0.6287982464630402,0.4,1,10
11470,0.3222722491219546,0.1875,0.5,10
11471,-0,0,0,0
11473,0.27120772071421856,0.1875,0.25,10
11477,0.16354138662029633,0.125,0.2,10
11478,1,0.625,1,10
11481,1,1,1,10
11482,0.7790889382842405,0.46153846153846156,1,10
11495,1,0.7142857142857143,1,10
11501,-0,0,0,0
11502,0.3062386434839551,0.25,0.25,10
11507,0.4963932973953009,0.5,0.3333333333333333,10
11508,0.6364741801035538,0.375,1,10
11509,0,0,0,10
11538,0,0,0,10
11560,0,0,0,10
11561,0.31488013066763093,0.0625,1,10
11598,-0,0,0,0
11600,0.31199722678310615,0.125,1,10
11611,0.14644674170642524,0,0,10
11613,0,0,0,10
11614,0.3288315337890528,0,0,10
11615,0.29740901205864334,0.07692307692307693,1,10
11619,0,0,0,10
11621,0,0,0,10
11622,0,0,0,10
11628,0.07858473101834644,0.041666666666666664,0.14285714285714285,10
11630,0,0,0,10
11634,-0,0,0,0
11642,0,0,0,10
11648,0,0,0,10
11652,0,0,0,10
11654,0,0,0,10
11655,0.22254088519887275,0.21428571428571427,0.3333333333333333,10
11665,0.3757677525932109,0.25,0.5,10
11668,0.4690000933206747,0.1875,1,10
11676,0.4458567890377042,0.25,0.25,10
11677,0.3844985279826931,0.13333333333333333,1,10
11691,0.26406812257259094,0.5,0.25,10
11694,1,1,1,10
11698,0,0,0,10
11704,1,0.6666666666666666,1,10
11718,0.8659250413543489,0.5833333333333334,1,10
11725,0.552265477387053,0.3125,1,10
11726,0.466924741555019,0.3125,0.5,10
11734,0.2984900352767555,0.125,1,10
11742,0.09478836436955078,0.0625,0.25,10
11746,0,0,0,10
11754,0,0,0,1
11760,0.3746661058764784,0.25,1,10
11764,0,0,0,10
11769,0,0,0,1
11776,0,0,0,10
11781,0,0,0,10
11789,0,0,0,10
11794,0.22009176629808014,0.0625,1,10
11800,0.08514311764162098,0.0625,0.2,10
11805,0,0,0,10
11807,0,0,0,10
11808,0,0,0,10
11811,0.29924322600669795,0.26666666666666666,0.3333333333333333,10
11821,0.2984900352767555,0.05555555555555555,1,10
11822,0,0,0,10
11823,0,0,0,10
11827,0,0,0,10
11831,0.07839826897867533,0.07142857142857142,0.16666666666666666,10
11833,0.13698471029831175,0.125,0.14285714285714285,10
11835,0.34472970081842347,0.13333333333333333,1,10
11839,0.07839826897867533,0.0625,0.16666666666666666,10
11845,0.514186364257749,0.1111111111111111,1,10
11851,0,0,0,10
11854,0.6203974344166847,0.20833333333333334,1,10
11857,0,0,0,10
11869,0,0,0,10
11875,0,0,0,10
11882,0.4806509447608622,0.10256410256410256,1,10
11887,0,0,0,10
11888,0.23923411421039645,0.2,0.3333333333333333,10
11889,0,0,0,10
11890,0.2375835084056881,0.21428571428571427,0.25,10
11895,0,0,0,10
11898,0,0,0,10
11903,0,0,0,10
11904,-0,0,0,0
11907,0.22009176629808014,0.0625,1,1
11913,0,0,0,10
11914,0.3551169128079742,0.25,1,10
11915,0,0,0,10
11916,0.14187109415106738,0.0625,0.5,10
11924,0,0,0,10
11925,0.1388624438735545,0.027777777777777776,0.5,10
11941,0,0,0,10
11943,0,0,0,10
11948,0.38309762613878445,0.3125,0.25,10
11949,0.16354138662029633,0.15384615384615385,0.2,10
11954,0.4694544702460292,0.2857142857142857,1,10
11956,0,0,0,10
11958,0,0,0,10
11959,0.09478836436955078,0.0625,0.25,10
11966,0.0636207881989517,0.1,0.1,10
11968,0,0,0,10
11969,0.3222722491219546,0.08823529411764706,0.5,10
11970,0,0,0,10
11972,0.25469837558210445,0.1875,0.3333333333333333,10
11973,0.22009176629808014,0.06666666666666667,1,10
11974,0.5177638832038809,0.26666666666666666,1,10
11976,0,0,0,10
11978,0,0,0,10
11979,0.32730659600126993,0.2727272727272727,0.5,10
11983,0.06625422345438903,0.0625,0.1111111111111111,10
11997,0,0,0,10
11998,0.2934556883974402,0.14285714285714285,1,10
12001,0.3716714216663504,0.1875,1,10
12004,0.40210486570564286,0.1388888888888889,0.5,10
12008,0.40030566811860463,0.18181818181818182,0.5,10
12011,0.06943122193677725,0.03571428571428571,0.125,10
12013,0,0,0,10
12015,-0,0,0,0
12020,0,0,0,10
12030,0.2357541930550393,0.08333333333333333,1,10
12036,0.21726071285222984,0.125,0.5,10
12037,0,0,0,10
12039,0.14281093555271182,0.125,0.3333333333333333,10
12042,0,0,0,10
12045,0.3125291152215463,0.1875,0.5,10
12046,0,0,0,4
12049,0,0,0,10
12051,0.06943122193677725,0.06666666666666667,0.125,10
12070,0,0,0,10
12073,0.2934556883974402,0.09090909090909091,1,10
12079,0,0,0,10
12084,0,0,0,10
12087,0.14876390584057267,0.16666666666666666,0.2,10
12088,0,0,0,10
12089,0,0,0,10
12094,0.4168305386131061,0.1111111111111111,1,10
12095,0,0,0,10
12100,0.07336392209936005,0.0625,0.14285714285714285,10
12101,0.12876945773620835,0.08333333333333333,0.3333333333333333,10
12102,0.19417798122201219,0.125,0.25,10
12108,0.07839826897867533,0.0625,0.16666666666666666,10
12122,0,0,0,4
12125,0,0,0,10
12129,0,0,0,10
12130,0.05539133043870289,0.06666666666666667,0.14285714285714285,10
12132,0.11004588314904007,0.0625,0.3333333333333333,10
12133,0,0,0,10
12136,0.14782949091545258,0.125,0.16666666666666666,10
12138,0.14876390584057267,0.125,0.2,10
12139,0.8454256604216017,0.5,1,10
12140,0.11505351121173782,0.0625,0.2,10
12144,0,0,0,10
12151,0,0,0,10
12154,0,0,0,10
12158,0,0,0,10
12159,0,0,0,4
12160,0,0,0,10
12161,0,0,0,10
12164,0.08514311764162098,0.06666666666666667,0.2,10
12176,0,0,0,10
12180,-0,0,0,0
12182,0.4999481184859641,0.375,0.5,10
12186,0.6922451327859637,0.375,1,10
12187,0,0,0,10
12188,0.6435411750622771,0.17857142857142858,1,10
12192,0.20483424751859086,0.125,0.3333333333333333,10
12199,0,0,0,10
12202,0.22009176629808014,0.09090909090909091,1,10
12220,0,0,0,10
12229,0,0,0,10
12230,0,0,0,10
12240,0.5289638450374726,0.3125,1,10
12241,0.20483424751859086,0.125,0.3333333333333333,10
12245,0,0,0,10
12247,0.3566118509061724,0.125,1,10
12251,0.3210950651430582,0.2,1,10
12257,0,0,0,10
12260,0,0,0,10
12263,0.5750739861833288,0.5,0.5,10
12269,0.08514311764162098,0.0625,0.2,10
12288,0.6032621820619527,0.375,1,10
12289,0.06943122193677725,0.06666666666666667,0.125,10
12295,0,0,0,10
12312,0,0,0,7
12314,0,0,0,10
12316,0,0,0,10
12318,0.2378186856365716,0.2,0.14285714285714285,10
12320,-0,0,0,0
12333,0,0,0,10
12334,0,0,0,2
12336,0.4910598139450406,0.18181818181818182,0.5,10
12340,0,0,0,1
12352,0,0,0,10
12354,0.2934556883974402,0.09090909090909091,1,10
12366,0,0,0,10
12369,0.09478836436955078,0.0625,0.25,10
12379,0.14369764576912414,0.05714285714285714,0.25,10
12380,0,0,0,10
12381,0,0,0,10
12386,0,0,0,10
12388,0,0,0,10
12390,0.1542153654519661,0.125,0.3333333333333333,10
12395,0,0,0,10
12412,0,0,0,10
12423,0.4440973278132556,0.1875,1,10
12431,0,0,0,10
12432,0,0,0,10
12435,0.16815228646891084,0.125,0.25,10
12439,0,0,0,10
12448,0.19518900079066107,0.125,0.3333333333333333,10
12449,0,0,0,10
12465,0,0,0,10
12466,0.643768411385399,0.375,1,10
12473,0.0636207881989517,0.0625,0.1,10
12475,0.07839826897867533,0.0625,0.16666666666666666,10
12484,0,0,0,10
12488,0,0,0,10
12493,0,0,0,7
12497,0.39639187290150923,0.1875,1,10
12509,0.35895421017163465,0.125,1,10
12510,0.8503271696693949,0.5625,1,10
12515,0.6653861436269907,0.4375,1,10
12524,0,0,0,10
12525,-0,0,0,0
12534,0.7124974099777536,0.4666666666666667,1,10
12535,0.35895421017163465,0.125,1,10
12538,0.6835381846158708,0.4,1,10
12539,0.6825912942790938,0.3125,1,10
12553,0.07839826897867533,0.0625,0.16666666666666666,10
12556,0.52129606290272,0.1388888888888889,1,10
12557,0.5129639392738107,0.3333333333333333,1,10
12558,0.8369256770986023,0.7,1,7
12560,0,0,0,10
12564,0.16421958630632802,0.125,0.25,10
12565,0.35895421017163465,0.05714285714285714,1,10
12571,0.1610425878239398,0.16666666666666666,0.25,10
12578,0,0,0,10
12581,0,0,0,10
12588,0,0,0,10
12597,0.09478836436955078,0.07692307692307693,0.25,10
12601,0.8050402880943358,0.8,1,10
12613,0.8532721558012798,0.5625,1,10
12616,0.576970624704059,0.125,1,10
12627,0.3903800499921017,0.25,1,10
12628,0.2906246349515899,0.2,0.5,10
12637,0.5653536817684621,0.375,1,6
12638,0.43813122703324264,0.36363636363636365,0.5,10
12640,0,0,0,10
12641,0.5009732673492617,0.25,1,10
12650,0.5695785062497354,0.3333333333333333,1,10
12655,0,0,0,10
12658,0,0,0,10
12660,0.6172839611614817,0.3125,1,10
12664,-0,0,0,0
12665,0,0,0,10
12666,0.09478836436955078,0.038461538461538464,0.25,10
12669,0.24890832702259458,0.125,0.5,10
12673,0.4666234168001788,0.3333333333333333,0.5,10
12675,0.35241634462030547,0.25,1,10
12679,0.39339407828758904,0.4,0.5,10
12681,0.4440973278132556,0.2,1,10
12682,0,0,0,10
12686,0,0,0,10
12697,0.7695261902392829,0.4375,1,10
12702,0.7123736502858727,0.4375,1,10
12706,0,0,0,10
12712,0.7717094028960357,0.4,1,7
12717,0.5328776402545679,0.375,0.5,10
12720,0.504130353618393,0.1282051282051282,1,10
12724,0,0,0,10
12725,0.5698664345004878,0.3,1,10
12729,0,0,0,10
12734,0.6122496142821665,0.3125,1,10
12739,-0,0,0,0
12742,0,0,0,1
12752,-0,0,0,0
12753,0.5541432109622957,0.26666666666666666,1,10
12755,-0,0,0,0
12759,0,0,0,1
12762,-0,0,0,0
12767,0,0,0,1
12768,-0,0,0,0
12779,0.3932783996463063,0.1875,1,10
12780,0.40350157154648025,0.1875,1,10
12782,0.07839826897867533,0.0625,0.16666666666666666,10
12783,0.09257496258236969,0.07142857142857142,0.5,10
12785,0.0636207881989517,0.06666666666666667,0.1,10
12789,0,0,0,10
12794,0.06625422345438903,0.043478260869565216,0.1111111111111111,10
12795,0,0,0,10
12796,0,0,0,10
12800,0.22009176629808014,0.0625,1,10
12802,0.7534494445524137,0.4666666666666667,1,10
12803,0.6969383549984329,0.2222222222222222,1,10
12804,0.45380644903329387,0.2857142857142857,1,10
12809,0.15965170467483322,0.2222222222222222,0.125,10
12813,0,0,0,10
12834,0.07336392209936005,0.0625,0.14285714285714285,10
12839,0.8415908474314975,0.5714285714285714,1,10
12841,0.22009176629808014,0.0625,1,10
12844,0.7788065869851873,0.4666666666666667,1,10
12845,0,0,0,10
12864,0.7975167679274937,0.25806451612903225,1,10
12868,0.9363792118010483,0.5625,1,10
12874,0,0,0,10
12876,0,0,0,10
12878,0,0,0,10
12881,0,0,0,10
12884,0,0,0,10
12891,0,0,0,10
12897,0.2532954041105318,0.08108108108108109,0.25,10
12906,0.420217226795578,0.3125,0.3333333333333333,10
12909,0,0,0,10
12910,0,0,0,10
12911,0,0,0,10
12917,0,0,0,10
12932,0.1799314820111718,0.05714285714285714,0.25,10
12934,0,0,0,10
12942,0,0,0,10
12951,0.760079105197619,0.17073170731707318,1,10
12952,0,0,0,10
12955,0,0,0,10
12959,0.3471357245055706,0.25,0.5,10
12960,0,0,0,10
12969,0.9758089901245822,0.625,1,10
12993,0,0,0,1
12999,0.48068140169045714,0.3125,0.5,10
13004,0,0,0,10
13008,0.25558633098316647,0.13333333333333333,1,10
13012,0.6212166613240646,0.375,1,10
13020,0.6165911491285786,0.5,0.3333333333333333,10
13033,0.188073497922634,0.18181818181818182,0.25,10
13034,0.5698664345004878,0.1875,1,10
13042,0.45374257454118544,0.1875,1,10
13045,0.09525913246106908,0.07142857142857142,0.16666666666666666,10
13047,0.4252084336260237,0.23076923076923078,1,10
13067,0.11004588314904007,0.0625,0.3333333333333333,10
13074,0.17366667134799177,0.125,0.3333333333333333,10
13086,0.44671912792164425,0.11428571428571428,1,10
13089,0.33778119313783245,0.10526315789473684,0.5,10
13094,0.5020288654851893,0.18518518518518517,0.5,10
13115,0,0,0,10
13119,-0,0,0,0
13123,0,0,0,10
13130,0,0,0,10
13133,1,0.25,1,10
13137,0.1427951440361373,0.125,0.14285714285714285,10
13140,0,0,0,10
13143,-0,0,0,0
13146,0.18336572915839486,0.125,0.3333333333333333,10
13149,0,0,0,10
13150,-0,0,0,0
13156,0,0,0,10
13159,0.11243018208286118,0.07142857142857142,0.3333333333333333,10
13165,0,0,0,3
13167,0.4143958143423548,0.15789473684210525,1,10
13169,-0,0,0,0
13170,0.09478836436955078,0.07692307692307693,0.25,7
13175,0.07336392209936005,0.0625,0.14285714285714285,10
13195,0.08899589877164323,0.08333333333333333,0.2,10
13196,0.6410457898283652,0.2962962962962963,0.3333333333333333,10
13204,0.5513310624619329,0.3125,1,10
13205,0,0,0,10
13208,0.17366667134799177,0.15384615384615385,0.3333333333333333,10
13209,-0,0,0,0
13213,0.20927226976888424,0.2,0.3333333333333333,10
13232,-0,0,0,0
13233,-0,0,0,0
13234,-0,0,0,0
13235,0.279901702223461,0.0625,1,10
13238,0.2890648263178878,1,0.1,10
13239,0,0,0,10
13240,0.0636207881989517,0.043478260869565216,0.1,10
13243,0.09478836436955078,0.0625,0.25,10
13244,0,0,0,10
13246,0.06625422345438903,0.0625,0.1111111111111111,10
13247,0,0,0,10
13256,0,0,0,3
13289,0.5686052916990006,0.4,1,10
13294,0,0,0,10
13296,0.12104793636744006,0.0625,0.3333333333333333,10
13304,0.6489315753318465,0.3125,1,10
13318,0.8611375561264454,0.5625,1,10
13321,0.28657896323986254,0.1875,1,10
13322,0.11004588314904007,0.04,0.3333333333333333,10
13343,0,0,0,10
13345,0.31488013066763093,0.125,1,10
13355,0.06625422345438903,0.09090909090909091,0.1111111111111111,10
13364,0,0,0,10
13367,0,0,0,10
13370,0,0,0,10
13378,0,0,0,3
13389,0.07839826897867533,0.0625,0.16666666666666666,10
13391,0,0,0,10
13394,0.02321714761064369,0,0,10
13398,0.2895229882348574,0.125,1,10
13401,0,0,0,10
13409,0,0,0,10
13411,0,0,0,10
13425,0.20827328063201606,0.23076923076923078,0.16666666666666666,10
13427,0.06625422345438903,0.0625,0.1111111111111111,10
13428,0,0,0,10
13429,0.05451379554009877,0,0,10
13436,-0,0,0,0
13444,0,0,0,10
13450,0.9216017310213247,0.6428571428571429,1,10
13452,0,0,0,10
13454,0,0,0,10
13456,0,0,0,10
13458,0,0,0,10
13460,0.4757006993833491,0.21428571428571427,1,10
13463,0,0,0,10
13465,0.22009176629808014,0.0625,1,10
13469,0.07336392209936005,0.0625,0.14285714285714285,10
13471,0.45228487443419896,0.16,1,10
13485,0,0,0,10
13487,0.11004588314904007,0.0625,0.3333333333333333,10
13498,0,0,0,10
13501,0,0,0,10
13527,0.08514311764162098,0.0625,0.2,10
13582,0.4258926996953355,0.1875,1,10
13584,0,0,0,7
13585,0,0,0,10
13587,0.31488013066763093,0.125,1,10
13595,0.5072380780124417,0.3125,0.5,6
13604,0.727329844310522,0.375,1,10
13613,0.21222636597291455,0.06060606060606061,0.5,10
13618,0.1388624438735545,0.0625,0.5,10
13619,0,0,0,10
13623,0.9363792118010483,0.6923076923076923,1,10
13624,0.6177639991612474,0.14285714285714285,1,10
13627,0.37380854915041295,0.20689655172413793,0.3333333333333333,10
13639,0.1884441521277154,0.13333333333333333,0.3333333333333333,10
13641,0,0,0,10
13647,0.07839826897867533,0.06666666666666667,0.16666666666666666,10
13650,0.2984900352767555,0.125,1,10
13659,0.09120217140065603,0.0625,0.2,10
13663,0.5711601909662336,0.15384615384615385,1,10
13665,0.5384109300791363,0.3125,1,10
13669,0.6163668470816234,0.175,0.5,10
13673,0.06943122193677725,0.07142857142857142,0.125,10
13679,0,0,0,10
13681,0,0,0,10
13690,0,0,0,10
13693,0,0,0,10
13695,0,0,0,10
13701,0,0,0,10
13706,0,0,0,10
13708,0,0,0,10
13709,0,0,0,10
13717,0.31170190363044087,0.125,1,10
13721,0.3746661058764784,0.1875,1,10
13722,0.26873745552689526,0.1875,0.5,10
13724,0,0,0,10
13726,0,0,0,10
13735,0.3222722491219546,0.1875,0.5,10
13738,0,0,0,10
13742,0,0,0,10
13747,0,0,0,10
13758,0.15245974194834122,0.05,0.3333333333333333,10
13761,0.6489315753318465,0.3125,1,10
13762,0.07839826897867533,0.022222222222222223,0.16666666666666666,10
13770,0,0,0,10
13773,0,0,0,10
13774,0,0,0,10
13782,0.08514311764162098,0.0625,0.2,10
13785,0,0,0,10
13790,0.06625422345438903,0.0625,0.1111111111111111,10
13792,0.2934556883974402,0.2,1,10
13794,0.40853591842579556,0.1875,1,10
13796,0.22009176629808014,0.06666666666666667,1,10
13797,0,0,0,10
13801,0,0,0,10
13805,0.4440973278132556,0.1875,1,10
13809,0.2246633760228915,0.1875,0.25,10
13818,0.42883980903376634,0.25,0.5,10
13824,0.41320541532308547,0.4166666666666667,0.3333333333333333,10
13843,-0,0,0,0
13849,-0,0,0,0
13857,-0,0,0,0
13859,0,0,0,3
13863,0,0,0,3
13885,0.15457433957839825,0.125,0.2,10
13890,0,0,0,10
13895,0.3529461582433961,0.25,0.5,10
13903,-0,0,0,0
13905,0.7917267193679839,0.175,1,10
13913,0.8402794532001163,0.625,1,10
13919,0,0,0,10
13924,0,0,0,10
13934,0.3052348839397011,0.125,1,10
13935,0.5548989126424902,0.3125,1,10
13936,0.07839826897867533,0.0625,0.16666666666666666,10
13940,-0,0,0,0
13945,0,0,0,10
13949,0.31328481690174087,0.25,0.3333333333333333,10
13951,0.09478836436955078,0.047619047619047616,0.25,10
13954,0.3301376494471202,0.13333333333333333,1,10
13964,0,0,0,10
13970,0.4422195942380129,0.25,1,10
13974,-0,0,0,0
13975,-0,0,0,0
13976,-0,0,0,0
13988,0.7662747656758899,0.5,1,10
14010,0.5637884576902256,0.2857142857142857,1,4
14019,0.40698115515965233,0.45454545454545453,0.5,10
14053,0.44686973995102874,0.38461538461538464,0.3333333333333333,10
14065,0.2745478892647208,0.1875,0.5,10
14066,0.6168295842361273,0.2631578947368421,1,10
14068,0,0,0,10
14073,0,0,0,10
14074,0.47842151728792726,0.2857142857142857,1,10
14076,0.46318965958284924,0.3333333333333333,1,10
14082,0.4636440365082036,0.26666666666666666,1,10
14083,0.47938213678331165,0.15625,0.5,10
14088,0.1388624438735545,0.0625,0.5,10
14092,0.35895421017163465,0.125,1,10
14095,1,0.625,1,10
14096,0.2745478892647208,0.13043478260869565,0.5,10
14098,0.47289350335945446,0.1935483870967742,0.3333333333333333,10
14124,0.4152807670887412,0.1875,1,10
14130,0,0,0,10
14146,0.41153259956303256,0.3125,0.5,10
14155,0.1982726747057622,0.0625,1,10
14161,0,0,0,10
14163,0.3183191637810562,0.10526315789473684,0.3333333333333333,10
14169,0,0,0,10
14177,0.8144078202225988,0.5,1,10
14178,0,0,0,10
14180,0,0,0,10
14186,0,0,0,10
14191,0.31879392588472627,0.12,0.5,10
14194,0.3308744461818273,0.25,0.3333333333333333,10
14195,0.38431135260440824,0.1875,1,10
14198,0,0,0,10
14206,0,0,0,10
14211,0.4950940324881554,0.3125,0.5,10
14213,0.7151857987862356,0.4,1,10
14215,0.28997736516021183,0.1875,0.3333333333333333,10
14227,0.07839826897867533,0.0625,0.16666666666666666,10
14234,0,0,0,10
14240,0.3995688713838975,0.1875,1,10
14242,0.6990938915636028,0.375,1,10
14244,0,0,0,10
14249,0,0,0,10
14250,0,0,0,10
14251,0,0,0,10
14254,0.06625422345438903,0.0625,0.1111111111111111,10
14267,0,0,0,10
14272,0,0,0,10
14280,0,0,0,10
14290,0,0,0,10
14297,0,0,0,10
14298,0.17942561237196952,0.058823529411764705,0.16666666666666666,10
14299,0.06625422345438903,0.0625,0.1111111111111111,10
14302,0.3239586837541792,0.2,1,10
14306,0.12463049348708151,0.06666666666666667,0.3333333333333333,10
14307,-0,0,0,0
14315,0.5220328596374271,0.375,0.5,10
14316,0.2246633760228915,0.2,0.25,10
14333,0.4220949603708207,0.25,0.5,10
14337,0.1669349140823134,0.14285714285714285,0.16666666666666666,10
14345,0.9566671852577723,0.6,1,10
14346,0.22009176629808014,0.08333333333333333,1,10
14353,0,0,0,10
14358,0.3357513407222648,0.15384615384615385,1,10
14362,0.5578318984758347,0.3333333333333333,1,10
14367,0.8603818544462509,0.5,1,10
14376,0,0,0,10
14380,0.18340980524840012,0.1111111111111111,0.3333333333333333,10
14386,0.6386736496417103,0.4375,1,10
14399,-0,0,0,0
14402,0,0,0,5
14406,0.8572048559638626,0.5,1,10
14408,0.5623521802235916,0.3125,1,10
14418,0.2240055615151755,0.125,0.5,10
14419,1,0.30303030303030304,1,10
14445,-0,0,0,0
14449,0,0,0,8
14456,0.655799919972054,0.5,1,10
14462,0.36249399002998095,0.14285714285714285,1,10
14469,0.1356854453911663,0.13333333333333333,0.125,10
14475,0,0,0,10
14476,0.40642895671305834,0.18181818181818182,1,10
14477,0.3056704054503419,0.1875,0.5,10
14482,0,0,0,10
14484,0,0,0,10
14488,0.1388624438735545,0.0625,0.5,10
14494,-0,0,0,0
14495,0,0,0,10
14503,0.0636207881989517,0.03225806451612903,0.1,10
14513,0.06625422345438903,0.03571428571428571,0.1111111111111111,10
14516,0.09478836436955078,0.0625,0.25,10
14522,0.41057198006764817,0.3125,0.3333333333333333,10
14535,0,0,0,10
14550,0,0,0,10
14554,0,0,0,10
14558,0.3301376494471202,0.125,1,10
14563,0,0,0,10
14564,0.09330056740782033,0.0625,0.3333333333333333,10
14566,0.2024832320725062,0.13333333333333333,0.5,10
14571,0,0,0,10
14573,0,0,0,10
14578,1,0.625,1,10
14579,0,0,0,10
14581,0,0,0,10
14587,0,0,0,10
14594,0.45650001423154074,0.18181818181818182,1,10
14597,0,0,0,10
14599,0,0,0,10
14607,0,0,0,10
14611,0.17659831200807974,0.0625,0.5,10
14612,0,0,0,10
14618,0,0,0,10
14619,0.1388624438735545,0.0625,0.5,10
14621,0.6203974344166847,0.3333333333333333,1,10
14623,0.09478836436955078,0.0625,0.25,10
14625,0.1388624438735545,0.0625,0.5,10
14626,0.07839826897867533,0.0625,0.16666666666666666,10
14631,0.22495301099425682,0.25,0.16666666666666666,10
14638,-0,0,0,0
14639,0.5365986151394594,0.2,1,10
14647,0.21245066801986967,0.1875,0.2,10
14654,0.5487973376826973,0.1875,1,10
14662,0.06625422345438903,0.0625,0.1111111111111111,10
14663,0.5017493542077719,0.26666666666666666,1,10
14665,0,0,0,10
14667,0.16421958630632802,0.14285714285714285,0.25,10
14672,0.20483424751859086,0.125,0.3333333333333333,10
14685,0.1799314820111718,0.14285714285714285,0.25,10
14687,0.21726071285222984,0.125,0.5,10
14692,0.2934556883974402,0.18181818181818182,1,10
14695,0.4440973278132556,0.1875,1,10
14707,0.6840182226156364,0.15384615384615385,1,10
14711,0.3236685753595891,0.125,1,10
14717,0.10345457402608846,0.0625,0.2,10
14721,1,0.625,1,10
14724,0.5575071649963957,0.25,1,10
14734,0,0,0,1
14735,-0,0,0,0
14736,-0,0,0,0
14739,0,0,0,10
14740,0,0,0,10
14741,0,0,0,10
14743,0,0,0,10
14745,0,0,0,10
14747,0,0,0,10
14750,0,0,0,10
14765,0.5152880109744814,0.5,0.5,10
14767,0.49118023727106,0.25,1,10
14780,0.5698664345004878,0.23076923076923078,1,10
14781,0,0,0,10
14786,0,0,0,2
14787,0,0,0,3
14788,0,0,0,3
14792,0,0,0,1
14797,-0,0,0,0
14804,0.2675108717549466,0.125,1,10
14806,-0,0,0,0
14811,0,0,0,9
14813,0.04890928139957336,0.041666666666666664,0.14285714285714285,10
14832,0.8553475075669357,0.2222222222222222,1,10
14834,0.9119245711012616,0.24324324324324326,1,10
14838,0,0,0,10
14841,0,0,0,10
14845,0.31160588419703505,0.16666666666666666,1,10
14847,0.27218171694829696,0.125,0.5,10
14850,0.29740901205864334,0.0625,1,10
14861,0,0,0,10
14862,0.45597401448695507,0.5,0.5,10
14863,0.22009176629808014,0.06666666666666667,1,10
14865,0.689828656353462,0.15384615384615385,1,10
14873,0.0636207881989517,0.02631578947368421,0.1,10
14879,0.96331803895032,0.625,1,10
14880,-0,0,0,0
14882,-0,0,0,0
14888,0.8583752001977254,0.8,1,10
14891,0.7324836069862786,0.46153846153846156,1,10
14904,0.08514311764162098,0.02857142857142857,0.2,10
14905,0.32776097292662437,0.25,0.25,10
14910,0,0,0,10
14915,0.8111374973012806,0.6153846153846154,1,10
14917,0.46270962158308354,0.19047619047619047,1,10
14932,0.6421867266689009,0.3125,1,10
14934,0.5933931644230691,0.2727272727272727,1,10
14937,-0,0,0,0
14968,-0,0,0,0
14974,0,0,0,10
14975,0.4256723449865606,0.25,1,10
14978,0.9034474378625221,0.625,1,10
14980,0.38431135260440824,0.3,1,10
14981,0,0,0,10
14982,-0,0,0,0
14983,0.7097402150304354,0.4375,1,10
14985,0,0,0,10
14988,0.4422195942380129,0.2857142857142857,1,10
14992,0.5508734094066416,0.18518518518518517,1,10
14995,0,0,0,10
14996,0.9052116356304492,0.5625,1,10
15002,0.6466492297915689,0.25,1,10
15004,0.12987501165334073,0.125,0.1111111111111111,10
15005,0.3667314583167897,0.125,1,10
15021,-0,0,0,0
15026,0.5637884576902256,0.25,1,10
15027,0.22009176629808014,0.0625,1,10
15028,0.14201905717762703,0.125,0.16666666666666666,10
15041,0,0,0,10
15053,0.6212166613240646,0.375,1,10
15055,0,0,0,10
15056,0.09478836436955078,0.0625,0.25,10
15059,0.2024832320725062,0.18181818181818182,0.5,10
15061,0,0,0,10
15067,0,0,0,10
15070,0.13305201013572895,0.125,0.125,10
15076,0,0,0,4
15081,0.20784473534609824,0.2,0.25,10
15083,-0,0,0,0
15085,0,0,0,10
15088,0,0,0,10
15092,0.07839826897867533,0.0625,0.16666666666666666,10
15095,0,0,0,10
15102,0.3301376494471202,0.05555555555555555,1,10
15116,0,0,0,10
15118,0.35687885840597894,0.25,0.5,10
15129,0.9900582235857265,0.625,1,10
15132,0.606439180544341,0.15,1,10
15133,0.33405144466421555,0.17647058823529413,0.5,10
15136,0.2837125544970318,0.125,1,10
15149,0.06625422345438903,0.0625,0.1111111111111111,10
15151,0,0,0,1
15153,0,0,0,10
15154,0,0,0,10
15156,0,0,0,10
15157,0,0,0,10
15158,0,0,0,10
15161,0.3190469598143169,0.14285714285714285,1,10
15162,0.12054710171248399,0.0625,0.25,10
15164,0.22311650239148062,0.125,0.5,10
15170,0.22009176629808014,0.0625,1,10
15178,0.5370079586075637,0.3125,1,10
15184,0,0,0,10
15188,0,0,0,10
15192,0.15139734109601002,0.125,0.2,10
15194,0.31204907722178066,0.08571428571428572,0.5,10
15197,0,0,0,10
15200,0.21726071285222984,0.05,0.5,10
15201,0.37878333867593533,0.1,0.5,10
15202,0,0,0,10
15205,0.1388624438735545,0.0625,0.5,10
15208,0.22009176629808014,0.0625,1,10
15211,0.8603818544462509,0.5333333333333333,1,10
15213,0.33409528083149476,0.2857142857142857,1,10
15226,0.23930280678108978,0.125,1,10
15230,-0,0,0,0
15234,0.42883980903376634,0.3333333333333333,0.5,10
15243,0.800693766409882,0.4666666666666667,1,10
15246,0.5894203236940796,0.16666666666666666,0.5,8
15247,0.29740901205864334,0.06666666666666667,1,10
15255,0.43079102833470506,0.23076923076923078,1,10
15262,1,0.625,1,10
15265,0,0,0,10
15270,0.22009176629808014,0.06666666666666667,1,10
15272,0,0,0,10
15275,-0,0,0,0
15286,0.5586390833216328,0.25,1,5
15288,0.37878333867593533,0.3076923076923077,0.5,10
15292,0.06943122193677725,0.04,0.125,10
15293,0.14000929331549633,0.08333333333333333,0.125,10
15296,0.2824132895898864,0.1875,1,10
15297,0.15716946203669288,0.0625,1,10
15299,0.45374257454118544,0.1875,1,10
15307,0,0,0,1
15309,0.22486036416572236,0.1,1,10
15311,0.07336392209936005,0.07692307692307693,0.14285714285714285,10
15318,0.8202860308593684,0.6666666666666666,1,10
15326,0,0,0,1
15339,0.44670637333560487,0.3125,0.3333333333333333,10
15343,0.5999767516907479,0.4666666666666667,0.5,10
15347,0.4217409034751516,0.15384615384615385,1,10
15357,0.869616673551121,0.6428571428571429,1,10
15371,0,0,0,10
15373,0,0,0,10
15376,0.21819512777734992,0.2,0.2,10
15386,0.70937536504841,0.4375,1,10
15392,0.09478836436955078,0.07142857142857142,0.25,10
15394,0.9363792118010483,0.5625,1,10
15401,0,0,0,10
15404,0.16872714292220853,0.07142857142857142,0.5,10
15408,0.8020554869666985,0.5,1,8
15414,-0,0,0,0
15421,0,0,0,10
15433,0,0,0,10
15484,-0,0,0,0
15487,-0,0,0,0
15488,-0,0,0,0
15497,-0,0,0,0
15510,0,0,0,1
15512,-0,0,0,0
15515,0,0,0,10
15521,0.20827328063201606,0.0967741935483871,0.16666666666666666,10
15528,0.34181895781690264,0.2857142857142857,0.3333333333333333,10
15537,0.6131471927654584,0.5,1,2
15545,0,0,0,2
15548,0,0,0,10
15549,0.35895421017163465,0.125,1,10
15550,0,0,0,10
15555,0,0,0,10
15556,0,0,0,10
15557,0.1073508639320094,0.0625,0.25,10
15561,0,0,0,10
15562,0,0,0,10
15566,0.6332196796270028,0.18518518518518517,1,10
15567,0.4661983155060986,0.3125,0.5,10
15573,0.0728781195196487,0.0625,0.1111111111111111,10
15575,0.4690000933206747,0.07894736842105263,1,10
15578,0,0,0,10
15579,0.07336392209936005,0.0625,0.14285714285714285,10
15583,0.7011818227475894,0.6666666666666666,1,10
15589,0.29740901205864334,0.0625,1,10
15596,0,0,0,10
15597,0,0,0,10
15599,0,0,0,1
15601,0,0,0,1
15605,0.8034666743172154,0.22857142857142856,1,10
15609,0.510069131458292,0.14285714285714285,1,10
15610,0,0,0,10
15615,0,0,0,10
15616,0,0,0,6
15618,0.2816575879096918,0.075,0.5,10
15622,0.4374993746630801,0.25,1,10
15626,0,0,0,10
15630,0.4472539411173282,0.25,1,10
15636,0,0,0,10
15637,0,0,0,10
15647,0,0,0,10
15658,0.6329296876626197,0.3333333333333333,1,10
15667,0.5029165480782185,0.3125,1,10
15668,0.3195496275649209,0.2857142857142857,0.25,10
15673,0.7130735217068545,0.375,1,10
15676,0,0,0,10
15689,0.14187109415106738,0.06666666666666667,0.5,10
15693,0,0,0,10
15706,0.21538297927698707,0.1875,0.3333333333333333,10
15707,0.7432262726522397,0.5625,0.5,10
15708,0.06625422345438903,0.0625,0.1111111111111111,10
15713,0,0,0,10
15716,0.9092911358458242,0.23684210526315788,1,10
15727,0.45650001423154074,0.125,1,10
15728,0.10183032621685657,0.0625,0.5,10
15729,0.4652979968535429,0.3076923076923077,1,10
15736,0.11004588314904007,0.0625,0.3333333333333333,10
15740,0,0,0,10
15743,0.3135358057755075,0.1875,1,10
15748,-0,0,0,0
15759,0,0,0,10
15777,0.12987501165334073,0.15384615384615385,0.1111111111111111,10
15781,0.5766882048947064,0.3125,1,10
15783,0,0,0,10
15784,0.14201905717762703,0.13333333333333333,0.16666666666666666,10
15788,0.36398855705095,0.10810810810810811,1,10
15791,0.11834050333635061,0.125,0.14285714285714285,10
15802,0.23047380976071705,0.11538461538461539,0.25,10
15806,0.28511149356360854,0.21428571428571427,0.5,10
15807,0.4152807670887412,0.2,1,10
15811,0,0,0,10
15813,0.09684208768602304,0.0625,0.25,10
15819,0,0,0,10
15835,0,0,0,10
15842,-0,0,0,0
15844,0.4943572357534483,0.25,1,10
15845,1,0.625,1,10
15846,0.6795830221343223,0.42857142857142855,1,10
15848,0.8287643703205998,0.75,1,10
15853,0,0,0,10
15854,0,0,0,10
15857,1,0.625,1,10
15863,0.5868720866710773,0.375,1,10
15865,0.7928654229965443,1,1,10
15869,0,0,0,10
15872,0.3141427378152049,0.125,1,10
15877,0.42214645308466847,0.15789473684210525,1,10
15887,0.38818246147833363,0.13333333333333333,1,10
15888,0.933745776545611,0.8181818181818182,1,10
15891,0.7967610662472991,0.4666666666666667,1,10
15893,0.24926098697416302,0.0625,1,10
15896,0.37202041156735177,0.11538461538461539,0.5,10
15899,0,0,0,10
15909,0,0,0,10
15910,0.26742619438551957,0.0625,1,10
15915,0,0,0,10
15917,-0,0,0,0
15918,0,0,0,4
15923,0,0,0,1
15933,0.3976722328631673,0.09302325581395349,0.5,10
15936,0,0,0,10
15938,0.06428487503000499,0.07142857142857142,0.2,10
15941,0,0,0,10
15942,0,0,0,10
15945,0.35388057316851623,0.11764705882352941,0.5,10
15947,0,0,0,10
15948,0.8626199664389336,0.8333333333333334,1,10
15954,0.9901095028504737,0.9090909090909091,1,10
15962,-0,0,0,0
15967,0,0,0,10
15977,1,0.4166666666666667,1,10
15989,0.4690000933206747,0.2857142857142857,1,10
15990,0.5173633627401372,0.25,1,10
15994,0.5066841351520387,0.25,1,10
16003,0.5914640815742043,0.4666666666666667,0.5,10
16006,0.16200618451914695,0.06666666666666667,0.5,10
16009,-0,0,0,0
16030,0.09962965242264374,0.07142857142857142,0.2,10
16037,0.6201543156208374,0.26666666666666666,1,10
16043,0.2357373221907512,0.15384615384615385,0.5,10
16044,0.22979561007468535,0.1875,0.2,10
16048,0.17630010660342912,0.125,0.3333333333333333,10
16049,0,0,0,10
16055,0,0,0,10
16058,-0,0,0,0
16061,0.2646202227274383,0.2,0.3333333333333333,10
16064,0.5388856921828065,0.25,1,10
16072,0.6548086577531306,0.6,1,10
16075,0.25677372734776016,0.125,1,10
16076,0.24035316874464127,0.125,0.5,10
16078,0.059330599181095484,0.0625,0.2,10
16081,0.0636207881989517,0.0625,0.1,10
16084,0,0,0,10
16091,0.07668368701422457,0.1,0.14285714285714285,10
16099,0.06625422345438903,0.09090909090909091,0.1111111111111111,10
16112,0,0,0,10
16116,0,0,0,10
16117,0,0,0,10
16121,0,0,0,10
16141,0.5224955967919309,0.36363636363636365,1,10
16147,-0,0,0,0
16159,0.15336737402844913,0.1,1,10
16163,1,0.7142857142857143,1,10
16166,0.07839826897867533,0.0625,0.16666666666666666,10
16170,0.46603454947462625,0.3125,0.5,10
16175,0.227162174819248,0.1875,0.2,10
16189,0.6594803070902429,0.375,1,10
16192,0.6781440935739185,0.1320754716981132,1,10
16195,0.21125257092535185,0.15384615384615385,0.3333333333333333,10
16196,-0,0,0,0
16207,0.5684579545875155,0.4,0.5,10
16208,0.4602636499742276,0.10810810810810811,1,10
16209,0.8000460734455755,0.5454545454545454,1,10
16213,0.7909506325094736,0.4375,1,10
16215,0,0,0,10
16237,0,0,0,10
16247,0,0,0,10
16250,0,0,0,10
16251,0,0,0,10
16254,0.056242380974069514,0.06666666666666667,0.125,10
16256,0.9363792118010483,0.6428571428571429,1,10
16257,0,0,0,10
16262,0.3301376494471202,0.13333333333333333,1,10
16263,0.5637884576902256,0.2857142857142857,1,10
16264,0.29740901205864334,0.1,1,10
16275,0,0,0,10
16276,0,0,0,10
16277,0,0,0,10
16278,0,0,0,10
16279,0.05886610400269325,0.0625,0.125,10
16280,0,0,0,1
16283,0.1390726996307995,0.16666666666666666,0.125,10
16285,0,0,0,10
16291,0,0,0,10
16293,0,0,0,10
16297,0,0,0,10
16298,0.2625056250973813,0.05263157894736842,1,10
16301,0,0,0,10
16305,0.1627421943707123,0.2,0.25,10
16306,0,0,0,3
16310,0.05356827157764123,0,0,10
16313,0,0,0,3
16326,0,0,0,10
16333,0.11004588314904007,0.09090909090909091,0.3333333333333333,10
16334,0,0,0,10
16346,0,0,0,10
16348,0.7279542656151875,0.7272727272727273,0.5,10
16350,0.20281038846678295,0.06818181818181818,0.25,10
16353,0.11004588314904007,0.0625,0.3333333333333333,10
16358,0,0,0,10
16366,0.07839826897867533,0.0625,0.16666666666666666,10
16371,0,0,0,10
16372,0,0,0,10
16378,0.0636207881989517,0.0625,0.1,10
16379,0.061158141767520165,0.08333333333333333,0.16666666666666666,10
16380,0,0,0,10
16387,0.11004588314904007,0.0625,0.3333333333333333,10
16388,0,0,0,10
16389,0,0,0,10
16393,0,0,0,10
16395,0.1388624438735545,0.06666666666666667,0.5,10
16400,0,0,0,10
16402,0,0,0,10
16409,0,0,0,10
16410,0.046287481291184845,0.0625,0.125,10
16428,0,0,0,10
16447,0,0,0,10
16448,0.3035152023340191,0.2,0.5,6
16449,0.6803030353235938,0.5,0.5,10
16450,0,0,0,10
16451,0,0,0,10
16454,0.08514311764162098,0.06666666666666667,0.2,10
16461,-0,0,0,0
16462,-0,0,0,0
16464,0,0,0,10
16471,0,0,0,10
16478,0,0,0,10
16490,0,0,0,10
16505,0,0,0,10
16516,0,0,0,10
16522,0,0,0,10
16536,-0,0,0,0
16541,0,0,0,10
16542,0,0,0,10
16547,0.06943122193677725,0.0625,0.125,10
16552,0,0,0,10
16568,0,0,0,10
16574,-0,0,0,0
16577,0,0,0,10
16581,0,0,0,1
16582,0.22009176629808014,0.0625,1,10
16586,0,0,0,7
16587,0,0,0,10
16588,0,0,0,10
16594,0,0,0,10
16604,0.3667314583167897,0.125,1,10
16613,0.3667314583167897,0.15384615384615385,1,10
16615,0.0636207881989517,0.09090909090909091,0.1,10
16616,0.11004588314904007,0.0625,0.3333333333333333,10
16620,0,0,0,10
16625,0.2240055615151755,0.125,0.5,7
16629,0,0,0,10
16630,0,0,0,10
16633,0,0,0,10
16641,0,0,0,10
16645,0,0,0,10
16651,0,0,0,10
16652,0,0,0,10
16655,0.15882918603675872,0.125,0.5,10
16657,0,0,0,10
16658,0,0,0,10
16660,0.16200618451914695,0.125,0.5,10
16666,0,0,0,10
16670,0,0,0,10
16676,0.461607974866351,0.26666666666666666,1,10
16682,0.7725560788744779,0.4666666666666667,1,10
16683,0.3197371374016177,0.25,0.5,10
16684,0,0,0,10
16688,0.2612511063982142,0.16666666666666666,0.1111111111111111,10
16690,0.7697437031098229,0.21621621621621623,1,10
16694,0,0,0,10
16698,0.07093554707553369,0.1,0.125,10
16704,-0,0,0,0
16705,0.38135635100880655,0.2857142857142857,0.5,10
16708,0,0,0,1
16709,0.2357541930550393,0.09090909090909091,1,1
16710,0,0,0,10
16714,0,0,0,1
16716,0,0,0,10
16723,0.31204907722178066,0.1875,0.5,10
16731,0,0,0,10
16732,0,0,0,10
16741,0.20829366581033176,0.125,0.5,10
16745,-0,0,0,0
16753,0.08914206479517318,0.06666666666666667,0.14285714285714285,10
16760,0,0,0,10
16761,-0,0,0,0
16762,0,0,0,10
16763,0.45947447229080657,0.3125,0.5,10
16766,0,0,0,10
16770,0,0,0,10
16773,0,0,0,10
16774,0,0,0,10
16777,0,0,0,10
16779,0.1177322080053865,0.0625,0.5,10
16787,0.5550520143437784,0.3125,1,10
16788,-0,0,0,0
16792,0,0,0,10
16793,0.279901702223461,0.0625,1,10
16800,0,0,0,10
16801,0,0,0,10
16804,0.06625422345438903,0.0625,0.1111111111111111,10
16811,0,0,0,10
16812,0,0,0,10
16817,0,0,0,10
16826,0,0,0,10
16831,0,0,0,10
16835,0,0,0,10
16838,0,0,0,10
16848,0,0,0,10
16851,0,0,0,10
16855,0,0,0,10
16856,0.07839826897867533,0.0625,0.16666666666666666,10
16858,0,0,0,10
16859,0.4419626147081341,0.2222222222222222,1,10
16865,0,0,0,10
16867,-0,0,0,0
16869,0,0,0,10
16876,0,0,0,10
16877,0,0,0,10
16880,0,0,0,10
16889,0.0636207881989517,0.06666666666666667,0.1,10
16894,-0,0,0,0
16895,0,0,0,10
16899,0,0,0,10
16900,0,0,0,10
16902,-0,0,0,0
16911,0,0,0,10
16914,0,0,0,10
16928,0,0,0,10
16932,0,0,0,10
16934,0,0,0,10
16941,0.43751634913589993,0.3076923076923077,0.5,10
16950,0.3349170830068085,0.14285714285714285,1,10
16951,0,0,0,10
16954,0,0,0,1
16955,0.3278940735174565,0.13333333333333333,1,10
16962,0.14793945799831332,0.14285714285714285,0.25,10
16968,0,0,0,10
16970,0,0,0,10
16971,0.07336392209936005,0.05,0.14285714285714285,10
16980,0,0,0,10
16992,0.807550100294038,0.4375,1,10
16994,0.465619421248317,0.6666666666666666,0.5,10
16995,0.43810818083050457,0.26666666666666666,1,10
16998,0.486471450249967,0.42857142857142855,0.3333333333333333,10
16999,0,0,0,10
17003,0,0,0,10
17006,0.7542686714597935,0.4375,1,10
17009,0,0,0,10
17021,0,0,0,10
17023,0.5009732673492617,0.25,1,10
17030,0.686316482485402,0.5333333333333333,1,10
17031,0.35895421017163465,0.125,1,10
17035,0,0,0,10
17036,0,0,0,10
17040,0,0,0,10
17041,0.6275071330616557,0.3125,1,10
17044,0.420217226795578,0.16666666666666666,0.3333333333333333,10
17045,0,0,0,10
17059,0.20511666732794356,0.125,0.5,10
17062,0,0,0,10
17063,0,0,0,10
17064,0,0,0,10
17070,0,0,0,10
17079,0.6729606673352074,0.3125,1,10
17084,0.38591686939385267,0.125,1,10
17096,0.3488755592453615,0.1875,1,10
17104,0.4624273606967018,0.2857142857142857,1,10
17110,0.29740901205864334,0.0625,1,10
17111,1,0.7142857142857143,1,10
17116,0.5738670062108401,0.36363636363636365,1,10
17131,0.11004588314904007,0.07142857142857142,0.3333333333333333,10
17133,0,0,0,1
17136,-0,0,0,0
17143,0.33405144466421555,0.12,0.5,10
17150,-0,0,0,0
17152,0.2127812625407982,0.14285714285714285,0.14285714285714285,10
17161,0.7898580325383667,0.4375,1,10
17165,0.32898368351669033,0.3125,0.16666666666666666,10
17167,0.4880533880414649,0.26666666666666666,0.5,10
17171,0.05942804319678212,0.09090909090909091,0.14285714285714285,10
17176,0.17318663334822612,0.05714285714285714,0.25,10
17182,0.2837125544970318,0.125,1,10
17184,0,0,0,10
17185,0.2336508082431053,0.15384615384615385,0.5,10
17186,0.07839826897867533,0.02702702702702703,0.16666666666666666,10
17188,0,0,0,10
17191,0.5321408435198608,0.25,1,10
17199,0.06625422345438903,0.0625,0.1111111111111111,10
17205,0,0,0,10
17215,0.11004588314904007,0.07142857142857142,0.3333333333333333,10
17223,0.4615686847425479,0.375,0.25,10
17251,0,0,0,10
17253,0,0,0,10
17262,0,0,0,10
17264,0.2572021963064698,0.25,0.3333333333333333,10
17265,-0,0,0,0
17276,0.5572998242663683,0.3125,1,10
17283,0.5286871870681225,0.1875,1,5
17287,0,0,0,9
17297,0,0,0,10
17299,0,0,0,10
17312,0,0,0,10
17322,0,0,0,10
17324,0.06605173276732716,0.0625,0.25,10
17329,0.09478836436955078,0.0625,0.25,10
17330,0,0,0,10
17333,0,0,0,10
17335,0,0,0,10
17337,0,0,0,10
17338,0.06625422345438903,0.0625,0.1111111111111111,10
17346,0,0,0,10
17347,0,0,0,10
17349,0.20431625773179493,0.125,0.25,10
17353,0,0,0,10
17354,-0,0,0,0
17360,0,0,0,10
17365,-0,0,0,0
17381,0.22009176629808014,0.0625,1,10
17384,0,0,0,10
17391,0,0,0,10
17396,0.4985723557253837,0.26666666666666666,1,10
17400,0.4042383682811874,0.3125,0.3333333333333333,10
17401,0.7461458990891464,0.5625,1,10
17405,0,0,0,10
17407,0,0,0,10
17410,0.1388624438735545,0.0625,0.5,10
17416,0,0,0,10
17428,0.7633252949757945,0.20512820512820512,1,10
17435,-0,0,0,0
17438,0,0,0,10
17456,0.13117485256205813,0.125,0.25,10
17458,0.06943122193677725,0.0625,0.125,10
17461,0,0,0,10
17462,0.6257835816030194,0.38461538461538464,1,10
17463,0,0,0,10
17466,-0,0,0,0
17468,0,0,0,10
17476,0,0,0,10
17477,0,0,0,10
17481,0.22009176629808014,0.02127659574468085,1,10
17499,0,0,0,10
17502,0.45480816233581794,0.1875,1,10
17508,0,0,0,10
17509,0,0,0,10
17510,0,0,0,10
17517,0.19259663882126163,0.125,0.2,10
17525,0,0,0,1
17526,0.39484136206016496,0.125,1,6
17527,0,0,0,10
17530,0.43547474557506727,0.4,1,10
17534,0,0,0,10
17539,0,0,0,1
17540,0.800693766409882,0.4375,1,10
17542,0.6039094289265273,0.3333333333333333,1,10
17547,0,0,0,10
17554,0,0,0,10
17558,0.5174612499126157,0.25,1,10
17566,0.08514311764162098,0.0625,0.2,10
17570,0.07096908371312387,0.08333333333333333,0.1111111111111111,10
17574,0.07336392209936005,0.038461538461538464,0.14285714285714285,10
17578,0,0,0,10
17594,0.43813122703324264,0.36363636363636365,0.5,10
17605,0.08514311764162098,0.0625,0.2,10
17607,0.0636207881989517,0.038461538461538464,0.1,10
17609,0,0,0,10
17613,0,0,0,10
17614,0,0,0,10
17624,0.22009176629808014,0.0625,1,10
17630,0,0,0,10
17635,0.06943122193677725,0.0625,0.125,10
17658,0.7213493377132232,0.375,1,10
17677,0,0,0,10
17679,0,0,0,10
17688,0,0,0,10
17689,0,0,0,10
17691,0,0,0,10
17701,0.6020941629041773,0.4444444444444444,1,10
17702,0.1356854453911663,0.05,0.125,10
17709,-0,0,0,0
17713,0.4690000933206747,0.1875,1,5
17718,0,0,0,1
17735,0,0,0,1
17740,0.08514311764162098,0.0625,0.2,10
17742,0.22009176629808014,0.07142857142857142,1,10
17747,0.8105763729621863,0.5333333333333333,1,10
17748,0.7506372960520508,0.4375,1,10
17750,0.6989180530399564,0.4,1,10
17753,0.7155506487682609,0.4,1,10
17760,0.3499667779514209,0.1875,1,10
17762,0,0,0,10
17766,0,0,0,10
17768,0,0,0,3
17771,0,0,0,10
17775,0,0,0,10
17777,0.5423640154200348,0.26666666666666666,1,10
17781,0,0,0,10
17785,0.2344065099232999,0.1875,0.25,10
17788,0,0,0,3
17803,0.5755676532324865,0.125,1,10
17810,0.6489315753318465,0.3125,1,10
17813,0.3301376494471202,0.13333333333333333,1,4
17814,-0,0,0,0
17833,0,0,0,10
17836,1,0.625,1,10
17842,0.7585235179181541,0.5,1,10
17844,0.0676892029442097,0.08333333333333333,0.25,10
17854,0.2781981696179509,0.2,0.3333333333333333,10
17855,0.2832325164972662,0.1875,0.3333333333333333,10
17857,0.08009687781155747,0.0625,0.16666666666666666,10
17865,0,0,0,10
17866,0.2336508082431053,0.125,0.5,10
17870,0,0,0,10
17883,0.6523706084452716,0.23076923076923078,1,10
17884,0,0,0,10
17887,-0,0,0,0
17888,0.18011989653266983,0.15384615384615385,0.3333333333333333,10
17892,0.35895421017163465,0.125,1,10
17901,0,0,0,10
17903,0,0,0,10
17904,0.11004588314904007,0.06666666666666667,0.3333333333333333,10
17908,0.06951001146215491,0.0625,0.25,10
17909,0.06625422345438903,0.0625,0.1111111111111111,10
17916,0,0,0,10
17919,0.2578753740644927,0.1875,0.3333333333333333,10
17924,0.4361533373077281,0.13333333333333333,1,10
17925,0,0,0,10
17935,0,0,0,10
17936,0,0,0,10
17938,0.4601481384535395,0.26666666666666666,1,10
17940,0,0,0,10
17955,0.9305687780632227,0.6923076923076923,1,10
17962,0,0,0,10
17970,0,0,0,10
17972,0,0,0,10
17973,0,0,0,10
17978,0.39567948448453233,0.2727272727272727,0.3333333333333333,10
17982,0.38603065097980993,0.25,1,10
17987,0,0,0,10
17992,0.11004588314904007,0.07142857142857142,0.3333333333333333,10
17994,0,0,0,10
18011,0,0,0,10
18012,0.1388624438735545,0.0625,0.5,10
18013,0,0,0,10
18014,0,0,0,10
18016,0.3746661058764784,0.075,1,10
18019,-0,0,0,0
18020,0,0,0,10
18021,0.09468477226124836,0.125,0.1111111111111111,10
18023,0.056762078427747324,0.02631578947368421,0.2,10
18025,0.2934556883974402,0.16666666666666666,1,10
18034,0.06943122193677725,0.05,0.125,10
18038,0,0,0,10
18046,0.6961622681399229,0.13636363636363635,1,10
18050,0,0,0,10
18052,0.19092086617893464,0.16666666666666666,0.5,10
18054,0,0,0,10
18055,-0,0,0,0
18077,0,0,0,10
18085,0,0,0,10
18091,0.752969406552648,0.4666666666666667,1,10
18155,0,0,0,10
18189,0.5009732673492617,0.25,1,10
18190,0.16354138662029633,0.125,0.2,10
18194,0,0,0,10
18208,0,0,0,10
18216,0,0,0,10
18243,1,0.625,1,10
18244,0.6987957033953601,0.46153846153846156,1,10
18245,0.9053206285482487,0.27586206896551724,1,10
18246,0,0,0,1
18256,0.1388624438735545,0.02631578947368421,0.5,10
18260,0,0,0,10
18264,0.9347975894469938,0.5714285714285714,1,10
18265,0.4698315228180992,0.17647058823529413,0.3333333333333333,10
18269,0,0,0,10
18279,0,0,0,10
18290,0,0,0,10
18298,-0,0,0,0
18307,0,0,0,10
18315,0.09455896350156812,0.16666666666666666,0.1,10
18321,-0,0,0,0
18324,0.5267976535709284,0.5,0.5,10
18327,0,0,0,10
18329,0,0,0,10
18339,0,0,0,10
18340,0,0,0,10
18352,0.3151625504769836,0.1875,0.5,10
18356,0.681141919314888,0.75,0.5,10
18360,0.537834106888012,0.3333333333333333,1,10
18362,1,0.6666666666666666,1,10
18364,0,0,0,10
18377,0.35346390919500803,0.1875,0.5,10
18380,0,0,0,10
18381,0.08514311764162098,0.0625,0.2,10
18392,0.07839826897867533,0.0625,0.16666666666666666,10
18393,0,0,0,1
18395,0,0,0,10
18398,0,0,0,10
18401,0,0,0,10
18415,0,0,0,10
18416,0,0,0,10
18420,0,0,0,10
18421,0,0,0,9
18426,0,0,0,6
18428,0.4220949603708207,0.25,0.5,10
18429,0,0,0,10
18439,0.53993998608224,0.2857142857142857,1,10
18441,0,0,0,10
18453,0.4144176008056297,0.1,1,10
18458,0.21290635257621482,0.14285714285714285,0.16666666666666666,10
18460,0.5363559634917963,0.375,0.5,10
18465,0.7685829787223915,0.4117647058823529,1,10
18468,0.800693766409882,0.5384615384615384,1,10
18469,0.6544047774619642,0.24,1,10
18471,0.1388624438735545,0.0625,0.5,10
18473,0,0,0,10
18480,0.35462505620917695,0.23076923076923078,1,10
18481,0,0,0,10
18483,0,0,0,10
18485,0.27552322866839213,0,0,10
18489,0.3309322826928989,0.2,1,10
18496,0.10866808225369018,0.125,0.1111111111111111,10
18500,0.2575389154724167,0.14285714285714285,1,10
18503,0.4185067129143755,0.3333333333333333,1,10
18506,0.06943122193677725,0.0625,0.125,10
18513,0.6620158551732015,0.375,1,10
18521,0,0,0,10
18523,0.11004588314904007,0.0625,0.3333333333333333,10
18526,0,0,0,2
18529,0,0,0,10
18532,0.07839826897867533,0.02040816326530612,0.16666666666666666,10
18538,0,0,0,10
18541,0,0,0,10
18543,0.30046206805115283,0.07692307692307693,1,10
18544,0,0,0,7
18550,0.4953035231962859,0.3125,0.5,6
18553,0.22009176629808014,0.03571428571428571,1,10
18555,0.35895421017163465,0.125,1,10
18557,0,0,0,10
18565,0,0,0,10
18567,0,0,0,10
18568,0.8701249883466592,0.5,1,10
18569,0.14465249243306438,0.125,0.16666666666666666,10
18586,0.2406295523121158,0.25,0.25,10
18596,0,0,0,4
18614,0,0,0,1
18620,0.04416948230292602,0.06666666666666667,0.1111111111111111,10
18621,-0,0,0,0
18626,0.15336737402844913,0.09090909090909091,1,10
18636,0.09962965242264374,0.0625,0.2,10
18639,0.6082965289412681,0.2222222222222222,1,10
18645,0.44402126632244265,0.36363636363636365,0.3333333333333333,10
18650,0,0,0,10
18653,0.2520649403266671,0.2,0.3333333333333333,10
18663,0.08308699565805434,0.0625,0.14285714285714285,10
18664,0,0,0,10
18668,0.26808482822528873,0.14285714285714285,0.5,10
18672,0.5237025709915449,0.19047619047619047,1,10
18675,0.1388624438735545,0.06666666666666667,0.5,10
18679,0.4942922401771767,0.2608695652173913,0.3333333333333333,10
18682,0.13575193991271664,0.125,0.1111111111111111,10
18700,0.4225051418507037,0.1875,1,6
18703,-0,0,0,0
18705,0.3932922086910404,0.6666666666666666,0.2,10
18706,0.7967610662472991,0.4375,1,10
18709,0.11004588314904007,0.0625,0.3333333333333333,10
18710,0.6231993985273889,0.4,1,10
18729,0.11588630085140192,0.06451612903225806,0.16666666666666666,10
18884,0,0,0,10
18894,0,0,0,10
18899,0.07839826897867533,0.0625,0.16666666666666666,10
18902,0,0,0,10
18903,0.30721657429469856,0.25,1,10
18909,0.3757128651759366,0.46153846153846156,0.25,10
18913,0.3597099118518292,0.1875,1,10
18915,0,0,0,10
18922,0.5388856921828065,0.25,1,10
18927,1,0.625,1,10
18929,0.38148029915855786,0.25,0.5,10
18930,0.39763391022884753,0.125,1,10
18932,0.7778721720600672,0.5714285714285714,1,10
18933,0.21222636597291455,0.14285714285714285,0.5,10
18940,0,0,0,10
18942,1,0.24390243902439024,1,10
18943,0,0,0,10
18945,0.43498155149096834,0.375,0.3333333333333333,10
18946,0.2532954041105318,0.2,0.25,10
18953,0,0,0,10
18954,0,0,0,10
18957,0,0,0,10
18970,0.7215955131378952,0.5,1,10
18971,0.8111937978033509,0.6,1,10
18974,1,0.625,1,10
18979,-0,0,0,0
18981,0.5146467585917684,0.25,1,10
18982,0.3780915490871651,0.25,0.5,10
18986,0.6969387913610549,0.225,0.5,10
18995,0.4225051418507037,0.125,1,10
18996,1,0.3225806451612903,1,10
19003,-0,0,0,0
19007,0.07839826897867533,0.0625,0.16666666666666666,10
19011,0,0,0,10
19019,0.07637274466264242,0.0625,0.125,10
19020,0.8603818544462509,0.5,1,10
19021,0,0,0,10
19023,0.05242205769552898,0.0625,0.125,10
19033,0.1427951440361373,0.13333333333333333,0.14285714285714285,10
19045,0.6569514169150849,0.3333333333333333,0.5,10
19047,0.11004588314904007,0.05263157894736842,0.3333333333333333,10
19052,0,0,0,8
19053,0,0,0,10
19058,0,0,0,10
19064,0.4252084336260237,0.21428571428571427,1,10
19070,0.31879392588472627,0.25,0.5,10
19076,0.28634598975246917,0.125,1,10
19078,0.23930280678108978,0.13333333333333333,1,10
19080,0,0,0,10
19083,1,0.3448275862068966,1,10
19090,0.07336392209936005,0.08333333333333333,0.14285714285714285,10
19096,0.29565018523913383,0.25,0.25,10
19101,0,0,0,10
19104,0,0,0,10
19106,0.1388624438735545,0.0625,0.5,10
19117,0,0,0,4
19121,0,0,0,10
19122,0.8552359594331604,0.25,1,10
19129,0.4017993296633029,0.1875,1,10
19131,0,0,0,10
19132,0.07839826897867533,0.0625,0.16666666666666666,10
19134,0.06646866534384419,0.06666666666666667,0.16666666666666666,10
19136,0.3844985279826931,0.14285714285714285,1,2
19138,0,0,0,10
19144,0,0,0,10
19146,0,0,0,10
19159,0,0,0,10
19165,0.08514311764162098,0.0625,0.2,10
19178,0,0,0,10
19192,0,0,0,10
19195,0.23458362368124827,0.3333333333333333,0.14285714285714285,10
19199,0,0,0,10
19200,0,0,0,10
19211,0,0,0,10
19212,0.11004588314904007,0.0625,0.3333333333333333,10
19214,0.15850703974098104,0.14285714285714285,0.2,10
19218,0,0,0,10
19221,0,0,0,10
19225,0.8833444073495262,0.4,1,10
19230,0,0,0,10
19237,0.6122496142821665,0.09433962264150944,1,10
19240,0.6281649475693718,0.4,1,10
19254,0,0,0,10
19257,0.16815228646891084,0.125,0.25,10
19259,0,0,0,10
19260,0.14874433492765377,0.06666666666666667,0.5,10
19261,0.31488013066763093,0.125,1,10
19267,0.11180632424479071,0.16666666666666666,0.16666666666666666,10
19268,0,0,0,10
19270,0,0,0,10
19276,0,0,0,10
19279,0.20483424751859086,0.125,0.3333333333333333,10
19298,0,0,0,10
19303,0,0,0,6
19305,0,0,0,10
19306,0,0,0,10
19312,0,0,0,10
19313,0.06943122193677725,0.07692307692307693,0.125,10
19317,0,0,0,10
19319,0,0,0,10
19322,0.09045696359411086,0.125,0.125,10
19330,0.24890832702259458,0.058823529411764705,0.5,10
19335,0.8701249883466592,0.5,1,10
19340,0.1584091525685025,0.125,0.25,10
19351,0,0,0,10
19354,0.1388624438735545,0.0625,0.5,10
19360,0.06943122193677725,0.02564102564102564,0.125,10
19361,0.5795042961075161,0.2,0.14285714285714285,10
19362,0.6243301345792676,0.375,1,10
19363,0,0,0,10
19369,0.3789209523348389,0.25,1,10
19372,0,0,0,7
19379,0,0,0,10
19380,0,0,0,10
19383,0,0,0,10
19388,0.26180807422707547,0.1875,0.3333333333333333,10
19395,0.18340980524840012,0.125,0.3333333333333333,10
19424,0.6086182388744238,0.3125,1,10
19426,0.686596474384843,0.4375,1,10
19427,0.6525237101465599,0.375,1,10
19434,0,0,0,10
19436,0.9283729264144387,0.5625,1,10
19438,0,0,0,5
19451,0,0,0,10
19456,0,0,0,10
19457,0.9305687780632227,0.5625,1,10
19465,0,0,0,10
19468,-0,0,0,0
19472,0,0,0,10
19480,0.4348139538675285,0.1282051282051282,0.5,10
19484,0.3301376494471202,0.125,1,10
19494,0,0,0,10
19502,0.5517854393872873,0.3333333333333333,1,10
19503,0.5548010254700118,0.3125,1,10
19509,0.17590597188014143,0.15384615384615385,0.25,10
19511,0.11004588314904007,0.08333333333333333,0.3333333333333333,10
19513,0.17366667134799177,0.125,0.3333333333333333,10
19524,0.22009176629808014,0.0625,1,10
19527,0,0,0,10
19528,0,0,0,10
19533,0.5631216504732497,0.25,1,10
19536,0,0,0,10
19546,0.5140528919626033,0.3333333333333333,1,10
19547,-0,0,0,0
19548,0.38341843507112283,0.3,1,10
19556,0.4361533373077281,0.125,1,2
19582,0.4721567066247473,0.25,1,10
19583,0.39484136206016496,0.18181818181818182,1,10
19584,0.5742065914746152,0.3125,1,10
19585,0.9216017310213247,0.5625,1,10
19597,0.22119341301481263,0.08571428571428572,0.16666666666666666,10
19609,0.32149616226344435,0.25,0.3333333333333333,10
19617,0.9468817998296744,0.625,1,10
19619,0.3868528072345416,0.5,0.5,10
19625,0.34695119186869644,0.25,0.3333333333333333,10
19628,0.977915258848537,0.3225806451612903,1,10
19632,0,0,0,10
19635,0,0,0,10
19636,0,0,0,10
19649,0.3037755876119577,0.1875,0.5,10
19657,0.24355227021012346,0.21428571428571427,0.25,10
19659,0.2816575879096918,0.1875,0.5,10
19665,0.15274548932528484,0.07142857142857142,0.5,10
19667,0,0,0,10
19669,1,0.5,1,10
19677,0.9191904578968186,0.6428571428571429,1,10
19679,0.5023756245102127,0.1875,1,10
19686,0,0,0,10
19689,0.7118041267893815,0.15,1,10
19691,0.47983399975694613,0.38461538461538464,0.5,10
19694,0.5715402920275819,0.35714285714285715,1,10
19702,0,0,0,1
19706,0.6228225474262747,0.1724137931034483,1,10
19717,0.7946587027275572,0.4666666666666667,1,10
19720,0.5308971532459225,0.3333333333333333,0.2,10
19728,0.35895421017163465,0.18181818181818182,1,10
19730,0,0,0,10
19732,0.8181587460398391,0.5,1,10
19733,0.9061141373634359,0.5625,1,10
19734,0,0,0,10
19735,-0,0,0,0
19740,0.06625422345438903,0.0625,0.1111111111111111,10
19744,0,0,0,10
19746,0,0,0,10
19752,0.07839826897867533,0.025,0.16666666666666666,10
19756,0,0,0,10
19761,0,0,0,10
19762,0.7534494445524137,0.4375,1,10
19764,0.2375835084056881,0.1875,0.25,10
19778,0,0,0,10
19782,0.5637884576902256,0.25,1,10
19788,0.11004588314904007,0.06666666666666667,0.3333333333333333,7
19790,0.3683756341388872,0.3076923076923077,0.3333333333333333,10
19792,0.08514311764162098,0.05,0.2,10
19797,0.5294577578246297,0.25,1,10
19806,0,0,0,10
19808,0.22009176629808014,0.0625,1,10
19810,0,0,0,10
19817,0.5999767516907479,0.175,0.5,10
19818,1,0.7142857142857143,1,10
19820,0.5406661891915078,0.18181818181818182,1,10
19825,0.07218717283658176,0.07142857142857142,0.2,10
19828,0,0,0,10
19829,0,0,0,10
19833,-0,0,0,0
19836,0.3183191637810562,0.2857142857142857,0.3333333333333333,10
19842,0,0,0,10
19851,0.18075808045899236,0.16666666666666666,0.2,10
19854,0.22009176629808014,0.0625,1,10
19855,0.6843947077447106,0.20689655172413793,1,10
19859,0.2799382895342902,0.1875,0.5,10
19872,1,0.625,1,10
19875,0,0,0,10
19878,0.35895421017163465,0.13333333333333333,1,10
19879,0.15101961822780524,0.25,0.2,10
19881,0,0,0,10
19882,0.7721596254947202,0.4375,1,10
19884,0,0,0,5
19885,0.5165270670366633,0.4,1,3
19886,0.436404375391927,0.25,1,2
19888,0,0,0,2
19903,0.751876256597784,0.4375,1,10
19906,-0,0,0,0
19915,0.669511324018505,0.7142857142857143,1,10
19916,1,0.625,1,10
19917,0,0,0,10
19923,0,0,0,10
19927,0,0,0,10
19930,0.37077313220032054,0.25,0.5,10
19931,0.38327639846512196,0.3333333333333333,0.3333333333333333,10
19933,0,0,0,10
19937,0.20827328063201606,0.2,0.16666666666666666,10
19941,0.2681468708661515,0.1111111111111111,1,10
19944,0.3557772116892464,0.2,1,10
19948,0,0,0,10
19950,0.22009176629808014,0.06666666666666667,1,1
19952,0,0,0,10
19953,0.1515015134351386,0.15384615384615385,0.16666666666666666,10
19956,0,0,0,10
19959,-0,0,0,0
19962,0.6167901587895762,0.25,1,10
19969,0,0,0,10
19971,0.4690000933206747,0.2,1,10
19972,0.35895421017163465,0.125,1,10
19975,0.3783033006761697,0.25,0.5,10
19983,0,0,0,10
19986,0.0945501996896157,0.125,0.125,10
19995,0.5637884576902256,0.25,1,10
20010,0.5353676919899268,0.15151515151515152,1,10
20018,0.28678053204097154,0.125,0.5,10
20019,0,0,0,10
20020,0.753814294534439,0.4375,1,10
20021,0.06625422345438903,0.0625,0.1111111111111111,10
20022,0.19518900079066107,0.125,0.3333333333333333,10
20024,0.8268133666517737,0.2,1,10
20026,0,0,0,10
20029,0,0,0,10
20030,0.10484411539105797,0.06666666666666667,0.5,10
20037,0.1388624438735545,0.025,0.5,10
20044,0,0,0,10
20047,0,0,0,10
20048,0,0,0,10
20050,0,0,0,10
20052,0,0,0,10
20063,0,0,0,10
20065,0,0,0,10
20069,-0,0,0,0
20072,0,0,0,3
20073,0.12369548763573625,0.16666666666666666,0.14285714285714285,10
20076,0,0,0,10
20077,0,0,0,10
20080,0,0,0,10
20085,0.5384313152574519,0.25,1,10
20086,0,0,0,10
20096,0,0,0,10
20098,0.1427932323764126,0.125,0.2,10
20104,0.3184686173975225,0.15384615384615385,1,10
20105,0.5767477919740396,0.26666666666666666,1,10
20106,0,0,0,10
20109,0,0,0,10
20116,0,0,0,10
20125,0.4453858589027682,0.3333333333333333,1,2
20130,0.34948673995165525,0.25,0.3333333333333333,10
20145,0,0,0,10
20149,0.10413794181167323,0.1,0.1,10
20151,0.09552434673554687,0.125,0.3333333333333333,10
20157,0,0,0,10
20161,0.2682123575421516,0.25,0.2,10
20166,0.14318335701877086,0.15384615384615385,0.3333333333333333,10
20167,0,0,0,10
20170,0,0,0,10
20171,0.46582309483828654,0.25,1,10
20180,0,0,0,10
20184,0.6782961487391511,0.3333333333333333,1,5
20185,-0,0,0,0
20187,0.5637884576902256,0.26666666666666666,1,10
20199,0.4943572357534483,0.25,1,10
20208,-0,0,0,0
20213,0.7104770117651424,0.5,0.5,10
20215,0.3570764765963919,0.23076923076923078,1,10
20224,0.2240055615151755,0.05128205128205128,0.5,8
20225,0.20511666732794356,0.15384615384615385,0.5,10
20243,0.48834918382520975,0.3125,0.5,10
20247,0.31062145094214105,0.25,0.5,10
20248,0.38363315291837646,0.1875,1,10
20256,0.800693766409882,0.4375,1,10
20258,0,0,0,10
20261,0.2240055615151755,0.125,0.5,10
20270,0.5365535816822092,0.11363636363636363,1,10
20281,0,0,0,10
20283,0,0,0,10
20286,-0,0,0,0
20290,0.7348589827487977,0.2222222222222222,1,10
20294,0.7932888264612302,0.5625,1,10
20296,0.48743356179143793,0.25,1,10
20307,0.5599069317497283,0.8,0.3333333333333333,10
20310,0.7007731679885373,0.375,1,10
20315,0,0,0,10
20316,0.4639590352498407,0.42857142857142855,1,10
20329,-0,0,0,0
20335,-0,0,0,0
20342,-0,0,0,0
20349,0,0,0,6
20352,0,0,0,2
20353,-0,0,0,0
20354,-0,0,0,0
20356,0.21726071285222984,0.125,0.5,10
20363,-0,0,0,0
20372,0.9385519332618998,0.3225806451612903,1,10
20376,0.800693766409882,0.4375,1,10
20378,0,0,0,10
20385,0,0,0,10
20393,0.36792125721353275,0.1875,1,10
20399,-0,0,0,0
20401,0.7778721720600672,0.4375,1,10
20403,0.06943122193677725,0.08333333333333333,0.125,10
20407,0.5701406500739014,0.3333333333333333,1,10
20408,0.6797786416500051,0.4375,1,10
20413,0.5199967979955745,0.3076923076923077,1,10
20414,0,0,0,10
20415,0,0,0,10
20430,0,0,0,10
20432,0,0,0,10
20434,0.3903800499921017,0.25,1,10
20436,0.37850091886658266,0.1875,1,10
20438,0,0,0,10
20439,0.06646866534384419,0.06666666666666667,0.16666666666666666,10
20441,0.4440973278132556,0.2,1,10
20442,0.4692787260227565,0.3333333333333333,1,10
20456,0.09478836436955078,0.0625,0.25,10
20460,0.6025064803817581,0.125,1,10
20468,0.06768971444980863,0.0625,0.1111111111111111,10
20471,0.06625422345438903,0.06666666666666667,0.1111111111111111,10
20478,0.2837125544970318,0.125,1,10
20482,0.15139734109601002,0.125,0.2,10
20484,0.2583297509898471,0.08108108108108109,0.25,10
20492,-0,0,0,0
20500,0,0,0,10
20502,0.710022634839788,0.4375,1,10
20504,0,0,0,10
20513,0.3667028183788342,0.16,0.5,10
20514,0.14514605925250643,0.0625,0.5,10
20523,0,0,0,10
20528,0.24655055544758617,0.2,0.25,10
20532,0.4690000933206747,0.1875,1,10
20535,0.12562860819572197,0.125,0.25,10
20538,0.7663491917568946,0.5,1,10
20541,0.635507325881215,0.5,1,4
20545,0.5574647036294273,0.25,1,10
20551,0.3077190703891861,0.25,0.3333333333333333,10
20557,0.6219877544759428,0.3333333333333333,1,10
20574,0.35969100690634176,0.25,0.5,10
20578,0,0,0,10
20579,0.1427951440361373,0.125,0.14285714285714285,10
20583,0.06625422345438903,0.0625,0.1111111111111111,10
20586,0.8318477135310891,0.5,1,10
20599,0.1542153654519661,0.125,0.3333333333333333,10
20604,0.5772946858559946,0.7142857142857143,0.5,10
20611,0,0,0,10
20620,0.7183424120903081,0.4375,1,10
20624,0.09042711303331401,0,0,5
20630,0,0,0,10
20633,0.3038377318600771,0.26666666666666666,0.25,10
20634,0.4690000933206747,0.1875,1,10
20649,-0,0,0,0
20657,0,0,0,10
20661,0,0,0,1
20668,0,0,0,10
20669,0,0,0,10
20678,0.23680742154717782,0.1875,0.25,10
20679,0,0,0,10
20680,0,0,0,10
20686,0.22009176629808014,0.0625,1,10
20691,0.32279449697984014,0.125,1,10
20698,1,0.7692307692307693,1,10
20700,0.7707515590154075,0.22580645161290322,1,10
20701,0.15726617308658694,0.0625,0.5,10
20705,0.37185395737611554,0.08333333333333333,1,10
20708,0.5321408435198608,0.25,1,10
20709,0.06943122193677725,0.07692307692307693,0.125,10
20714,0.7176699852357206,0.4375,1,10
20723,0.4736695902179647,0.1282051282051282,0.5,10
20725,-0,0,0,0
20728,0.2375835084056881,0.1875,0.25,10
20730,0.5684579545875155,0.4,0.5,10
20734,0.06625422345438903,0.0625,0.1111111111111111,10
20740,0.20764559935980764,0.2857142857142857,0.125,10
20742,0.26322757470677666,0.125,1,10
20743,0,0,0,10
20756,1,0.6666666666666666,1,10
20758,0.933745776545611,0.21951219512195122,1,10
20775,0.9323102855501914,0.5625,1,10
20776,0.29090940880133687,0.14285714285714285,1,1
20777,0.800693766409882,0.4375,1,10
20788,0.16172008220134781,0.16666666666666666,0.14285714285714285,10
20789,0,0,0,4
20790,0,0,0,10
20796,0.5582604437617527,0.3125,1,10
20808,0.41515053773713506,0.6666666666666666,0.3333333333333333,10
20809,0,0,0,10
20810,0.9363792118010483,0.3333333333333333,1,10
20816,0.6153562485097318,0.3333333333333333,1,10
20822,0.5893002499675077,0.2,1,10
20825,0,0,0,10
20826,0,0,0,10
20828,0.5700648274544224,0.25,1,10
20831,0,0,0,10
20832,0.3044909386107646,0.13333333333333333,1,10
20833,0.06943122193677725,0.02631578947368421,0.125,10
20834,0,0,0,10
20836,0,0,0,10
20843,0,0,0,10
20846,0.1378522708886638,0.25,0.14285714285714285,10
20850,0,0,0,10
20851,-0,0,0,0
20852,0.40067051810063,0.25,0.5,10
20856,0.7846170207230129,0.4375,1,10
20861,0,0,0,10
20866,0.1800677324907556,0.125,0.25,10
20867,0,0,0,10
20868,0,0,0,10
20872,0,0,0,10
20873,0,0,0,10
20874,0,0,0,10
20894,0.35175469990298025,0.25,0.5,10
20904,0.16815228646891084,0.125,0.25,10
20912,0,0,0,10
20916,0.1584091525685025,0.125,0.25,10
20919,0.3633412872595719,0.26666666666666666,0.3333333333333333,10
20923,0.11004588314904007,0.0625,0.3333333333333333,10
20944,0,0,0,7
20946,0.8701249883466592,0.38095238095238093,1,8
20954,0.9337374687550546,0.5625,1,10
20959,0.5033242827953464,0.25,1,10
20965,1,0.625,1,10
20968,0.45650001423154074,0.125,1,10
20970,0,0,0,3
20976,1,0.2564102564102564,1,10
20991,-0,0,0,0
20993,0,0,0,10
20996,0.08698786311329101,0.0625,0.2,10
20997,0.1934443867496384,0.125,1,10
20999,0,0,0,10
21001,0.2811863563011518,0.06896551724137931,1,10
21002,0.20758807408975782,0.2222222222222222,0.14285714285714285,10
21005,0.6466492297915689,0.25,1,10
21006,0.02613275632622511,0,0,10
21011,0.5388856921828065,0.10256410256410256,1,10
21015,0.2283991101588521,0.125,0.3333333333333333,10
21018,0,0,0,10
21028,0.48153499054313026,0.1111111111111111,1,10
21029,0.9363792118010483,0.5625,1,10
21032,0.12363057792683514,0.05405405405405406,0.2,10
21033,0.22882786096735666,0.14285714285714285,0.25,10
21034,0.6020521034564037,0.3125,1,10
21061,0.6468562235661908,0.4666666666666667,0.5,10
21062,0,0,0,10
21063,0,0,0,10
21070,0,0,0,10
21075,0.727329844310522,0.4,1,10
21079,0.06625422345438903,0.0625,0.1111111111111111,10
21085,0.3301376494471202,0.125,1,10
21086,0,0,0,10
21088,0,0,0,10
21090,0.1884441521277154,0.125,0.3333333333333333,10
21093,0.7155506487682609,0.375,1,10
21097,0,0,0,10
21101,0.497258080057219,0.15151515151515152,0.5,10
21105,0,0,0,10
21106,0,0,0,10
21122,0.17318663334822612,0.06451612903225806,0.25,10
21142,0.4690000933206747,0.1875,1,10
21164,0.69320457828782,0.375,1,10
21166,0.12987501165334073,0.125,0.1111111111111111,10
21169,0.07336392209936005,0.06666666666666667,0.14285714285714285,10
21175,0,0,0,10
21187,0.9755453593002132,0.625,1,10
21188,0,0,0,10
21198,0.5637884576902256,0.25,1,10
21213,0.22009176629808014,0.0625,1,10
21214,0,0,0,10
21220,0,0,0,10
21221,0.06943122193677725,0.0625,0.125,10
21222,0.4892776314752161,0.25,1,10
21227,0,0,0,10
21228,0.3398414932237254,0.25,0.3333333333333333,10
21235,0,0,0,10
21236,0.36159016140841055,0.2857142857142857,1,10
21267,0,0,0,10
21305,0,0,0,10
21314,0.12647135138382856,0.125,0.3333333333333333,4
21385,0.17947710508581732,0.125,0.3333333333333333,10
21388,0.34369669139214537,0.2,0.5,10
21389,0.16354138662029633,0.125,0.2,10
21391,0,0,0,10
21393,0.6821705801381613,0.4375,1,10
21394,0,0,0,10
21396,0.23944085680261518,0.1875,0.25,10
21399,0,0,0,10
21401,0.07336392209936005,0.047619047619047616,0.14285714285714285,10
21402,0.1388624438735545,0.0625,0.5,10
21406,-0,0,0,0
21418,0.08514311764162098,0.0625,0.2,10
21421,0.39425270953183084,0.3333333333333333,1,10
21422,0,0,0,10
21430,-0,0,0,0
21438,0,0,0,10
21477,0.5637884576902256,0.25,1,10
21481,0,0,0,10
21482,0.2781981696179509,0.15789473684210525,0.3333333333333333,10
21483,0.5388856921828065,0.25,1,10
21485,0.14465249243306438,0.05,0.16666666666666666,10
21488,0.08914206479517318,0.0625,0.14285714285714285,10
21491,0,0,0,2
21492,0.08514311764162098,0.0625,0.2,10
21493,0,0,0,7
21495,0,0,0,10
21503,0.7065836017263628,0.375,1,10
21554,0.22009176629808014,0.06666666666666667,1,10
21559,0,0,0,3
21579,0.35208887506004277,0.23076923076923078,1,10
21580,0.7965870691615294,0.7,1,8
21589,-0,0,0,0
21594,-0,0,0,0
21599,0.7222954974312066,0.375,1,10
21609,0.6177639991612474,0.3125,1,10
21610,0.5002067341422897,0.2727272727272727,0.5,10
21626,0.3250640124440018,0.14814814814814814,0.3333333333333333,10
21631,0.3005260969186081,0.3076923076923077,0.2,10
21639,0.9363792118010483,0.5625,1,10
21644,0.6168295842361273,0.3125,1,10
21645,0.1427951440361373,0.15384615384615385,0.14285714285714285,10
21647,0.09478836436955078,0.0625,0.25,10
21652,0,0,0,10
21653,0,0,0,10
21654,0.09478836436955078,0.07142857142857142,0.25,10
21655,0.34301849170611365,0.26666666666666666,0.3333333333333333,10
21660,0.5701406500739014,0.3333333333333333,1,10
21661,0.2709881365155743,0.1111111111111111,1,10
21705,0,0,0,10
21795,0,0,0,10
21811,0.22009176629808014,0.07692307692307693,1,10
21837,-0,0,0,0
21846,0.8238375070554744,0.25925925925925924,1,10
21849,0,0,0,10
21858,0.41680431847138544,0.21428571428571427,1,10
21859,0.23230120691461892,0.125,0.5,10
21860,0.5164713667693395,0.3076923076923077,1,10
21862,0.5673156061728815,0.375,1,10
21864,1,0.625,1,10
21865,0.6188656458779799,0.4666666666666667,0.5,10
21869,0,0,0,10
21871,0,0,0,10
21872,0,0,0,10
21878,0,0,0,10
21894,0.14201905717762703,0.125,0.16666666666666666,10
21900,0,0,0,10
21910,0.07839826897867533,0.0625,0.16666666666666666,10
21911,0.07336392209936005,0.06666666666666667,0.14285714285714285,10
21915,0,0,0,10
21917,0.06943122193677725,0.02702702702702703,0.125,10
21919,0,0,0,10
21922,0.40485567243364934,0.3333333333333333,0.5,10
21940,0.8517156568355165,0.45454545454545453,1,10
21990,0,0,0,10
22020,0,0,0,7
22039,0,0,0,10
22055,0,0,0,10
22060,0,0,0,8
22061,0,0,0,10
22065,0,0,0,10
22070,-0,0,0,0
22071,0,0,0,10
22074,-0,0,0,0
22082,0,0,0,10
22083,0,0,0,2
22089,0.2044766584336019,0.125,0.5,7
22102,0,0,0,10
22105,0.8165901947515998,0.5,1,10
22106,0,0,0,10
22109,0.8870024779577587,0.5,1,10
22127,0.4712134951078559,0.13636363636363635,1,10
22129,-0,0,0,0
22156,0.17947710508581732,0.05263157894736842,0.3333333333333333,10
22161,0.08514311764162098,0.06666666666666667,0.2,10
22163,0,0,0,10
22164,0.06943122193677725,0.0625,0.125,10
22166,0,0,0,10
22168,0,0,0,10
22171,0.9363792118010483,0.5625,1,10
22173,0,0,0,8
22174,0.1396181455537491,0.125,0.14285714285714285,10
22176,0.1356854453911663,0.125,0.125,10
22181,0.14876390584057267,0.125,0.2,10
22182,0.09478836436955078,0.0625,0.25,10
22183,0.3633412872595719,0.25,0.3333333333333333,10
22184,0,0,0,10
22188,0.06625422345438903,0.041666666666666664,0.1111111111111111,10
22189,0,0,0,10
22191,0.14187109415106738,0.0625,0.5,10
22202,-0,0,0,0
22211,0.056242380974069514,0.09090909090909091,0.125,10
22213,0.20511666732794356,0.13333333333333333,0.5,10
22214,0.06625422345438903,0.043478260869565216,0.1111111111111111,10
22215,0.561239500653674,0.18181818181818182,1,10
22230,0.9625232726390462,0.625,1,10
22233,0.13305201013572895,0.125,0.125,10
22235,0.7183627972686238,0.5,1,10
22243,0.8940486227053975,0.875,1,10
22266,1,0.625,1,10
22268,0.15257263817623895,0.09090909090909091,0.5,10
22271,0.11004588314904007,0.0625,0.3333333333333333,10
22273,0.3005260969186081,0.25,0.2,10
22277,0.22009176629808014,0.0625,1,10
22281,0.4124497136428909,0.17391304347826086,0.5,10
22282,1,0.625,1,10
22283,0.1083259763160482,0.0625,0.5,10
22287,0,0,0,10
22291,0,0,0,10
22292,0.5009732673492617,0.25,1,10
22315,0,0,0,2
22316,0.2837125544970318,0.125,1,10
22318,0,0,0,10
22327,0.25430127623392856,0.125,0.5,10
22330,0.6961622681399229,0.375,1,10
22336,0.7759944384848244,0.5,1,10
22342,0.21801641453242443,0.2,0.16666666666666666,10
22349,0.06625422345438903,0.06666666666666667,0.1111111111111111,10
22356,0.1356854453911663,0.125,0.125,10
22359,-0,0,0,0
22360,0,0,0,4
22363,0.028995954371097005,0,0,10
22364,0.11004588314904007,0.0625,0.3333333333333333,10
22374,0.6576413318514822,0.2,0.5,10
22391,0,0,0,9
22397,0.17002821265002713,0.125,0.2,10
22400,0,0,0,10
22404,0.4690000933206747,0.1875,1,10
22413,0.4800992288435083,0.4,0.3333333333333333,10
22414,0.3340911711506405,0.1875,1,10
22415,0.8165901947515998,0.5,1,10
22416,0.4348746574397942,0.3,1,10
22422,0.05226551265245022,0.034482758620689655,0.16666666666666666,10
22423,0,0,0,10
22428,0.800693766409882,0.4375,1,10
22429,0,0,0,10
22430,0.08069862424496003,0.0625,0.3333333333333333,10
22438,-0,0,0,0
22441,0.07858473101834644,0.06666666666666667,0.3333333333333333,10
22453,0.24890832702259458,0.125,0.5,10
22468,0,0,0,10
22472,0,0,0,10
22488,0,0,0,10
22491,0,0,0,10
22494,0,0,0,10
22495,0.9008636626471189,0.625,1,10
22499,0,0,0,10
22501,0.37859880603906115,0.1875,1,10
22502,0.2745478892647208,0.1875,0.5,10
22511,0.15274548932528484,0.07142857142857142,0.5,10
22513,0.14588900179744113,0.09523809523809523,0.3333333333333333,10
22518,0.5637884576902256,0.25,1,10
22525,0,0,0,5
22528,0.07336392209936005,0.0625,0.14285714285714285,10
22533,-0,0,0,0
22534,0.08514311764162098,0.0625,0.2,10
22536,1,0.625,1,10
22547,0,0,0,10
22548,0,0,0,10
22549,0,0,0,10
22552,0.21726071285222984,0.125,0.5,10
22553,0.14201905717762703,0.125,0.16666666666666666,10
22554,0.05886610400269325,0.0625,0.125,10
22555,0,0,0,8
22556,0,0,0,10
22562,-0,0,0,0
22566,0.31833954895937183,0.1875,0.5,10
22569,0.6483299230300233,0.2,1,10
22570,0,0,0,8
22571,0.06625422345438903,0.015625,0.1111111111111111,10
22587,0.9216017310213247,0.5625,1,10
22591,0.2895229882348574,0.14285714285714285,1,10
22606,0.3215312426799525,0.3,0.3333333333333333,10
22612,0.47007777821862895,0.08333333333333333,0.5,10
22625,-0,0,0,0
22628,0.2874476364692017,0.25,0.16666666666666666,10
22634,0.6489315753318465,0.3333333333333333,1,10
22637,0.5957616317188125,0.4166666666666667,1,10
22639,0.37485318001944856,0.2222222222222222,1,10
22649,0.6836641631277255,0.15789473684210525,1,10
22658,0,0,0,10
22666,0,0,0,10
22667,0.09478836436955078,0.06666666666666667,0.25,10
22670,0.06625422345438903,0.0625,0.1111111111111111,10
22679,0.24890832702259458,0.125,0.5,10
22687,0.42333070005078094,0.25,1,10
22691,0.2984900352767555,0.125,1,10
22696,0.21726071285222984,0.125,0.5,10
22697,0.5357086937004183,0.3125,1,10
22698,0.31488013066763093,0.125,1,10
22699,0.09173721265128025,0.0625,0.16666666666666666,10
22708,0.06943122193677725,0.07692307692307693,0.125,10
22712,0,0,0,10
22717,0,0,0,7
22719,0,0,0,10
22724,0.4000232483092519,0.1875,1,10
22734,0.44803002797583846,0.25,1,10
22741,0,0,0,10
22745,0,0,0,10
22750,0.0636207881989517,0.06666666666666667,0.1,10
22752,0,0,0,10
22753,0,0,0,10
22760,0.3600558568883671,0.10810810810810811,0.5,10
22762,0,0,0,10
22771,0.5365535816822092,0.3125,1,10
22773,0.3301376494471202,0.125,1,10
22782,0,0,0,10
22788,1,0.29411764705882354,1,10
22791,0,0,0,1
22792,0.0636207881989517,0.0625,0.1,10
22796,0.4440973278132556,0.1875,1,10
22801,0.31666273561641245,0.2222222222222222,1,10
22805,0,0,0,10
22810,0.2500954329163329,0.21428571428571427,0.2,10
22824,0,0,0,8
22827,0,0,0,8
22838,0.34576235996098154,0.2857142857142857,0.5,10
22841,0,0,0,10
22843,0,0,0,10
22844,0,0,0,10
22845,0,0,0,10
22851,-0,0,0,0
22857,0.16421958630632802,0.125,0.25,10
22863,0.31470279052230243,0.36363636363636365,0.5,10
22866,0.6496872770120411,0.375,1,10
22870,0,0,0,10
22874,0.3628869103342175,0.1875,1,10
22878,0.3667028183788342,0.17391304347826086,0.5,10
22881,0.16815228646891084,0.125,0.25,10
22886,0,0,0,10
22889,0.08514311764162098,0.0625,0.2,10
22890,0.26180807422707547,0.1875,0.3333333333333333,10
22892,0.3628869103342175,0.1111111111111111,1,10
22902,0,0,0,10
22922,0,0,0,2
22936,0.12468575026986017,0.08333333333333333,0.16666666666666666,10
22938,0.8521705090845474,0.5333333333333333,1,10
22947,0,0,0,10
22951,0.11004588314904007,0.0625,0.3333333333333333,10
22969,0.7050743585559002,0.5833333333333334,1,10
22993,0.38852647257634365,0.2857142857142857,0.5,10
22996,0.08514311764162098,0.0625,0.2,10
23011,0.07336392209936005,0.0625,0.14285714285714285,10
23013,0,0,0,10
23017,0,0,0,10
23019,0,0,0,10
23020,0.11004588314904007,0.0625,0.3333333333333333,10
23021,0,0,0,10
23024,0.3714891073940902,0.2,1,10
23030,0.9305755731226613,0.625,1,10
23033,0.8724430235590779,0.25806451612903225,1,10
23046,0,0,0,10
23050,0,0,0,6
23051,-0,0,0,0
23054,-0,0,0,0
23055,0,0,0,1
23061,0.760079105197619,0.4375,1,10
23075,0,0,0,10
23081,0,0,0,10
23084,0.14876390584057267,0.125,0.2,10
23148,0.766766609220978,0.8,1,10
23152,0.06625422345438903,0.07692307692307693,0.1111111111111111,10
23153,0.24703059344735182,0.1875,0.3333333333333333,10
23154,0.6293644814585828,0.375,1,10
23157,0,0,0,10
23164,0,0,0,10
23169,0,0,0,10
23173,0,0,0,10
23179,0.46582309483828654,0.14814814814814814,1,10
23181,0,0,0,10
23184,0.42299891836634584,0.05970149253731343,1,10
23189,0,0,0,10
23190,0,0,0,10
23192,0,0,0,10
23196,0.11004588314904007,0.06666666666666667,0.3333333333333333,10
23211,0,0,0,10
23230,0.7616988736743723,0.20512820512820512,1,10
23234,0.9575861412006988,0.47368421052631576,1,10
23235,0.3840024853904493,0.26666666666666666,1,10
23242,0,0,0,10
23250,0,0,0,10
23251,0,0,0,10
23252,0.627584966092839,0.25,1,10
23254,0.3357601824625559,0.06666666666666667,1,10
23259,0.06625422345438903,0.06666666666666667,0.1111111111111111,10
23260,0.22009176629808014,0.0625,1,10
23267,0.09478836436955078,0.0625,0.25,10
23270,0.5637884576902256,0.25,1,10
23281,0,0,0,3
23295,0.7183627972686238,0.375,1,10
23306,-0,0,0,0
23311,0.7052682158426169,0.375,1,10
23320,-0,0,0,0
23333,0,0,0,10
23335,0.727329844310522,0.375,1,10
23337,0.45650001423154074,0.13333333333333333,1,10
23347,0,0,0,10
23375,-0,0,0,0
23376,0,0,0,1
23386,0.28634598975246917,0.125,1,10
23396,0,0,0,10
23397,0,0,0,10
23410,0,0,0,10
23414,0,0,0,3
23427,0,0,0,10
23433,0.06625422345438903,0.0625,0.1111111111111111,10
23446,0,0,0,10
23448,0.2781981696179509,0.1875,0.3333333333333333,10
23450,0,0,0,3
23454,0.6308662750548597,0.3125,1,10
23455,0,0,0,10
23478,0.8409305485502252,0.5333333333333333,1,10
23531,-0,0,0,0
23539,-0,0,0,0
23540,-0,0,0,0
23543,-0,0,0,0
23545,-0,0,0,0
23553,-0,0,0,0
23561,-0,0,0,0
23564,-0,0,0,0
23588,0,0,0,10
23595,0.866947989864271,0.5,1,10
23598,1,0.25,1,10
23600,0.5218027847590277,0.19444444444444445,0.3333333333333333,10
23601,0.38589303732090635,0.25,0.5,10
23603,0.3828004051609265,0.15384615384615385,1,10
23604,0.5423640154200348,0.25,1,10
23605,0.3468135782097929,0.15625,0.2,10
23606,0.5040610795300535,0.4,0.3333333333333333,10
23612,0.943473299121064,1,1,10
23618,0.3570764765963919,0.1875,1,10
23619,1,0.625,1,10
23622,0.8310215325666566,0.4375,1,10
23623,0.7634037265436845,0.375,1,10
23629,0.7434212355206548,0.375,1,10
23631,0,0,0,10
23632,0.84860265890399,0.5,1,10
23635,-0,0,0,0
23636,0,0,0,10
23639,0.056762078427747324,0.0625,0.2,10
23648,0.8364586133797035,0.2962962962962963,1,10
23656,0.4847119890255185,0.25,1,10
23657,0.933745776545611,0.5625,1,10
23660,0.1806351992735502,0.125,0.5,10
23661,0.5224955967919309,0.3076923076923077,1,10
23667,0.1396181455537491,0.125,0.3333333333333333,10
23677,0.7222954974312066,0.375,1,10
23682,0.22212782793993271,0.1875,0.3333333333333333,10
23683,0.12866904361572443,0.13333333333333333,0.16666666666666666,10
23692,0.5888495084902053,0.3125,1,10
23694,0.05226551265245022,0.045454545454545456,0.16666666666666666,10
23697,0.338049541999999,0.21428571428571427,1,10
23701,0.4361533373077281,0.125,1,10
23704,0.5857421563596757,0.42857142857142855,1,10
23719,0,0,0,10
23722,0,0,0,10
23723,0.4296130309255519,0.2,1,10
23729,0.22009176629808014,0.02564102564102564,1,10
23734,0,0,0,8
23735,0,0,0,10
23736,0,0,0,10
23737,0,0,0,10
23743,0.24660204816143397,0.06896551724137931,0.3333333333333333,10
23744,0,0,0,10
23745,0,0,0,10
23749,0,0,0,10
23755,0,0,0,10
23761,0,0,0,10
23774,0,0,0,10
23775,0,0,0,5
23776,0,0,0,10
23778,0.2954917500392928,0.1,0.3333333333333333,10
23779,0.21145027911440428,0.1875,0.16666666666666666,10
23790,0,0,0,10
23803,0,0,0,10
23812,0.5040610795300535,0.375,0.3333333333333333,10
23816,0,0,0,10
23817,0,0,0,10
23820,0.5135285497500328,0.10810810810810811,1,10
23826,0,0,0,10
23828,0.1356854453911663,0.125,0.125,10
23831,0,0,0,10
23832,0,0,0,10
23844,0.3714891073940902,0.1875,1,10
23845,0.5972038437834144,0.21052631578947367,1,10
23850,0.16354138662029633,0.125,0.2,10
23851,0,0,0,10
23853,-0,0,0,0
23856,0,0,0,10
23868,0.056762078427747324,0.0625,0.2,10
23869,0.14459505319788168,0.125,0.5,10
23872,0,0,0,10
23878,0.2024832320725062,0.125,0.5,10
23879,0.206415932235089,0.08333333333333333,0.14285714285714285,10
23881,0,0,0,10
23883,0,0,0,10
23887,0.08514311764162098,0.0625,0.2,10
23888,-0,0,0,0
23895,0,0,0,10
23896,0.47232217265408627,0.375,0.5,10
23897,0,0,0,10
23898,0,0,0,10
23900,0,0,0,10
23901,0.09478836436955078,0.0625,0.25,10
23902,0,0,0,10
23907,0,0,0,10
23909,0.06319224291303384,0.038461538461538464,0.25,10
23914,0,0,0,10
23916,0,0,0,10
23920,0.227162174819248,0.2,0.2,10
23932,0,0,0,3
23933,0,0,0,10
23936,0.35895421017163465,0.125,1,10
23957,0.5774250016294136,0.18421052631578946,0.3333333333333333,10
23960,0.4206546027235288,0.2222222222222222,1,10
23967,0.06943122193677725,0.06666666666666667,0.125,10
23969,0,0,0,7
23979,-0,0,0,0
23981,0.968403878543483,0.625,1,10
23983,0,0,0,10
23986,0.6421867266689009,0.3125,1,10
23988,0,0,0,10
23994,0,0,0,10
23998,0,0,0,10
24002,0,0,0,10
24008,0.2598543555662749,0.125,1,10
24011,0.4963984240393484,0.1875,1,10
24014,-0,0,0,0
24021,0.3592491889248341,0.1875,0.5,10
24024,0.5487973376826973,0.3,1,10
24025,0.3714021184002407,0.3333333333333333,0.5,10
24026,0.44793214080335997,0.19047619047619047,1,10
24036,0.6664834608800141,0.8571428571428571,0.5,10
24065,0,0,0,10
24076,0,0,0,10
24077,0.19850016276707141,0.0392156862745098,0.125,10
24080,0,0,0,10
24082,0,0,0,10
24091,0.4690000933206747,0.1875,1,10
24094,0.3052348839397011,0.08333333333333333,1,10
24097,0.05968602240696155,0.07142857142857142,0.1111111111111111,10
24109,0.37183505243062803,0.25,0.5,10
24120,-0,0,0,0
24124,-0,0,0,0
24125,-0,0,0,0
24129,-0,0,0,0
24141,0.3502177668251875,0.08823529411764706,1,10
24144,0.3301376494471202,0.11764705882352941,1,10
24164,0.08829915600403987,0.0625,0.125,10
24179,0.07336392209936005,0.0625,0.14285714285714285,10
24186,0.5487973376826973,0.1875,1,10
24190,0.45374257454118544,0.2,1,10
24191,0,0,0,10
24192,0,0,0,10
24194,0,0,0,10
24196,0,0,0,10
24198,0.39356081945565896,0.25,0.5,10
24199,0,0,0,10
24204,0.2895229882348574,0.125,1,10
24217,-0,0,0,0
24218,0.933745776545611,0.5625,1,10
24220,0,0,0,10
24224,0.8454256604216017,0.5,1,10
24225,0.2816372027313761,0.18181818181818182,0.16666666666666666,10
24226,0.5953135069111801,0.46153846153846156,0.5,10
24230,0.3052348839397011,0.14285714285714285,1,10
24231,0.602724896169171,0.4,1,10
24233,0.5970962402916767,0.4444444444444444,1,10
24234,-0,0,0,0
24237,0,0,0,10
24238,0.30064162802869593,0.2727272727272727,0.5,10
24247,0,0,0,10
24251,0,0,0,3
24252,-0,0,0,0
24254,0,0,0,10
24258,0,0,0,10
24267,0,0,0,10
24269,0,0,0,10
24270,0,0,0,10
24272,0.11004588314904007,0.06666666666666667,0.3333333333333333,10
24281,0.9363792118010483,0.6923076923076923,1,9
24285,0.09478836436955078,0.0625,0.25,10
24286,0,0,0,10
24298,0.7410045836645278,0.75,1,10
24301,-0,0,0,0
24309,0,0,0,10
24311,0,0,0,10
24312,0.467122359745432,0.26666666666666666,1,10
24313,0,0,0,10
24316,0.16872714292220853,0.07692307692307693,0.5,10
24317,0.7940561506177144,0.7142857142857143,1,10
24321,0.5286871870681225,0.1875,1,10
24324,0.22009176629808014,0.0625,1,10
24326,0,0,0,10
24336,0.512672553035987,0.23076923076923078,1,10
24339,0.2698988794159001,0.15384615384615385,0.5,10
24372,0.5352543167750637,0.25,1,10
24377,0,0,0,10
24380,0.8910871834629928,0.5625,1,10
24387,0.06943122193677725,0.029411764705882353,0.125,10
24390,0,0,0,10
24394,0.14465249243306438,0.125,0.16666666666666666,10
24396,0,0,0,10
24398,0.7125523635307983,0.13636363636363635,1,10
24402,0,0,0,10
24404,0.3301376494471202,0.125,1,10
24405,0.6865435734181821,0.38461538461538464,1,10
24412,0.07336392209936005,0.06666666666666667,0.14285714285714285,10
24430,0.24890832702259458,0.08695652173913043,0.5,10
24431,0,0,0,10
24444,0,0,0,1
24445,0.9305687780632227,0.5625,1,10
24465,0.06943122193677725,0.06666666666666667,0.125,10
24468,0,0,0,10
24499,0.4771915264691213,0.19047619047619047,1,10
24501,0.5529054620833708,0.25,1,10
24504,0.530943853632104,0.1875,1,6
24523,0.6936634693435663,0.375,1,10
24524,1,0.625,1,10
24534,0,0,0,10
24535,0,0,0,10
24538,0.05226551265245022,0.0625,0.16666666666666666,10
24539,0,0,0,10
24540,0.21501812929496172,0.1875,0.2,10
24543,0.7059054020403311,0.375,1,10
24560,0.6756519627497677,0.3,1,10
24565,0.866947989864271,0.5,1,10
24567,0,0,0,10
24571,0,0,0,10
24574,0.08436357146110426,0.0625,0.125,10
24579,0.686715183098259,0.42857142857142855,1,10
24584,0,0,0,10
24590,0.11004588314904007,0.0625,0.3333333333333333,10
24591,0.44092032933086744,0.14814814814814814,1,10
24593,0,0,0,10
24595,0.07839826897867533,0.0625,0.16666666666666666,10
24597,0,0,0,10
24598,0.1356854453911663,0.125,0.125,10
24612,0,0,0,10
24616,0,0,0,10
24617,0.06625422345438903,0.029411764705882353,0.1111111111111111,10
24620,0.1073508639320094,0.0625,0.25,10
24621,0,0,0,10
24645,0,0,0,10
24652,0,0,0,10
24655,0,0,0,10
24657,0.6300029546581896,0.375,1,10
24660,0.1388624438735545,0.0625,0.5,10
24666,0.06499922211334154,0.1,0.1,10
24668,0,0,0,10
24681,0.3902801144088436,0.25,1,10
24683,0,0,0,10
24690,0.22009176629808014,0.06666666666666667,1,10
24692,0.08514311764162098,0.07692307692307693,0.2,10
24693,0.22009176629808014,0.0625,1,1
24697,0,0,0,10
24702,0,0,0,1
24704,0.22009176629808014,0.0625,1,10
24707,-0,0,0,0
24708,0,0,0,10
24714,0,0,0,10
24716,-0,0,0,0
24726,0,0,0,10
24727,0.22009176629808014,0.0625,1,10
24728,0,0,0,10
24731,0,0,0,10
24733,0.5698664345004878,0.1875,1,10
24795,0.35517551357284516,0.5,0.25,10
24799,0.5179325400767318,0.2857142857142857,1,10
24804,0.6308182950380662,0.1282051282051282,1,10
24806,0,0,0,6
24813,0,0,0,10
24831,0.24863810980328654,0.14285714285714285,0.25,10
24840,0.4549040254217492,0.25,1,10
24842,0.6070328723058679,0.26666666666666666,1,10
24843,0,0,0,10
24858,0.4717125056851344,0.1875,1,10
24861,-0,0,0,0
24870,0,0,0,10
24927,0.3667314583167897,0.16666666666666666,1,10
24931,0.3222722491219546,0.14285714285714285,0.5,10
24932,0.3513445788467708,0.16666666666666666,1,10
24935,0.05657095544334432,0,0,10
24945,0,0,0,10
24946,0.35208887506004277,0.125,1,10
24952,0.1388624438735545,0.0625,0.5,10
24953,0.26434653549591564,0.125,0.5,10
24955,-0,0,0,0
24956,0,0,0,10
24957,0,0,0,10
24958,0,0,0,10
24959,0,0,0,10
24964,0,0,0,10
24967,-0,0,0,0
24982,0.22009176629808014,0.0625,1,10
25005,0,0,0,10
25015,0.9363792118010483,0.5625,1,9
25019,0.2357541930550393,0.0625,1,10
25024,0.6891610884215363,0.3125,1,10
25026,0,0,0,10
25031,0,0,0,10
25032,0,0,0,10
25035,-0,0,0,0
25037,-0,0,0,0
25040,0.13539213147917573,0.3333333333333333,0.16666666666666666,10
25043,0.41939799988819815,0.25,1,10
25044,0.8701249883466592,0.5333333333333333,1,10
25045,0.7314184624382051,0.5,1,10
25050,0,0,0,10
25051,0.25469837558210445,0.1875,0.3333333333333333,10
25056,0,0,0,10
25058,0,0,0,10
25061,0.5263304097820353,0.3125,1,10
25062,0,0,0,10
25064,0,0,0,10
25068,0.06625422345438903,0.0625,0.1111111111111111,10
25072,0,0,0,10
25081,0,0,0,10
25088,0,0,0,10
25103,0,0,0,10
25119,0,0,0,10
25121,0.06943122193677725,0.07142857142857142,0.125,10
25132,0,0,0,10
25136,0,0,0,10
25156,0.8482378089219647,0.5,1,10
25167,1,0.7142857142857143,1,10
25172,-0,0,0,0
25193,0.1610425878239398,0.125,0.25,10
25197,0.06625422345438903,0.043478260869565216,0.1111111111111111,10
25204,0.7151857987862356,0.375,1,10
25205,0.3301376494471202,0.125,1,10
25216,0.2575389154724167,0.08333333333333333,1,10
25222,0,0,0,10
25229,0,0,0,10
25230,0.3233688044978225,0.125,1,10
25235,0,0,0,10
25236,0.5012723621835251,0.3,1,10
25238,0.791576543701221,0.5625,1,10
25239,0.9305687780632227,0.6,1,10
25240,0.22009176629808014,0.0625,1,10
25242,0.4944733218176204,0.1875,1,10
25251,0.22009176629808014,0.0625,1,10
25252,-0,0,0,0
25263,0.977915258848537,0.625,1,10
25265,0.1696989245257299,0.3333333333333333,0.14285714285714285,10
25267,0,0,0,10
25286,0.2532778777010655,0.5,0.14285714285714285,10
25288,0.9231653643076375,0.625,1,10
25289,0.2895229882348574,0.13333333333333333,1,10
25293,0,0,0,10
25303,0.24936270394794904,0.1875,0.25,10
25309,0,0,0,10
25313,0,0,0,10
25315,0,0,0,10
25316,0.3628476202104143,0.3125,0.2,10
25323,0.11243018208286118,0.0625,0.3333333333333333,10
25329,0,0,0,10
25335,1,0.625,1,10
25343,0.6597133113683123,0.25,1,10
25361,0.7815934716551027,0.5,1,10
25367,0.6961622681399229,0.375,1,10
25368,0.37389148046124454,0.13333333333333333,1,10
25370,0.4573227944565616,0.2,1,10
25374,0,0,0,10
25382,0.8774322487183986,0.7272727272727273,1,10
25383,0.22009176629808014,0.0625,1,10
25385,0.14813441156982743,0.1111111111111111,0.125,10
25391,0.44168491303869717,0.23076923076923078,1,10
25394,0.24209587273488012,0.08333333333333333,1,10
25399,0.7788065869851873,0.4666666666666667,1,10
25402,0,0,0,3
25403,0.2855902880722746,0.125,1,10
25406,0.8354641293920247,0.5333333333333333,1,10
25410,0.7312625444731047,0.4375,1,8
25419,-0,0,0,0
25421,-0,0,0,0
25426,-0,0,0,0
25427,-0,0,0,0
25430,-0,0,0,0
25431,-0,0,0,0
25435,0.313545862004168,0.16666666666666666,1,10
25437,0.529744249135341,0.3333333333333333,1,10
25439,0.35385582954799627,0.1875,0.5,10
25441,0,0,0,10
25456,0.38113435412201996,0.1875,1,10
25457,0,0,0,10
25458,0,0,0,10
25472,0.933745776545611,0.24324324324324326,1,10
25483,0,0,0,10
25497,0.1558206576457792,0,0,10
25500,0,0,0,10
25503,0,0,0,10
25506,0.08069862424496003,0.0625,0.14285714285714285,10
25513,0,0,0,10
25514,0.43621154230977444,0.375,0.2,10
25516,0.19660194316006782,0.25,0.16666666666666666,10
25531,0.5579592577029059,0.3333333333333333,1,10
25534,0.12987501165334073,0.13333333333333333,0.1111111111111111,10
25536,0,0,0,1
25538,0,0,0,10
25548,0.24926098697416302,0.09090909090909091,1,10
25551,0.19930623359011798,0.1875,0.125,10
25554,0.08514311764162098,0.0625,0.2,10
25555,0.22009176629808014,0.04,1,10
25557,-0,0,0,0
25562,0,0,0,6
25566,0.5784447668310352,0.4,1,10
25567,0.6055047656192208,0.3125,1,10
25568,0,0,0,10
25578,0.21222636597291455,0.125,0.5,10
25579,0.09478836436955078,0.0625,0.25,10
25587,0,0,0,10
25590,0,0,0,10
25591,0,0,0,10
25593,0,0,0,10
25596,0,0,0,10
25599,0,0,0,10
25605,0,0,0,10
25612,0,0,0,10
25613,0.2677764962132402,0.1875,0.25,10
25614,0,0,0,10
25617,0,0,0,10
25619,0.9199189159131668,0.8888888888888888,1,10
25625,0.4361533373077281,0.08695652173913043,1,2
25626,0.04416948230292602,0.047619047619047616,0.1111111111111111,10
25627,0,0,0,10
25633,0.866947989864271,0.5,1,10
25635,0.24001590308204032,0.2,0.5,10
25638,0.3301376494471202,0.125,1,10
25640,0.1388624438735545,0.0625,0.5,10
25644,0.0636207881989517,0.06666666666666667,0.1,10
25645,0,0,0,10
25646,0.7289512555134451,0.2916666666666667,1,10
25650,0.1499069094438149,0.06666666666666667,1,10
25651,0.7753366239771085,0.4375,1,10
25652,0,0,0,1
25656,0,0,0,10
25660,0,0,0,10
25663,0,0,0,10
25674,0,0,0,10
25675,-0,0,0,0
25678,0.933745776545611,0.5625,1,10
25683,0,0,0,10
25693,0.7682269253321374,0.4375,1,10
25694,0.9363792118010483,0.3,1,10
25699,0.1604863288406216,0.125,0.2,10
25701,0.21222636597291455,0.125,0.5,10
25711,-0,0,0,0
25712,0,0,0,10
25717,0,0,0,10
25719,-0,0,0,0
25720,0.28634598975246917,0.125,1,10
25721,0.25558633098316647,0.125,1,10
25736,0.2710884709729799,0.1875,0.3333333333333333,10
25738,0,0,0,10
25740,-0,0,0,0
25742,0,0,0,10
25748,0,0,0,10
25750,0,0,0,10
25753,-0,0,0,0
25762,-0,0,0,0
25770,0.13305201013572895,0.125,0.125,10
25780,0.9363792118010483,0.5625,1,10
25794,0.7750344412938567,0.375,1,10
25797,0.06625422345438903,0.07692307692307693,0.1111111111111111,10
25800,0,0,0,10
25813,0,0,0,10
25820,0.2001769532113456,0.1875,0.25,10
25826,0,0,0,10
25831,0.420027879946489,0.16666666666666666,1,10
25834,-0,0,0,0
25841,0.25284102718517737,0.1875,0.3333333333333333,10
25843,0,0,0,10
25852,0,0,0,10
25854,0,0,0,10
25855,0,0,0,10
25856,0,0,0,10
25861,0,0,0,10
25864,0,0,0,10
25866,0,0,0,10
25872,0.246979100733504,0.2,0.16666666666666666,10
25874,0,0,0,10
25877,0,0,0,10
25879,0,0,0,10
25881,0.06641976828176249,0.09090909090909091,0.2,10
25886,0,0,0,10
25910,0,0,0,10
25924,0.07668368701422457,0.07692307692307693,0.14285714285714285,10
25929,-0,0,0,0
25934,0.14724039203402428,0.125,0.3333333333333333,10
25937,0.3683756341388872,0.26666666666666666,0.3333333333333333,10
25938,0,0,0,10
25941,0,0,0,10
25943,0,0,0,10
25946,0.09120217140065603,0.058823529411764705,0.2,10
25949,0,0,0,10
25952,0,0,0,10
25953,0,0,0,10
25955,0,0,0,10
25957,0,0,0,2
25963,0,0,0,10
25964,0,0,0,10
25971,0.662991591198965,0.35714285714285715,1,10
25972,0.04890928139957336,0.02564102564102564,0.14285714285714285,10
25985,0,0,0,10
25996,0,0,0,10
25999,0,0,0,10
26002,0,0,0,10
26007,0.20483424751859086,0.125,0.3333333333333333,10
26011,0.32127260422456144,0.3076923076923077,1,10
26017,0.1273528918478838,0.125,0.3333333333333333,10
26027,0,0,0,10
26031,0,0,0,10
26036,0.33639591040291184,0.125,1,10
26051,0,0,0,10
26054,0,0,0,10
26055,0,0,0,10
26057,0,0,0,10
26064,0,0,0,10
26068,0.08514311764162098,0.0625,0.2,10
26069,0,0,0,10
26071,0,0,0,10
26077,0,0,0,10
26078,0,0,0,10
26079,0.2781981696179509,0.1875,0.3333333333333333,10
26080,0,0,0,10
26083,0,0,0,10
26094,0.35863250023847887,0.26666666666666666,0.25,10
26095,0,0,0,10
26098,0.17599085025551842,0.13333333333333333,0.5,10
26100,0.08514311764162098,0.06666666666666667,0.2,10
26101,0,0,0,10
26103,0.40986808912555756,0.5,0.14285714285714285,10
26104,-0,0,0,0
26111,0.2890122400758237,0.25,0.25,10
26116,0,0,0,10
26124,0,0,0,10
26130,0,0,0,10
26135,0,0,0,10
26153,0.08899589877164323,0.06666666666666667,0.2,10
26158,0.6548793902945856,0.375,1,10
26171,0.1388624438735545,0.045454545454545456,0.5,10
26174,-0,0,0,0
26176,0.14782949091545258,0.13333333333333333,0.16666666666666666,10
26177,0.8871572324938345,0.6153846153846154,1,10
26180,0.3983162620304429,0.21428571428571427,1,10
26188,0,0,0,10
26189,0.9439492378436963,0.25,1,10
26194,0.6601585067762744,0.15384615384615385,1,10
26196,0,0,0,10
26201,0.28533563803092393,0.125,1,10
26205,0,0,0,10
26227,0.9787930706003494,0.7142857142857143,1,10
26247,0.7799082337019198,0.5625,0.5,10
26265,0.7956535361473388,0.36,1,10
26277,-0,0,0,0
26289,0,0,0,10
26296,0.8642275068029676,0.25,1,10
26301,0.914856882358379,0.23076923076923078,1,10
26303,0.6685926961194013,0.4,1,10
26306,0,0,0,10
26308,0,0,0,10
26310,0.29740901205864334,0.06666666666666667,1,10
26311,-0,0,0,0
26314,0.028381039213873662,0,0,10
26316,-0,0,0,0
26317,-0,0,0,0
26321,0,0,0,1
26322,-0,0,0,0
26323,-0,0,0,0
26348,-0,0,0,0
26375,0.30308203017988256,0.08333333333333333,0.5,10
26377,0.3328465151387793,0.36363636363636365,0.2,10
26379,0,0,0,10
26387,-0,0,0,0
26394,0.3542214864534539,0.25,0.3333333333333333,10
26397,0,0,0,10
26409,0.5017493542077719,0.25,1,10
26410,0.21222636597291455,0.125,0.5,10
26411,0.5352543167750637,0.25,1,10
26426,0.8718962157985304,0.6666666666666666,1,10
26429,0.6903290818596213,0.2571428571428571,0.5,10
26431,0.2777040501227578,0.2,0.25,10
26432,0.07336392209936005,0.0625,0.14285714285714285,10
26435,0.13865583818042593,0.125,0.2,10
26445,0.7353797772725617,0.4375,1,10
26451,0.4162845266329952,0.3125,0.3333333333333333,10
26453,0.20511666732794356,0.125,0.5,10
26467,-0,0,0,0
26476,0.7917063341896682,0.5,1,10
26484,0.12571914728447503,0.2,0.125,10
26486,0,0,0,10
26496,0.7951657524814091,0.5,1,10
26497,0,0,0,10
26506,0.27672843201990266,0.14285714285714285,1,10
26507,0.6820533253286658,0.18421052631578946,1,10
26512,0.6353393696356001,0.375,1,10
26516,0,0,0,10
26520,0.7421246259355073,0.4375,1,10
26535,-0,0,0,0
26541,0,0,0,10
26542,0,0,0,10
26547,0,0,0,10
26554,0.4163824138054737,0.38461538461538464,0.3333333333333333,10
26559,0,0,0,10
26566,0,0,0,10
26574,0,0,0,10
26577,0,0,0,10
26585,-0,0,0,0
26586,0.06649967000454629,0.07142857142857142,0.1,10
26591,0.51071640124967,0.25,1,10
26592,0.5423640154200348,0.25,1,10
26596,0,0,0,10
26605,0.49118023727106,0.25,1,10
26606,0.06625422345438903,0.0625,0.1111111111111111,10
26607,0,0,0,10
26609,0.3844985279826931,0.125,1,10
26610,0,0,0,10
26611,0,0,0,10
26627,0.09478836436955078,0.03333333333333333,0.25,10
26632,0.5795003533950693,0.3125,1,10
26638,0.15505033253346492,0.13333333333333333,0.16666666666666666,10
26639,0.22009176629808014,0.0625,1,10
26640,-0,0,0,0
26642,0.22009176629808014,0.0625,1,3
26651,0,0,0,10
26672,0.9363792118010483,0.5625,1,10
26676,0.0689697160173923,0.06666666666666667,0.2,10
26684,0,0,0,10
26693,0,0,0,10
26695,0,0,0,10
26707,0,0,0,10
26718,0,0,0,1
26719,0.08514311764162098,0.0625,0.2,10
26729,0,0,0,1
26730,0,0,0,1
26731,-0,0,0,0
26733,0,0,0,10
26749,0,0,0,10
26751,0.28634598975246917,0.125,1,10
26754,-0,0,0,0
26755,0,0,0,1
26756,0.2895229882348574,0.125,1,10
26762,-0,0,0,0
26763,0,0,0,10
26768,0,0,0,10
26771,0,0,0,10
26778,0,0,0,10
26791,0,0,0,10
26792,0,0,0,10
26794,0.22009176629808014,0.06666666666666667,1,10
26797,0,0,0,10
26798,0.8732675743679369,0.5,1,10
26804,0,0,0,10
26805,0.1388624438735545,0.023809523809523808,0.5,10
26806,0.11753340440228607,0.05,0.14285714285714285,10
26809,0.4697557950008693,0.26666666666666666,1,10
26814,0.92663607790064,0.5625,1,10
26825,0.6385085174798409,0.2,1,10
26826,0.046168179938780224,0.09090909090909091,0.1111111111111111,10
26834,0.34323912424252423,0.16666666666666666,1,10
26838,0,0,0,10
26843,0.424926013816671,0.1875,1,10
26849,0.36881163409960743,0.25,0.5,10
26864,0.5260971317902118,0.3125,0.5,10
26871,0.4322788421471916,0.1388888888888889,0.5,10
26872,0.12463049348708151,0.0625,0.3333333333333333,10
26880,0.9305687780632227,0.47368421052631576,1,10
26882,0.26845503571754253,0.1875,0.3333333333333333,10
26892,0,0,0,10
26894,0,0,0,10
26897,0.44092032933086744,0.25,1,10
26898,0.2973694836145355,0.1875,0.5,10
26909,0.32730659600126993,0.2,0.5,10
26916,0.05942804319678212,0.0625,0.14285714285714285,10
26924,0.5617131059245698,0.375,0.5,10
26932,0,0,0,10
26934,0,0,0,10
26939,0,0,0,10
26943,0.34369669139214537,0.1875,0.5,10
26948,0.40554109547404177,0.1875,1,10
26949,0.1746776072456024,0.125,0.5,10
26955,0,0,0,7
26957,0.436404375391927,0.25,1,10
26959,0,0,0,10
26966,0.9094987067248556,0.5,1,10
26970,1,0.2857142857142857,1,10
26975,0,0,0,10
26976,0.5545050745229697,0.35294117647058826,1,10
26986,0,0,0,10
26987,0.22009176629808014,0.024390243902439025,1,10
26988,0,0,0,10
26994,0,0,0,10
27003,0.1388624438735545,0.0625,0.5,10
27005,0.22009176629808014,0.0625,1,10
27008,0,0,0,10
27010,0.06499922211334154,0.07142857142857142,0.1,10
27015,0.6385085174798409,0.25,1,10
27022,0,0,0,10
27031,0.5430029249822633,0.375,0.5,10
27032,0.2934556883974402,0.125,1,10
27033,0.09478836436955078,0.0625,0.25,10
27034,0.08514311764162098,0.06666666666666667,0.2,10
27037,0.05226551265245022,0.0625,0.16666666666666666,10
27039,0.25318321944548505,0.13333333333333333,0.5,10
27041,0,0,0,10
27042,0,0,0,10
27050,0.11004588314904007,0.07142857142857142,0.3333333333333333,10
27060,0,0,0,10
27063,0.31488013066763093,0.125,1,10
27078,0.46130011441318963,0.26666666666666666,0.5,10
27080,0.0636207881989517,0.07142857142857142,0.1,10
27084,-0,0,0,0
27086,0.5637884576902256,0.25,1,4
27099,0.54739836229935,0.3333333333333333,1,10
27102,0,0,0,10
27105,0.06625422345438903,0.06666666666666667,0.1111111111111111,10
27106,0,0,0,10
27109,0.22009176629808014,0.0625,1,10
27115,0,0,0,10
27129,0.8738798151097478,0.5333333333333333,1,10
27136,0.3052348839397011,0.07894736842105263,1,10
27138,0.5196575323691327,0.23076923076923078,1,10
27150,0.41440869074300907,0.1875,1,10
27166,0,0,0,10
27181,0.16166707789400817,0.125,0.125,10
27196,0,0,0,10
27198,0.22009176629808014,0.05263157894736842,1,10
27200,0,0,0,10
27206,0.146354146067028,0.13333333333333333,0.125,10
27208,0.5338601418952625,0.3125,1,10
27210,0.33359563288523814,0.1875,1,10
27214,0,0,0,10
27215,0,0,0,10
27229,0.6480409554829326,1,0.5,10
27236,0,0,0,10
27240,0.47207331052714424,0.13333333333333333,1,10
27256,0,0,0,10
27270,0.4690000933206747,0.25,1,10
27287,0,0,0,10
27293,1,0.625,1,10
27295,0,0,0,10
27298,0.6484998230041159,0.5,1,10
27302,0.4389937356356982,0.3333333333333333,1,10
27311,0,0,0,10
27316,0,0,0,10
27319,0.5548010254700118,0.3333333333333333,1,10
27324,0.20631702386009118,0.1875,0.3333333333333333,10
27326,0,0,0,10
27330,0,0,0,10
27331,0,0,0,10
27333,0,0,0,10
27340,0.8538451562755488,0.4375,1,10
27341,-0,0,0,0
27347,0.4883505467692416,0.375,1,10
27363,0,0,0,10
27371,0,0,0,10
27383,0,0,0,10
27385,-0,0,0,0
27389,0,0,0,10
27397,0,0,0,10
27403,0,0,0,10
27406,0,0,0,10
27409,0,0,0,10
27410,0,0,0,10
27416,0,0,0,10
27418,0,0,0,10
27420,0,0,0,10
27424,0,0,0,10
27429,0,0,0,10
27431,0,0,0,10
27444,0.09478836436955078,0.0625,0.25,10
27446,0,0,0,10
27453,0,0,0,10
27458,0,0,0,10
27462,0,0,0,10
27464,0.5263092885518598,0.3333333333333333,1,10
27468,0,0,0,5
27475,0.29343678345195273,0.1875,0.5,10
27481,0.2934556883974402,0.05128205128205128,1,10
27485,0.07437216746382688,0.07142857142857142,0.125,10
27488,0.17630010660342912,0.125,0.3333333333333333,10
27489,0.7605591431973847,0.4666666666666667,1,10
27490,0.4283854321084119,0.1875,1,10
27500,0.6242322474067891,0.15,1,10
27502,0.5637884576902256,0.25,1,10
27541,0.8454256604216017,0.5,1,10
27583,0.3628869103342175,0.1875,1,10
27584,0,0,0,10
27599,0.2344065099232999,0.1875,0.25,10
27601,0.6117133000104058,0.2,0.5,10
27609,0.4229457085356897,0.3076923076923077,0.5,10
27616,0.0636207881989517,0.06666666666666667,0.1,10
27633,0.292550078615531,0.125,1,10
27644,0.4018554396429695,0.3125,0.5,10
27646,0,0,0,10
27650,0.8318477135310891,0.5,1,10
27662,0.7788065869851873,0.4375,1,10
27688,0.5220328596374271,0.375,0.5,10
27689,0.2660529669900429,0.25,0.25,10
27691,0.7318044887925056,0.375,1,10
27692,0.17366667134799177,0.125,0.3333333333333333,10
27697,0.0636207881989517,0.0625,0.1,10
27700,0.06943122193677725,0.025,0.125,10
27704,0.43447685454500645,0.25,1,10
27707,0,0,0,10
27709,0.5677211578528083,0.3125,1,10
27711,0.2837125544970318,0.125,1,10
27715,0.5166851630541055,0.3125,1,10
27725,0,0,0,10
27726,0,0,0,10
27745,0,0,0,10
27751,0,0,0,10
27755,0.3932783996463063,0.07894736842105263,1,10
27761,-0,0,0,0
27767,0.7917267193679839,0.4375,1,10
27768,-0,0,0,0
27771,0,0,0,10
27772,0.06943122193677725,0.0625,0.125,10
27778,0,0,0,10
27779,0,0,0,10
27782,0,0,0,10
27784,0.21538297927698707,0.1875,0.16666666666666666,10
27788,0,0,0,10
27789,0.44412286644879784,0.5,0.5,10
27795,0.6853112798801142,0.4375,1,10
27800,0.4638353118165931,0.1875,1,10
27814,0,0,0,10
27823,0.08514311764162098,0.0625,0.2,10
27827,0.07336392209936005,0.0625,0.14285714285714285,10
27829,0,0,0,10
27831,-0,0,0,0
27833,0.2430763462611251,0.2857142857142857,0.3333333333333333,10
27844,0,0,0,10
27854,0.3188716024243069,0.3,0.5,10
27860,0.24209587273488012,0.0625,1,10
27861,0,0,0,10
27870,0.826333328652008,0.5,1,10
27872,0.8874699304014749,0.5333333333333333,1,10
27879,0.4975338748180219,0.4375,0.3333333333333333,10
27883,0,0,0,10
27892,0,0,0,10
27893,0.22009176629808014,0.0625,1,10
27894,0,0,0,10
27895,0.11248476194813903,0.0625,0.5,10
27896,0.5676818677290052,0.4375,0.3333333333333333,10
27897,0.40357806939991514,0.125,0.3333333333333333,10
27899,0,0,0,10
27910,0.06625422345438903,0.0625,0.1111111111111111,10
27914,-0,0,0,0
27920,0.0660908915685874,0.08333333333333333,0.14285714285714285,10
27924,0,0,0,10
27927,0.1995881898277385,0.25,0.3333333333333333,10
27942,0,0,0,10
27943,0,0,0,10
27944,0,0,0,10
27959,0,0,0,10
27961,0.41153259956303256,0.4166666666666667,0.5,10
27963,-0,0,0,0
27965,0.1684082128166817,0.125,0.3333333333333333,10
27966,0.18919049619417855,0.14285714285714285,0.2,10
27967,-0,0,0,0
27969,0.06625422345438903,0.03225806451612903,0.1111111111111111,10
27973,0.299586732626449,0.14285714285714285,1,10
27981,0,0,0,10
27985,0,0,0,10
27987,0.6664582119640974,0.3125,1,6
27990,0.06943122193677725,0.0625,0.125,10
27992,0,0,0,10
27994,0.2816575879096918,0.2,0.5,10
27998,0.49508514927028036,0.21428571428571427,1,10
27999,0,0,0,10
28003,1,0.6666666666666666,1,10
28019,0.10443687828759902,0.1111111111111111,0.2,10
28022,0.7015985544451778,0.375,1,10
28028,0.6055047656192208,0.3125,1,10
28031,0,0,0,10
28047,0.5252954021029013,0.1875,1,10
28052,0.456231371818486,0.23076923076923078,1,10
28066,0.2532954041105318,0.1875,0.25,10
28067,0,0,0,10
28068,0,0,0,10
28070,0,0,0,10
28071,0,0,0,10
28075,0,0,0,10
28079,0,0,0,10
28085,0.11004588314904007,0.0625,0.3333333333333333,10
28086,-0,0,0,0
28087,0.1388624438735545,0.07142857142857142,0.5,10
28088,0.22009176629808014,0.0625,1,10
28089,0.11004588314904007,0.030303030303030304,0.3333333333333333,10
28098,0,0,0,10
28102,0.4569970750177365,0.1111111111111111,1,10
28103,0.6070328723058679,0.2857142857142857,1,10
28107,0.22009176629808014,0.0625,1,10
28109,0.35895421017163465,0.125,1,2
28126,0.06625422345438903,0.0625,0.1111111111111111,10
28132,0.3892475305056779,0.1875,0.5,10
28134,0.206415932235089,0.08571428571428572,0.14285714285714285,10
28139,0.0636207881989517,0.0625,0.1,10
28140,0.5801131738954023,0.15789473684210525,1,10
28141,0,0,0,10
28149,0.3052348839397011,0.14285714285714285,1,10
28152,0.3190952506395664,0.26666666666666666,0.3333333333333333,10
28153,0,0,0,10
28154,0,0,0,10
28164,0.4886446891881012,0.25,1,10
28191,0.32730659600126993,0.1875,0.5,10
28198,0,0,0,10
28201,0.09173721265128025,0.0625,0.16666666666666666,10
28203,0,0,0,10
28205,0.06625422345438903,0.0625,0.1111111111111111,10
28219,1,0.625,1,10
28225,0.35895421017163465,0.125,1,10
28226,0.1388624438735545,0.0625,0.5,10
28227,0.7130735217068546,0.5384615384615384,1,10
28230,0.601572065456638,0.3125,1,10
28242,0.11004588314904007,0.0625,0.3333333333333333,10
28244,0,0,0,10
28257,0.14876390584057267,0.07692307692307693,0.2,10
28284,0,0,0,10
28288,0.4690000933206747,0.1875,1,10
28292,0.6621137423456801,0.375,1,10
28303,0.06943122193677725,0.02857142857142857,0.125,10
28315,0.4518808073094047,0.3,1,10
28323,0,0,0,10
28326,0,0,0,10
28327,0.07336392209936005,0.0625,0.14285714285714285,10
28331,0,0,0,10
28343,0,0,0,10
28344,0.08899589877164323,0.09090909090909091,0.2,10
28346,0,0,0,10
28347,0,0,0,10
28351,0,0,0,10
28355,0.09478836436955078,0.07142857142857142,0.25,10
28360,0.07839826897867533,0.0625,0.16666666666666666,10
28363,0,0,0,10
28373,0.21530844940780497,0.23076923076923078,0.3333333333333333,10
28375,0.07336392209936005,0.05,0.14285714285714285,10
28376,0.3971921948634016,0.25,0.5,10
28384,0.1584091525685025,0.125,0.25,10
28385,0.13305201013572895,0.125,0.125,10
28387,0,0,0,10
28391,0,0,0,10
28394,0.29922683201146255,0.25,0.2,10
28417,0.933564588803294,0.625,1,10
28422,0.424926013816671,0.1875,1,10
28425,0.7564477297898764,0.4375,1,10
28426,0.18536141555674632,0.125,0.25,10
28432,0,0,0,10
28439,0.5583055130382191,0.25,1,10
28440,0.35217054434994455,0.25,0.5,10
28454,0.17318663334822612,0.125,0.25,10
28455,0.576323354912681,0.3125,1,10
28458,0.28997736516021183,0.1875,0.3333333333333333,5
28461,0.5637884576902256,0.25,1,4
28464,0.9363792118010483,0.5625,1,10
28496,0.3985202681370658,0.2,1,10
28497,-0,0,0,0
28498,0,0,0,10
28500,0,0,0,10
28506,0.07257302962625321,0.06666666666666667,0.125,10
28526,1,0.6666666666666666,1,10
28532,0.06625422345438903,0.07142857142857142,0.1111111111111111,10
28536,0.10657717700403216,0.08333333333333333,0.14285714285714285,10
28544,0,0,0,10
28546,0.7954385317141976,0.6666666666666666,1,10
28548,0.7138097836082222,0.3125,1,10
28551,0.45056557605879727,0.26666666666666666,1,10
28556,0.17774762097011562,0.125,0.5,10
28561,0.2336508082431053,0.14285714285714285,0.5,10
28565,0.1383894684803379,0,0,10
28567,0.06043112003142867,0,0,10
28576,0,0,0,10
28577,0.16240629124113456,0.25,0.3333333333333333,10
28578,0.18579376046299725,0.2857142857142857,0.2,10
28584,0.6499836977542844,0.3076923076923077,1,10
28588,1,0.625,1,10
28589,0.8564040606416516,0.4666666666666667,1,10
28592,0.596425281203891,0.6666666666666666,0.5,10
28593,0,0,0,10
28603,0.3568362111833759,0.10810810810810811,1,10
28604,-0,0,0,0
28606,0.7019727018777484,0.375,1,10
28608,0.15274548932528484,0.06666666666666667,0.5,10
28625,0.07839826897867533,0.0625,0.16666666666666666,10
28627,0,0,0,10
28629,0.07668368701422457,0.0625,0.14285714285714285,10
28632,0.06625422345438903,0.05,0.1111111111111111,10
28637,0,0,0,10
28638,0,0,0,10
28648,0,0,0,10
28658,0,0,0,10
28660,0.20904936749052636,0.1875,0.14285714285714285,10
28668,0.07336392209936005,0.06666666666666667,0.14285714285714285,10
28685,0,0,0,10
28686,0.5556793584840573,0.3125,1,10
28692,0.046287481291184845,0,0,10
28701,0.28634598975246917,0.125,1,10
28713,0,0,0,10
28716,0.1884441521277154,0.125,0.3333333333333333,10
28728,0.42836504693009625,0.26666666666666666,1,10
28749,0.2781981696179509,0.1,0.3333333333333333,10
28750,0.4129906498399036,0.2857142857142857,1,10
28752,0.467122359745432,0.2857142857142857,1,10
28755,0.914856882358379,0.5625,1,10
28763,0,0,0,10
28769,0,0,0,10
28770,0,0,0,10
28772,0,0,0,10
28778,0.7133080652109928,0.1794871794871795,1,10
28780,0,0,0,10
28789,0.466924741555019,0.3125,0.5,10
28795,0,0,0,7
28796,0,0,0,10
28798,0,0,0,10
28802,0.1356854453911663,0.125,0.125,10
28808,0,0,0,10
28812,0,0,0,10
28817,0.54739836229935,0.1,1,10
28826,0.07839826897867533,0.0625,0.16666666666666666,10
28827,0.6173775499298383,0.45454545454545453,1,10
28836,0.5790294800346425,0.4444444444444444,1,10
28856,0.06625422345438903,0.0625,0.1111111111111111,10
28859,0,0,0,10
28863,0.3347092591719316,0.25,0.3333333333333333,10
28865,0.15176219107803537,0.125,0.16666666666666666,10
28866,0.6421867266689009,0.3125,1,10
28877,0.5552448576790282,0.375,0.5,10
28878,0.1990526286262915,0.1111111111111111,0.5,10
28881,0.4818998405251556,0.25,1,10
28882,0.5384313152574519,0.10256410256410256,1,10
28884,0.5173633627401372,0.25,1,10
28889,0.12562860819572197,0.125,0.25,10
28895,1,0.625,1,10
28898,0.9363792118010483,0.5625,1,10
28903,0.1388624438735545,0.06666666666666667,0.5,10
28918,0.14507741550924472,0.125,0.25,10
28923,0.29740901205864334,0.0625,1,1
28932,0,0,0,10
28933,0,0,0,10
28937,0.09478836436955078,0.06666666666666667,0.25,10
28945,0,0,0,10
28947,0.09257496258236969,0.045454545454545456,0.5,10
28949,0.13771381125621926,0.1,0.2,10
28951,0.7829708859631895,0.42857142857142855,1,10
28954,0,0,0,10
28955,0.24234786201595307,0.14285714285714285,0.3333333333333333,10
28957,0,0,0,10
28963,0.3746661058764784,0.1875,1,10
28966,0.0636207881989517,0.0625,0.1,10
28970,0.6280232025048696,0.4375,0.5,10
28976,0,0,0,10
28981,0,0,0,10
28996,0,0,0,10
29000,0.6275071330616557,0.3125,1,10
29001,0,0,0,10
29015,0,0,0,10
29028,0.3222722491219546,0.1875,0.5,10
29031,0,0,0,10
29032,0.3381686774636725,0.10256410256410256,0.5,10
29042,-0,0,0,0
29047,0,0,0,10
29048,0.5153661182342341,0.1875,1,10
29049,0,0,0,10
29078,0.35709503446560487,0.125,1,10
29083,0,0,0,10
29084,0.14870450602932167,0.09090909090909091,0.3333333333333333,10
29087,0.41255744601652045,0.26666666666666666,0.5,10
29103,0,0,0,8
29106,-0,0,0,0
29109,-0,0,0,0
29111,0.1388624438735545,0.0625,0.5,2
29112,-0,0,0,0
29114,0.5541432109622957,0.25,1,10
29123,0,0,0,10
29128,0.8212157069470859,0.5,1,10
29129,0,0,0,10
29132,0.4642913062995817,0.3125,0.5,10
29136,0.23879869027995992,0.125,0.5,10
29137,0.1610425878239398,0.034482758620689655,0.25,10
29141,0.22009176629808014,0.06666666666666667,1,10
29143,0,0,0,10
29154,0.3347092591719316,0.10526315789473684,0.3333333333333333,10
29221,0.727329844310522,0.4,1,10
29235,0.4361533373077281,0.13333333333333333,1,2
29236,0.2730355877903736,0.15384615384615385,0.5,5
29244,0.654416412609013,0.18181818181818182,1,10
29246,0.5098826502464558,0.25,1,10
29250,0,0,0,10
29259,0.1399508511117305,0.06666666666666667,0.3333333333333333,10
29309,0,0,0,10
29341,0.6902720899034352,0.5,1,10
29342,1,0.625,1,10
29366,0.4000232483092519,0.1875,1,10
29368,0,0,0,10
29373,0.28634598975246917,0.14285714285714285,1,10
29374,-0,0,0,0
29388,0,0,0,10
29390,0.07394398245707663,0.045454545454545456,0.25,4
29396,0.07839826897867533,0.0625,0.16666666666666666,10
29399,0.3628869103342175,0.2,1,10
29401,0,0,0,10
29402,0,0,0,10
29406,0,0,0,10
29409,0,0,0,10
29410,0,0,0,10
29415,0,0,0,10
29421,1,0.625,1,10
29429,-0,0,0,0
29430,0.47607050184184263,0.3333333333333333,0.5,10
29444,0.22009176629808014,0.03333333333333333,1,10
29445,0,0,0,10
29446,0,0,0,10
29449,0,0,0,1
29450,-0,0,0,0
29453,0,0,0,2
29455,0,0,0,10
29456,0.35895421017163465,0.125,1,10
29458,0.35895421017163465,0.125,1,10
29463,0,0,0,10
29469,0,0,0,10
29470,0.11004588314904007,0.0625,0.3333333333333333,10
29472,1,0.2564102564102564,1,10
29475,0,0,0,10
29476,0,0,0,10
29477,1,0.6666666666666666,1,10
29480,0.1388624438735545,0.09090909090909091,0.5,10
29488,0.49982981616550837,0.3125,0.5,10
29489,0,0,0,10
29491,0,0,0,10
29496,0,0,0,10
29497,0.1308747768177904,0.125,0.125,10
29501,0,0,0,10
29515,0.3031595321740454,0.25,0.2,10
29524,0.09478836436955078,0.0625,0.25,10
29526,0,0,0,10
29531,0,0,0,10
29533,0.07839826897867533,0.02857142857142857,0.16666666666666666,10
29538,0.22009176629808014,0.02857142857142857,1,10
29551,0.7761805369190113,0.4666666666666667,1,10
29552,0,0,0,10
29555,0,0,0,2
29558,0,0,0,10
29562,0,0,0,10
29564,0,0,0,7
29566,0,0,0,10
29567,0.025918374141179628,0,0,10
29578,0,0,0,10
29583,0.13305201013572895,0.125,0.125,10
29586,0.09478836436955078,0.0625,0.25,10
29591,0.16872714292220853,0.0625,0.5,10
29592,0.17947710508581732,0.125,0.3333333333333333,10
29596,0,0,0,10
29600,0.45650001423154074,0.125,1,10
29615,0.5213965118880093,0.3125,1,10
29616,0,0,0,10
29617,1,1,1,10
29618,0,0,0,10
29620,0.6109803333395574,0.24,0.5,10
29623,0,0,0,10
29624,0.8553475075669357,0.5,1,10
29626,0.6992148198508501,0.6,1,10
29632,0,0,0,10
29639,0.22009176629808014,0.06666666666666667,1,10
29648,0,0,0,10
29654,0,0,0,10
29659,0.7941282000420724,0.375,1,8
29661,0.5672929242839571,0.3333333333333333,1,10
29693,0.31833954895937183,0.2727272727272727,0.5,10
29696,0.19518900079066107,0.16666666666666666,0.3333333333333333,10
29699,0,0,0,10
29701,0,0,0,10
29705,0.7846170207230129,0.5833333333333334,1,10
29710,0,0,0,10
29717,0,0,0,10
29722,0.933745776545611,0.5625,1,10
29728,0.6850055824312077,0.175,1,10
29729,0.5592585182112084,0.25,1,10
29731,0.1550476315389704,0.14285714285714285,0.25,10
29737,0.3684548891580317,0.125,1,10
29738,0.400448803935945,0.125,1,10
29739,0,0,0,10
29742,0.1388624438735545,0.06666666666666667,0.5,10
29749,0.5541432109622957,0.25,1,10
29759,0.06560688985543606,0,0,10
29764,0.7778721720600672,0.4375,1,10
29777,0.33843226963443074,0.1875,1,10
29778,0.5884674004369673,0.3125,1,10
29781,0,0,0,10
29791,0.5375847613405781,0.1875,1,10
29792,1,0.625,1,10
29797,0.7334685071752597,0.4444444444444444,1,10
29804,0.1388624438735545,0.06666666666666667,0.5,10
29829,0,0,0,10
29834,0,0,0,10
29835,0,0,0,10
29841,1,0.2702702702702703,1,10
29844,0.29740901205864334,0.125,1,10
29859,-0,0,0,0
29868,0.22009176629808014,0.1,1,10
29890,1,0.6666666666666666,1,10
29891,0,0,0,10
29896,0.8196399727029103,0.5,1,10
29897,0.15139734109601002,0.125,0.2,10
29898,0.19518900079066107,0.125,0.3333333333333333,10
29903,-0,0,0,0
29906,0.44793214080335997,0.1111111111111111,1,10
29912,0.6705943075104668,0.375,1,10
29915,0.8422749528933686,0.625,1,10
29918,0.5637884576902256,0.10810810810810811,1,10
29926,0.21771908887875965,0.18181818181818182,0.5,10
29928,0.5029544726057574,0.25,1,10
29936,0.23344411357024486,0.06666666666666667,0.5,10
29937,0,0,0,10
29938,0,0,0,10
29941,0,0,0,10
29942,0,0,0,10
29944,0.29025978496956456,0.07317073170731707,0.5,10
29945,0.34971810060803316,0.1875,1,10
29946,0,0,0,10
29952,0,0,0,10
29954,0.22009176629808014,0.03333333333333333,1,1
29961,0.3837592210904823,0.2,1,10
29969,0.4520077609624401,0.1875,1,10
29973,-0,0,0,0
29987,0.1388624438735545,0.0625,0.5,10
29988,0.5431008121547419,0.24,0.5,10
30014,0.23177307466786254,0.1875,0.25,10
30016,0.4319964223378389,0.3125,0.3333333333333333,10
30020,-0,0,0,0
30021,-0,0,0,0
30022,0,0,0,1
30027,0.6452164595630407,0.3125,1,10
30029,0.9537125187088151,0.6666666666666666,1,10
30031,0.43780685607566444,0.29411764705882354,0.3333333333333333,10
30035,0.44191006239362246,0.15384615384615385,1,10
30036,0.22861598839873132,0.13333333333333333,0.5,10
30037,0.8383865342971616,0.6666666666666666,1,10
30040,0,0,0,10
30042,-0,0,0,0
30045,0.6053924782121216,0.5454545454545454,1,10
30047,0,0,0,10
30048,0.48571574856977245,0.3125,0.5,10
30049,-0,0,0,0
30050,0.6577464690004298,0.4375,0.5,10
30054,0.4611143078171935,0.375,0.3333333333333333,10
30055,0.5861163849908827,0.38461538461538464,1,10
30059,0.24936270394794904,0.1875,0.25,10
30060,0,0,0,10
30069,0.05617253880444628,0.06666666666666667,0.1111111111111111,10
30076,0,0,0,10
30079,0,0,0,10
30080,0,0,0,10
30081,0.5321408435198608,0.14285714285714285,1,10
30083,0.04241385879930114,0.0625,0.1,10
30085,0,0,0,10
30088,0.10645911485001622,0.125,0.16666666666666666,10
30089,0,0,0,2
30092,0.45464239847480037,0.5,0.5,10
30101,0.4518648409659427,0.26666666666666666,1,10
30104,0.04457103239758659,0,0,10
30108,-0,0,0,0
30110,0,0,0,10
30119,0,0,0,10
30127,0,0,0,10
30131,0.7963266453996554,0.6,1,10
30136,0.875270354857481,0.625,1,10
30141,0.0699814014043856,0.02702702702702703,0.1,10
30162,0,0,0,10
30163,0.07257302962625321,0.08333333333333333,0.125,10
30165,0.3981471309738322,0.42857142857142855,0.5,10
30168,0.2335490544512916,0.2727272727272727,0.3333333333333333,10
30183,0.11004588314904007,0.09090909090909091,0.3333333333333333,10
30198,0,0,0,10
30202,-0,0,0,0
30205,0,0,0,10
30218,0.2832325164972662,0.11538461538461539,0.3333333333333333,10
30219,0,0,0,10
30235,0.07336392209936005,0.02,0.14285714285714285,10
30237,0.04416948230292602,0.0625,0.1111111111111111,10
30240,0.7138097836082222,0.3125,1,5
30248,0,0,0,10
30251,-0,0,0,0
30255,0,0,0,10
30259,0,0,0,10
30268,-0,0,0,0
30278,-0,0,0,0
30282,-0,0,0,0
30283,0,0,0,10
30284,0.4361533373077281,0.2,1,10
30287,0.4074153667635756,0.11764705882352941,0.5,10
30289,0,0,0,10
30290,0.07839826897867533,0.041666666666666664,0.16666666666666666,10
30294,0.22009176629808014,0.0625,1,1
30300,-0,0,0,0
30301,-0,0,0,0
30302,-0,0,0,0
30303,-0,0,0,0
30306,0,0,0,1
30307,0,0,0,4
30313,0,0,0,1
30314,0,0,0,2
30318,-0,0,0,0
30327,-0,0,0,0
30336,0.2784805894273036,0.075,0.5,10
30339,0.09478836436955078,0.06666666666666667,0.25,10
30340,0.29990503169749433,0.1875,0.5,10
30341,0.19417228147352045,0.15384615384615385,0.5,10
30344,-0,0,0,0
30345,0.07839826897867533,0.0625,0.16666666666666666,10
30347,0,0,0,10
30348,0,0,0,10
30349,0.07336392209936005,0.0625,0.14285714285714285,10
30351,0,0,0,10
30353,0.06943122193677725,0.0625,0.125,10
30358,0,0,0,10
30362,0.3154909520426466,0.1111111111111111,1,1
30363,0,0,0,10
30365,0.5568114266916201,0.42857142857142855,1,10
30369,0.388244052766991,0.1875,1,10
30372,0.5590523256699665,0.5,1,10
30378,0,0,0,10
30382,0.1388624438735545,0.0625,0.5,10
30385,0.2045915693431999,0.1875,0.2,10
30391,0.8318724637288825,0.75,1,10
30395,1,0.2702702702702703,1,10
30411,0,0,0,10
30422,0,0,0,10
30424,0,0,0,10
30428,0.141642004605557,0.07692307692307693,0.3333333333333333,10
30431,0,0,0,10
30436,0,0,0,10
30437,0.29305522491559327,0.1875,0.5,10
30439,0,0,0,10
30442,0,0,0,10
30450,0,0,0,10
30453,0.6498318317443642,0.42857142857142855,1,10
30455,0,0,0,10
30457,0.7917267193679839,0.175,1,10
30462,0,0,0,10
30467,0.7568447789230165,0.5384615384615384,1,10
30469,1,1,1,6
30472,0,0,0,10
30476,0.5701406500739014,0.3333333333333333,1,10
30478,0.9052116356304492,0.2647058823529412,1,10
30531,0,0,0,10
30533,0.45516509399887356,0.3,1,10
30542,0.39484136206016496,0.125,1,10
30546,0.19930623359011798,0.1875,0.125,10
30549,0.08623628983735337,0.0625,0.16666666666666666,10
30565,-0,0,0,0
30576,0.25430127623392856,0.13333333333333333,0.5,10
30590,0.11004588314904007,0.0625,0.3333333333333333,10
30592,0.29740901205864334,0.08333333333333333,1,10
30619,0.7261330796500748,0.3125,1,10
30620,0.29740901205864334,0.0625,1,10
30622,0.6364741801035538,0.375,1,10
30651,0.5919268187287082,0.15625,1,10
30657,0,0,0,10
30659,0,0,0,10
30661,0,0,0,10
30664,0.3803389259554004,0.11428571428571428,0.5,10
30667,0,0,0,10
30669,0,0,0,10
30671,0.2354871540196445,0.2,0.16666666666666666,10
30684,0.92663607790064,0.391304347826087,1,10
30685,0.8305120323500993,0.4666666666666667,1,10
30689,0.24309789328476902,0.11538461538461539,0.3333333333333333,10
30690,0.7630946912803435,0.30434782608695654,1,10
30705,-0,0,0,0
30707,0.9363792118010483,0.5625,1,10
30708,1,0.625,1,10
30730,0,0,0,10
30732,0.07336392209936005,0.0625,0.14285714285714285,10
30733,0,0,0,10
30736,0.5548010254700118,0.3125,1,10
30750,0.1427951440361373,0.125,0.14285714285714285,10
30751,0,0,0,10
30755,0.45650001423154074,0.125,1,7
30757,0.22009176629808014,0.0625,1,10
30761,0,0,0,10
30764,0.17366667134799177,0.05263157894736842,0.3333333333333333,10
30767,0.5517854393872873,0.3125,1,10
30773,0.8553475075669357,0.5,1,10
30776,0,0,0,10
30784,0.31488013066763093,0.125,1,10
30786,-0,0,0,0
30794,0.24890832702259458,0.08695652173913043,0.5,10
30796,0.07336392209936005,0.08333333333333333,0.14285714285714285,10
30804,0.07839826897867533,0.0625,0.16666666666666666,10
30806,0,0,0,10
30812,-0,0,0,0
30820,0.9363792118010483,0.5625,1,10
30822,0.5908007884372638,0.375,1,10
30828,0.5466227484058985,0.14705882352941177,1,10
30847,0,0,0,10
30851,0.24209587273488012,0.0625,1,10
30852,0.22009176629808014,0.029411764705882353,1,10
30857,0,0,0,10
30858,0.07336392209936005,0.02702702702702703,0.14285714285714285,10
30862,0,0,0,10
30867,0,0,0,10
30875,0.1388624438735545,0.034482758620689655,0.5,10
30876,0,0,0,10
30878,1,1,1,10
30883,0.1396181455537491,0.05128205128205128,0.14285714285714285,10
30888,0.18781814548719272,0.125,0.2,10
30891,0.45374257454118544,0.07894736842105263,1,10
30894,0,0,0,10
30895,0,0,0,10
30901,0.5541432109622957,0.25,1,10
30906,0.06350608830737939,0.0625,0.16666666666666666,10
30907,0.2952819749811217,0.1875,0.5,10
30910,-0,0,0,0
30913,0.17525890277647624,0.1875,0.25,10
30919,0.09684208768602304,0.0625,0.25,10
30931,0.21222636597291455,0.125,0.5,10
30934,0.16421958630632802,0.125,0.25,10
30938,0.613039871546815,0.4375,0.5,10
30947,0,0,0,10
30951,0.20829366581033176,0.125,0.5,10
30970,0.45374257454118544,0.21428571428571427,1,10
30972,0,0,0,10
30986,0.06243697865825647,0.0625,0.2,10
30990,0,0,0,10
30997,0,0,0,10
31001,0,0,0,10
31012,0,0,0,10
31017,0,0,0,10
31024,0,0,0,10
31030,0.08514311764162098,0.06666666666666667,0.2,10
31033,0,0,0,10
31036,0.07839826897867533,0.0625,0.16666666666666666,10
31042,0,0,0,10
31046,0.1884441521277154,0.125,0.3333333333333333,10
31053,0.2625056250973813,0.0625,1,10
31056,0.3052348839397011,0.125,1,10
31057,0.2837125544970318,0.125,1,10
31065,-0,0,0,0
31071,0,0,0,10
31072,0.31488013066763093,0.05,1,10
31081,0.5375218463332218,0.4444444444444444,1,10
31082,0.07336392209936005,0.0625,0.14285714285714285,10
31084,0,0,0,10
31085,0,0,0,10
31090,0,0,0,10
31092,-0,0,0,0
31100,0,0,0,10
31104,0.09478836436955078,0.02702702702702703,0.25,10
31119,0,0,0,10
31134,0,0,0,10
31135,0.1388624438735545,0.04,0.5,10
31138,0.15457433957839825,0.125,0.2,10
31145,0,0,0,10
31150,0,0,0,10
31152,0.28634598975246917,0.125,1,10
31153,0.3051833912258533,0.23076923076923078,0.3333333333333333,10
31161,0.30260241349881345,0.16666666666666666,1,2
31177,0,0,0,10
31182,0.21222636597291455,0.16666666666666666,0.5,10
31194,0.3628869103342175,0.1875,1,10
31195,0.8810602039390227,0.5333333333333333,1,10
31196,0.5375847613405781,0.1875,1,10
31199,-0,0,0,0
31207,0,0,0,10
31238,0,0,0,3
31242,0,0,0,10
31243,0,0,0,2
31246,0,0,0,1
31250,0,0,0,9
31260,0.32730659600126993,0.13043478260869565,0.5,10
31262,0,0,0,10
31267,0.8201548560062146,0.5,1,10
31271,0.10153380441631457,0.0625,0.25,10
31273,0.39763391022884753,0.13333333333333333,1,10
31282,0.3441464225904506,0.23076923076923078,0.3333333333333333,9
31284,0.17925288237829218,0.125,0.3333333333333333,10
31286,0.14874433492765377,0.0625,0.5,10
31287,0.4844385062046836,0.2,1,10
31293,0,0,0,10
31295,0,0,0,10
31306,0.744495553594849,0.46153846153846156,1,10
31323,1,0.45454545454545453,1,10
31325,0.22009176629808014,0.06666666666666667,1,10
31326,0.17828412959034637,0.0625,1,10
31330,0,0,0,10
31336,0.4666234168001788,0.38461538461538464,0.5,10
31358,0.43735247915031,0.1875,1,10
31360,0.9545678367538876,0.6923076923076923,1,10
31366,0.3052348839397011,0.125,1,10
31373,0.35716856789506046,0.125,1,10
31377,0.22009176629808014,0.0625,1,10
31382,0,0,0,10
31383,-0,0,0,0
31391,0,0,0,3
31399,0.5704044892860389,0.3125,1,10
31400,0,0,0,10
31403,0.6114735274236562,0.375,1,10
31410,0,0,0,10
31411,-0,0,0,0
31412,-0,0,0,0
31423,-0,0,0,0
31436,0.46344641831779065,0.20833333333333334,0.5,10
31440,0,0,0,10
31446,0.1388624438735545,0.0625,0.5,10
31454,0.549694085722707,0.25,1,10
31462,0,0,0,10
31463,0,0,0,2
31466,0.9005033215744148,0.2647058823529412,1,10
31467,0,0,0,10
31483,0.07804731934138323,0.06666666666666667,0.125,10
31486,0.400448803935945,0.125,1,10
31489,0,0,0,10
31507,0.9020672896188013,0.5,1,10
31509,0.9363792118010483,0.5625,1,10
31510,-0,0,0,0
31519,-0,0,0,0
31523,0,0,0,10
31529,0.7104770117651424,0.5,0.5,10
31537,0,0,0,10
31542,-0,0,0,0
31553,0.09852439484091073,0.125,0.16666666666666666,10
31556,0,0,0,10
31564,0.1467278441987201,0.02857142857142857,1,5
31568,0,0,0,10
31571,0,0,0,10
31572,0,0,0,10
31573,0,0,0,10
31575,0,0,0,1
31577,0,0,0,10
31578,0,0,0,10
31582,0,0,0,10
31584,0.3301376494471202,0.10526315789473684,1,10
31595,0.15457433957839825,0.15384615384615385,0.2,10
31599,0,0,0,10
31601,0,0,0,10
31606,0,0,0,1
31614,0,0,0,10
31634,0.31879392588472627,0.21428571428571427,0.5,10
31644,0.07839826897867533,0.037037037037037035,0.16666666666666666,10
31646,0,0,0,10
31650,-0,0,0,0
31657,0.400448803935945,0.14285714285714285,1,10
31659,0,0,0,5
31667,0.06943122193677725,0.0625,0.125,10
31670,0.800693766409882,0.4375,1,10
31672,0.2705965427607045,0.1875,0.5,10
31680,0.14195578371863898,0.2,0.16666666666666666,10
31694,0.22009176629808014,0.06666666666666667,1,10
31717,0.7244131064628505,0.5,1,10
31718,0.6489315753318465,0.3125,1,10
31722,0.5974255584093564,0.4166666666666667,1,10
31724,0.4572783407184214,0.21428571428571427,1,10
31730,-0,0,0,0
31734,0.9305687780632227,0.5625,1,10
31746,0.760079105197619,0.18421052631578946,1,10
31755,0.20728422620479342,0.15384615384615385,0.3333333333333333,10
31757,0.5439871919485241,0.26666666666666666,1,10
31758,0.11004588314904007,0.0625,0.3333333333333333,10
31765,0.19518900079066107,0.125,0.3333333333333333,10
31766,0,0,0,10
31767,0.4888292218249754,0.25,1,10
31772,0,0,0,10
31779,0,0,0,10
31781,0,0,0,10
31782,1,0.625,1,10
31786,0,0,0,10
31790,1,1,1,10
31793,0.96331803895032,0.2564102564102564,1,10
31794,0.7478169297413099,0.6363636363636364,1,10
31805,0,0,0,10
31809,-0,0,0,0
31810,-0,0,0,0
31811,0,0,0,8
31812,-0,0,0,0
31814,-0,0,0,0
31817,0.11502553052133685,0.0625,0.3333333333333333,10
31818,-0,0,0,0
31820,0,0,0,10
31825,-0,0,0,0
31835,0,0,0,1
31836,0.23930280678108978,0.125,1,3
31842,0.5572998242663683,0.35714285714285715,1,10
31855,0.22009176629808014,0.037037037037037035,1,1
31856,0.22009176629808014,0.07692307692307693,1,10
31863,0,0,0,10
31881,0.35895421017163465,0.15384615384615385,1,10
31882,0.3123165332860762,0.1875,1,10
31883,0.11360070423970328,0.125,0.125,10
31885,-0,0,0,0
31889,0,0,0,4
31890,1,0.625,1,10
31899,0.5700096703560649,0.25,1,10
31913,0.7885497208855956,0.4375,1,10
31918,0.8210090538209458,0.4375,1,10
31920,0,0,0,10
31923,0.4000232483092519,0.1875,1,10
31924,0,0,0,10
31927,0.12808708965342477,0.0625,0.25,10
31931,0.5766692999492189,0.375,0.5,10
31935,0.8786774723414067,0.8,1,10
31936,0.9216017310213247,0.5625,1,10
31945,0.727329844310522,0.15384615384615385,1,6
31955,0.5173633627401372,0.25,1,10
31962,0.6172839611614817,0.4166666666666667,1,10
31967,0.04890928139957336,0.06666666666666667,0.14285714285714285,10
31970,0,0,0,10
31971,0.4690000933206747,0.2,1,10
31978,0.25909036127391766,0.3333333333333333,0.3333333333333333,10
31985,0,0,0,10
31986,0.056242380974069514,0.08333333333333333,0.125,10
31996,1,0.625,1,10
32004,0.44173955623824723,0.125,0.3333333333333333,10
32026,0,0,0,10
32035,0,0,0,10
32038,0.11004588314904007,0.0625,0.3333333333333333,10
32057,0.08514311764162098,0.0625,0.2,10
32062,0,0,0,10
32074,0,0,0,4
32076,0.5117650925977693,0.1875,1,10
32078,0.8320915789708676,0.5625,1,10
32080,0.7211998360464069,0.6,1,10
32086,0.48072436970531474,0.3076923076923077,1,10
32095,0,0,0,10
32096,0.07336392209936005,0.06666666666666667,0.14285714285714285,10
32097,-0,0,0,0
32100,0,0,0,2
32102,1,0.625,1,10
32108,0.0636207881989517,0.0625,0.1,10
32109,0.22009176629808014,0.0625,1,10
32111,0.21726071285222984,0.15384615384615385,0.5,10
32117,0.5618918191694953,0.375,0.5,10
32120,0.08514311764162098,0.0625,0.2,10
32122,0,0,0,10
32128,0,0,0,10
32129,0.6653497124326152,1,0.5,10
32131,0.1399508511117305,0.07692307692307693,0.3333333333333333,10
32132,0,0,0,10
32142,0.1388624438735545,0.0625,0.5,10
32144,0,0,0,10
32152,0,0,0,2
32156,0.06625422345438903,0.06666666666666667,0.1111111111111111,10
32157,0.6281649475693718,0.15789473684210525,1,10
32158,0.6073683743755113,0.35294117647058826,0.5,10
32162,0.7917063341896682,0.5333333333333333,1,10
32164,0,0,0,10
32177,0.20904936749052636,0.1875,0.14285714285714285,10
32180,0.41939799988819815,0.25,1,10
32183,0.34304711585889186,0.1875,1,10
32192,0.0636207881989517,0.07142857142857142,0.1,10
32194,0.5452106371035181,0.15789473684210525,1,10
32201,0.6489315753318465,0.35714285714285715,1,10
32203,0,0,0,10
32211,0.7477429786202894,0.6666666666666666,1,10
32221,0.7833222593171403,0.25,1,10
32223,0.7065836017263628,0.375,1,10
32229,0,0,0,10
32232,0.07839826897867533,0.0625,0.16666666666666666,10
32233,0.700999928770653,0.42857142857142855,1,10
32236,0.9913406646505248,1,1,10
32250,0.7221577795380655,0.4375,1,10
32252,0.35895421017163465,0.06451612903225806,1,10
32269,0.4283854321084119,0.23076923076923078,1,10
32276,0.24926098697416302,0.0625,1,10
32284,-0,0,0,0
32295,0,0,0,10
32296,0.35895421017163465,0.05405405405405406,1,3
32297,0,0,0,10
32299,0,0,0,3
32305,0.5090442942421092,0.3125,0.5,10
32306,0.6301653161143503,0.25,1,10
32311,0.22009176629808014,0.09090909090909091,1,10
32314,0.22009176629808014,0.0625,1,5
32318,-0,0,0,0
32321,0.4818998405251556,0.16,1,10
32325,0.4690000933206747,0.1875,1,10
32326,-0,0,0,0
32328,0.07336392209936005,0.0625,0.14285714285714285,10
32330,0.09478836436955078,0.0625,0.25,6
32333,1,0.625,1,10
32344,0.04241385879930114,0.0625,0.1,10
32346,0,0,0,10
32350,0,0,0,10
32351,0.5487973376826973,0.25,1,10
32353,0.7646478469606983,0.4375,1,10
32357,0,0,0,10
32362,0.7573802649192929,0.4,1,10
32366,0.2658123069450553,0.1875,0.2,10
32368,0.21421640332906772,0.14285714285714285,0.3333333333333333,10
32373,0,0,0,10
32375,0.6810423630193371,0.15384615384615385,1,10
32378,0,0,0,10
32379,0.5597227398521276,0.4,1,10
32383,0.5326208815196265,0.2857142857142857,1,10
32386,0.835780413693672,0.5,1,10
32391,0.800693766409882,0.6363636363636364,1,10
32394,-0,0,0,0
32400,0.388244052766991,0.1875,1,10
32402,0,0,0,10
32404,0.0636207881989517,0.0625,0.1,10
32405,0,0,0,10
32407,0.06625422345438903,0.047619047619047616,0.1111111111111111,10
32411,0.6994739030813918,0.375,1,10
32418,0,0,0,3
32426,0.7799082337019198,0.5625,0.5,10
32428,0,0,0,10
32429,0.22009176629808014,0.0625,1,10
32430,0.7351278767124968,0.21621621621621623,1,10
32431,0.6320343986668487,0.23333333333333334,1,10
32462,0,0,0,10
32466,1,0.625,1,10
32467,0.7728378251807518,0.4375,1,10
32473,0.1388624438735545,0.0625,0.5,10
32477,0,0,0,10
32479,0.37231455319994966,0.25,0.5,10
32505,-0,0,0,0
32506,-0,0,0,0
32507,0,0,0,10
32516,0.18762583042168926,0.1875,0.16666666666666666,10
32523,-0,0,0,0
32525,0,0,0,10
32536,0,0,0,10
32537,0,0,0,10
32542,0,0,0,10
32545,0,0,0,10
32547,0,0,0,10
32548,0,0,0,10
32551,0,0,0,10
32554,0.06943122193677725,0.0625,0.125,10
32555,0,0,0,10
32560,0,0,0,10
32561,0,0,0,10
32562,0,0,0,10
32564,0.16354138662029633,0.13333333333333333,0.2,10
32582,0.8553475075669357,0.5,1,10
32589,0.033209884140881246,0,0,10
32593,0.28838205139432177,0.07692307692307693,0.2,10
32595,0,0,0,10
32599,0,0,0,10
32601,0,0,0,10
32604,0.6306637463657283,0.4,1,10
32605,0.09478836436955078,0.038461538461538464,0.25,10
32611,0.38589303732090635,0.25,0.5,10
32612,0,0,0,10
32613,0.753814294534439,0.4375,1,10
32618,0.6332196796270028,0.3125,1,10
32632,0.14201905717762703,0.125,0.16666666666666666,10
32635,0.11838279295536293,0.14285714285714285,0.25,10
32636,0,0,0,1
32639,0,0,0,1
32645,0.07336392209936005,0.0625,0.14285714285714285,10
32662,0,0,0,10
32680,0,0,0,10
32697,0,0,0,10
32700,0.8115558478722846,0.5,1,10
32704,-0,0,0,0
32706,-0,0,0,0
32717,0.18357154578222054,0.25,0.25,10
32719,0,0,0,10
32722,1,0.625,1,10
32733,0.2575389154724167,0.07692307692307693,1,10
32745,0.2240055615151755,0.05,0.5,10
32750,1,0.25,1,10
32752,0,0,0,10
32777,0.6188285952392263,0.3125,1,10
32778,0,0,0,6
32782,0.42631008034275614,0.3125,0.5,10
32789,1,0.625,1,10
32796,0.1388624438735545,0.0625,0.5,10
32801,0.5983950669742497,0.3125,1,10
32810,0.36995731885538535,0.35714285714285715,0.2,10
32812,0.6406843176444186,0.4,1,10
32816,0.5022037311331264,0.3125,0.5,10
32821,0.20069669436808374,0.14285714285714285,0.5,10
32824,0.4651259871626346,0.3125,0.3333333333333333,10
32827,0.5131695756236008,0.3076923076923077,1,10
32833,0.5903995751131786,0.8333333333333334,0.5,10
32834,0.4098497305276306,0.15384615384615385,0.5,3
32841,0.758968070781661,0.5454545454545454,1,10
32842,0,0,0,10
32843,0.15457433957839825,0.125,0.2,10
32848,0.725452110735279,0.4375,1,10
32863,0.046287481291184845,0.058823529411764705,0.125,10
32875,0.6062388946116026,0.5,1,10
32886,-0,0,0,0
32893,0.7682269253321374,0.4375,1,10
32895,0.4747901418801846,0.125,1,10
32896,0.2583297509898471,0.1875,0.25,10
32900,0.7827392871477701,0.3333333333333333,1,10
32906,0.4665724326622497,0.2857142857142857,1,10
32908,0.7631925784528221,0.4666666666666667,1,10
32910,0.41340027774092636,0.375,1,10
32917,0,0,0,10
32921,0.16655697270302075,0.0625,0.1111111111111111,10
32933,-0,0,0,0
32944,0.4252084336260237,0.1875,1,10
32948,-0,0,0,0
32960,-0,0,0,0
32971,0,0,0,1
32972,-0,0,0,0
32976,-0,0,0,0
32994,-0,0,0,0
32996,-0,0,0,0
33000,-0,0,0,0
33003,-0,0,0,0
33004,-0,0,0,0
33007,0.3487503894557348,0.3333333333333333,0.2,10
33009,0.35895421017163465,0.10526315789473684,1,10
33010,0.06625422345438903,0.0625,0.1111111111111111,10
33014,0.20432765402666475,0,0,3
33020,0,0,0,10
33030,0.2710884709729799,0.2,0.3333333333333333,10
33033,0.06943122193677725,0.0625,0.125,10
33040,0.36861880808383857,0.10810810810810811,1,10
33042,0.6496872770120411,0.375,1,10
33044,0,0,0,10
33045,0.6421867266689009,0.3125,1,10
33051,0,0,0,10
33055,0,0,0,10
33061,0.4252084336260237,0.23076923076923078,1,10
33078,0.45145589415124726,0.1875,1,10
33097,0,0,0,10
33105,0,0,0,10
33108,0.0636207881989517,0.041666666666666664,0.1,10
33118,0,0,0,10
33124,1,0.625,1,10
33125,0,0,0,10
33131,0,0,0,10
33133,0,0,0,10
33137,0.2934556883974402,0.04878048780487805,1,10
33139,0.514186364257749,0.3125,1,10
33179,-0,0,0,0
33185,0,0,0,10
33197,0.1467278441987201,0.025,1,10
33209,-0,0,0,0
33210,0.28634598975246917,0.125,1,10
33211,0.07839826897867533,0.027777777777777776,0.16666666666666666,10
33225,0.08514311764162098,0.037037037037037035,0.2,10
33227,0,0,0,10
33234,0,0,0,10
33236,0,0,0,10
33239,0.2134190485129175,0.125,0.3333333333333333,10
33240,-0,0,0,0
33248,0,0,0,10
33250,0.12619330036452459,0.1,0.2,10
33252,0.07336392209936005,0.043478260869565216,0.14285714285714285,10
33253,0.2895229882348574,0.125,1,10
33254,0.07839826897867533,0.047619047619047616,0.16666666666666666,10
33257,0.3984279345433619,0.3333333333333333,0.3333333333333333,10
33269,0.5759059294346696,0.5,1,10
33270,0.9768562593544076,0.6666666666666666,1,10
33272,-0,0,0,0
33279,0.4530643748551538,0.037037037037037035,1,10
33282,0,0,0,10
33285,0,0,0,10
33289,0.2357541930550393,0.03571428571428571,1,1
33305,0.4440973278132556,0.1875,1,10
33306,0,0,0,10
33310,0.5590421821059606,0.13513513513513514,1,5
33314,0,0,0,10
33315,0,0,0,10
33318,0.44092032933086744,0.25,1,10
33320,0.5014276442746162,0.3157894736842105,0.3333333333333333,10
33324,0.17366667134799177,0.125,0.3333333333333333,10
33325,0,0,0,10
33331,0,0,0,6
33348,0.16593888468172974,0.05405405405405406,0.5,10
33351,0,0,0,10
33353,0,0,0,10
33363,0,0,0,10
33366,0,0,0,10
33369,0,0,0,10
33374,0,0,0,1
33384,0,0,0,10
33388,0.11004588314904007,0.0625,0.3333333333333333,10
33391,0,0,0,10
33394,0,0,0,10
33399,0,0,0,10
33401,0,0,0,10
33406,0.0636207881989517,0.08333333333333333,0.1,10
33413,-0,0,0,0
33416,0.2575389154724167,0.0625,1,10
33419,1,1,1,6
33424,0.42633711921994416,0.26666666666666666,0.5,10
33425,-0,0,0,0
33434,0.9363792118010483,0.23076923076923078,1,10
33435,0.4447551423209717,0.25,1,10
33438,0.3913817611255761,0.3125,0.25,10
33451,0,0,0,2
33454,0.5487973376826973,0.3,1,3
33455,0.8389574121760601,0.5,1,10
33471,0.5404673768993046,0.375,0.5,10
33472,0,0,0,10
33474,0.6047852717412854,0.36363636363636365,0.5,10
33475,0,0,0,10
33483,0.06925226990817035,0.0625,0.1111111111111111,10
33484,0,0,0,10
33491,0.10484411539105797,0.0625,0.5,10
33497,0.6208801063340206,0.375,1,10
33499,0.8701249883466592,0.8,1,10
33500,0.08090973693930592,0.0625,0.1,10
33501,0.15176219107803537,0.08333333333333333,0.16666666666666666,10
33511,0.5637884576902256,0.3076923076923077,1,10
33512,0.8810602039390227,0.6153846153846154,1,10
33518,0.25880978898961277,0.2,0.3333333333333333,10
33556,0.8847092838983018,0.5333333333333333,1,10
33688,0,0,0,10
33698,0.2492161453282084,0.1875,0.25,10
33699,0,0,0,10
33701,0.0636207881989517,0.0625,0.1,10
33712,0.7147058529455579,0.75,1,10
33715,0.933745776545611,0.45,1,10
33717,0.92663607790064,0.6428571428571429,1,10
33718,0.16250998563927663,0.07894736842105263,0.14285714285714285,10
33721,0.06625422345438903,0.0625,0.1111111111111111,10
33735,0,0,0,10
33740,0.5517854393872873,0.3125,1,10
33741,0.4106073943575823,0.6666666666666666,0.3333333333333333,10
33751,0.1389578466724768,0.125,0.25,10
33760,0.22009176629808014,0.06666666666666667,1,2
33764,0.22009176629808014,0.0625,1,10
33769,-0,0,0,0
33772,0,0,0,10
33776,0.29740901205864334,0.07142857142857142,1,10
33779,0,0,0,10
33783,0,0,0,10
33792,0.09478836436955078,0.0625,0.25,10
33801,-0,0,0,0
33804,0.09478836436955078,0.0625,0.25,10
33807,0.7885497208855956,0.4666666666666667,1,10
33808,0,0,0,10
33810,0,0,0,10
33812,0.1388624438735545,0.0625,0.5,10
33814,0,0,0,2
33822,0,0,0,9
33824,0,0,0,10
33831,0.1751795093577132,0.125,0.2,10
33839,0,0,0,10
33843,0.5388856921828065,0.25,1,6
33849,0,0,0,10
33855,0.21490613155715643,0.18181818181818182,1,10
33873,0,0,0,10
33877,0.38431135260440824,0.1875,1,10
33878,0.20683985223084844,0.1875,0.2,10
33893,0.6562566960564777,0.4,1,10
33902,0.576323354912681,0.125,1,10
33922,0.7059054020403311,0.15384615384615385,1,10
33924,0.8899541168509598,0.225,1,10
33929,0.38979821510014423,0.25,0.5,10
33936,0.6758704024811183,0.5,1,10
33943,0.30949341139906467,0.25,0.5,10
33944,1,0.2564102564102564,1,10
33947,1,0.6666666666666666,1,10
33949,-0,0,0,0
33955,0.5774250016294136,0.4666666666666667,0.3333333333333333,10
33971,0.4228506620510153,0.3125,0.3333333333333333,10
33972,1,1,1,10
33981,0.933745776545611,0.5625,1,10
33987,-0,0,0,0
33994,0,0,0,10
33998,0.17366667134799177,0.13333333333333333,0.3333333333333333,10
34005,0,0,0,10
34006,-0,0,0,0
34010,0.9537125187088151,0.36,1,10
34012,1,0.25,1,10
34019,0,0,0,10
34020,0.08308699565805434,0.06666666666666667,0.14285714285714285,10
34023,0.15726617308658694,0.1,0.5,10
34029,0.8337581973680339,0.6363636363636364,1,10
34032,0.6773706927940436,0.4375,0.5,10
34039,-0,0,0,0
34042,0.2240055615151755,0.05128205128205128,0.5,10
34043,0.7125523635307983,0.18181818181818182,1,10
34047,0,0,0,10
34050,-0,0,0,0
34057,0.22603401862147124,0.16666666666666666,1,10
34058,-0,0,0,0
34069,0,0,0,10
34088,0,0,0,10
34092,0.22009176629808014,0.0625,1,10
34108,0,0,0,10
34116,0.7065443116025597,0.5,0.5,10
34117,0,0,0,10
34118,0.6189552223520828,0.1794871794871795,1,10
34123,0.07839826897867533,0.029411764705882353,0.16666666666666666,10
34128,0.9537125187088151,0.2777777777777778,1,10
34129,0.7325191056940025,0.25,1,10
34135,1,0.4166666666666667,1,10
34139,0.6457545768494584,0.35294117647058826,1,10
34141,0.8768879154552427,0.2571428571428571,1,10
34143,0.92663607790064,0.4090909090909091,1,10
34168,0,0,0,10
34174,0.6278883570281325,0.46153846153846156,1,10
34185,0.8430828029735136,0.6666666666666666,1,10
34188,0.5988751049740154,0.3125,1,10
34190,0.37850091886658266,0.1875,1,10
34200,-0,0,0,0
34211,0,0,0,10
34212,0.7713023273551554,0.6,1,10
34217,0.24261785528500338,0.1875,0.25,10
34224,-0,0,0,0
34226,0.07839826897867533,0.06666666666666667,0.16666666666666666,10
34227,0.31298349214690074,0.25,0.25,10
34229,0.7232622405162586,0.5555555555555556,1,10
34231,0.5067837010870873,0.36363636363636365,1,10
34239,0.5806020001118017,0.375,0.5,10
34244,0.14876390584057267,0.125,0.2,10
34252,0.6640514804524322,0.4,1,10
34254,0.8899541168509598,0.2647058823529412,1,10
34259,0,0,0,10
34260,0,0,0,10
34261,0,0,0,10
34264,-0,0,0,0
34265,-0,0,0,0
34267,0,0,0,1
34275,-0,0,0,0
34276,-0,0,0,0
34277,0,0,0,8
34281,0,0,0,6
34290,-0,0,0,0
34301,-0,0,0,0
34302,0,0,0,2
34305,0,0,0,2
34308,0,0,0,1
34310,0,0,0,7
34319,0,0,0,1
34320,0,0,0,1
34329,0,0,0,1
34332,0,0,0,7
34334,0,0,0,8
34340,0,0,0,1
34343,0,0,0,9
34347,-0,0,0,0
34348,0,0,0,10
34351,0,0,0,10
34354,0,0,0,8
34358,0,0,0,1
34360,0,0,0,1
34363,0,0,0,1
34371,-0,0,0,0
34372,-0,0,0,0
34374,-0,0,0,0
34383,0,0,0,6
34384,-0,0,0,0
34387,-0,0,0,0
34390,0,0,0,1
34391,0,0,0,10
34394,-0,0,0,0
34399,0,0,0,2
34405,0,0,0,5
34406,-0,0,0,0
34407,0,0,0,10
34416,0,0,0,7
34417,0,0,0,5
34421,-0,0,0,0
34424,-0,0,0,0
34431,0,0,0,3
34439,0,0,0,2
34441,0,0,0,2
34442,-0,0,0,0
34443,-0,0,0,0
34445,0,0,0,4
34448,-0,0,0,0
34449,-0,0,0,0
34453,0,0,0,8
34456,0,0,0,3
34457,-0,0,0,0
34460,-0,0,0,0
34463,0,0,0,10
34465,0,0,0,1
34466,-0,0,0,0
34467,0,0,0,1
34470,0,0,0,2
34472,0,0,0,10
34489,-0,0,0,0
34494,0,0,0,9
34504,0,0,0,10
34507,-0,0,0,0
34508,-0,0,0,0
34514,0,0,0,10
34521,-0,0,0,0
34523,-0,0,0,0
34524,0,0,0,10
34525,0,0,0,2
34533,0,0,0,10
34545,0,0,0,9
34548,0,0,0,1
34557,0,0,0,1
34565,0,0,0,8
34566,-0,0,0,0
34572,0,0,0,10
34573,0,0,0,1
34574,0,0,0,10
34578,0,0,0,5
34581,0,0,0,10
34583,0,0,0,5
34588,0,0,0,2
34594,0,0,0,1
34600,-0,0,0,0
34601,-0,0,0,0
34607,-0,0,0,0
34611,0,0,0,4
34612,-0,0,0,0
34615,0,0,0,10
34623,-0,0,0,0
34624,0.5326208815196265,0.25,1,10
34628,0.07839826897867533,0.0625,0.16666666666666666,10
34631,0.08514311764162098,0.0625,0.2,10
34636,0.31488013066763093,0.05,1,10
34637,0.424926013816671,0.1875,1,10
34646,0.3301376494471202,0.05263157894736842,1,10
34649,-0,0,0,0
34653,0.7799082337019198,0.5625,0.5,10
34657,0,0,0,10
34658,0,0,0,10
34667,0,0,0,10
34674,-0,0,0,0
34677,0,0,0,2
34687,0,0,0,10
34693,0.0767023408078252,0.08333333333333333,0.2,10
34696,-0,0,0,0
34708,0,0,0,10
34715,-0,0,0,0
34725,0.8052838486236894,0.5,1,8
34730,0.1499069094438149,0.06666666666666667,1,7
34734,0.67175898907361,0.375,1,10
34736,0.4642913062995817,0.3125,0.5,10
34738,0.6162071613428947,0.3125,1,10
34739,0,0,0,10
34750,0,0,0,10
34760,1,0.625,1,10
34764,0.21077255239343123,0.1875,0.3333333333333333,10
34768,0,0,0,1
34769,0.6193198671454698,0.5,1,10
34771,0.851600341823337,0.5625,1,10
34772,0,0,0,10
34775,-0,0,0,0
34788,0.1982726747057622,0.0625,1,10
34789,0,0,0,10
34790,0.5201260947073776,0.2857142857142857,1,10
34792,0.38431135260440824,0.1875,1,10
34794,0.618519700841442,0.375,1,10
34799,0.5083557835552129,0.175,1,10
34817,-0,0,0,0
34829,0,0,0,10
34830,0.14465249243306438,0.125,0.16666666666666666,10
34842,0,0,0,10
34867,0.7720617383222417,0.4666666666666667,1,10
34873,0.39639187290150923,0.1875,1,10
34877,0.6332971816211657,0.4,1,10
34886,0.27191445400928344,0.1875,0.5,10
34894,0.5271064966405455,0.3076923076923077,1,10
34904,0.7901825282708647,0.375,1,10
34923,0.15494189208647555,0.2,0.16666666666666666,10
34927,0,0,0,10
34928,0.40652716006074996,0.2,1,10
34947,0.2245866696232574,0.25,0.5,10
34949,-0,0,0,0
34959,0.06943122193677725,0.0625,0.125,10
34961,0.4198525533351915,0.125,1,10
34962,-0,0,0,0
34963,0,0,0,10
34972,0,0,0,10
34974,0.35327290151359564,0.2,1,10
34975,0.2240055615151755,0.14285714285714285,0.5,10
34976,0.1884441521277154,0.125,0.3333333333333333,10
34978,0.12987501165334073,0.125,0.1111111111111111,10
34979,0.35895421017163465,0.14285714285714285,1,10
34980,0.2895229882348574,0.125,1,10
34983,0.5958992453777161,0.3125,1,10
34987,-0,0,0,0
35001,0.5309999066793252,0.4666666666666667,0.25,10
35016,0.4351098955930419,0.25,1,10
35029,0.490222650816517,0.2,1,10
35034,0.6325414799409711,0.3125,1,10
35035,0.22009176629808014,0.0625,1,10
35036,-0,0,0,0
35047,0.5257621717484221,0.25,1,10
35049,0.7799082337019198,0.225,0.5,10
35067,0.45650001423154074,0.16666666666666666,1,10
35068,0.9768562593544076,0.25,1,10
35072,0.9216017310213247,0.23076923076923078,1,10
35082,0,0,0,10
35084,0.41985237681355264,0.3125,0.3333333333333333,10
35114,0.2984900352767555,0.08,1,10
35117,0.9988930800939724,0.625,1,10
35118,-0,0,0,0
35120,0.3151625504769836,0.21428571428571427,0.5,10
35124,0.7890540506597234,0.25,1,10
35130,0.11787709652751965,0.07142857142857142,0.3333333333333333,8
35134,0.11004588314904007,0.06666666666666667,0.3333333333333333,10
35142,0.3372905462485835,0.125,1,10
35151,0.7909506325094736,0.4375,1,10
35158,0.6698623505528797,0.5,0.5,10
35160,0.7193076147674357,0.6363636363636364,1,10
35161,0.3090128947940599,0.25,0.3333333333333333,10
35190,-0,0,0,0
35197,0.6547216238913564,0.375,1,10
35204,0.22009176629808014,0.0625,1,10
35208,0.5698664345004878,0.3,1,10
35216,0,0,0,10
35217,0.92663607790064,0.5625,1,10
35225,0.24926098697416302,0.07692307692307693,1,10
35228,0,0,0,10
35230,0,0,0,10
35231,0.5305455297539707,0.16216216216216217,0.5,10
35242,-0,0,0,0
35244,-0,0,0,0
35251,0.3628476202104143,0.3125,0.2,10
35254,0.22119341301481263,0.1875,0.16666666666666666,10
35256,0.35917726695263485,0.375,0.5,10
35258,0.6912659712821329,0.2,1,10
35266,0.9074250374176303,0.47368421052631576,1,10
35286,0,0,0,10
35289,1,0.625,1,10
35290,0.8630152897016883,0.5,1,10
35291,0.10427282432637149,0.14285714285714285,0.2,10
35296,0.5239294981581574,0.3125,1,10
35297,0,0,0,10
35301,0.3636237070689246,0.25,0.5,10
35314,0.22009176629808014,0.0625,1,10
35315,0,0,0,10
35317,0.28634598975246917,0.125,1,10
35325,0,0,0,10
35331,0.07336392209936005,0.037037037037037035,0.14285714285714285,10
35333,0.28634598975246917,0.125,1,10
35334,0.11004588314904007,0.0625,0.3333333333333333,10
35336,0.977915258848537,0.7692307692307693,1,10
35337,0,0,0,10
35338,0.4736695902179647,0.3125,0.5,10
35341,0.07336392209936005,0,0,10
35342,0,0,0,10
35344,0,0,0,10
35352,0,0,0,10
35355,0.9052116356304492,0.225,1,10
35357,0.54739836229935,0.25,1,10
35359,0.5965377185773227,0.3125,1,10
35362,0.37642556710092695,0.3125,0.25,10
35363,0.5161666375018958,0.3333333333333333,1,10
35364,0.6835301404432979,0.375,1,10
35380,0,0,0,10
35390,0.3570437251932916,0.5,0.14285714285714285,10
35391,0.3825523277425815,0.26666666666666666,0.5,10
35400,0.9363792118010483,0.5625,1,10
35401,0.8146824772118209,0.21875,1,10
35405,0.6313335002525685,0.3,1,10
35411,0,0,0,10
35413,0,0,0,10
35415,0,0,0,10
35416,0,0,0,10
35420,0,0,0,10
35421,0,0,0,10
35425,0.22009176629808014,0.0625,1,10
35429,0,0,0,10
35431,0,0,0,10
35438,0,0,0,10
35445,0,0,0,10
35456,0.07839826897867533,0.021739130434782608,0.16666666666666666,10
35457,0.07336392209936005,0.0625,0.14285714285714285,10
35460,0,0,0,10
35472,0,0,0,10
35476,0.2876263497141272,0.1875,0.5,10
35479,0,0,0,10
35487,0.09330056740782033,0.0625,0.3333333333333333,10
35493,0.17630010660342912,0.125,0.3333333333333333,10
35496,0.14778659226136612,0.125,0.16666666666666666,10
35497,-0,0,0,0
35500,0.6670359495345396,0.4,1,10
35502,0,0,0,10
35507,0.3301376494471202,0.14285714285714285,1,10
35509,0.4260276605334035,0.35714285714285715,0.3333333333333333,10
35513,0,0,0,10
35517,0,0,0,10
35521,0.3222722491219546,0.075,0.5,10
35532,0.4920062203073636,0.11428571428571428,1,10
35535,-0,0,0,0
35536,0.14876390584057267,0.125,0.2,10
35538,0.1388624438735545,0.0625,0.5,10
35539,0.11004588314904007,0.06666666666666667,0.3333333333333333,10
35540,0.1388624438735545,0.029411764705882353,0.5,10
35545,0.1982726747057622,0.05555555555555555,1,10
35560,-0,0,0,0
35561,1,0.2564102564102564,1,10
35563,0.3381686774636725,0.25,0.5,10
35564,0.11266201077570104,0.3333333333333333,0.16666666666666666,10
35586,0.06925226990817035,0.07142857142857142,0.1111111111111111,10
35587,0,0,0,10
35590,0.11284514134893525,0.25,0.1,10
35592,-0,0,0,0
35601,0,0,0,10
35611,0.6086182388744238,0.3333333333333333,1,10
35614,0,0,0,10
35622,0,0,0,10
35623,0.07336392209936005,0.0625,0.14285714285714285,10
35627,0,0,0,10
35637,-0,0,0,0
35640,-0,0,0,0
35642,-0,0,0,0
35647,1,0.625,1,10
35653,0.11004588314904007,0.0625,0.3333333333333333,10
35659,0.3693362536342716,0.16666666666666666,0.5,10
35662,0.4571816076546107,0.3125,0.5,10
35666,0.4943572357534483,0.25,1,10
35667,0,0,0,10
35674,0.44485302949345024,0.25,1,10
35685,0.3254288624260272,0.25,0.3333333333333333,10
35686,0,0,0,10
35687,0,0,0,10
35688,0.4697557950008693,0.25,1,10
35690,0,0,0,10
35695,0,0,0,6
35696,0.4498873763727655,0.25,1,10
35707,0.03159612145651692,0,0,10
35708,0,0,0,10
35714,0,0,0,10
35715,0.11004588314904007,0.07142857142857142,0.3333333333333333,10
35728,0.615406227586239,0.375,1,10
35732,0.4283854321084119,0.1875,1,10
35733,0.34695119186869644,0.26666666666666666,0.3333333333333333,10
35734,0.481303911524003,0.2222222222222222,0.5,10
35735,0,0,0,4
35738,0.5325716367320736,0.3125,1,10
35746,0.32824101092639,0.25,0.3333333333333333,10
35748,0.9980212250126027,0.625,1,10
35755,0.20663344510562914,0.1875,0.25,10
35762,0.3052348839397011,0.13333333333333333,1,10
35764,0.06768971444980863,0.1,0.1111111111111111,10
35766,0.05046578036533667,0,0,10
35777,0.3055071596257473,0.16666666666666666,1,10
35784,0,0,0,10
35785,0.07336392209936005,0.0625,0.14285714285714285,10
35786,0.07839826897867533,0.0625,0.16666666666666666,10
35787,0.08514311764162098,0.0625,0.2,10
35794,0,0,0,10
35796,0.1388624438735545,0.0625,0.5,10
35802,0.20829366581033176,0.125,0.5,10
35805,0.4323181322709947,0.08108108108108109,1,10
35810,0.18496364143819244,0.08333333333333333,0.25,10
35811,0.24703059344735182,0.1875,0.3333333333333333,10
35822,0,0,0,10
35830,0.2240055615151755,0.125,0.5,10
35833,0.08330532929276598,0.16666666666666666,0.1,10
35838,-0,0,0,0
35842,0.4062384674854371,0.2727272727272727,0.3333333333333333,10
35852,0,0,0,10
35855,-0,0,0,0
35856,-0,0,0,0
35862,0,0,0,7
35863,0.5559026721867443,0.4375,0.3333333333333333,10
35864,-0,0,0,0
35865,-0,0,0,0
35867,0.7790889382842404,0.4375,1,10
35885,0.06625422345438903,0.045454545454545456,0.1111111111111111,10
35886,0.24355227021012346,0.1875,0.25,10
35887,0.22009176629808014,0.0625,1,10
35899,0,0,0,10
35913,0.7010475702333658,0.4375,1,10
35921,0.9787930706003494,0.625,1,10
35922,0.8847838959703266,0.8571428571428571,1,10
35924,0.5714048781915043,0.3333333333333333,1,10
35928,0,0,0,10
35937,0,0,0,10
35939,0.08194584134522671,0.0625,0.16666666666666666,10
35943,0,0,0,10
35944,0,0,0,4
35949,-0,0,0,0
35952,0,0,0,10
35953,0,0,0,8
35954,-0,0,0,0
35959,0.1388624438735545,0.03125,0.5,10
35966,0,0,0,10
35970,0,0,0,10
35971,0.7068304821693353,0.5625,0.5,10
35979,0.5698664345004878,0.1875,1,3
36016,1,1,1,10
36017,0.9004994238784726,0.5,1,10
36019,0.279901702223461,0.08333333333333333,1,10
36026,-0,0,0,0
36029,0.37185395737611554,0.1875,1,10
36034,0.2578753740644927,0.1875,0.3333333333333333,10
36035,0,0,0,10
36045,0.5326208815196265,0.25,1,10
36046,0.5637884576902256,0.3333333333333333,1,10
36050,0,0,0,10
36052,0.2357541930550393,0.06666666666666667,1,1
36059,0,0,0,10
36063,0,0,0,10
36067,0,0,0,3
36071,0,0,0,10
36078,0.22212782793993271,0.1875,0.2,10
36084,0.5541432109622957,0.25,1,10
36089,0.8512360941594272,0.5,1,10
36093,-0,0,0,0
36100,0.22709190059773315,0.125,0.5,10
36102,0.20483424751859086,0.125,0.3333333333333333,10
36103,0,0,0,10
36106,0.6848374495230163,0.5384615384615384,1,10
36108,0.5469060423420796,0.375,0.5,10
36130,0.8651194041518039,0.7142857142857143,1,10
36136,0.18011989653266983,0.125,0.3333333333333333,10
36160,0.6905381033667972,0.375,1,10
36161,0,0,0,10
36173,0.6990938915636028,0.3125,1,9
36179,0.4009704321928816,0.45454545454545453,0.25,10
36180,0.4349768833818852,0.2,1,10
36182,0,0,0,10
36183,0.4543800969149626,0.375,0.5,10
36192,0.727329844310522,0.375,1,10
36195,0,0,0,10
36211,-0,0,0,0
36226,0.2758471541718662,0.12,0.5,10
36232,0.03750724359302161,0,0,10
36234,0.304266277145995,0.26666666666666666,0.14285714285714285,10
36259,0,0,0,10
36260,0,0,0,10
36265,0,0,0,10
36266,0,0,0,10
36274,0.9108579352048269,0.625,1,10
36282,0.45650001423154074,0.125,1,10
36287,0.4995289783796521,0.5,0.25,10
36290,0.22009176629808014,0.0625,1,10
36291,0,0,0,2
36293,0.7670273914429263,0.20588235294117646,1,10
36300,0,0,0,1
36308,-0,0,0,0
36313,0,0,0,2
36315,0,0,0,2
36320,-0,0,0,0
36321,0,0,0,2
36327,0.2575389154724167,0.0625,1,10
36339,0,0,0,10
36345,0.37185395737611554,0.3,1,10
36346,0.06625422345438903,0.06666666666666667,0.1111111111111111,10
36352,0.4690000933206747,0.1875,1,10
36358,0,0,0,10
36362,0,0,0,10
36363,0.30240383049385083,0.1875,0.5,10
36368,-0,0,0,0
36374,0,0,0,10
36376,0.2895229882348574,0.125,1,10
36381,0.6879509227782193,0.4375,1,10
36382,0.1829324458942325,0.125,0.3333333333333333,10
36385,0.24209587273488012,0.06666666666666667,1,5
36391,0,0,0,10
36395,0.8312263453558054,0.23076923076923078,1,10
36399,0,0,0,10
36401,0.4690000933206747,0.1875,1,10
36402,0.977915258848537,0.2564102564102564,1,10
36405,0,0,0,10
36412,0.31488013066763093,0.125,1,10
36415,0,0,0,10
36427,0.22009176629808014,0.06666666666666667,1,10
36431,0.2399208948023808,0.1875,0.3333333333333333,10
36435,0.3683756341388872,0.25,0.3333333333333333,10
36438,0,0,0,10
36439,-0,0,0,0
36446,0,0,0,10
36450,0.06943122193677725,0.0625,0.125,10
36466,0,0,0,10
36473,0,0,0,10
36476,0.7314860078159674,0.25,1,10
36482,0.5388856921828065,0.2857142857142857,1,10
36483,0.7222954974312066,0.375,1,10
36488,0.8500580219973645,0.4375,1,10
36493,0.5513275302443498,0.23076923076923078,1,10
36496,0.34685330469621795,0.25,0.3333333333333333,10
36497,0.2866919347890071,0.1875,0.5,10
36498,0.6242528078673655,0.2647058823529412,1,10
36508,0.7510916729774053,0.5,1,10
36518,0,0,0,10
36520,0.8459896919594581,0.4375,1,8
36523,0.9134841129412019,0.5625,1,10
36528,0.5958985626419364,0.25,1,10
36529,0.5001069020097441,0.21052631578947367,1,10
36545,0,0,0,10
36546,0.4323181322709947,0.1875,1,10
36549,-0,0,0,0
36550,0.5135285497500328,0.25,1,10
36557,0,0,0,10
36560,0,0,0,10
36564,0.678049460811201,0.375,1,10
36566,0.15850703974098104,0.13333333333333333,0.2,10
36576,0.07668368701422457,0.0625,0.14285714285714285,10
36579,0.7856329503176064,0.5625,1,10
36582,0,0,0,10
36584,0,0,0,4
36591,0,0,0,8
36599,-0,0,0,0
36602,-0,0,0,0
36605,-0,0,0,0
36618,0.7328955908230766,0.42857142857142855,1,10
36619,0.9058509264269651,0.5,1,10
36624,-0,0,0,0
36625,0,0,0,3
36630,0,0,0,10
36635,0.11004588314904007,0.05,0.3333333333333333,10
36638,0.4220949603708207,0.25,0.5,10
36639,0.709966458075164,0.4,1,10
36648,-0,0,0,0
36649,-0,0,0,0
36650,0.8853076968494379,0.5333333333333333,1,10
36652,0.5541432109622957,0.11428571428571428,1,10
36669,0,0,0,10
36671,0.8701249883466592,0.5,1,8
36672,1,0.25,1,10
36678,-0,0,0,0
36686,0.6597133113683123,0.25,1,6
36687,0.8165901947515998,0.5,1,10
36688,0.4896141557188043,0.2,1,5
36691,0.6333725228078673,0.25,1,10
36693,0.24784084338220277,0.06666666666666667,0.3333333333333333,10
36695,0.9974614508982591,0.625,1,10
36701,0,0,0,2
36704,0.23198135741909093,0.13333333333333333,0.3333333333333333,10
36715,0,0,0,10
36721,0,0,0,10
36726,0.15619575078132136,0.07407407407407407,0.5,10
36734,0,0,0,10
36750,0.6875017237062703,0.375,1,10
36751,0.43378680076602394,0.75,0.3333333333333333,10
36753,0,0,0,2
36758,0,0,0,4
36760,0,0,0,10
36763,0,0,0,7
36778,0.5637884576902256,0.25,1,10
36780,0.6589940625765149,0.5,1,10
36787,0.9189673689050769,0.2857142857142857,1,10
36796,0.21280664122660106,0.125,0.5,10
36797,0.0636207881989517,0.0625,0.1,10
36799,0.2336508082431053,0.125,0.5,10
36804,0.4697379824449935,0.3157894736842105,0.3333333333333333,10
36806,0.537896613696994,0.2727272727272727,1,10
36810,0.07839826897867533,0.0625,0.16666666666666666,10
36818,-0,0,0,0
36830,0,0,0,10
36842,0.7967610662472991,0.5,1,10
36852,0.7479350596733328,0.19444444444444445,1,10
36876,0.933745776545611,0.9,1,10
36912,0,0,0,10
36945,0.7510916729774053,0.5,1,10
36956,0.8169094297470467,0.5,1,10
36959,0,0,0,10
36960,0.7244131064628505,0.5,1,10
36967,0,0,0,10
36971,0.1467278441987201,0.0625,1,10
36978,0.15850703974098104,0.125,0.2,10
36979,0.06943122193677725,0.0625,0.125,10
36982,0,0,0,10
36991,0.5684579545875155,0.375,0.5,10
36992,0.2710884709729799,0.1875,0.3333333333333333,10
37000,0.5460991167969533,0.3333333333333333,1,10
37009,0.4181482418709701,0.5,1,10
37010,0.07495345472190745,0.07142857142857142,0.14285714285714285,10
37011,0,0,0,10
37012,0,0,0,10
37013,0.14514605925250643,0.0625,0.5,10
37022,0.3714891073940902,0.058823529411764705,1,10
37028,0.15850703974098104,0.125,0.2,10
37036,0.07839826897867533,0.025,0.16666666666666666,10
37039,0.6583205783680519,0.38461538461538464,1,10
37043,0.07336392209936005,0,0,10
37046,0.6110191504983017,0.3333333333333333,1,10
37048,0.22009176629808014,0.0625,1,10
37056,0.2934556883974402,0.125,1,10
37058,0.17630010660342912,0.125,0.3333333333333333,10
37065,0,0,0,10
37072,0.5513310624619329,0.3125,1,10
37073,0.10736172521595987,0.05714285714285714,0.25,10
37074,0,0,0,10
37080,0.14465249243306438,0.05714285714285714,0.16666666666666666,10
37087,0.33405144466421555,0.2,0.5,10
37091,0,0,0,10
37093,0.06943122193677725,0.06666666666666667,0.125,10
37098,0.08050330613630795,0.06666666666666667,0.1111111111111111,10
37099,0.37691718488073445,0.45454545454545453,0.25,10
37100,0,0,0,10
37102,0.1388624438735545,0.0625,0.5,10
37107,0.2876263497141272,0.1875,0.5,10
37109,0.6816604510406281,0.4375,1,10
37115,0,0,0,10
37124,0.09478836436955078,0.0625,0.25,10
37126,0,0,0,10
37133,0.3421013776262553,0.25,0.5,10
37137,0,0,0,10
37139,0.6749359875559982,0.375,1,10
37149,0.15457433957839825,0.125,0.2,10
37150,-0,0,0,0
37161,0.0636207881989517,0.0625,0.1,10
37165,0.09478836436955078,0.0625,0.25,10
37173,0,0,0,10
37176,0.07688153832506713,0.1111111111111111,0.1111111111111111,10
37181,1,0.625,1,10
37183,0.7885497208855956,0.4375,1,10
37193,0.286304132831407,0.13333333333333333,0.16666666666666666,10
37197,0,0,0,10
37200,0.2816575879096918,0.1875,0.5,10
37214,0.37991069669918726,0.21428571428571427,1,10
37216,0,0,0,4
37221,0,0,0,10
37224,0.3499667779514209,0.1875,1,10
37227,0,0,0,10
37231,0.6110748117108978,0.4375,1,10
37235,0.7790889382842405,0.5,1,10
37241,0,0,0,10
37245,0.3301376494471202,0.05,1,10
37251,0.4473700932673728,0.25,0.16666666666666666,10
37264,0.6470538417566037,0.46153846153846156,1,10
37265,0.7721596254947202,0.4375,1,10
37273,0.06254806489603015,0.0625,0.125,10
37274,0.0636207881989517,0.02702702702702703,0.1,10
37276,0,0,0,10
37277,0,0,0,10
37280,0,0,0,10
37283,0.07336392209936005,0.0625,0.14285714285714285,10
37286,0,0,0,10
37294,0,0,0,7
37297,0.3916830858804162,0.3125,0.3333333333333333,10
37300,0,0,0,10
37303,0,0,0,10
37310,0.8643145546088337,0.5,1,10
37312,0.7175867104101135,0.18421052631578946,1,10
37313,0,0,0,1
37314,0,0,0,1
37315,0.05366887075753863,0.07142857142857142,0.1111111111111111,10
37342,0.9674679834891694,1,1,10
37347,0,0,0,10
37349,0.5619130799311006,0.3333333333333333,1,10
37356,0.3995688713838975,0.1875,1,10
37364,0.15176219107803537,0.04,0.16666666666666666,10
37375,0.781167618929808,0.5714285714285714,1,10
37385,0.5893002499675077,0.25,1,5
37392,0.4666938144595141,0.3076923076923077,1,10
37396,0,0,0,5
37398,0.8579809428223729,0.5,1,10
37418,0.1388624438735545,0.045454545454545456,0.5,10
37423,-0,0,0,0
37428,0.8643145546088337,0.5,1,10
37429,0.15451887097147993,0.125,0.16666666666666666,10
37434,0.1388624438735545,0.0625,0.5,10
37450,0,0,0,10
37451,0,0,0,10
37457,0.4152807670887412,0.2,1,10
37466,0.48625843910675837,0.1891891891891892,0.5,10
37468,0.5478527392247046,0.3125,1,10
37469,0.14782949091545258,0.14285714285714285,0.16666666666666666,10
37473,0,0,0,3
37479,0.15274548932528484,0.0625,0.5,10
37483,0,0,0,10
37488,0,0,0,10
37489,0,0,0,2
37490,-0,0,0,0
37492,-0,0,0,0
37498,0.20981536144641655,0.2727272727272727,0.16666666666666666,10
37501,0.22009176629808014,0.0625,1,10
37503,0,0,0,2
37507,0,0,0,3
37509,0.05091516310842829,0.0625,0.125,10
37510,0.4419240888751214,0.3125,0.5,10
37511,0.23944085680261518,0.1875,0.25,10
37514,0.07336392209936005,0.07692307692307693,0.14285714285714285,10
37520,1,0.25,1,10
37521,0.35018276449737573,0.5,0.3333333333333333,10
37524,0.5637884576902256,0.25,1,10
37530,1,0.625,1,10
37534,0.3455475640084277,0.3076923076923077,0.25,10
37539,-0,0,0,0
37544,0.5321408435198608,0.25,1,10
37548,0.22009176629808014,0.045454545454545456,1,10
37553,0,0,0,10
37554,-0,0,0,0
37559,0.727329844310522,0.375,1,10
37564,0,0,0,10
37568,0,0,0,1
37575,0,0,0,10
37577,0.05238982067889762,0.0625,0.14285714285714285,10
37587,0.08514311764162098,0.0625,0.2,10
37590,0.3658664452484532,0.2222222222222222,1,10
37597,0,0,0,10
37600,0.24552384605571817,0.2222222222222222,0.5,10
37601,0.08514311764162098,0.0625,0.2,10
37610,1,0.625,1,10
37628,0.18660113481564067,0.06666666666666667,0.14285714285714285,10
37641,0,0,0,10
37647,0,0,0,6
37651,0,0,0,4
37652,0,0,0,10
37664,0,0,0,10
37666,0.3291286601936645,0.13333333333333333,1,10
37667,0.7859162856301584,0.4666666666666667,1,10
37670,0,0,0,10
37681,0.24309789328476902,0.1875,0.3333333333333333,10
37685,0.07336392209936005,0.0625,0.14285714285714285,10
37692,0.2357541930550393,0.09090909090909091,1,1
37710,0,0,0,10
37711,0,0,0,10
37713,0.3308744461818273,0.25,0.3333333333333333,10
37714,0.35969100690634176,0.25,0.5,10
37715,0.4888292218249754,0.25,1,10
37724,0,0,0,10
37725,0,0,0,10
37728,0,0,0,10
37732,0.11502553052133685,0.0625,0.3333333333333333,10
37743,0.6824068061271223,0.375,1,10
37746,0.20483424751859086,0.125,0.3333333333333333,10
37749,0.3510852383467677,0.1875,0.5,10
37757,0.7630946912803435,0.4375,1,10
37758,0.6063996782808846,0.35714285714285715,1,10
37763,-0,0,0,0
37777,0.2961027938100009,0.125,1,7
37787,0.15139734109601002,0.09090909090909091,0.2,10
37789,0.5,1,0.3333333333333333,10
37793,0,0,0,10
37799,0,0,0,10
37802,0.20904936749052636,0.1875,0.14285714285714285,10
37805,0.354105102365221,0.125,1,10
37815,0.7041249493150387,0.5714285714285714,1,10
37824,0.4438179486721226,0.375,0.5,10
37829,0,0,0,10
37836,0,0,0,10
37839,0,0,0,10
37843,0.780572435129394,0.4375,1,10
37849,0.7280855459907164,0.4375,1,10
37850,0.35106842466815336,0.3125,0.16666666666666666,10
37852,0.29740901205864334,0.07692307692307693,1,10
37854,0.8899541168509598,0.5625,1,10
37858,0.27235727895053036,0.125,1,10
37868,0.3001586684208369,0.1875,0.3333333333333333,10
37871,0.0636207881989517,0.06666666666666667,0.1,10
37873,0.059330599181095484,0.0625,0.2,10
37874,0.9125388471459603,0.3,1,10
37877,0.1250961297920603,0.06666666666666667,0.5,10
37878,0,0,0,10
37887,-0,0,0,0
37890,0,0,0,10
37901,0.11004588314904007,0.07142857142857142,0.3333333333333333,10
37905,1,0.6666666666666666,1,10
37932,0.15850703974098104,0.125,0.2,10
37934,0,0,0,10
37938,0.16378073860877546,0.2857142857142857,0.16666666666666666,10
37947,0,0,0,10
37954,0.08514311764162098,0.0625,0.2,10
37955,0.0636207881989517,0.05263157894736842,0.1,10
37959,0,0,0,10
37960,0,0,0,10
37964,0,0,0,10
37967,-0,0,0,0
37969,0.34918860615347325,0.5,0.25,10
37971,0.18340980524840012,0.125,0.3333333333333333,10
37979,0.9573043034488583,0.6428571428571429,1,10
37989,0.1427951440361373,0.125,0.14285714285714285,10
37995,0,0,0,10
37998,0,0,0,10
38018,0,0,0,10
38036,-0,0,0,0
38054,0.5352543167750637,0.1,1,10
38067,0.5385600957221474,0.46153846153846156,0.5,10
38079,0,0,0,1
38125,0,0,0,10
38136,0,0,0,10
38140,0,0,0,10
38144,0,0,0,10
38145,0,0,0,10
38146,0,0,0,10
38147,0,0,0,10
38149,0,0,0,10
38163,0.7569021067152308,0.6363636363636364,1,10
38169,0.8242187310219511,0.2,1,10
38176,0.2895229882348574,0.125,1,10
38188,0.22531295356067246,0.125,0.3333333333333333,10
38189,0.40652716006074996,0.1875,1,10
38194,0.09478836436955078,0.020833333333333332,0.25,10
38203,0,0,0,10
38208,0,0,0,7
38214,-0,0,0,0
38217,0.4459042033093155,0.3333333333333333,1,2
38260,0.29740901205864334,0.06666666666666667,1,1
38264,0,0,0,10
38266,0,0,0,10
38347,0.6644244441986706,0.3125,1,10
38351,0.92663607790064,0.5625,1,10
38352,0.7313647034009507,0.3684210526315789,1,10
38356,0,0,0,5
38364,0.31488013066763093,0.125,1,10
38367,0,0,0,10
38368,0,0,0,10
38373,0.5494344239412027,0.375,0.5,10
38375,0,0,0,10
38376,-0,0,0,0
38378,0.8156868628654561,1,1,10
38381,-0,0,0,0
38389,0,0,0,10
38395,0.5439211037991138,0.375,0.5,10
38403,0.5580759111248785,0.3125,1,10
38404,0.3312392961638527,0.25,0.3333333333333333,10
38405,0.9094987067248556,0.6666666666666666,1,10
38413,0,0,0,3
38414,-0,0,0,0
38416,0.06951001146215491,0.0625,0.25,5
38424,0.420027879946489,0.125,1,2
38425,0,0,0,10
38432,0.3667803203729971,0.1724137931034483,0.2,10
38439,0.5619107241149828,0.3125,1,10
38447,0.0636207881989517,0.0625,0.1,10
38449,0.7142509801453369,0.5,1,10
38450,0.11004588314904007,0.0625,0.3333333333333333,10
38452,0.3861105501914465,0.3076923076923077,0.5,10
38453,0.724619854738005,0.20588235294117646,1,10
38454,0.5131695756236008,0.2,1,10
38455,0,0,0,10
38457,0.35895421017163465,0.14285714285714285,1,10
38461,0.5925846332364243,0.375,1,10
38463,0.800693766409882,0.4666666666666667,1,10
38464,0,0,0,10
38473,0.4526463594002643,0.23076923076923078,0.5,10
38477,0,0,0,2
38479,1,0.25,1,10
38488,0,0,0,10
38490,0,0,0,10
38491,0,0,0,10
38511,-0,0,0,0
38517,0.7582190055559419,0.6428571428571429,0.5,10
38518,0,0,0,10
38520,0.5155354249122762,0.3333333333333333,0.25,10
38528,0.3126667288804499,0.05555555555555555,1,10
38531,0,0,0,5
38533,-0,0,0,0
38540,0.4170606134915054,0.25,0.5,9
38541,0.797608928213351,0.4375,1,10
38542,0.14874433492765377,0.0625,0.5,10
38549,0.02256323814993621,0,0,10
38553,0.9537125187088151,0.6428571428571429,1,10
38554,0.6179367886094942,0.4,1,10
38556,-0,0,0,0
38562,0.22721221113567816,0.2222222222222222,0.3333333333333333,10
38563,0.10345457402608846,0.0625,0.2,10
38564,0.866947989864271,0.21621621621621623,1,10
38572,0.8369256770986023,0.5,1,8
38579,0.985284279678814,0.625,1,10
38585,-0,0,0,0
38589,0.6096497072960364,0.3125,1,10
38597,0.07839826897867533,0.02702702702702703,0.16666666666666666,10
38598,0,0,0,10
38603,0.4934937790209252,0.3333333333333333,1,10
38607,-0,0,0,0
38608,-0,0,0,0
38620,0.3526427495381011,0.13333333333333333,0.5,10
38633,-0,0,0,0
38635,0.45191326226866857,0.25,0.5,10
38643,0.4543011943155039,0.1875,1,10
38645,0.9363792118010483,0.6428571428571429,1,10
38653,1,0.625,1,10
38657,0.4225051418507037,0.14285714285714285,1,10
38658,0,0,0,10
38660,0.914856882358379,0.5625,1,10
38666,0.17123531733645356,0.4,0.2,9
38672,0,0,0,10
38674,0.39375843764607193,0.1875,1,10
38679,0.23827930971787048,0.13333333333333333,0.5,10
38680,0.4412851793128928,0.19047619047619047,1,10
38692,0.13305201013572895,0.13333333333333333,0.125,10
38699,0.7799082337019198,0.5625,0.5,10
38702,0.4690000933206747,0.1875,1,10
38710,1,0.625,1,10
38716,0.37519712029518015,0.2,1,10
38718,1,0.625,1,10
38726,0.15457433957839825,0.04878048780487805,0.2,10
38729,0,0,0,10
38730,0.6172839611614817,0.3125,1,10
38738,0,0,0,10
38750,0,0,0,10
38760,0,0,0,10
38765,0.7682269253321374,0.4375,1,10
38770,0.36371018086312773,0.2,1,10
38780,0.5752743683383295,0.42857142857142855,1,10
38790,0.31896842154805716,0.1875,0.3333333333333333,10
38791,0,0,0,2
38792,0.18303192617648054,0.125,0.5,10
38798,0,0,0,10
38799,0,0,0,6
38802,0,0,0,10
38811,0.21446830123449692,0.125,1,10
38815,0.05226551265245022,0.025,0.16666666666666666,10
38818,0.05226551265245022,0.02631578947368421,0.16666666666666666,10
38819,0,0,0,10
38820,0,0,0,10
38830,0,0,0,10
38834,0.6461194268314837,0.375,1,10
38841,0.08514311764162098,0.02564102564102564,0.2,10
38842,0.42959551071396096,0.3333333333333333,0.3333333333333333,10
38843,0,0,0,10
38846,0,0,0,10
38848,0.4920062203073636,0.1,1,10
38849,-0,0,0,0
38852,0,0,0,8
38859,0,0,0,10
38860,-0,0,0,0
38878,0.6275071330616557,0.38461538461538464,1,10
38882,0,0,0,10
38885,0.0636207881989517,0.0625,0.1,10
38886,0.727329844310522,0.4,1,10
38888,0,0,0,10
38890,0.2024832320725062,0.125,0.5,10
38894,-0,0,0,0
38896,0.05112245800948304,0.0625,0.14285714285714285,10
38914,0.5771493379489846,0.125,1,10
38919,-0,0,0,0
38925,1,0.625,1,10
38929,0.13305201013572895,0.125,0.125,10
38958,0.28088150105118154,0.12,0.5,10
38959,0.4291411337886065,0.25,1,10
38966,0.7510916729774053,0.5,1,10
38974,0,0,0,10
38977,0.07336392209936005,0.034482758620689655,0.3333333333333333,10
38993,0.34948673995165525,0.25,0.3333333333333333,10
38999,0.5042427182705107,0.3333333333333333,0.5,10
39003,0.2837125544970318,0.05,1,10
39005,0.576003728085674,0.4,1,10
39007,0,0,0,10
39008,0.8701249883466592,0.42105263157894735,1,10
39014,0.7696215930382051,0.5,1,10
39020,0.06605173276732716,0.0625,0.25,10
39022,0,0,0,10
39029,0.3631061867930532,0.10810810810810811,0.5,10
39030,0,0,0,10
39035,0,0,0,10
39045,0,0,0,5
39052,0.18660113481564067,0.09090909090909091,0.14285714285714285,10
39059,0.24878548484466148,0.10526315789473684,0.5,10
39064,0,0,0,10
39065,0.3291286601936645,0.125,1,10
39067,0.51071640124967,0.25,1,10
39071,0.6664582119640974,0.4166666666666667,1,7
39072,1,0.625,1,10
39095,0,0,0,10
39098,0.08436357146110426,0.07692307692307693,0.125,10
39100,0.6937613565160448,0.24,1,10
39103,0.22009176629808014,0.0625,1,10
39107,0.15457433957839825,0.14285714285714285,0.2,10
39109,0.1467278441987201,0.0625,1,10
39113,0,0,0,10
39118,0.7799082337019198,0.5625,0.5,10
39126,0,0,0,10
39129,0,0,0,10
39134,0.7136540102475307,0.5,0.5,10
39135,0,0,0,10
39138,0.26845503571754253,0.1875,0.3333333333333333,10
39142,0,0,0,10
39155,-0,0,0,0
39157,0.05886610400269325,0,0,10
39164,0,0,0,10
39168,0.2336508082431053,0.15384615384615385,0.5,10
39170,0.4361533373077281,0.125,1,10
39174,0,0,0,10
39177,0,0,0,10
39179,0,0,0,10
39181,0.11004588314904007,0.0625,0.3333333333333333,10
39187,0,0,0,10
39192,0.06625422345438903,0.0625,0.1111111111111111,10
39193,0,0,0,10
39195,0,0,0,10
39203,0,0,0,10
39210,0.5646170634173541,0.26666666666666666,1,10
39214,0,0,0,10
39219,0.2835149363066189,0.1875,0.5,10
39226,0.07336392209936005,0.0625,0.14285714285714285,10
39231,-0,0,0,0
39234,0.3426595175796815,0.1875,1,10
39235,0.7315449642824574,0.1794871794871795,1,10
39246,0,0,0,10
39247,0.5695785062497354,0.3125,1,10
39248,0,0,0,10
39249,0.3154909520426466,0.2222222222222222,1,10
39253,0,0,0,10
39254,0.4011392915782793,0.18181818181818182,1,10
39257,0,0,0,10
39258,0,0,0,10
39262,0.08514311764162098,0.02702702702702703,0.2,10
39263,0,0,0,10
39264,0.0636207881989517,0.0625,0.1,10
39265,0.16815228646891084,0.125,0.25,10
39266,0.17947710508581732,0.125,0.3333333333333333,10
39268,0,0,0,10
39274,0.6224336752708642,0.3125,1,10
39275,0.4165669464423478,0.15625,0.5,10
39276,0.6281649475693718,0.375,1,10
39278,0.2575389154724167,0.06666666666666667,1,10
39284,0.5618918191694953,0.375,0.5,10
39290,0,0,0,10
39291,-0,0,0,0
39306,0.08514311764162098,0.027777777777777776,0.2,10
39314,0.5637884576902256,0.25,1,10
39315,0,0,0,1
39317,0.2246633760228915,0.21428571428571427,0.25,10
39318,0.34301849170611365,0.26666666666666666,0.3333333333333333,10
39324,0.29990503169749433,0.1875,0.5,10
39333,0,0,0,10
39335,0.24890832702259458,0.125,0.5,10
39343,0,0,0,10
39345,0.7569021067152308,0.4375,1,10
39346,-0,0,0,0
39348,-0,0,0,0
39351,0,0,0,9
39356,0,0,0,10
39357,0.07839826897867533,0.0625,0.16666666666666666,10
39361,0.2529427027676571,0.125,1,10
39366,0,0,0,10
39367,0,0,0,10
39380,-0,0,0,0
39382,0,0,0,10
39383,0.07336392209936005,0.0625,0.14285714285714285,10
39385,0.12468575026986017,0.05555555555555555,0.16666666666666666,10
39397,0,0,0,10
39398,0.5631102580041938,0.3125,1,10
39401,0.2742654694553681,0.1875,0.3333333333333333,10
39402,-0,0,0,0
39404,0.2855902880722746,0.125,1,10
39410,0,0,0,10
39428,1,0.625,1,10
39429,0,0,0,10
39436,0,0,0,10
39437,0,0,0,10
39441,0,0,0,10
39453,0.2240055615151755,0.125,0.5,10
39454,0,0,0,10
39466,0.7921355540518131,0.5625,1,10
39475,0,0,0,10
39476,0.22009176629808014,0.0625,1,10
39480,0,0,0,3
39484,0.3163823587170551,0.1875,0.5,10
39485,0.4692787260227565,0.3333333333333333,1,10
39486,0,0,0,10
39492,0.19526086862591913,0.3333333333333333,0.16666666666666666,10
39495,0,0,0,10
39496,1,0.6666666666666666,1,10
39498,0.28634598975246917,0.125,1,10
39509,0,0,0,10
39510,0,0,0,10
39513,0,0,0,10
39520,0,0,0,10
39521,0.2300510610426737,0.0625,1,10
39527,0,0,0,10
39530,0.11502553052133685,0.0625,0.3333333333333333,10
39535,0.2012562249310524,0.1875,0.2,10
39538,0.26180807422707547,0.1875,0.3333333333333333,10
39547,0.30308203017988256,0.1875,0.5,10
39548,0,0,0,10
39555,-0,0,0,0
39563,0.9115695807553523,0.8888888888888888,1,10
39570,0.4066392799050654,0.3125,0.3333333333333333,10
39580,0,0,0,10
39581,0.07678279529108115,0.0625,0.25,10
39582,-0,0,0,0
39587,0,0,0,10
39589,0,0,0,10
39590,-0,0,0,0
39592,0,0,0,10
39597,0,0,0,10
39598,0.05937522820073476,0.1111111111111111,0.1111111111111111,10
39608,0.5524829902575931,0.3125,1,10
39612,0,0,0,1
39625,0,0,0,10
39631,0.07730350643290392,0.0625,0.1,10
39632,0,0,0,10
39633,0,0,0,10
39635,0.07839826897867533,0.0625,0.16666666666666666,10
39642,0.15176219107803537,0.125,0.16666666666666666,10
39645,0,0,0,10
39651,0,0,0,10
39658,0,0,0,10
39663,0.11004588314904007,0.06666666666666667,0.3333333333333333,10
39664,0,0,0,5
39673,0.24508676833779056,0.1875,0.25,10
39680,0.35895421017163465,0.125,1,10
39687,0.07839826897867533,0.0625,0.16666666666666666,10
39693,0.04416948230292602,0.06666666666666667,0.1111111111111111,10
39695,0.09525913246106908,0.09090909090909091,0.16666666666666666,10
39697,0.12987501165334073,0.125,0.1111111111111111,10
39705,0,0,0,10
39706,0,0,0,10
39709,0,0,0,10
39712,0,0,0,10
39718,0,0,0,10
39720,0.172562638893973,0.125,0.16666666666666666,10
39724,0,0,0,10
39725,0,0,0,10
39730,0.8701249883466592,0.25,1,10
39736,-0,0,0,0
39739,0.3976722328631673,0.25,0.5,10
39747,0.466924741555019,0.3333333333333333,0.5,10
39755,0.9363792118010483,0.6,1,10
39757,0,0,0,10
39777,0.22009176629808014,0.0625,1,10
39779,0,0,0,10
39806,0.33405144466421555,0.1875,0.5,10
39830,0.6164336326286644,0.6,1,10
39832,0.4351085316587032,0.375,1,10
39837,0.3846980772960165,0.2727272727272727,1,10
39844,0.6207622843987101,0.3125,1,10
39857,0.7411902110103872,0.4375,1,10
39858,0.31879392588472627,0.2,0.5,10
39868,0.7621153299174896,0.25,1,10
39870,0.6597133113683123,0.4,1,10
39872,0.733064809185269,0.6666666666666666,1,10
39886,0.5286871870681225,0.1875,1,10
39891,0.4361533373077281,0.16666666666666666,1,10
39892,0.7511878763989214,0.4,1,10
39893,0.9117943209938011,0.625,1,10
39910,0.37878333867593533,0.16,0.5,10
39911,-0,0,0,0
39912,0.20483424751859086,0.125,0.3333333333333333,10
39916,0,0,0,10
39918,0.31488013066763093,0.125,1,10
39921,0.4483039899025303,0.2857142857142857,1,10
39922,0.35895421017163465,0.125,1,10
39930,1,1,1,10
39932,-0,0,0,0
39945,0,0,0,10
39946,0.08069862424496003,0.07142857142857142,0.3333333333333333,10
39950,0.14870450602932167,0.0625,0.3333333333333333,10
39951,0.16244215559553243,0,0,10
39954,0.4349768833818852,0.2,1,10
39962,0,0,0,10
39964,0.1396181455537491,0.125,0.14285714285714285,10
39965,0.1427951440361373,0.13333333333333333,0.14285714285714285,10
39972,0.9074250374176303,0.32142857142857145,1,10
39975,0.3286261632941788,0.12903225806451613,0.3333333333333333,10
39976,0,0,0,10
39978,0.4393885407921626,0.3333333333333333,0.5,10
39979,0.21971983457905378,0.16666666666666666,0.5,10
39980,0.20483424751859086,0.125,0.3333333333333333,10
39996,0.7790889382842405,0.375,1,10
40000,1,0.7142857142857143,1,10
40004,-0,0,0,0
40008,0,0,0,5
40012,0.8415908474314975,0.5,1,10
40018,0.6499585627060159,0.4,1,10
40019,0.26742619438551957,0.08333333333333333,1,10
40022,0.2984900352767555,0.125,1,10
40031,0.260692559463631,0.25,0.5,10
40033,0,0,0,10
40041,0.28634598975246917,0.125,1,10
40042,0.5861115882738643,0.4375,1,10
40044,0.2555211512888969,0.1875,0.3333333333333333,10
40049,0,0,0,10
40062,0.40067051810063,0.10256410256410256,0.5,10
40063,1,0.625,1,10
40070,0.6055047656192208,0.1282051282051282,1,10
40105,0.5482044331223966,0.3125,1,10
40109,0.05723087010498149,0.0625,0.14285714285714285,10
40110,0,0,0,10
40113,0.6620158551732015,0.15,1,10
40117,0.15336737402844913,0.0625,1,10
40128,0.3995688713838975,0.1875,1,10
40129,0.23177307466786254,0.1875,0.25,10
40130,0.1388624438735545,0.0625,0.5,10
40132,0.046287481291184845,0.034482758620689655,0.125,10
40135,0.08514311764162098,0.0625,0.2,10
40152,0.9216017310213247,0.6428571428571429,1,10
40165,0.27371637197386234,0.2857142857142857,0.25,10
40171,0.5697267625650659,0.3333333333333333,1,10
40176,0,0,0,10
40177,0.29740901205864334,0.06666666666666667,1,10
40182,0.1409785198009842,0.1111111111111111,0.3333333333333333,10
40183,0.15726617308658694,0.08333333333333333,0.5,10
40186,0.22009176629808014,0.0625,1,10
40201,0.36637716437781265,0.375,0.5,10
40230,0.7993828663556877,0.5,1,10
40233,0.5698664345004878,0.1875,1,10
40234,0.4671715011488479,0.2,1,10
40239,1,0.625,1,10
40241,0,0,0,10
40245,-0,0,0,0
40247,0,0,0,10
40249,0.6358223402232511,0.4375,1,10
40252,0,0,0,10
40253,0.39375843764607193,0.2,1,10
40266,0.6848374495230163,0.175,1,10
40269,0.22009176629808014,0.0625,1,10
40271,0,0,0,10
40273,0,0,0,10
40275,0.0636207881989517,0.0625,0.1,10
40278,0.29740901205864334,0.08333333333333333,1,10
40292,0,0,0,10
40301,0.9216017310213247,0.75,1,10
40302,0,0,0,10
40311,0.7338443432664097,0.6666666666666666,1,10
40335,0,0,0,10
40337,0.686596474384843,0.18421052631578946,1,10
40342,0.2240055615151755,0.09090909090909091,0.5,10
40343,0,0,0,1
40350,0,0,0,10
40356,0.15601754483960664,0.125,0.25,10
40380,0.14876390584057267,0.125,0.2,10
40381,0.11004588314904007,0.022222222222222223,0.3333333333333333,10
40383,0,0,0,10
40394,0,0,0,10
40395,0.7909506325094736,0.4666666666666667,1,10
40398,0.3732689537968544,0.25,0.5,10
40402,-0,0,0,0
40411,0,0,0,9
40412,0.8454256604216017,0.2857142857142857,1,10
40415,0,0,0,10
40417,1,0.625,1,10
40421,0.42883980903376634,0.25,0.5,10
40423,0,0,0,10
40428,-0,0,0,0
40431,0.7602419900843778,0.375,1,10
40441,0,0,0,10
40455,-0,0,0,0
40459,0,0,0,10
40461,0.6026440940406617,0.15,1,10
40462,0.1584091525685025,0.125,0.25,10
40464,0,0,0,10
40466,0.4323181322709947,0.05,1,10
40472,0.35359815335916356,0.25,0.3333333333333333,10
40478,0,0,0,10
40483,0.4721567066247473,0.16129032258064516,1,10
40484,0.4460835394630044,0.375,0.25,10
40487,0.23047380976071705,0.1875,0.25,10
40488,0.3950698463685343,0.21428571428571427,1,10
40491,0.03929236550917322,0,0,10
40493,0.09478836436955078,0.07142857142857142,0.25,10
40498,0,0,0,10
40499,0,0,0,10
40501,0.1467278441987201,0.0625,1,10
40510,0,0,0,10
40524,0,0,0,10
40527,0.16233525201675195,0.16666666666666666,0.25,10
40528,0,0,0,10
40532,-0,0,0,0
40533,0.06943122193677725,0.0625,0.125,10
40534,0.18521586757084346,0.125,0.2,10
40535,0.45374257454118544,0.2727272727272727,1,10
40538,-0,0,0,0
40542,-0,0,0,0
40547,0.7510916729774053,0.5,1,10
40550,0.21726071285222984,0.125,0.5,10
40554,0.3157312668704345,0.2857142857142857,0.5,10
40556,0.11492008751406495,0.1111111111111111,0.3333333333333333,10
40560,0,0,0,10
40567,0.1396181455537491,0.15384615384615385,0.14285714285714285,10
40571,0.4011248950259844,0.3125,0.25,10
40573,0,0,0,10
40575,0,0,0,10
40577,0,0,0,10
40578,0,0,0,10
40586,0.28634598975246917,0.125,1,10
40591,0.3570764765963919,0.1875,1,10
40596,0.22009176629808014,0.0625,1,10
40599,0.5582604437617527,0.3125,1,10
40601,0.21211925905482654,0.125,0.5,10
40603,0.24890832702259458,0.125,0.5,10
40609,0,0,0,10
40615,0.8035969342871275,0.5,1,10
40617,1,0.625,1,10
40618,0,0,0,10
40623,0.9380382995267417,0.8888888888888888,1,10
40627,0.6088698334612944,0.375,1,10
40629,0,0,0,10
40632,-0,0,0,0
40637,0,0,0,10
40640,0.4322160206009054,0.1875,1,10
40649,0.7728378251807518,0.4375,1,10
40659,-0,0,0,0
40661,0,0,0,10
40664,0.1365561650123939,0.125,0.25,10
40665,1,0.3225806451612903,1,10
40666,0.933745776545611,0.5625,1,10
40670,0.1388624438735545,0.0625,0.5,10
40671,0,0,0,10
40672,0.20323893375270077,0.2,0.14285714285714285,10
40679,0,0,0,10
40680,-0,0,0,0
40685,0.6231255024348394,0.375,1,10
40690,0.20511666732794356,0.05128205128205128,0.5,10
40695,0,0,0,10
40697,0.7167674835027337,0.5,1,10
40699,0,0,0,10
40705,0.4361533373077281,0.125,1,10
40707,-0,0,0,0
40713,0,0,0,10
40720,0.07336392209936005,0.07142857142857142,0.14285714285714285,10
40725,0.5887498202463199,0.3125,1,10
40729,0.5072380780124417,0.38461538461538464,0.5,10
40735,0.07336392209936005,0.0625,0.14285714285714285,10
40747,0.22009176629808014,0.125,1,10
40748,0,0,0,10
40757,0.07839826897867533,0.03125,0.16666666666666666,10
40759,-0,0,0,0
40768,0.07336392209936005,0.034482758620689655,0.14285714285714285,10
40776,0,0,0,10
40777,0.5077181160122074,0.25,1,10
40785,0.06943122193677725,0.0625,0.125,10
40789,0.7481864907480902,0.5,1,10
40791,0.7973791542685902,0.5714285714285714,1,10
40792,0,0,0,4
40793,0,0,0,10
40794,0.35974476729956295,0.3333333333333333,0.5,10
40796,0,0,0,10
40797,0.08514311764162098,0.07142857142857142,0.2,10
40805,0.8389574121760601,0.20512820512820512,1,10
40812,0,0,0,10
40817,0.35895421017163465,0.13333333333333333,1,10
40819,0,0,0,10
40820,0,0,0,10
40826,0,0,0,3
40829,-0,0,0,0
40834,-0,0,0,0
40835,-0,0,0,0
40838,-0,0,0,0
40852,0.1845277304551643,0.18181818181818182,0.3333333333333333,4
40866,0.17708139122632446,0.4,0.16666666666666666,10
40872,0.11004588314904007,0.0625,0.3333333333333333,10
40878,0.7203102408640398,0.6,1,10
40880,0,0,0,10
40888,0,0,0,10
40893,0.07336392209936005,0.0625,0.14285714285714285,10
40899,0,0,0,10
40900,0.1388624438735545,0.0625,0.5,10
40903,0,0,0,10
40904,0,0,0,10
40905,0.24114679999375005,0.13333333333333333,1,10
40908,0,0,0,10
40910,0,0,0,10
40915,0.12987501165334073,0.125,0.1111111111111111,10
40922,0.15139734109601002,0.03773584905660377,0.2,10
40932,0,0,0,7
40934,0.6405345503339777,0.4,1,10
40936,0.8318477135310891,0.2,1,10
40939,0.7430884690105225,0.375,1,10
40941,0.4447551423209717,0.25,1,10
40949,0.8211592185968349,0.6428571428571429,1,10
40951,0,0,0,10
40955,0.14201905717762703,0.125,0.16666666666666666,10
40959,1,0.625,1,10
40972,0.6179678057650548,0.5,1,10
40985,-0,0,0,0
40986,-0,0,0,0
40988,0,0,0,1
40996,0.31204907722178066,0.08108108108108109,0.5,10
41003,0,0,0,3
41004,0,0,0,3
41009,0.3599570769546735,0.125,1,10
41014,0.5734923014668307,0.375,0.5,10
41017,0,0,0,10
41020,0,0,0,10
41025,0.2996000317821148,0.26666666666666666,0.5,10
41033,0,0,0,10
41038,0.3647442587311445,0.1875,1,10
41041,0,0,0,10
41059,0,0,0,10
41062,0.08514311764162098,0.016666666666666666,0.2,10
41064,0.3301376494471202,0.125,1,10
41070,0.4490885675111512,0.25,1,10
41076,0.11091597368561495,0.0625,0.25,10
41082,0,0,0,10
41083,0.06646866534384419,0.08333333333333333,0.16666666666666666,10
41084,0.07336392209936005,0.047619047619047616,0.14285714285714285,10
41086,0,0,0,10
41097,0.6207622843987101,0.3333333333333333,1,10
41098,0,0,0,10
41100,0.649216758379939,0.4666666666666667,1,10
41102,0.7223709725624178,0.3125,1,10
41107,0,0,0,10
41110,0.17318663334822612,0.13333333333333333,0.25,10
41111,0,0,0,3
41112,0,0,0,10
41119,0,0,0,10
41121,0.17323812606207392,0.125,0.3333333333333333,10
41122,0,0,0,10
41129,0.11502553052133685,0.0625,0.3333333333333333,10
41130,0,0,0,10
41134,0.2507406824493034,0.5,0.16666666666666666,10
41137,0,0,0,10
41139,0.07336392209936005,0.0625,0.14285714285714285,10
41141,-0,0,0,0
41146,0.22009176629808014,0.0625,1,3
41153,0.7759944384848244,0.5,1,10
41154,0,0,0,10
41162,0.29604897101755434,0.1875,0.3333333333333333,10
41163,0.6300426811446145,0.35714285714285715,1,10
41165,0.04241385879930114,0.0625,0.1,10
41171,0.8389574121760601,0.2,1,10
41176,0.08514311764162098,0.02857142857142857,0.2,10
41178,0.23414195802414967,0.125,0.5,10
41180,0,0,0,10
41181,0.23847291552840494,0.1875,0.25,10
41185,0.15726617308658694,0.0625,0.5,10
41190,0.26346260696995233,0.2727272727272727,0.3333333333333333,10
41196,0.33639591040291184,0.125,1,10
41204,0.6816604510406281,0.4375,1,10
41210,0,0,0,10
41211,0,0,0,10
41215,0.9363792118010483,0.75,1,10
41225,-0,0,0,0
41227,0.09257496258236969,0.0625,0.5,10
41230,0.4673791184803735,0.375,0.25,10
41240,0.5923550313230836,0.375,1,10
41241,0,0,0,10
41246,0.15176219107803537,0.06666666666666667,0.16666666666666666,10
41250,0.5767758031063227,0.14285714285714285,1,10
41261,0.5025785811698515,0.3333333333333333,1,10
41262,0,0,0,10
41265,0,0,0,4
41272,0.18226995877312485,0.125,0.5,10
41283,0.14874433492765377,0.06666666666666667,0.5,10
41286,0.6039094289265273,0.4,1,10
41289,0,0,0,10
41295,0.09478836436955078,0.0625,0.25,10
41297,0,0,0,10
41316,0.0636207881989517,0.02564102564102564,0.1,10
41317,0.40990585486155645,0.125,1,10
41323,0,0,0,10
41326,0.54739836229935,0.25,1,10
41327,-0,0,0,0
41333,0.42883980903376634,0.25,0.5,10
41334,0,0,0,10
41335,0.227162174819248,0.1875,0.2,10
41338,0.3647442587311445,0.07692307692307693,1,10
41342,0,0,0,10
41353,0.45374257454118544,0.07894736842105263,1,10
41356,0.8899541168509598,0.5625,1,10
41371,0.92663607790064,0.5625,1,10
41374,0.1356854453911663,0.13333333333333333,0.125,10
41375,0.056762078427747324,0.0625,0.2,10
41379,0,0,0,10
41380,0.09478836436955078,0.02631578947368421,0.25,10
41383,0.1388624438735545,0.015873015873015872,0.5,10
41385,0,0,0,10
41387,0.9052116356304492,0.24324324324324326,1,10
41394,-0,0,0,0
41396,0.11004588314904007,0.0625,0.3333333333333333,10
41398,0,0,0,10
41399,0.2842257244907917,0.2,0.3333333333333333,10
41405,0.2837125544970318,0.125,1,10
41420,0.8000460734455755,0.375,1,10
41421,0.8268133666517737,0.5,1,10
41423,0,0,0,10
41441,0,0,0,10
41442,0,0,0,10
41443,0.1388624438735545,0.025,0.5,10
41449,0,0,0,10
41454,0,0,0,10
41472,0.4690000933206747,0.1875,1,10
41473,0.7917267193679839,0.4375,1,10
41485,0,0,0,10
41489,0.4451989745299881,0.22727272727272727,0.5,10
41492,0.8738330270444724,0.2647058823529412,1,10
41496,0,0,0,10
41498,0,0,0,10
41499,0,0,0,5
41502,0,0,0,10
41504,0,0,0,10
41513,0,0,0,10
41515,0,0,0,10
41516,0.08626708105081893,0.125,0.1111111111111111,10
41520,0,0,0,10
41539,-0,0,0,0
41557,0,0,0,10
41558,0,0,0,10
41572,-0,0,0,0
41575,0.32149616226344435,0.36363636363636365,0.3333333333333333,10
41577,0.7870179323468908,0.6153846153846154,0.5,10
41580,0.7471589728148225,0.4375,1,10
41588,-0,0,0,0
41597,0,0,0,10
41600,0.17366667134799177,0.125,0.3333333333333333,10
41603,0,0,0,10
41604,0.11004588314904007,0.0625,0.3333333333333333,10
41613,0.1388624438735545,0.0625,0.5,10
41615,0,0,0,10
41624,0.19518900079066107,0.13333333333333333,0.3333333333333333,10
41625,0.8344191076816679,0.5,1,10
41627,0.8572048559638626,0.5,1,10
41628,0,0,0,10
41639,0.6281460426238843,0.4375,0.5,10
41643,0,0,0,10
41646,0.06814824486916873,0.07692307692307693,0.1,10
41657,0,0,0,10
41658,0.16421958630632802,0.125,0.25,10
41686,0,0,0,10
41687,0,0,0,10
41690,0.11004588314904007,0.0625,0.3333333333333333,10
41691,0.2532954041105318,0.1875,0.25,10
41699,0.6175852859163219,0.375,1,10
41702,0.22009176629808014,0.06666666666666667,1,10
41705,0.20511666732794356,0.125,0.5,10
41710,0,0,0,10
41717,0.424926013816671,0.1875,1,10
41720,0.24936270394794904,0.25,0.25,10
41721,0.22784037450527972,0.23076923076923078,0.25,10
41726,0.3151625504769836,0.05357142857142857,0.5,10
41728,0.35645882493772274,0.3125,0.25,10
41732,0,0,0,10
41734,0,0,0,10
41736,0.2594542756945647,0.3333333333333333,0.5,10
41744,0.3052348839397011,0.125,1,10
41746,0.5384313152574519,0.25,1,10
41747,0.46785915648013915,0.375,0.3333333333333333,10
41774,0.6837352131136931,0.3125,1,10
41786,0.8016168527243074,0.4375,1,10
41787,0.07839826897867533,0.0625,0.16666666666666666,10
41788,0.3984279345433619,0.3125,0.3333333333333333,10
41789,0.2895229882348574,0.125,1,10
41795,0.08514311764162098,0.0625,0.2,10
41800,0.046287481291184845,0.0625,0.125,10
41802,0.2024832320725062,0.125,0.5,10
41809,0.8192929040953766,0.21052631578947367,1,10
41810,0,0,0,10
41815,0,0,0,10
41816,-0,0,0,0
41820,0,0,0,10
41830,0.4440973278132556,0.23076923076923078,1,10
41841,0.1410758456607356,0.125,0.25,10
41847,-0,0,0,0
41850,0.4963932973953009,0.15,0.3333333333333333,10
41851,0.026834435378769315,0,0,10
41857,0.07336392209936005,0.0625,0.14285714285714285,10
41860,0.0636207881989517,0.0625,0.1,10
41861,0,0,0,10
41873,0.11004588314904007,0.0625,0.3333333333333333,10
41883,0,0,0,10
41888,0.35895421017163465,0.125,1,10
41898,0.6062415623539279,0.4375,0.5,10
41911,0,0,0,10
41912,0,0,0,10
41918,0.22009176629808014,0.06666666666666667,1,10
41919,0.12987501165334073,0.06666666666666667,0.1111111111111111,10
41922,0.61066701794776,0.375,1,10
41928,0.3932783996463063,0.08823529411764706,1,10
41936,0,0,0,10
41948,0,0,0,10
41959,0.41136970102724035,0.3076923076923077,0.5,10
41967,0,0,0,10
41970,-0,0,0,0
41972,0.4034826666009928,0.25,0.5,10
41975,0,0,0,10
41980,0,0,0,10
41981,0.1396181455537491,0.125,0.14285714285714285,10
41982,0.20904936749052636,0.1875,0.14285714285714285,10
41986,0.32345717066429414,0.25,0.5,10
41990,0,0,0,2
41991,0.07839826897867533,0.0625,0.16666666666666666,10
41992,0.5727555047321237,0.18518518518518517,1,10
41998,0.1884441521277154,0.125,0.3333333333333333,10
42012,0,0,0,1
42013,0.37320226963128134,0.16666666666666666,1,10
42014,-0,0,0,0
42026,0.046287481291184845,0,0,10
42027,0.32149616226344435,0.15384615384615385,0.3333333333333333,10
42028,0.3506659745059019,0.2727272727272727,0.5,10
42030,0.16593888468172974,0.125,0.5,10
42031,0.19626851726198946,0.14285714285714285,0.5,10
42041,0.45577863618303804,0.14705882352941177,0.5,10
42043,0,0,0,1
42051,0.11004588314904007,0.0625,0.3333333333333333,10
42052,0,0,0,10
42053,1,0.625,1,10
42059,0.14876390584057267,0.125,0.2,10
42068,0,0,0,10
42070,0.3368164256333634,0.125,1,10
42073,0.5508786986191234,0.6666666666666666,0.5,10
42075,0.6468562235661908,0.4375,0.5,10
42078,0.2357541930550393,0.07142857142857142,1,10
42080,0.6652907408280684,0.375,1,10
42083,0.5898565652182696,0.3333333333333333,1,10
42084,0,0,0,7
42086,-0,0,0,0
42090,0,0,0,10
42092,0,0,0,7
42100,0.3126667288804499,0.1875,1,5
42101,0,0,0,4
42113,0,0,0,4
42115,0.31488013066763093,0.125,1,4
42118,-0,0,0,0
42119,0,0,0,1
42122,0,0,0,8
42124,0,0,0,10
42143,0,0,0,10
42150,-0,0,0,0
42153,-0,0,0,0
42158,0.7672720786681971,0.18421052631578946,1,10
42159,0.4926607185556932,0.38461538461538464,1,10
42164,0,0,0,10
42167,-0,0,0,0
42168,0.17353202199339426,0.25,0.2,10
42171,0,0,0,10
42182,0,0,0,10
42183,0,0,0,10
42184,0,0,0,10
42188,0,0,0,10
42205,0.8874699304014749,0.5714285714285714,1,10
42215,0.40350157154648025,0.1875,1,10
42219,0.15139734109601002,0.13333333333333333,0.2,10
42222,0,0,0,10
42224,0.06625422345438903,0.043478260869565216,0.1111111111111111,10
42226,0,0,0,10
42227,-0,0,0,0
42238,0.13777671403169603,0.25,0.25,5
42256,0.6763752477319801,0.3125,1,10
42258,0,0,0,2
42259,1,0.625,1,10
42261,0,0,0,10
42271,0,0,0,2
42282,0.49508514927028036,0.2,1,5
42295,0.24209587273488012,0.0625,1,10
42296,0.5706417189553201,1,0.3333333333333333,10
42297,0.1884441521277154,0.13333333333333333,0.3333333333333333,10
42300,0.04416948230292602,0.02702702702702703,0.1111111111111111,10
42306,0.08514311764162098,0.0625,0.2,10
42315,0,0,0,10
42319,0,0,0,1
42320,-0,0,0,0
42325,-0,0,0,0
42327,-0,0,0,0
42328,0,0,0,4
42332,0.4690000933206747,0.1875,1,3
42333,0.33405144466421555,0.1875,0.5,5
42335,-0,0,0,0
42337,-0,0,0,0
42341,0,0,0,10
42342,0,0,0,10
42352,0,0,0,10
42356,0.933745776545611,0.5625,1,10
42359,0.5423247252962317,0.375,0.5,10
42360,0,0,0,10
42362,0.1388624438735545,0.0625,0.5,10
42375,0,0,0,10
42380,0.16421958630632802,0.125,0.25,10
42382,0.20829366581033176,0.06666666666666667,0.5,10
42386,0,0,0,10
42387,0.8512360941594272,0.5,1,10
42388,0.0379830183960993,0,0,10
42389,0.24890832702259458,0.05714285714285714,0.5,10
42405,0.34302905377929205,0.2222222222222222,1,10
42408,0.1396181455537491,0.125,0.14285714285714285,10
42413,0.5637884576902256,0.11764705882352941,1,10
42416,0.9164773456520028,0.875,1,10
42418,0.22009176629808014,0.0625,1,10
42421,0,0,0,7
42422,0,0,0,4
42423,1,0.625,1,10
42425,0.3882251478215035,0.26666666666666666,0.5,10
42426,-0,0,0,0
42428,0,0,0,10
42445,0.4539036202482202,0.3333333333333333,1,10
42446,0,0,0,6
42449,0,0,0,10
42450,0,0,0,10
42459,0,0,0,10
42461,0,0,0,10
42471,0,0,0,10
42474,0,0,0,10
42476,0.07336392209936005,0.0625,0.3333333333333333,10
42477,0,0,0,10
42481,1,0.6666666666666666,1,10
42482,0.7364715863021633,0.6363636363636364,1,10
42485,0,0,0,10
42488,0.9888009031441519,1,1,10
42490,0,0,0,4
42494,0,0,0,10
42495,0,0,0,10
42502,0,0,0,10
42505,0.6935918296650081,0.4375,1,10
42512,0.31204907722178066,0.2,0.5,10
42514,0.08539139310228318,0.0625,0.25,10
42522,-0,0,0,0
42523,0.1799314820111718,0.125,0.25,10
42524,0,0,0,10
42526,0.10959480984099389,0.16666666666666666,0.1111111111111111,10
42530,0,0,0,10
42558,0.1984052602966104,0.14285714285714285,0.5,10
42561,0.19518900079066107,0.125,0.3333333333333333,10
42563,0.8415908474314975,0.5,1,10
42579,-0,0,0,0
42586,0.515889298427605,0.25,1,3
42595,0.4099509148465344,0.26666666666666666,0.5,10
42604,0.5753374707720327,0.25,1,10
42606,0.5927618472407821,0.25,1,10
42628,0.760079105197619,0.4666666666666667,1,10
42634,0.8572048559638626,0.2,1,10
42637,0.11004588314904007,0.0625,0.3333333333333333,10
42643,-0,0,0,0
42645,0.4576752747037683,0.25,1,10
42647,0.06319224291303384,0.02631578947368421,0.25,10
42652,0,0,0,10
42654,0.1525519073115711,0.125,0.25,10
42660,0.046287481291184845,0.029411764705882353,0.125,10
42665,0,0,0,10
42666,0,0,0,10
42677,0,0,0,10
42679,0.2357541930550393,0.1,1,10
42681,0.22009176629808014,0.0625,1,6
42700,0.6020521034564037,0.3125,1,10
42703,0,0,0,6
42713,0.4323181322709947,0.1875,1,10
42721,0,0,0,10
42726,0.933745776545611,0.5625,1,10
42727,0.6720384398420071,0.625,1,10
42733,0,0,0,10
42739,0,0,0,10
42746,0,0,0,10
42747,0.07336392209936005,0.0625,0.14285714285714285,10
42748,0.22009176629808014,0.0625,1,10
42750,0.46604037179176117,0.4,0.5,10
42755,0.2895229882348574,0.125,1,10
42762,0,0,0,10
42763,0.1884441521277154,0.125,0.3333333333333333,10
42765,0.34369669139214537,0.1875,0.5,10
42767,0.7799082337019198,0.5625,0.5,10
42769,0,0,0,10
42771,0,0,0,10
42773,0,0,0,10
42776,0.07839826897867533,0.0625,0.16666666666666666,10
42780,0.06625422345438903,0.041666666666666664,0.1111111111111111,10
42792,0,0,0,10
42793,0,0,0,10
42795,0.09478836436955078,0.0625,0.25,10
42800,0.1884441521277154,0.07407407407407407,0.3333333333333333,10
42806,0,0,0,2
42814,-0,0,0,0
42820,0,0,0,10
42823,0,0,0,10
42833,0,0,0,10
42835,0,0,0,10
42839,-0,0,0,0
42845,0.6468562235661908,0.5,0.5,10
42855,1,0.6666666666666666,1,10
42863,0.5531464700081437,0.4,1,10
42865,1,0.625,1,10
42866,0,0,0,10
42867,0.1388624438735545,0.0625,0.5,10
42871,0.6055047656192208,0.20833333333333334,1,10
42874,0,0,0,10
42875,-0,0,0,0
42880,0.31833954895937183,0.1875,0.5,10
42882,0.21298206765310915,0.16666666666666666,1,10
42883,0.11004588314904007,0.0625,0.3333333333333333,10
42885,0.370462188193058,0.2222222222222222,1,10
42894,-0,0,0,0
42900,0.5771493379489846,0.3125,1,10
42901,-0,0,0,0
42920,-0,0,0,0
42921,0.20025465046780405,0.5,0.16666666666666666,10
42922,0,0,0,10
42932,0,0,0,10
42933,0.35895421017163465,0.14285714285714285,1,10
42934,0,0,0,10
42939,0,0,0,10
42942,0.4376978284654073,0.25,1,10
42944,0.24890832702259458,0.125,0.5,10
42951,0,0,0,10
42952,0,0,0,10
42962,0.7187679615648913,0.35714285714285715,1,10
42964,0.4690000933206747,0.17647058823529413,1,10
42966,-0,0,0,0
42968,0.12876945773620835,0.07142857142857142,0.3333333333333333,10
42973,0.612067858019304,0.45454545454545453,1,10
42975,0.6708942064116917,0.4,1,10
42976,0.1388624438735545,0.0625,0.5,10
42978,0.9537125187088151,0.6428571428571429,1,10
42979,0.6683063269107927,0.375,1,10
42990,0.9305687780632227,0.5625,1,10
42994,0,0,0,10
43005,0.0636207881989517,0.06666666666666667,0.1,10
43010,0.06625422345438903,0.03571428571428571,0.1111111111111111,10
43022,0.5450265713246939,0.4444444444444444,1,10
43023,1,1,1,9
43028,0,0,0,10
43032,0,0,0,10
43033,0,0,0,10
43034,0,0,0,10
43037,0,0,0,10
43049,0.25469837558210445,0.1875,0.3333333333333333,10
43050,0,0,0,10
43056,0,0,0,10
43060,0.07336392209936005,0,0,10
43069,-0,0,0,0
43074,0,0,0,10
43075,0.09478836436955078,0.0625,0.25,10
43078,0.06625422345438903,0.0625,0.1111111111111111,10
43079,0,0,0,10
43083,0,0,0,10
43089,0,0,0,10
43094,0.22009176629808014,0.0625,1,10
43109,0.45184593602045525,0.3125,0.5,10
43118,0.10484411539105797,0.08333333333333333,0.5,10
43119,0.3036696612715786,0.1,0.5,10
43127,0.19676227884308722,0.125,0.3333333333333333,10
43133,0,0,0,10
43135,0.06625422345438903,0.0625,0.1111111111111111,10
43138,0,0,0,10
43141,0.21726071285222984,0.16666666666666666,0.5,10
43142,0.206415932235089,0.1875,0.14285714285714285,10
43144,0,0,0,10
43151,0.8701249883466592,0.5,1,10
43153,0,0,0,10
43156,0,0,0,10
43159,0,0,0,10
43165,0.26133638610083487,0.3,0.25,10
43171,0,0,0,10
43450,0.3819603371583235,0.25,0.5,10
43451,-0,0,0,0
43454,0.7121518526305488,0.75,1,10
43455,0.8757774055736727,0.8,1,10
43456,0.3913817611255761,0.13157894736842105,0.25,10
43465,0.6371523797895855,0.3125,1,10
43473,0.40853591842579556,0.1875,1,10
43475,0.3248216447044565,0.25,0.3333333333333333,10
43489,0.3667314583167897,0.13333333333333333,1,10
43500,0,0,0,10
43504,0.3301376494471202,0.125,1,10
43513,-0,0,0,0
43519,0.6293644814585828,0.15,1,10
43523,0.0636207881989517,0.025,0.1,10
43537,0,0,0,10
43543,0.1388624438735545,0.0625,0.5,10
43545,0,0,0,10
43546,0.07839826897867533,0.0625,0.16666666666666666,10
43557,0,0,0,2
43558,0.07093554707553369,0.07142857142857142,0.125,10
43559,0.11004588314904007,0.0625,0.3333333333333333,10
43567,0.7917267193679839,0.4375,1,10
43570,0.22009176629808014,0.0625,1,10
43573,0,0,0,10
43574,0.18340980524840012,0.09090909090909091,0.3333333333333333,10
43575,0.11243018208286118,0.0625,0.3333333333333333,10
43576,0,0,0,10
43579,0,0,0,10
43585,0,0,0,10
43591,0.07336392209936005,0.07142857142857142,0.14285714285714285,10
43595,0,0,0,10
43598,0.11004588314904007,0.0625,0.3333333333333333,10
43599,0,0,0,10
43632,0,0,0,10
43635,0.2382265752236204,0.14285714285714285,1,10
43637,0.6030434433661639,0.4375,1,10
43645,0.6362301674545101,0.35,1,10
43646,1,0.625,1,10
43652,0.15457433957839825,0.125,0.2,10
43655,0.6863562089718269,0.4,1,10
43656,0,0,0,10
43657,-0,0,0,0
43662,0.5216414792035848,0.25,1,7
43670,0.09478836436955078,0.02631578947368421,0.25,10
43672,0,0,0,10
43674,0,0,0,10
43675,0.21514271386397105,0.075,0.5,10
43677,0,0,0,10
43680,0,0,0,10
43682,0,0,0,10
43689,0.6300426811446145,0.4,1,10
43692,0.9363792118010483,0.5625,1,10
43693,0.9305687780632227,0.391304347826087,1,10
43730,0.8976178835522929,1,1,10
43731,0.6078358193150267,0.5,0.5,10
43732,0.15513957956556607,0.13333333333333333,0.14285714285714285,10
43746,0.6968404678259544,0.375,1,10
43747,0,0,0,10
43760,0.09478836436955078,0.0625,0.25,10
43761,0,0,0,10
43776,0,0,0,10
43786,0.6378891765242927,0.4666666666666667,0.5,10
43791,0.5541432109622957,0.26666666666666666,1,10
43796,0.30143152569858445,0.25,0.2,10
43804,1,0.625,1,10
43805,0.5487973376826973,0.2,1,10
43806,0.4098497305276306,0.15384615384615385,0.5,7
43812,0.7728372344584581,0.5833333333333334,1,10
43818,0.2300510610426737,0.02857142857142857,1,1
43820,1,0.625,1,10
43822,0.6968404678259544,0.375,1,10
43823,0.8772153153380493,1,1,10
43827,0.8701249883466592,0.5,1,10
43830,0.22009176629808014,0.0625,1,10
43836,0,0,0,10
43876,-0,0,0,0
43881,0,0,0,10
43882,0,0,0,10
43883,0,0,0,10
43888,0.7810691138435806,0.5,1,10
43890,0.4832817934104552,0.25,1,10
43897,0,0,0,10
43903,1,0.7142857142857143,1,10
43905,0,0,0,10
43911,0,0,0,1
43912,0,0,0,10
43914,-0,0,0,0
43915,0,0,0,1
43916,-0,0,0,0
43925,-0,0,0,0
43926,-0,0,0,0
43927,0,0,0,2
43938,0,0,0,10
43948,0,0,0,10
43953,0,0,0,10
43958,0.6723185489304973,0.75,1,10
43960,0.38363315291837646,0.2,1,10
43961,0.5926769626021053,0.3125,1,10
43973,-0,0,0,0
43978,0,0,0,10
43979,0,0,0,10
43980,0.5541432109622957,0.25,1,10
43981,0,0,0,10
43982,-0,0,0,0
43983,-0,0,0,0
43994,0.06625422345438903,0.0625,0.1111111111111111,10
44000,0,0,0,10
44005,0.6312507268514872,0.46153846153846156,1,10
44007,-0,0,0,0
44012,0.2535158813755235,0.1875,0.25,10
44013,0,0,0,1
44016,-0,0,0,0
44022,0,0,0,1
44023,0,0,0,10
44025,0.6722390270733755,0.4,1,10
44026,0.5328776402545679,0.23076923076923078,0.5,10
44033,0,0,0,10
44036,0,0,0,1
44037,-0,0,0,0
44043,0,0,0,1
44054,-0,0,0,0
44055,-0,0,0,0
44056,-0,0,0,0
44065,-0,0,0,0
44087,0.21726071285222984,0.125,0.5,10
44101,0,0,0,2
44104,0.3146708773301692,0.1111111111111111,0.5,10
44107,0.3916830858804162,0.3125,0.3333333333333333,10
44111,0,0,0,10
44112,0.4690000933206747,0.1875,1,10
44114,0,0,0,10
44116,0.22283698486735032,0.2,0.5,10
44120,0.5173633627401372,0.26666666666666666,1,10
44124,0,0,0,10
44125,0,0,0,10
44126,-0,0,0,0
44127,-0,0,0,0
44128,-0,0,0,0
44134,0,0,0,10
44136,0,0,0,2
44137,-0,0,0,0
44140,0.22009176629808014,0.0625,1,1
44145,0,0,0,10
44147,0,0,0,6
44148,0,0,0,3
44151,-0,0,0,0
44158,0.16228714158937993,0,0,10
44160,0.057808285344702774,0,0,10
44163,0.15141215438193187,0,0,10
44167,0.6404277018070741,0.35714285714285715,1,10
44169,0,0,0,10
44172,0.476183090715918,0.3333333333333333,1,10
44187,0,0,0,10
44188,0.09478836436955078,0.06666666666666667,0.25,10
44192,0,0,0,10
44195,0,0,0,10
44197,0.15139734109601002,0.125,0.2,10
44207,0.486471450249967,0.375,0.3333333333333333,10
44208,0.9952135693225355,1,1,10
44211,0,0,0,10
44216,0.5023756245102127,0.1875,1,10
44236,0,0,0,10
44238,0.07863308654329347,0.0625,0.125,10
44253,0,0,0,2
44254,0.7799082337019198,0.5625,0.5,10
44261,0,0,0,10
44262,0.12104793636744006,0.07692307692307693,0.3333333333333333,10
44269,0,0,0,10
44284,0,0,0,10
44286,0.20323893375270077,0.2,0.14285714285714285,10
44296,0.17630010660342912,0.125,0.3333333333333333,10
44297,0.07839826897867533,0.0625,0.16666666666666666,10
44313,0.2540259487275169,0.1875,0.5,10
44329,1,1,1,10
44337,0.3701343229300629,0.25,1,10
44341,0.17630010660342912,0.09523809523809523,0.3333333333333333,10
44343,0.866947989864271,0.5,1,10
44350,0.35895421017163465,0.125,1,10
44351,0.2866919347890071,0.1875,0.5,10
44356,0.2090792679281757,0.125,0.3333333333333333,10
44360,0.20483424751859086,0.125,0.3333333333333333,10
44363,0,0,0,10
44365,0,0,0,10
44369,0.09478836436955078,0.041666666666666664,0.25,10
44371,0.24890832702259458,0.125,0.5,10
44376,0.4422195942380129,0.26666666666666666,1,10
44382,0.6067216003536936,0.4375,0.5,10
44389,0.2288589572643584,0.14285714285714285,0.5,10
44391,0.2735872697693364,0.1875,0.3333333333333333,10
44400,0,0,0,10
44405,0.45195028119189806,0.25,1,10
44406,0.20483424751859086,0.18181818181818182,0.3333333333333333,10
44408,0.3797791233226422,0.3125,0.5,10
44416,0.4694544702460292,0.25,1,10
44424,0.09042711303331401,0,0,10
44425,0.35195904451706733,0.5,0.3333333333333333,10
44435,0,0,0,10
44456,0.09785159463516042,0.125,0.2,10
44457,0,0,0,10
44465,0.38363315291837646,0.1875,1,10
44468,0.31488013066763093,0.125,1,10
44473,0.4550608163715408,0.3333333333333333,0.5,10
44484,-0,0,0,0
44496,0.22009176629808014,0.05263157894736842,1,10
44501,0,0,0,10
44507,0.7183627972686238,0.42857142857142855,1,10
44512,0.624951996417876,0.35714285714285715,1,10
44513,0.7796986516078381,0.4375,1,10
44516,0,0,0,10
44521,0.2863505756884293,0.1875,0.3333333333333333,10
44523,0.4152807670887412,0.1875,1,10
44525,0,0,0,10
44544,-0,0,0,0
44557,0.6385085174798409,0.25,1,10
44560,0,0,0,10
44562,0.9216017310213247,0.23684210526315788,1,10
44568,0.5836175861945262,0.3125,1,10
44581,0,0,0,10
44589,0,0,0,10
44602,0.43453153405817585,0.14814814814814814,1,10
44605,0.7183627972686238,0.16216216216216217,1,10
44613,-0,0,0,0
44615,-0,0,0,0
44636,0.5739723394665964,0.3125,1,10
44642,0,0,0,10
44648,0,0,0,10
44649,0.9142944706495852,0.75,1,10
44654,0,0,0,10
44658,0.5271064966405455,0.26666666666666666,1,10
44669,0,0,0,10
44671,0.47874417360104127,0.375,0.5,10
44674,0.6429424283490954,0.16216216216216217,1,10
44675,0,0,0,10
44680,0.29052025467820947,0.3333333333333333,0.3333333333333333,10
44690,0,0,0,10
44700,0.6785038377365555,0.4,1,10
44701,0.6150959308318713,0.38461538461538464,1,10
44702,0.8833444073495262,0.6666666666666666,1,10
44706,0.17828412959034637,0.0625,1,10
44708,0.4000232483092519,0.1875,1,10
44711,0.35940858709698914,0.3076923076923077,0.3333333333333333,10
44718,0.23577791492296693,0.2,0.5,10
44725,0.44321967155042336,0.12121212121212122,1,10
44734,0.07839826897867533,0.0625,0.16666666666666666,10
44735,0.2837125544970318,0.125,1,10
44737,0.22009176629808014,0.0625,1,10
44742,0,0,0,10
44747,0.09478836436955078,0.0625,0.25,10
44750,0,0,0,1
44756,0.2024832320725062,0.125,0.5,10
44760,0,0,0,10
44770,0,0,0,10
44772,0.12987501165334073,0.08333333333333333,0.1111111111111111,10
44774,0.08514311764162098,0.02631578947368421,0.2,10
44784,0.18178799319773134,0,0,10
44786,0,0,0,10
44793,0.46270962158308354,0.1,1,10
44803,0.5199967979955745,0.25,1,10
44806,0.46263624098011186,0.2,1,10
44807,0.09478836436955078,0.0625,0.25,10
44808,0.25061916326026035,0.1875,0.25,10
44816,0,0,0,10
44826,1,0.6666666666666666,1,10
44830,0.4420219760475999,0.19230769230769232,0.5,10
44833,0.4959389204699464,0.25,1,10
44836,0.1799314820111718,0.1,0.25,10
44845,0.6666596057937891,0.42857142857142855,1,10
44847,0.6332971816211657,0.5,1,10
44848,0.5040912624952375,0.3125,0.5,10
44857,0,0,0,2
44859,0.7013956778220831,0.25,1,10
44862,0.8335263021225863,0.2962962962962963,1,10
44869,0.6212166613240646,0.4,1,10
44873,0.22963477175301983,0.1111111111111111,0.5,10
44874,0,0,0,10
44875,0,0,0,10
44883,-0,0,0,0
44885,-0,0,0,0
44901,0.49367903606741653,0.1,1,10
44905,0,0,0,10
44912,0.2984900352767555,0.125,1,10
44922,0.2850317140843045,0.25,0.25,10
44928,0.7155506487682609,0.5454545454545454,1,10
44930,0.6581810421830973,0.375,1,10
44942,0,0,0,1
44949,0.4939718624035656,0.3,1,10
44956,-0,0,0,0
44960,-0,0,0,0
44965,-0,0,0,0
44969,0.9768562593544076,0.625,1,10
44976,0,0,0,4
44982,0.06943122193677725,0.0625,0.125,10
44989,0.09684208768602304,0.0625,0.25,10
44991,0.2583297509898471,0.21428571428571427,0.25,10
44993,0.30308203017988256,0.1875,0.5,10
44997,0,0,0,10
44998,0.1610425878239398,0.125,0.25,10
45003,0.490222650816517,0.2727272727272727,1,10
45005,0,0,0,10
45014,0.5184650094568696,0.375,0.5,10
45023,0,0,0,5
45024,0.503336485385391,0.375,1,10
45031,0.09478836436955078,0.0625,0.25,10
45037,0.6772733739526907,0.375,1,10
45040,0.9537125187088151,0.25,1,10
45047,0.4361533373077281,0.125,1,2
45056,0,0,0,10
45061,0.7284539586078217,0.4375,1,10
45062,-0,0,0,0
45069,0.866947989864271,0.5,1,10
45072,0,0,0,10
45076,0.8932498536862835,1,1,10
45085,0.39665590657365285,0.1875,1,10
45087,0,0,0,1
45100,-0,0,0,0
45106,0.06605173276732716,0.1,0.25,10
45109,0.3861706480498015,0.21428571428571427,0.25,10
45112,0.6122496142821665,0.3125,1,10
45118,0.42793650164417835,0.25,1,10
45120,0,0,0,7
45125,0,0,0,7
45129,-0,0,0,0
45134,0.40652716006074996,0.125,1,10
45137,0,0,0,1
45142,0.710486473536879,0.2,0.5,10
45143,0.8345008706368041,0.5,1,10
45162,0.053397918541038314,0.03125,0.16666666666666666,10
45164,0.9085294828962065,0.8,1,10
45165,0,0,0,10
45170,0,0,0,10
45172,0,0,0,10
45174,0,0,0,10
45175,0.46306155304716995,0.5,0.5,10
45177,0,0,0,10
45179,0,0,0,10
45186,0,0,0,10
45199,0,0,0,10
45204,0.09478836436955078,0.07142857142857142,0.25,10
45207,0,0,0,10
45210,0.1388624438735545,0.0625,0.5,10
45211,0.07336392209936005,0.02702702702702703,0.14285714285714285,10
45215,0,0,0,10
45219,0,0,0,10
45221,0.47377091655271714,0.6,1,10
45225,0,0,0,1
45235,0,0,0,10
45246,0,0,0,10
45255,0,0,0,10
45256,0.3284086699640984,0.1875,0.3333333333333333,10
45259,0,0,0,10
45268,1,0.2702702702702703,1,10
45272,0,0,0,10
45275,0,0,0,10
45286,0,0,0,10
45289,0.4690000933206747,0.1875,1,10
45291,0.07336392209936005,0.022727272727272728,0.14285714285714285,10
45292,0,0,0,10
45294,0,0,0,10
45300,0,0,0,10
45304,1,0.625,1,10
45321,0.5604875171442228,0.3125,1,10
45323,0.07336392209936005,0.038461538461538464,0.14285714285714285,10
45329,0.2246633760228915,0.1875,0.25,10
45330,0.11004588314904007,0.0625,0.3333333333333333,10
45331,0.06625422345438903,0.0625,0.1111111111111111,10
45349,0.3903800499921017,0.25,1,10
45351,0,0,0,10
45352,0.45449827622138,0.25,1,10
45355,0.3921578479840863,0.25,0.5,10
45363,0.6131471927654584,0.5,1,10
45369,-0,0,0,0
45371,-0,0,0,0
45375,0.5075394027672818,0.20833333333333334,1,10
45398,-0,0,0,0
45402,0,0,0,10
45406,0,0,0,10
45412,0,0,0,10
45426,-0,0,0,0
45441,0,0,0,10
45451,0,0,0,10
45455,0.07336392209936005,0.0625,0.14285714285714285,10
45460,0,0,0,10
45461,-0,0,0,0
45464,-0,0,0,0
45479,0,0,0,10
45483,0,0,0,10
45493,0,0,0,10
45497,0,0,0,10
45498,0,0,0,10
45499,0,0,0,10
45505,0.6387714292719668,0.5833333333333334,1,10
45507,0,0,0,10
45508,0,0,0,10
45510,0.4690000933206747,0.1875,1,10
45513,0,0,0,10
45514,0.7495275800817669,0.75,1,10
45516,0,0,0,10
45517,0,0,0,10
45523,0,0,0,10
45531,0.1388624438735545,0.0625,0.5,10
45532,0.46001266110046096,0.25,1,10
45538,0,0,0,10
45545,0.6929472116763093,0.5,1,10
45551,0,0,0,10
45552,0,0,0,10
45555,0.1388624438735545,0.027777777777777776,0.5,10
45557,0,0,0,10
45560,0.10860169957017808,0.125,0.14285714285714285,10
45564,0,0,0,10
45568,0.06625422345438903,0.06666666666666667,0.1111111111111111,10
45573,0.3323479826322174,0.14285714285714285,1,10
45574,0,0,0,10
45575,0,0,0,10
45578,0,0,0,10
45583,0,0,0,10
45584,0,0,0,10
45587,0,0,0,10
45588,0,0,0,10
45590,0.2300510610426737,0.06666666666666667,1,10
45591,0.14187109415106738,0.08333333333333333,0.5,10
45600,0.21222636597291455,0.125,0.5,10
45603,0,0,0,10
45604,0,0,0,10
45605,0.2984900352767555,0.125,1,10
45612,0.8840047062307986,0.5625,1,10
45615,1,0.2702702702702703,1,10
45618,0.22009176629808014,0.0625,1,10
45619,0.09916288995176918,0.06666666666666667,0.5,4
45629,0,0,0,10
45631,0,0,0,10
45635,0,0,0,10
45637,0,0,0,10
45640,0.303443395999249,0.125,1,10
45641,0.23463936301137825,0.3333333333333333,0.3333333333333333,10
45645,0,0,0,10
45655,0,0,0,10
45665,0.1083259763160482,0.0625,0.5,10
45666,0,0,0,10
45668,0.2024832320725062,0.125,0.5,10
45675,0,0,0,10
45679,0,0,0,10
45692,0,0,0,10
45698,0,0,0,10
45699,0.2876263497141272,0.1875,0.5,10
45701,0,0,0,10
45711,0.09478836436955078,0.0625,0.25,10
45712,0.279901702223461,0.06666666666666667,1,10
45713,0,0,0,10
45714,0,0,0,10
45716,0.9787930706003494,0.625,1,10
45719,0.07444544187113133,0.0625,0.1,10
45721,0.262118616896716,0.14285714285714285,0.5,10
45725,0.09962965242264374,0.07142857142857142,0.2,10
45729,0.07336392209936005,0.07142857142857142,0.14285714285714285,10
45744,0,0,0,10
45745,0.07336392209936005,0.06666666666666667,0.14285714285714285,10
45749,0,0,0,10
45750,0,0,0,10
45758,0.9120592776000035,0.5,1,10
45761,0,0,0,10
45764,0.933745776545611,0.5625,1,10
45765,0.623270549836306,0.5555555555555556,1,10
45773,-0,0,0,0
45774,0.07336392209936005,0.1,0.14285714285714285,10
45776,0,0,0,10
45777,0,0,0,10
45778,0,0,0,10
45785,0,0,0,10
45787,0.10907587228956231,0.1111111111111111,0.2,10
45791,0.6313419460517601,0.375,1,10
45795,0.933745776545611,0.5625,1,10
45798,-0,0,0,0
45805,0,0,0,10
45811,0.8738798151097478,0.5,1,10
45818,0,0,0,10
45819,0,0,0,10
45821,0,0,0,10
45824,0,0,0,10
45843,0,0,0,10
45845,0,0,0,10
45851,0,0,0,10
45852,0.29177800359488226,0.14285714285714285,1,10
45863,0.6843830725976617,0.375,1,10
45864,0,0,0,10
45870,0,0,0,10
45874,0,0,0,10
45878,0,0,0,10
45880,0.1619033762876465,0.125,0.16666666666666666,10
45882,0.5321408435198608,0.25,1,10
45883,0.21222636597291455,0.125,0.5,10
45893,0,0,0,10
45896,0.09478836436955078,0.0625,0.25,10
45898,0,0,0,10
45908,0,0,0,10
45918,0.0636207881989517,0.0625,0.1,10
45919,0,0,0,1
45928,0,0,0,10
45930,0.279901702223461,0.0625,1,10
45934,0,0,0,10
45937,-0,0,0,0
45939,0.7525847022130452,0.375,1,10
45965,0.22009176629808014,0.0625,1,10
45967,0.17318663334822612,0.125,0.25,10
45968,0.1714770326811747,0.08333333333333333,0.16666666666666666,10
45970,0,0,0,10
45974,0,0,0,10
45980,0.11004588314904007,0.0625,0.3333333333333333,10
45983,0,0,0,10
45990,0,0,0,10
46000,-0,0,0,0
46008,0.826650673313554,0.6,1,10
46023,0.31488013066763093,0.125,1,10
46034,0.8662776204276619,0.5714285714285714,1,10
46038,0.33656405876784734,0.1875,0.5,10
46043,0.14514605925250643,0.0625,0.5,10
46044,0.7227621264773795,0.5,1,10
46048,0,0,0,10
46050,0.3254288624260272,0.25,0.3333333333333333,10
46065,0.4440973278132556,0.1875,1,10
46071,0.16872714292220853,0.09090909090909091,0.5,10
46077,0,0,0,10
46079,0,0,0,10
46083,0,0,0,10
46087,0,0,0,10
46089,0.5070748998903564,0.21052631578947367,1,10
46095,0.09478836436955078,0.0625,0.25,10
46097,0.6585687409174763,0.46153846153846156,1,10
46115,0.43547474557506727,0.26666666666666666,1,10
46121,0.5103515512676446,0.25,1,10
46129,0,0,0,10
46132,0.8611375561264454,0.5625,1,10
46133,0.06625422345438903,0.06666666666666667,0.1111111111111111,10
46134,0,0,0,10
46135,0,0,0,10
46148,-0,0,0,0
46149,0,0,0,10
46153,0.19240345054931998,0.14285714285714285,0.5,10
46156,0.09478836436955078,0.07142857142857142,0.25,10
46161,0.5400895186706335,0.12195121951219512,1,10
46170,0.4635735460028128,0.13043478260869565,1,4
46176,0.2812932941586791,0.375,0.25,10
46177,0.40697138424499557,0.21739130434782608,0.5,10
46180,1,0.2631578947368421,1,10
46181,0.2934556883974402,0.125,1,10
46182,0.24309789328476902,0.1875,0.3333333333333333,10
46190,0,0,0,10
46192,0,0,0,10
46193,-0,0,0,0
46198,0.06943122193677725,0.043478260869565216,0.125,10
46200,0.09478836436955078,0.0625,0.25,10
46201,0.11004588314904007,0.0625,0.3333333333333333,10
46210,0,0,0,10
46220,0,0,0,10
46221,0.3628869103342175,0.2,1,10
46222,0.0636207881989517,0.0625,0.1,10
46225,-0,0,0,0
46228,0.22009176629808014,0.07692307692307693,1,10
46232,0.8802402709171557,0.5625,1,10
46233,0.4322788421471916,0.3125,0.5,10
46239,0,0,0,10
46243,0,0,0,10
46244,0.6917316478222679,0.5,1,10
46245,0,0,0,10
46246,0,0,0,10
46247,0.484301803790209,0.375,1,10
46249,0.7208714531358326,0.3333333333333333,1,10
46250,0,0,0,10
46251,0.28878005979090193,0.3,0.5,10
46258,0.8687660511076641,0.2727272727272727,1,10
46262,0,0,0,10
46267,-0,0,0,0
46268,0.5531464700081437,0.4,1,8
46277,0.3746661058764784,0.1875,1,10
46279,1,0.625,1,10
46284,0.4690000933206747,0.2,1,10
46285,0.39763391022884753,0.125,1,10
46290,0.14782949091545258,0.13333333333333333,0.16666666666666666,10
46299,0,0,0,10
46304,0,0,0,10
46315,0,0,0,10
46316,0.92663607790064,0.5625,1,10
46319,0.21222636597291455,0.14285714285714285,0.5,10
46326,0.37519712029518015,0.13333333333333333,1,10
46335,0,0,0,10
46336,-0,0,0,0
46346,0.1388624438735545,0.0625,0.5,10
46347,0,0,0,10
46348,0.6618313225363274,0.375,1,10
46356,0,0,0,10
46358,0,0,0,10
46367,0,0,0,10
46370,0,0,0,10
46375,0.35396256908806933,0.2,1,10
46378,-0,0,0,0
46379,-0,0,0,0
46384,0,0,0,10
46385,0.22009176629808014,0.06666666666666667,1,10
46387,0.6025064803817581,0.1282051282051282,1,10
46413,0.1388624438735545,0.0625,0.5,10
46416,0,0,0,10
46419,0,0,0,10
46421,0,0,0,10
46427,0,0,0,1
46435,0,0,0,10
46437,0.33169367308920716,0.1,0.25,10
46440,-0,0,0,0
46441,0,0,0,10
46442,0.3301376494471202,0.125,1,10
46450,0.11004588314904007,0.025,0.3333333333333333,10
46455,0,0,0,10
46456,0,0,0,10
46457,0,0,0,10
46467,0,0,0,10
46469,0,0,0,10
46471,0,0,0,10
46476,0.07336392209936005,0.0625,0.14285714285714285,10
46494,0,0,0,10
46495,0,0,0,10
46506,0,0,0,10
46510,0.11253006959852506,0.05263157894736842,0.14285714285714285,10
46518,0,0,0,10
46520,0,0,0,10
46521,0.06220037827188022,0.09090909090909091,0.14285714285714285,10
46527,0,0,0,10
46528,0,0,0,10
46538,0,0,0,10
46540,0.07336392209936005,0.0625,0.14285714285714285,10
46542,0.43735247915031,0.1,1,10
46552,0.793584067764911,0.4375,1,10
46558,0.08514311764162098,0.0625,0.2,10
46564,0.7222954974312066,0.4,1,10
46568,0.1388624438735545,0.02857142857142857,0.5,10
46580,0.6421867266689009,0.3125,1,10
46581,0.4000232483092519,0.2,1,10
46587,0,0,0,10
46588,0.6039094289265273,0.3333333333333333,1,10
46589,0.4271714197197279,0.15384615384615385,1,10
46590,0.7534494445524137,0.2692307692307692,1,10
46591,0.06625422345438903,0.0625,0.1111111111111111,10
46604,0,0,0,10
46608,0,0,0,10
46612,0.424926013816671,0.2,1,10
46620,0.678049460811201,0.4,1,10
46628,0,0,0,1
46643,0.866947989864271,0.24242424242424243,1,10
46646,0.44279125408293135,0.375,0.2,10
46653,0.6652907408280684,0.375,1,10
46656,-0,0,0,0
46680,0,0,0,10
46682,0.6721625269292151,0.3125,1,10
46692,0.3091170235564137,0.25,0.5,10
46694,0.46263315396496585,0.25,0.5,10
46696,-0,0,0,0
46698,0.9136300371567987,0.875,1,10
46701,0.7315449642824574,0.5833333333333334,1,9
46707,0.1965799152589125,0.13333333333333333,0.2,10
46717,0,0,0,2
46718,0,0,0,10
46724,0,0,0,10
46731,-0,0,0,0
46736,-0,0,0,0
46739,0.1388624438735545,0.06666666666666667,0.5,10
46742,0,0,0,10
46749,0,0,0,4
46751,0.19502819831091794,0.23076923076923078,0.2,10
46754,-0,0,0,0
46758,-0,0,0,0
46765,0.11561812598392049,0.125,0.2,10
46774,0.4451989745299881,0.3125,0.5,10
46776,0,0,0,10
46779,-0,0,0,0
46780,0.15726617308658694,0.07142857142857142,0.5,10
46787,-0,0,0,0
46793,-0,0,0,0
46796,0,0,0,1
46799,0,0,0,10
46801,0.15704538953600836,0.14285714285714285,0.3333333333333333,10
46817,0.35895421017163465,0.13333333333333333,1,2
46820,0,0,0,10
46821,-0,0,0,0
46823,0.760079105197619,0.4375,1,10
46831,0,0,0,10
46846,0,0,0,10
46880,0,0,0,10
46892,0.276301310023846,0.16666666666666666,0.5,10
46897,0.10153380441631457,0.0625,0.25,10
46906,0.4690000933206747,0.21428571428571427,1,10
46910,0.628858095128807,0.42857142857142855,1,10
46911,0,0,0,10
46915,0.3014460585511258,0.2,0.5,10
46923,0.5286871870681225,0.23076923076923078,1,10
46928,-0,0,0,0
46954,0,0,0,10
46956,0.5476917922664964,0.25,1,10
46958,0.6046855387118409,0.35714285714285715,1,10
46971,0.5438489442525178,0.25,1,10
46974,0.39375843764607193,0.0967741935483871,1,10
46976,0,0,0,10
46983,0.46496929291562855,0.375,0.3333333333333333,10
46985,0,0,0,10
46994,0.4850532067467338,0.1875,1,10
46998,0.09478836436955078,0.0625,0.25,10
46999,0,0,0,10
47008,0.15882235975984269,0.13333333333333333,0.3333333333333333,10
47019,-0,0,0,0
47022,0,0,0,10
47046,0.8092191120815289,0.2,1,10
47049,0.3208282295955026,0.16666666666666666,1,10
47050,0.8961140640779153,0.8333333333333334,1,10
47055,0.1388624438735545,0.06666666666666667,0.5,10
47058,0.7139245702298609,0.8571428571428571,0.5,10
47074,0.07336392209936005,0.030303030303030304,0.14285714285714285,10
47076,0.7136540102475307,0.5,0.5,10
47090,0,0,0,4
47106,0,0,0,10
47116,0,0,0,10
47117,0.06943122193677725,0.0625,0.125,10
47130,0.08514311764162098,0.02564102564102564,0.2,10
47132,0.1319469901204114,0.14285714285714285,0.25,10
47133,0.14874433492765377,0.07142857142857142,0.5,10
47134,0.5737394688734995,0.3125,1,10
47136,0,0,0,10
47137,0,0,0,10
47139,0,0,0,10
47152,0.9363792118010483,0.5625,1,10
47159,-0,0,0,0
47160,0.1661739913161087,0.08333333333333333,1,10
47164,0.6120009599112414,0.25,1,10
47170,0.857673669302587,0.4375,1,10
47178,0,0,0,10
47183,0.1467278441987201,0.02702702702702703,1,10
47184,0,0,0,10
47186,0,0,0,10
47187,0,0,0,10
47189,0,0,0,10
47195,0,0,0,10
47197,0,0,0,10
47198,-0,0,0,0
47203,0,0,0,10
47210,0,0,0,10
47213,0,0,0,10
47217,0,0,0,10
47218,0,0,0,10
47220,0,0,0,10
47237,0.5541432109622957,0.13793103448275862,1,10
47238,0.5023756245102127,0.2727272727272727,1,10
47243,0,0,0,10
47247,0,0,0,10
47259,0,0,0,10
47263,0.8701249883466592,0.5,1,10
47264,0.4521472607752954,0.3125,0.5,10
47265,1,1,1,10
47269,0.5617131059245698,0.2222222222222222,0.5,10
47272,0.0767023408078252,0.0625,0.2,10
47276,0.053397918541038314,0.0625,0.16666666666666666,10
47280,0.49146587366736993,0.5,1,10
47283,0,0,0,10
47287,0,0,0,10
47297,0,0,0,10
47301,0.22009176629808014,0.0625,1,10
47305,0.25234978752543696,0.21428571428571427,0.25,10
47313,0.07336392209936005,0.0625,0.14285714285714285,10
47321,0.33219329061068736,0.10256410256410256,1,10
47322,0,0,0,10
47332,0,0,0,10
47339,0,0,0,10
47340,0,0,0,10
47343,0.07336392209936005,0.0625,0.14285714285714285,10
47344,-0,0,0,0
47346,0.27685384472582747,0.05405405405405406,1,10
47347,0.17947710508581732,0.125,0.3333333333333333,10
47348,0,0,0,10
47352,0,0,0,10
47358,0,0,0,10
47359,0.0636207881989517,0.0625,0.1,10
47361,0,0,0,10
47362,0,0,0,10
47368,0,0,0,10
47371,0,0,0,10
47382,0.6274092458891771,0.3125,1,10
47388,0.08514311764162098,0.0625,0.2,10
47394,0,0,0,10
47403,0.4127273801665295,0.3,1,10
47404,0,0,0,10
47411,0.26180807422707547,0.1875,0.3333333333333333,10
47412,0.8917131417127866,0.225,1,10
47419,0,0,0,10
47420,0.3479649220541883,0.2727272727272727,0.5,10
47427,0.933745776545611,0.5625,1,10
47433,0.7218018303820489,0.4375,1,10
47437,0.15176219107803537,0.13333333333333333,0.16666666666666666,10
47456,0,0,0,10
47460,0,0,0,10
47462,0,0,0,10
47468,0.0443331133363642,0.0625,0.1,10
47473,0,0,0,10
47477,0,0,0,10
47479,0.1388624438735545,0.06666666666666667,0.5,10
47480,0,0,0,10
47482,0,0,0,10
47485,0,0,0,10
47486,0,0,0,10
47492,0,0,0,10
47493,0,0,0,10
47495,0.35519643431728026,0.3333333333333333,0.5,10
47501,0,0,0,10
47502,0,0,0,10
47506,0,0,0,10
47509,0,0,0,10
47511,0,0,0,10
47512,0.08584630515747224,0.06666666666666667,0.3333333333333333,10
47513,0,0,0,10
47517,0,0,0,10
47521,-0,0,0,0
47526,0,0,0,10
47531,0,0,0,10
47538,0.2816575879096918,0.16666666666666666,0.5,10
47556,0,0,0,10
47559,0,0,0,10
47562,0.27452614807408404,0.2,0.3333333333333333,10
47566,0.1388624438735545,0.06666666666666667,0.5,10
47574,0.781167618929808,0.5714285714285714,1,4
47576,0,0,0,10
47585,0.12577691397554897,0.125,0.14285714285714285,10
47586,0.33607424102790734,0.125,1,10
47592,0.6371523797895855,0.3125,1,10
47597,0,0,0,10
47598,0,0,0,10
47605,0.32978564302548496,0.2,1,10
47606,0,0,0,5
47607,1,0.625,1,10
47608,0.47938213678331165,0.35714285714285715,0.5,10
47614,0,0,0,10
47617,0.1396181455537491,0.14285714285714285,0.14285714285714285,10
47618,0.34927612812369696,0.16666666666666666,1,10
47619,0.3980628465882807,0.3333333333333333,1,10
47623,0.9363792118010483,0.34615384615384615,1,9
47628,0,0,0,10
47631,0,0,0,10
47632,0.14876390584057267,0.18181818181818182,0.2,10
47642,-0,0,0,0
47643,0.8687949224876581,0.8,1,5
47651,0.9216017310213247,0.5625,1,10
47652,0,0,0,10
47660,-0,0,0,0
47663,0.08514311764162098,0.0625,0.2,10
47675,0.866947989864271,0.5,1,10
47685,0.35895421017163465,0.16666666666666666,1,10
47687,0,0,0,1
47697,0,0,0,10
47704,0.0636207881989517,0.0625,0.1,10
47712,0.3544387131219424,0.12903225806451613,1,10
47716,0.6777277508780453,0.4375,1,10
47730,0.914856882358379,0.5625,1,10
47732,0.4233117951052935,0.3125,0.5,10
47742,1,0.2564102564102564,1,10
47744,0.17838674512141556,0.125,1,10
47746,0.0636207881989517,0.0625,0.1,10
47750,0,0,0,10
47760,0.5426309012477634,0.5,1,10
47831,0.08514311764162098,0.0625,0.2,10
47833,0.5173633627401372,0.3076923076923077,1,10
47836,0.08514311764162098,0.0625,0.2,10
47837,0.26180807422707547,0.1875,0.3333333333333333,10
47843,0,0,0,10
47846,0,0,0,10
47851,-0,0,0,0
47852,0,0,0,10
47857,0.7058075148678526,0.15789473684210525,1,10
47860,0.4396592698888862,0.3333333333333333,1,3
47863,0,0,0,10
47869,-0,0,0,0
47873,0.3628476202104143,0.3125,0.2,10
47892,0,0,0,10
47907,0,0,0,10
47908,0.06625422345438903,0.0625,0.1111111111111111,10
47913,0.6306637463657283,0.4,1,10
47914,0,0,0,10
47925,0,0,0,10
47939,0.29740901205864334,0.0625,1,10
47949,0,0,0,10
47956,0.14201905717762703,0.125,0.16666666666666666,10
47960,0.22009176629808014,0.0625,1,10
47968,0.1473119089491121,0.25,0.16666666666666666,10
47974,1,0.6666666666666666,1,10
47978,0.6325414799409711,0.3125,1,10
47992,0,0,0,10
48006,-0,0,0,0
48015,0.835780413693672,0.6153846153846154,1,10
48021,0.06625422345438903,0.0625,0.1111111111111111,10
48025,0.47427471944617094,0.1875,1,10
48026,-0,0,0,0
48027,0.27235727895053036,0.125,1,10
48028,0.12301630188213636,0.058823529411764705,0.2,10
48034,-0,0,0,0
48038,0.7218018303820489,0.4375,1,10
48039,0,0,0,10
48041,0,0,0,10
48050,0.08914206479517318,0.0625,0.14285714285714285,10
48066,0,0,0,10
48073,0.6874708847784536,0.5,1,10
48075,1,0.25,1,10
48078,0.7368219893371636,0.2,1,10
48083,0.804810999209339,0.2,1,10
48095,0.04457103239758659,0,0,10
48097,0,0,0,10
48098,0,0,0,10
48101,0.7819835854675756,0.5,1,10
48102,0.7510916729774053,0.5,1,10
48104,0.2300510610426737,0.0625,1,10
48107,0.38000404548556044,0.13043478260869565,0.3333333333333333,10
48110,0.421184579654731,0.25,1,10
48111,0.4690000933206747,0.1875,1,10
48119,0,0,0,10
48126,0,0,0,10
48129,0,0,0,10
48132,0,0,0,10
48135,0,0,0,10
48143,0.6947651160602988,0.5,0.5,10
48149,0.1584091525685025,0.07142857142857142,0.25,10
48154,0,0,0,10
48156,0.07306320656066258,0.16666666666666666,0.1111111111111111,10
48185,0.6430590456186973,0.5555555555555556,0.5,10
48192,0.5676818677290052,0.4375,0.3333333333333333,10
48203,0.81804192373243,0.4375,1,10
48208,-0,0,0,0
48212,0.6235353052580265,0.25,1,10
48234,0.7360705969099857,0.4666666666666667,1,10
48236,0.4690000933206747,0.1875,1,10
48243,1,0.625,1,10
48246,0.35472266833604754,0.125,1,10
48247,1,1,1,6
48258,0,0,0,10
48260,0.6172839611614817,0.23809523809523808,1,10
48264,0,0,0,10
48265,0,0,0,10
48266,0.22009176629808014,0.0625,1,10
48278,0,0,0,10
48279,0,0,0,10
48282,0,0,0,10
48289,0,0,0,10
48291,0,0,0,10
48298,0.4612521469429364,0.375,0.5,10
48300,0,0,0,10
48301,0,0,0,10
48302,0.22009176629808014,0.0625,1,10
48303,0.31204907722178066,0.1875,0.5,10
48317,0,0,0,10
48319,0.06625422345438903,0.023809523809523808,0.1111111111111111,10
48322,0,0,0,10
48331,0.11004588314904007,0.027777777777777776,0.3333333333333333,10
48340,0,0,0,10
48341,-0,0,0,0
48343,0.3030616450015669,0.25,0.25,10
48349,0,0,0,10
48357,0.35895421017163465,0.125,1,10
48373,0.09478836436955078,0.07692307692307693,0.25,10
48387,0.2984900352767555,0.1,1,10
48392,0.24890832702259458,0.125,0.5,10
48393,0.3052348839397011,0.125,1,10
48397,0.11004588314904007,0.07692307692307693,0.3333333333333333,10
48399,0.46392645631755636,0.3125,0.5,10
48404,0,0,0,10
48406,0.27977007305264756,0.14285714285714285,0.3333333333333333,10
48411,0.2895229882348574,0.125,1,10
48416,0,0,0,10
48423,0.4701017400374072,0.3125,0.5,10
48426,0,0,0,10
48430,0.27141359446858027,0.1875,1,10
48434,0.22009176629808014,0.0625,1,10
48441,0,0,0,10
48443,0.40350157154648025,0.1875,1,10
48447,0.8164541295309508,0.7142857142857143,1,10
48449,0.3317451658030549,0.25,0.3333333333333333,10
48456,0.8772153153380493,1,1,10
48463,0.2973694836145355,0.1875,0.5,10
48470,0.7799082337019198,0.6,0.5,10
48471,0.23504554941448536,0.1111111111111111,1,10
48479,0.5352543167750637,0.25,1,10
48481,0.8482378089219647,0.5,1,10
48483,0.35472266833604754,0.14285714285714285,1,10
48491,0,0,0,5
48499,0.9210315637601143,0.625,1,10
48503,0.5914640815742043,0.4375,0.5,10
48505,0.04963029458075423,0.0625,0.1,10
48508,0.22009176629808014,0.0625,1,10
48509,0,0,0,10
48521,0.7219549320833372,0.25,1,10
48522,0,0,0,5
48524,0,0,0,10
48525,0.5173633627401372,0.25,1,10
48533,0,0,0,10
48536,0.09362376578136639,0.16666666666666666,0.16666666666666666,10
48537,0,0,0,10
48539,0.1388624438735545,0.07692307692307693,0.5,10
48547,0.06625422345438903,0.06666666666666667,0.1111111111111111,10
48553,0,0,0,10
48557,0,0,0,10
48560,0,0,0,10
48562,0,0,0,10
48563,0,0,0,10
48567,0,0,0,10
48570,0,0,0,9
48573,0,0,0,10
48578,0,0,0,10
48581,0.2375835084056881,0.1875,0.25,10
48586,0,0,0,1
48587,0,0,0,10
48589,0,0,0,10
48590,0.07678279529108115,0.06666666666666667,0.25,10
48593,0,0,0,10
48602,0,0,0,10
48603,0,0,0,10
48605,0,0,0,10
48606,0,0,0,10
48614,0,0,0,10
48621,0,0,0,10
48629,0,0,0,10
48630,0,0,0,10
48636,0,0,0,10
48637,0,0,0,10
48640,0,0,0,10
48644,0.6172839611614817,0.4166666666666667,1,10
48658,0.4431187622308381,0.1388888888888889,1,10
48660,0.272312688806029,0.5,0.2,10
48669,0.7400488378072296,0.1794871794871795,1,10
48676,0.07444544187113133,0.09090909090909091,0.1,10
48679,-0,0,0,0
48680,-0,0,0,0
48684,0,0,0,3
48692,0.5834330535576521,0.20833333333333334,1,10
48693,-0,0,0,0
48705,-0,0,0,0
48706,0.6626837309886825,0.5,1,10
48711,0.3301376494471202,0.125,1,10
48715,0.13724972553982037,0.1111111111111111,0.3333333333333333,10
48716,0.09676403950167096,0.0625,0.5,10
48718,0.6659839369817323,0.35714285714285715,1,10
48747,0.5637884576902256,0.2857142857142857,1,10
48760,0.388244052766991,0.08108108108108109,1,10
48764,0.9107352553699233,0.6923076923076923,1,10
48767,0,0,0,10
48768,0.2784805894273036,0.1875,0.5,10
48772,0.742396244445991,0.4,1,10
48778,0.47870393709727993,0.3125,0.5,10
48780,0.13305201013572895,0.125,0.125,10
48783,0.11004588314904007,0.06666666666666667,0.3333333333333333,10
48796,0,0,0,10
48798,0,0,0,10
48799,0,0,0,10
48800,0.3932783996463063,0.1875,1,10
48802,0.07839826897867533,0.07692307692307693,0.16666666666666666,10
48807,0.2631780106628363,0.17391304347826086,0.2,10
48810,0.30308203017988256,0.1875,0.5,10
48813,0.14782949091545258,0.13333333333333333,0.16666666666666666,10
48815,0.27191445400928344,0.1875,0.5,10
48818,0,0,0,10
48819,0.2837125544970318,0.125,1,10
48820,0,0,0,10
48821,0.11004588314904007,0.0625,0.3333333333333333,10
48829,0,0,0,7
48833,0.09478836436955078,0.0625,0.25,10
48838,0.09478836436955078,0.02702702702702703,0.25,10
48846,0,0,0,10
48859,0.18340980524840012,0.06060606060606061,0.3333333333333333,10
48862,0.1388624438735545,0.08333333333333333,0.5,10
48866,0,0,0,10
48868,0,0,0,10
48886,0.5384313152574519,0.14814814814814814,1,10
48893,0.16001060205469356,0.125,0.5,10
48904,0,0,0,10
48908,0,0,0,10
48913,0.38363315291837646,0.1875,1,10
48914,0.33762517070036624,0.11428571428571428,1,10
48915,0,0,0,10
48922,0,0,0,10
48928,0,0,0,10
48929,0.727329844310522,0.3,1,6
48930,0,0,0,3
48935,0.2742654694553681,0.1875,0.3333333333333333,10
48936,0,0,0,10
48938,0.49463965556280093,0.25,1,10
48942,0,0,0,10
48945,0.876472840341192,0.6153846153846154,1,10
48947,0.38431135260440824,0.1875,1,10
48956,0,0,0,10
48964,-0,0,0,0
48971,0.2934556883974402,0.07407407407407407,1,10
48972,0,0,0,10
48976,0.06625422345438903,0.0625,0.1111111111111111,10
48977,0.6581810421830973,0.375,1,10
48979,0.6748300232896478,0.3125,1,10
48986,0.3080955555182603,0.10810810810810811,0.3333333333333333,10
48991,0.5836175861945262,0.3333333333333333,1,10
48992,0.3301376494471202,0.125,1,10
48993,0.557947567022805,0.13157894736842105,1,10
48995,0.07839826897867533,0.0625,0.16666666666666666,10
48997,0,0,0,10
48998,0.06625422345438903,0.029411764705882353,0.1111111111111111,10
49000,0,0,0,10
49001,0.41939799988819815,0.10526315789473684,1,10
49003,0,0,0,10
49007,0.09478836436955078,0.02702702702702703,0.25,10
49013,0,0,0,10
49014,0,0,0,10
49015,0,0,0,10
49026,0,0,0,10
49030,0,0,0,10
49032,0.9052116356304492,0.225,1,10
49046,0.11004588314904007,0.0625,0.3333333333333333,10
49048,0.3190469598143169,0.125,1,10
49053,0,0,0,10
49056,0,0,0,10
49057,-0,0,0,0
49073,0,0,0,10
49074,0,0,0,10
49076,0.2934556883974402,0.0625,1,10
49077,0.24890832702259458,0.18181818181818182,0.5,10
49080,-0,0,0,0
49082,0.9250795789348765,0.29411764705882354,1,10
49088,0.92663607790064,0.23684210526315788,1,10
49092,0.726883868194826,0.375,1,10
49098,-0,0,0,0
49103,0,0,0,10
49104,0.22009176629808014,0.07692307692307693,1,10
49105,0,0,0,10
49111,0.14465249243306438,0.125,0.16666666666666666,10
49118,1,1,1,10
49119,0.8456705156333397,0.5714285714285714,1,10
49128,0.3917034710587319,0.14285714285714285,0.5,10
49139,0,0,0,10
49143,0.1794254555951301,0.16666666666666666,0.14285714285714285,10
49146,0.36352581989644606,0.2857142857142857,0.5,10
49153,-0,0,0,0
49161,0.35895421017163465,0.125,1,10
49162,-0,0,0,0
49163,1,1,1,10
49166,0,0,0,10
49174,0.933745776545611,0.5625,1,10
49184,-0,0,0,0
49186,0,0,0,1
49190,-0,0,0,0
49191,0,0,0,10
49200,0,0,0,10
49201,0.4690000933206747,0.2,1,10
49208,1,0.625,1,10
49210,-0,0,0,0
49218,0.07839826897867533,0.045454545454545456,0.16666666666666666,10
49222,0.44398731441451667,0.3125,0.5,10
49233,0.7006903677841354,0.4375,1,10
49241,0.2583297509898471,0.1875,0.25,10
49244,0.5483327772244702,0.3125,1,10
49246,0.6816604510406281,0.4375,1,10
49249,0,0,0,2
49250,0.09478836436955078,0.0625,0.25,10
49257,0,0,0,10
49259,0.22009176629808014,0.08333333333333333,1,10
49261,0.07093554707553369,0.1,0.125,10
49262,0.47338717040861195,0.25,1,10
49263,1,0.7142857142857143,1,10
49268,0,0,0,1
49270,0.3559614495147142,0.25,1,10
49271,0.07336392209936005,0.05263157894736842,0.14285714285714285,10
49274,0,0,0,10
49282,1,0.625,1,10
49288,0.7938494458296914,0.4375,1,10
49290,0.6203974344166847,0.3333333333333333,1,10
49299,0,0,0,10
49303,0.8304198973631919,0.8,1,10
49305,0.24747623269413288,0.06666666666666667,0.3333333333333333,10
49310,-0,0,0,0
49318,-0,0,0,0
49323,0.1388624438735545,0.0625,0.5,10
49326,0,0,0,1
49334,0,0,0,1
49337,0.09478836436955078,0.0625,0.25,10
49340,-0,0,0,0
49344,0.22009176629808014,0.06666666666666667,1,10
49350,-0,0,0,0
49351,-0,0,0,0
49352,-0,0,0,0
49357,0,0,0,10
49371,0.3052348839397011,0.08695652173913043,1,7
49376,0.22009176629808014,0.0625,1,2
49381,-0,0,0,0
49384,-0,0,0,0
49386,0.7007731679885373,0.46153846153846156,1,10
49395,0,0,0,10
49406,0,0,0,7
49412,-0,0,0,0
49414,0.9216017310213247,0.6428571428571429,1,10
49423,0,0,0,2
49436,0.5232485172001806,0.2,1,10
49439,-0,0,0,0
49449,0.15850703974098104,0.14285714285714285,0.2,10
49451,0,0,0,10
49455,0.14187109415106738,0.1,0.5,10
49456,0.17266554942542267,0.18181818181818182,0.3333333333333333,10
49460,0.42883980903376634,0.23529411764705882,0.5,10
49468,0.9787930706003494,0.625,1,10
49477,0.4216659513531181,0.3125,0.25,10
49481,0,0,0,10
49482,0,0,0,10
49491,0.14417988546453886,0.14285714285714285,0.16666666666666666,10
49497,0,0,0,10
49499,-0,0,0,0
49504,0.8643145546088337,0.5,1,10
49507,0,0,0,10
49508,0.5637884576902256,0.25,1,10
49511,0,0,0,10
49514,0,0,0,10
49519,0.6114127466401414,0.3125,1,10
49523,0.6322742410695598,0.5,0.5,10
49526,0.35895421017163465,0.15384615384615385,1,10
49529,0.9363792118010483,0.6923076923076923,1,10
49530,0.5640548652876727,0.25,1,10
49531,0.29740901205864334,0.0625,1,10
49533,0,0,0,10
49535,0.5446757407423163,0.3333333333333333,1,10
49541,0.3001867907001922,0.1875,0.3333333333333333,10
49547,0,0,0,10
49563,0.04018236723749466,0,0,5
49564,0,0,0,9
49568,0,0,0,10
49582,0.5271064966405455,0.25,1,10
49586,0.7791714369672127,0.4375,1,10
49588,0,0,0,10
49601,0.8899541168509598,0.5625,1,10
49604,-0,0,0,0
49605,0,0,0,10
49609,-0,0,0,0
49623,0,0,0,10
49626,0.3128047789019752,0.14814814814814814,0.25,10
49643,0.5166275844242816,0,0,10
49654,0.60261837868104,0.5555555555555556,1,10
49661,-0,0,0,0
49663,-0,0,0,0
49664,-0,0,0,0
49674,-0,0,0,0
49675,0,0,0,1
49676,-0,0,0,0
49678,-0,0,0,0
49679,-0,0,0,0
49687,-0,0,0,0
49694,0,0,0,10
49696,0.31488013066763093,0.15384615384615385,1,10
49703,0.07839826897867533,0.07142857142857142,0.16666666666666666,10
49708,0.06943122193677725,0.0625,0.125,10
49712,0,0,0,10
49720,0.24573132854020638,0.1875,0.3333333333333333,10
49728,0.7967610662472991,0.4375,1,10
49729,0.5734923014668307,0.375,0.5,10
49730,0.3353985724385364,0.14285714285714285,1,10
49737,0.3301376494471202,0.125,1,10
49739,0.3503127229879588,0.15384615384615385,0.5,10
49744,0.5446757407423163,0.20833333333333334,1,10
49746,0,0,0,10
49748,0,0,0,10
49760,0,0,0,10
49761,0,0,0,10
49765,0,0,0,10
49769,0,0,0,10
49777,0.7792154226657965,0.5833333333333334,0.5,10
49778,0,0,0,10
49782,0.3372080579682881,0.25,0.3333333333333333,10
49785,0,0,0,10
49787,0.07839826897867533,0.0625,0.16666666666666666,10
49814,0.44602395029852215,0.25,1,10
49822,0.14590020080930435,0.125,0.16666666666666666,10
49825,0.07503503382803198,0.0625,0.1111111111111111,10
49830,0,0,0,10
49835,0,0,0,10
49838,0.7151857987862356,0.375,1,10
49839,0,0,0,10
49842,0,0,0,5
49843,0.15792341018882472,0.125,0.2,10
49846,0.08036473447498932,0.03333333333333333,0.25,10
49847,0,0,0,10
49852,0.20483424751859086,0.125,0.3333333333333333,10
49855,0,0,0,10
49858,0.1982726747057622,0.06666666666666667,1,10
49861,0.11004588314904007,0.08333333333333333,0.3333333333333333,10
49863,0.2835149363066189,0.1875,0.5,10
49869,0.28796149468961685,0.25,0.25,10
49881,0,0,0,1
49887,0.5552448576790282,0.375,0.5,10
49888,0.1388624438735545,0.06666666666666667,0.5,10
49893,0.22009176629808014,0.0625,1,10
49902,0.1388624438735545,0.0625,0.5,10
49904,0.77523873680463,0.5833333333333334,1,10
49908,0.0636207881989517,0.0625,0.1,10
49914,0.36792125721353275,0.1875,1,10
49923,0,0,0,10
49925,0.3301376494471202,0.125,1,10
49926,0,0,0,10
49929,0,0,0,10
49933,0.5645441593704201,0.3125,1,9
49934,0.2520649403266671,0.1875,0.3333333333333333,10
49937,0,0,0,10
49939,0.3570764765963919,0.08571428571428572,1,10
49940,0.4459588566518219,0.42857142857142855,1,10
49941,0,0,0,10
49944,0.20326358003037498,0.14285714285714285,0.3333333333333333,10
49945,0.20483424751859086,0.125,0.3333333333333333,10
49954,0,0,0,10
49967,0.21501812929496172,0.1875,0.2,10
49972,-0,0,0,0
49973,0.3600558568883671,0.25,0.5,10
49980,0.09257496258236969,0.0625,0.5,10
49981,0.34685330469621795,0.25,0.3333333333333333,10
49983,0.09684208768602304,0.06666666666666667,0.25,10
49996,0.07093554707553369,0.07142857142857142,0.125,10
50003,0.3714891073940902,0.1875,1,10
50021,0.35156209171731095,0.1875,1,10
50025,0,0,0,10
50027,0,0,0,10
50033,0,0,0,10
50035,0.2837125544970318,0.14285714285714285,1,10
50040,-0,0,0,0
50041,-0,0,0,0
50047,0.22009176629808014,0.0625,1,10
50050,0.31771035761363164,0.19230769230769232,0.3333333333333333,10
50062,0.20829366581033176,0.13333333333333333,0.5,10
50068,0,0,0,1
50070,0.3913817611255761,0.3125,0.25,10
50073,1,0.625,1,10
50074,0.08623628983735337,0.0625,0.16666666666666666,10
50078,0.7104770117651424,0.5,0.5,10
50079,0.6168295842361273,0.3125,1,10
50080,0,0,0,10
50081,0.7633048388893321,0.4375,1,10
50085,0.6917316478222679,0.375,1,10
50086,0.9149829626822983,0.6428571428571429,1,9
50089,0,0,0,1
50097,0,0,0,10
50108,0,0,0,10
50109,0.5550511878439288,0.3333333333333333,0.5,10
50110,0.08514311764162098,0.06666666666666667,0.2,10
50117,0,0,0,10
50118,-0,0,0,0
50123,1,0.625,1,10
50131,-0,0,0,0
50132,0.2974092101009605,0.2,0.5,4
50140,0.6489315753318465,0.35714285714285715,1,5
50142,0.8165901947515998,0.5,1,10
50144,0.13247580432477168,0.125,0.2,10
50148,0.9363792118010483,0.9,1,10
50153,0.14829723057014907,0.1111111111111111,0.5,10
50159,0.38648674273935935,0.25,0.5,10
50166,0,0,0,10
50169,0.9772435035399123,0.625,1,10
50170,0.9276712308866752,0.6923076923076923,1,10
50181,0.7542686714597935,0.4375,1,10
50188,0.6274092458891771,0.35714285714285715,1,10
50197,0.760079105197619,0.21875,1,10
50203,0,0,0,7
50212,0.16421958630632802,0.125,0.25,10
50216,0.09684208768602304,0.03571428571428571,0.25,10
50218,0.38591686939385267,0.125,1,10
50223,0.35256832412172806,0.2222222222222222,1,10
50228,0.7349358300248484,0.4166666666666667,1,10
50236,0.24603064935511243,0.14285714285714285,0.5,10
50237,-0,0,0,0
50238,0,0,0,1
50243,0.18660113481564067,0.0625,1,10
50245,0.4076493323639881,0.5,1,10
50246,-0,0,0,0
50247,0.22009176629808014,0.0625,1,10
50248,0.2934556883974402,0.125,1,10
50249,0,0,0,10
50251,-0,0,0,0
50262,1,0.625,1,10
50265,0.17947710508581732,0.125,0.3333333333333333,10
50266,0.8303010754742701,0.6666666666666666,1,2
50273,0.800693766409882,0.6363636363636364,1,10
50274,0.588117254396375,0.42857142857142855,1,10
50279,0.14514605925250643,0.02631578947368421,0.5,10
50290,1,0.625,1,10
50291,0,0,0,10
50302,0,0,0,2
50303,0.1990526286262915,0.1111111111111111,0.5,10
50307,0,0,0,10
50311,0.7893432297007831,0.225,1,10
50312,0,0,0,4
50323,0.0636207881989517,0.05,0.1,10
50324,0.3570764765963919,0.1875,1,10
50331,0.08514311764162098,0.0625,0.2,10
50334,0.6149518506608846,0.375,1,10
50354,-0,0,0,0
50356,0,0,0,10
50363,0.8000460734455755,0.375,1,6
50372,0,0,0,10
50375,0.09478836436955078,0.0625,0.25,10
50380,0.43937507707201423,0.25,1,10
50387,0.046168179938780224,0.0625,0.1111111111111111,10
50393,1,0.625,1,10
50410,0.27611634894908776,0.25,0.2,10
50419,-0,0,0,0
50428,0,0,0,10
50429,0.41599630237747487,0.1875,1,10
50431,0.05226551265245022,0.06666666666666667,0.16666666666666666,10
50434,0,0,0,10
50435,0.05942804319678212,0.09090909090909091,0.14285714285714285,10
50437,0,0,0,10
50438,0.937028591291975,0.625,1,10
50441,0,0,0,10
50442,0.24618570546556082,0.1875,0.25,10
50444,0.16815228646891084,0.125,0.25,10
50445,0.8991941566241298,0.8,1,10
50446,0.22009176629808014,0.06666666666666667,1,10
50449,0.33634870071741213,0.07692307692307693,0.5,3
50465,0,0,0,10
50469,0.0636207881989517,0.0625,0.1,10
50478,0,0,0,10
50488,0.12104793636744006,0.0625,0.3333333333333333,10
50494,0.4027985368648313,0.2222222222222222,1,10
50495,0.549957664437687,0.46153846153846156,1,10
50501,0,0,0,10
50503,0.3510752197275919,0.15,0.5,10
50510,0,0,0,10
50530,1,1,1,10
50536,0.6581810421830973,0.375,1,10
50542,0.4059288529697305,0.3333333333333333,0.2,10
50549,0,0,0,10
50552,0,0,0,10
50559,0,0,0,10
50560,0,0,0,10
50563,0,0,0,10
50564,0.08514311764162098,0.0625,0.2,10
50565,0.07336392209936005,0.025,0.14285714285714285,10
50582,0,0,0,10
50584,0,0,0,10
50585,0,0,0,10
50592,0.7155144965833665,0.375,1,10
50607,0.22009176629808014,0.02564102564102564,1,10
50617,0,0,0,10
50618,0.06646866534384419,0.06666666666666667,0.16666666666666666,10
50623,0,0,0,10
50625,0.2876263497141272,0.2,0.5,10
50630,0.475539986305125,0.1875,1,10
50633,0.22009176629808014,0.0625,1,10
50639,0,0,0,1
50641,0.2893816602237692,0.125,1,10
50642,0.2866919347890071,0.1875,0.5,10
50643,0.5770471159440248,0.25,1,10
50645,0,0,0,6
50648,0.8899541168509598,0.6428571428571429,1,10
50662,0.7330743040680021,0.20689655172413793,1,10
50665,0.35895421017163465,0.125,1,10
50668,0.6947651160602988,0.5,0.5,10
50669,0.6556574762888142,0.42857142857142855,1,10
50672,0,0,0,10
50673,-0,0,0,0
50674,0.8521705090845474,0.5333333333333333,1,10
50675,-0,0,0,0
50678,0.21801641453242443,0.1875,0.16666666666666666,10
50681,0,0,0,10
50696,0.22009176629808014,0.0625,1,10
50697,0.6020521034564037,0.4166666666666667,1,10
50700,0.07839826897867533,0.0625,0.16666666666666666,10
50705,0.45877692142050075,0.25,1,10
50710,0,0,0,10
50711,0,0,0,10
50714,-0,0,0,0
50733,0,0,0,10
50742,0,0,0,10
50744,0,0,0,7
50750,-0,0,0,0
50752,0.5905514676828832,0.3333333333333333,1,10
50754,0.39828345179296665,0.12,0.5,10
50755,0.4458567890377042,0.375,0.25,10
50779,0.4074153667635756,0.2857142857142857,0.5,10
50788,1,0.625,1,10
50789,0.35895421017163465,0.13333333333333333,1,2
50798,0.1388624438735545,0.0625,0.5,10
50800,0.3903800499921017,0.25,1,10
50801,0.49722434689424005,0.23076923076923078,1,10
50804,0,0,0,10
50806,0.4382049114527541,0.25,1,10
50807,0,0,0,10
50808,0.22623018375847734,0.2857142857142857,0.16666666666666666,10
50815,-0,0,0,0
50817,0.615406227586239,0.375,1,10
50824,0.09684208768602304,0.0625,0.25,10
50833,0.574632367479526,0.6,1,10
50841,0.33405144466421555,0.1875,0.5,10
50843,0,0,0,10
50850,0.07839826897867533,0.0625,0.16666666666666666,10
50856,0.26845503571754253,0.2,0.3333333333333333,10
50862,0.06943122193677725,0.0625,0.125,10
50869,0,0,0,10
50874,0.08514311764162098,0.07142857142857142,0.2,10
50894,1,0.7142857142857143,1,10
50895,0.03302586638366358,0,0,4
50898,0.7083635386001691,0.4375,1,10
50899,0.45371932143008076,0.21428571428571427,1,10
50901,0.7411902110103872,0.2692307692307692,1,10
50902,0,0,0,10
50904,0,0,0,10
50917,0.29740901205864334,0.09090909090909091,1,10
50921,-0,0,0,0
50925,0.17169261031494448,0.06666666666666667,1,10
50930,0.7713707099946513,0.6666666666666666,1,10
50931,0.41372492182403026,0.25,1,10
50943,0,0,0,10
50950,0.6698623505528797,0.5,0.5,10
50960,1,0.7142857142857143,1,10
50962,0.14874433492765377,0.07692307692307693,0.5,10
50972,0,0,0,10
50978,0.22009176629808014,0.0625,1,10
50980,0,0,0,10
50983,0.6214011939609387,0.4375,0.5,10
50984,0,0,0,10
50985,0,0,0,10
50990,0,0,0,7
50997,0.046287481291184845,0.05,0.125,10
51020,0,0,0,10
51036,0,0,0,10
51037,0.4440973278132556,0.1875,1,10
51041,0.5849390476446391,0.3333333333333333,1,10
51046,0.22009176629808014,0.03571428571428571,1,10
51055,0.9363792118010483,0.5625,1,10
51056,0.7075790686744426,1,0.25,10
51065,0,0,0,10
51066,0.727329844310522,0.46153846153846156,1,10
51070,0.388244052766991,0.2,1,10
51075,0,0,0,10
51077,0,0,0,10
51080,0,0,0,10
51084,0,0,0,10
51085,0,0,0,10
51090,0,0,0,10
51092,0,0,0,10
51093,0,0,0,10
51096,0,0,0,7
51098,0,0,0,10
51120,0.48567484305068537,0.4,0.5,5
51121,-0,0,0,0
51123,0.9094987067248556,0.8,1,8
51127,0,0,0,10
51128,-0,0,0,0
51129,0.6489315753318465,0.3125,1,10
51133,0.5388856921828065,0.26666666666666666,1,10
51134,0.227162174819248,0.1875,0.2,10
51147,0.3349726872332391,0.2,0.5,10
51162,0.5108611130340501,0.35714285714285715,1,10
51164,0.19930623359011798,0.1875,0.125,10
51167,0.5795003533950693,0.3125,1,10
51171,0.6316243658611127,0.4,1,10
51174,0.846569283139029,0.5555555555555556,1,10
51175,0.4804509806857551,0.25,1,10
51179,0.0636207881989517,0.06666666666666667,0.1,10
51184,0.3301376494471202,0.06451612903225806,1,10
51199,0.15887143153726957,0.2222222222222222,0.2,10
51200,-0,0,0,0
51201,0.07336392209936005,0.0625,0.14285714285714285,10
51204,0.424926013816671,0.1875,1,10
51209,0.4561519921593204,0.3076923076923077,1,10
51215,0,0,0,10
51216,0,0,0,10
51221,0,0,0,10
51222,0,0,0,10
51225,0.5067321766826492,0.5,1,10
51226,0,0,0,10
51227,0.2816372027313761,0.25,0.16666666666666666,10
51228,0,0,0,10
51230,0.42311711770063837,0.45454545454545453,0.3333333333333333,10
51254,0.54739836229935,0.25,1,10
51260,0.16421958630632802,0.125,0.25,10
51262,0.46664232174566633,0.25,1,10
51267,0,0,0,10
51268,0.2258555984729686,0.2727272727272727,0.3333333333333333,10
51273,0,0,0,10
51284,0.7759944384848244,0.5,1,10
51285,0.5423640154200348,0.125,1,10
51304,0.42333070005078094,0.25,1,10
51305,0.3557772116892464,0.1875,1,10
51313,0.6664582119640974,0.3125,1,10
51316,0,0,0,10
51321,0,0,0,2
51322,-0,0,0,0
51324,0,0,0,10
51325,0,0,0,1
51326,0,0,0,4
51328,0,0,0,6
51335,0,0,0,3
51340,0,0,0,10
51341,0.7917063341896682,0.7272727272727273,1,10
51345,0.9787930706003494,0.30303030303030304,1,10
51347,0.17947710508581732,0.125,0.3333333333333333,10
51348,0,0,0,10
51350,0.686715183098259,0.375,1,10
51353,0.8532721558012798,0.24324324324324326,0.5,10
51367,0.571784330788741,0.25,1,10
51371,0.5887498202463199,0.3125,1,10
51372,0,0,0,10
51379,0,0,0,10
51380,0.11004588314904007,0.07142857142857142,0.3333333333333333,10
51383,0.1467278441987201,0.02564102564102564,1,10
51386,0,0,0,10
51387,0.4982710309705436,0.1282051282051282,0.5,10
51388,0,0,0,10
51389,0.13621083848786325,0.125,0.25,10
51391,0,0,0,4
51395,0.929640810185802,0.5625,1,10
51398,0.9160297054475377,0.5625,1,10
51407,0.38852647257634365,0.25,0.5,10
51414,0.24416402424909495,0.13043478260869565,0.5,10
51415,0.808397198867407,0.75,1,10
51418,0,0,0,10
51419,0,0,0,10
51420,0,0,0,1
51423,0,0,0,10
51425,0,0,0,10
51426,0,0,0,10
51427,0.845519325279726,0.7777777777777778,1,10
51430,0,0,0,10
51437,0,0,0,10
51442,0,0,0,10
51443,0.7133080652109928,0.4375,1,10
51446,-0,0,0,0
51451,0,0,0,10
51454,0.727329844310522,0.5454545454545454,1,10
51464,0.11004588314904007,0.0625,0.3333333333333333,10
51466,0,0,0,10
51467,0.6210543372381025,0.1794871794871795,1,10
51472,0.8512360941594272,0.5,1,10
51479,0.5384313152574519,0.25,1,10
51480,0.569554082887391,0.3125,1,6
51482,0.6851198693323689,0.5,0.5,10
51483,0.3844985279826931,0.125,1,10
51485,0.5536451161329059,0.2857142857142857,1,10
51493,0.7378480779476115,0.4,1,10
51494,0.571271447819419,0.35714285714285715,1,10
51495,0,0,0,10
51496,0.14067013006711881,0.25,0.25,10
51498,0.35895421017163465,0.125,1,2
51511,-0,0,0,0
51514,0.4482145606127126,0.3125,0.5,10
51521,0.24890832702259458,0.125,0.5,10
51522,0,0,0,10
51524,0.6722390270733755,0.375,1,10
51532,0,0,0,8
51534,0.11004588314904007,0.0625,0.3333333333333333,10
51540,0.06943122193677725,0.030303030303030304,0.125,10
51541,0.06943122193677725,0.038461538461538464,0.125,10
51544,0.5216414792035848,0.3,1,4
51545,0,0,0,10
51549,0.14465249243306438,0.05128205128205128,0.16666666666666666,10
51558,-0,0,0,0
51559,0.17817234754688208,0,0,10
51560,1,0.6666666666666666,1,10
51564,-0,0,0,0
51569,0,0,0,10
51571,0.07839826897867533,0.0625,0.16666666666666666,10
51579,-0,0,0,0
51581,0.9132354711554559,0.75,1,10
51582,0.35327290151359564,0.2,1,10
51584,1,0.625,1,10
51593,0.30247629691873634,0.3333333333333333,0.3333333333333333,10
51595,0.29740901205864334,0.0625,1,10
51598,0.45650001423154074,0.13333333333333333,1,10
51607,0.459852125115776,0.2222222222222222,1,10
51609,0.5311576535478315,0.21428571428571427,1,10
51619,0.931817100135127,1,1,10
51620,0.6597133113683123,0.36363636363636365,1,10
51625,0.5698664345004878,0.25,1,10
51626,0.507420608541331,0.4,1,10
51628,1,0.625,1,10
51629,0.4827320268242777,0.26666666666666666,1,10
51632,0.7749396565544684,0.5,1,10
51637,0.13565197343244778,0.3333333333333333,0.1,10
51641,0.6961622681399229,0.375,1,10
51653,0.2924400736592486,0.25,0.3333333333333333,10
51657,0.9361229018082607,0.8333333333333334,1,10
51660,0.7164198112122201,0.3333333333333333,1,5
51675,0.1388624438735545,0.0625,0.5,10
51676,0.34369669139214537,0.2,0.5,10
51678,0.4825387500873842,0.375,0.3333333333333333,10
51688,0,0,0,10
51693,0.6489315753318465,0.3125,1,10
51695,0,0,0,10
51699,0,0,0,10
51700,0,0,0,10
51703,0.7453665702872228,0.4375,1,10
51709,0.5110708119137541,0.2857142857142857,1,10
51711,0,0,0,10
51718,0,0,0,10
51721,0,0,0,8
51726,0.3400724822828248,0.1875,0.5,10
51729,0.2300510610426737,0.0625,1,10
51743,0.4099509148465344,0.26666666666666666,0.5,10
51746,0.914856882358379,0.5625,1,10
51763,-0,0,0,0
51766,0.26742619438551957,0.0625,1,10
51771,0.7148131173979666,0.5714285714285714,1,10
51782,0.7765472887251024,0.4375,1,10
51793,0.22491436489665817,0.2,0.25,10
51800,0.15694001734289081,0.16666666666666666,0.3333333333333333,7
51802,1,0.7692307692307693,1,10
51809,0.7434368120239636,0.625,0.5,10
51811,0,0,0,10
51819,0,0,0,10
51825,0.7799082337019198,0.42857142857142855,0.5,10
51835,0.6975961695061491,0.4375,1,10
51839,0.70844095012329,0.5,1,10
51840,0.37320226963128134,0.125,1,10
51855,0,0,0,10
51863,0.661238781975958,0.42857142857142855,1,9
51871,0.5360735436824436,0.3125,1,10
51883,0,0,0,10
51888,0.2850446082848328,0.038461538461538464,1,10
51893,0,0,0,10
51899,0.9363792118010483,0.5625,1,10
51901,0.6247830090489183,0.375,1,10
51904,0.7134630584045341,1,0.5,10
51911,0.41939799988819815,0.11428571428571428,1,10
51916,0,0,0,10
51920,0,0,0,1
51922,0,0,0,10
51927,0.2781981696179509,0.1875,0.3333333333333333,10
51929,0.7895824443329237,0.6363636363636364,1,10
51937,0,0,0,10
51938,0.20728952897194158,0.125,0.5,10
51950,0.18087413465967989,0.14285714285714285,0.2,10
51954,0.35388057316851623,0.25,0.5,10
51959,0.6122496142821665,0.3125,1,10
51983,0.33639591040291184,0.10526315789473684,1,10
51984,0.08194584134522671,0.037037037037037035,0.16666666666666666,10
51994,0,0,0,10
52003,0.2984900352767555,0.125,1,10
52004,0,0,0,10
52015,0.35895421017163465,0.125,1,10
52016,0.0636207881989517,0.0625,0.1,10
52018,0,0,0,10
52021,0.4555063662225036,0.375,1,10
52028,0.5517854393872873,0.3333333333333333,1,10
52033,-0,0,0,0
52036,0.07839826897867533,0.01694915254237288,0.16666666666666666,10
52045,0.47842151728792726,0.25,1,10
52047,0.42275525925209295,0.26666666666666666,0.5,10
52051,0.6549096066931119,0.375,1,10
52056,0.11004588314904007,0.0625,0.3333333333333333,10
52060,0.4225749983705864,0.125,1,10
52064,0.5302440401532265,0.375,1,10
52073,0.15176219107803537,0.125,0.16666666666666666,10
52078,0.5196575323691327,0.2,1,10
52079,0,0,0,1
52084,1,1,1,10
52087,0,0,0,1
52093,0,0,0,3
52099,0,0,0,2
52100,-0,0,0,0
52102,0.8611375561264454,0.5625,1,10
52105,-0,0,0,0
52106,0,0,0,5
52109,0.5951558524119668,0.25,1,10
52115,0.14201905717762703,0.125,0.16666666666666666,10
52123,0.16012845094390415,0.14285714285714285,0.14285714285714285,10
52126,0.15726617308658694,0.0625,0.5,10
52139,0.3921578479840863,0.25,0.5,10
52143,1,0.625,1,10
52147,0.33905102793220687,0.16666666666666666,1,3
52149,-0,0,0,0
52160,0.35895421017163465,0.125,1,4
52163,-0,0,0,0
52167,0.381768408209305,1,0.1,10
52175,0.2240055615151755,0.125,0.5,10
52177,0.6200170080541401,0.5555555555555556,0.5,10
52179,-0,0,0,0
52188,0.42887076988450823,0.25,1,10
52189,0.30701473034246535,0.1875,0.5,10
52207,0,0,0,10
52208,0.16872714292220853,0.07692307692307693,0.5,10
52211,0.24966402870278917,0.23076923076923078,0.3333333333333333,10
52212,0.7827392871477701,0.5333333333333333,1,10
52214,0.9415695295595564,0.6428571428571429,1,10
52219,0.07336392209936005,0.0625,0.14285714285714285,10
52222,0.2709881365155743,0.1111111111111111,1,10
52228,0.7720617383222417,0.4666666666666667,1,10
52230,0.07336392209936005,0.038461538461538464,0.14285714285714285,10
52232,0,0,0,10
52236,0,0,0,10
52241,-0,0,0,0
52243,0.07336392209936005,0.02631578947368421,0.14285714285714285,10
52245,-0,0,0,0
52248,0,0,0,10
52249,-0,0,0,0
52255,0,0,0,10
52257,0.1789618233060585,0.13333333333333333,0.14285714285714285,10
52261,0.17318663334822612,0.125,0.25,10
52262,0.7136328351718023,0.23684210526315788,1,10
52272,0,0,0,10
52279,0.11004588314904007,0.0625,0.3333333333333333,10
52281,0.7759944384848244,0.5,1,10
52284,0.22009176629808014,0.07142857142857142,1,10
52285,0.25309071438331276,0.14285714285714285,0.5,10
52286,0.841492960259019,0.5,1,10
52287,0,0,0,10
52291,0.627584966092839,0.25,1,10
52292,0.8091026734983537,0.18421052631578946,1,10
52293,1,0.30303030303030304,1,10
52299,0,0,0,10
52301,0.05968602240696155,0.0625,0.1111111111111111,10
52307,0,0,0,10
52312,-0,0,0,0
52320,0,0,0,10
52322,0,0,0,10
52330,0.800693766409882,0.4375,1,10
52338,0.17997853847733675,0.07692307692307693,0.3333333333333333,10
52348,-0,0,0,0
52349,0,0,0,2
52351,0,0,0,4
52352,-0,0,0,0
52353,0,0,0,10
52357,0,0,0,10
52362,0,0,0,10
52364,0,0,0,10
52365,0,0,0,10
52370,0,0,0,2
52378,0,0,0,10
52388,0,0,0,3
52393,0,0,0,10
52394,0,0,0,10
52399,0,0,0,8
52400,0,0,0,10
52406,0,0,0,7
52407,-0,0,0,0
52410,0,0,0,3
52412,0,0,0,2
52413,0,0,0,10
52415,0,0,0,10
52422,0,0,0,10
52438,-0,0,0,0
52439,-0,0,0,0
52443,0,0,0,6
52453,-0,0,0,0
52454,-0,0,0,0
52455,-0,0,0,0
52462,0,0,0,2
52463,0,0,0,5
52465,0,0,0,10
52467,0,0,0,10
52473,0,0,0,7
52476,0,0,0,10
52479,0,0,0,10
52480,0,0,0,10
52481,0,0,0,6
52482,-0,0,0,0
52485,0,0,0,5
52486,0,0,0,10
52498,0.1982726747057622,0.08333333333333333,1,10
52502,1,0.2631578947368421,1,10
52503,0.7917267193679839,0.19444444444444445,1,10
52513,0.3154909520426466,0.1111111111111111,1,10
52528,-0,0,0,0
52540,0.06625422345438903,0.0625,0.1111111111111111,10
52549,0.26845503571754253,0.1875,0.3333333333333333,10
52552,-0,0,0,0
52559,0.6371523797895855,0.3125,1,10
52560,0.8247181854654134,0.5833333333333334,1,10
52569,0.44803002797583846,0.16666666666666666,1,10
52573,0.8165971834090969,0.5454545454545454,1,10
52587,0,0,0,10
52591,-0,0,0,0
52592,0,0,0,1
52593,-0,0,0,0
52595,-0,0,0,0
52596,0,0,0,2
52605,0,0,0,1
52615,-0,0,0,0
52616,0,0,0,1
52618,0,0,0,1
52621,-0,0,0,0
52623,0,0,0,2
52624,-0,0,0,0
52626,0,0,0,2
52637,-0,0,0,0
52640,0,0,0,10
52648,0,0,0,1
52664,0.34369669139214537,0.1875,0.5,10
52665,0.07839826897867533,0.0625,0.16666666666666666,10
52666,0.37850091886658266,0.1875,1,10
52671,0.5750739861833288,0.4375,0.5,10
52682,0.611795237356812,0.3125,1,10
52683,0.08514311764162098,0.025,0.2,10
52696,0.6371523797895855,0.35714285714285715,1,10
52705,0.8399989326651914,0.2631578947368421,1,10
52715,0,0,0,10
52718,1,0.625,1,10
52720,0.7349358300248484,0.375,1,10
52723,0.41303447008158656,0.25,1,10
52734,0.29740901205864334,0.0625,1,1
52735,0.34268060441006465,0.15789473684210525,0.3333333333333333,7
52737,-0,0,0,0
52742,-0,0,0,0
52747,1,0.625,1,10
52750,1,0.6666666666666666,1,10
52759,0.1624889644740723,0.07692307692307693,0.5,2
52760,1,1,1,10
52774,0.13338308751554268,0,0,1
52783,0.400448803935945,0.14285714285714285,1,5
52791,0.9597446729150313,0.625,1,10
52797,-0,0,0,0
52800,0.3301376494471202,0.14285714285714285,1,10
52814,0,0,0,6
52816,0.20827328063201606,0.08108108108108109,0.16666666666666666,10
52825,0.2837125544970318,0.047619047619047616,1,10
52826,0.22009176629808014,0.037037037037037035,1,10
52830,0.2570612212543421,0.4,0.2,10
52835,0.4818809355796681,0.3125,0.5,10
52849,-0,0,0,0
52855,0.646484293897638,0.3125,1,10
52874,0.24803724176151162,0.375,0.16666666666666666,10
52883,-0,0,0,0
52884,-0,0,0,0
52885,0,0,0,2
52886,0,0,0,10
52891,0.8862758286118704,0.5,1,10
52900,0,0,0,10
52901,0.8603818544462509,0.5,1,10
52938,0.22009176629808014,0.0625,1,10
52946,0.3499667779514209,0.1875,1,10
52947,0.10426501719323238,0.06666666666666667,0.25,10
52955,0.19216045592265107,0.125,0.25,10
52958,0.5305455297539707,0.375,0.5,10
52964,0.781167618929808,0.5714285714285714,1,10
52969,0.19518900079066107,0.125,0.3333333333333333,10
52980,0,0,0,10
52982,-0,0,0,0
52984,0.7653606369886218,0.6666666666666666,1,10
52985,0,0,0,10
52995,0.38317041576387256,0.17857142857142858,0.25,10
52998,0.3746661058764784,0.1875,1,10
53003,0,0,0,10
53004,0.22009176629808014,0.0625,1,10
53007,0,0,0,10
53015,0.23774123393744828,0.125,1,10
53020,1,0.625,1,10
53037,0.2205605109996152,0.3333333333333333,0.2,10
53040,0.21819512777734992,0.11538461538461539,0.2,10
53042,0.21410312967232764,0.18181818181818182,0.3333333333333333,10
53046,0.9168020790150266,0.625,1,10
53049,0,0,0,10
53055,0.933745776545611,0.23076923076923078,1,10
53062,0.5231568146400266,0.25,1,10
53063,0,0,0,10
53065,0,0,0,10
53066,0.3397597505410597,0.25,0.5,10
53070,0,0,0,10
53073,0.22009176629808014,0.0625,1,10
53077,0.17376435169925813,0.23076923076923078,0.25,10
53079,0,0,0,10
53094,0.35895421017163465,0.13333333333333333,1,10
53096,0.11038289257632194,0.16666666666666666,0.2,10
53099,0.06943122193677725,0.0625,0.125,10
53106,0,0,0,10
53112,0.21538297927698707,0.1875,0.16666666666666666,10
53113,1,0.625,1,10
53114,-0,0,0,0
53121,0.2865730402066406,0.125,1,10
53126,0.1671604549662023,0.3333333333333333,0.16666666666666666,10
53127,0,0,0,10
53139,0,0,0,10
53142,0.2781778433585695,0.1111111111111111,1,10
53145,0.3621108234757072,0.1875,1,10
53153,0,0,0,10
53156,0,0,0,10
53165,0,0,0,10
53175,0.7104770117651424,0.5,0.5,10
53180,0.35895421017163465,0.13333333333333333,1,10
53181,0.09487735099910263,0.14285714285714285,0.3333333333333333,10
53184,0.3932783996463063,0.1875,1,10
53186,0.16354138662029633,0.125,0.2,10
53190,0.07336392209936005,0.0625,0.14285714285714285,10
53194,0.22009176629808014,0.0625,1,10
53207,0,0,0,10
53213,0.6323816992918825,0.3125,1,10
53217,0.8664179043290752,0.5,1,10
53219,0.6863378549187967,0.4375,1,10
53225,0.22009176629808014,0.0625,1,10
53234,-0,0,0,0
53252,0.3499667779514209,0.23076923076923078,1,10
53253,0.07839826897867533,0.0625,0.16666666666666666,10
53255,0.31896186534078885,0.15384615384615385,1,10
53260,0.16139724848992007,0.0625,1,10
53272,0.4000232483092519,0.1875,1,10
53274,0.4690000933206747,0.1875,1,10
53275,0.1356854453911663,0.06451612903225806,0.125,10
53281,0.33405144466421555,0.13636363636363635,0.5,10
53284,0.10086747116627115,0.16666666666666666,0.14285714285714285,10
53296,0.6161492273325739,0.375,1,10
53302,0.6193336704754597,0.35714285714285715,0.5,10
53309,0.6062415623539279,0.4375,0.5,10
53314,0,0,0,8
53316,0.07205258390751174,0.0625,0.1,10
53319,-0,0,0,0
53328,0.24890832702259458,0.13333333333333333,0.5,10
53332,0.19930623359011798,0.2,0.125,10
53336,0.7781065594634735,0.4666666666666667,1,10
53344,0,0,0,2
53345,0.21222636597291455,0.09090909090909091,0.5,10
53354,0.7909506325094736,0.30434782608695654,1,10
53356,0,0,0,2
53361,0.5792185495881602,0.2857142857142857,1,7
53374,0.9336030873670723,0.8333333333333334,1,10
53377,0.08514311764162098,0.0625,0.2,10
53378,0,0,0,10
53390,0,0,0,10
53393,0.6074374775444462,0.45454545454545453,1,10
53394,0,0,0,5
53399,0.36540496702700836,0.23076923076923078,1,10
53401,0.2134190485129175,0.2,0.3333333333333333,10
53402,0.27448142000487064,0.3,0.3333333333333333,10
53405,0.40217439589589565,0.25,0.5,10
53409,0.39194510509057084,0.1875,1,10
53412,0.9567083294488864,0.625,1,10
53418,0.07839826897867533,0.0625,0.16666666666666666,10
53420,0,0,0,10
53427,0.051535670955269286,0.0625,0.1,10
53428,0.2240055615151755,0.14285714285714285,0.5,8
53430,0.22677078881108612,0.1,0.1111111111111111,10
53437,0,0,0,10
53442,0.6961622681399229,0.375,1,10
53445,0,0,0,1
53447,0,0,0,1
53451,-0,0,0,0
53453,0.4396029924107639,0.2857142857142857,1,4
53456,-0,0,0,0
53462,0,0,0,10
53464,0.252800281760233,0.09090909090909091,0.5,10
53475,0,0,0,10
53483,0.3636237070689246,0.25,0.5,10
53486,0,0,0,10
53495,-0,0,0,0
53511,0.1884441521277154,0.125,0.3333333333333333,10
53512,0.388244052766991,0.23076923076923078,1,10
53514,0,0,0,10
53520,0.10153380441631457,0.08333333333333333,0.25,10
53521,0,0,0,10
53525,0,0,0,10
53531,0.25476549787484776,0.2,0.25,10
53532,0,0,0,10
53535,0,0,0,10
53538,0,0,0,10
53543,0,0,0,10
53545,-0,0,0,0
53547,0.5824979621535463,0.3125,1,10
53551,0,0,0,10
53554,0.2024832320725062,0.06666666666666667,0.5,10
53558,0,0,0,10
53560,0,0,0,10
53567,0.45650001423154074,0.13333333333333333,1,2
53586,0.5955686284397018,0.6666666666666666,1,10
53587,0,0,0,10
53591,0,0,0,10
53598,0.48638523927211863,0.3333333333333333,0.5,10
53607,0.9267582364714125,1,1,10
53611,0,0,0,10
53615,0.09478836436955078,0.0625,0.25,10
53616,0,0,0,10
53626,0,0,0,10
53633,1,1,1,10
53639,0,0,0,10
53643,0.07839826897867533,0.0625,0.16666666666666666,10
53651,0,0,0,10
53654,0,0,0,10
53655,0.4298595603099609,0.25,1,10
53657,0.24890832702259458,0.125,0.5,10
53686,0.5513275302443498,0.3,1,10
53694,0,0,0,10
53697,0.727329844310522,0.14285714285714285,1,8
53698,0,0,0,10
53703,0,0,0,3
53706,-0,0,0,0
53708,0.22009176629808014,0.0625,1,10
53721,0.9363792118010483,0.5625,1,10
53729,0.5163134845149011,0.1875,1,10
53733,0.35895421017163465,0.14285714285714285,1,9
53754,0,0,0,10
53766,-0,0,0,0
53768,-0,0,0,0
53777,0,0,0,1
53778,0.17947710508581732,0.14285714285714285,0.3333333333333333,10
53785,0,0,0,10
53789,-0,0,0,0
53800,-0,0,0,0
53807,0,0,0,10
53808,0,0,0,10
53809,0,0,0,8
53813,0,0,0,8
53821,0.07839826897867533,0.0625,0.16666666666666666,10
53822,0,0,0,10
53824,-0,0,0,0
53830,0,0,0,10
53835,-0,0,0,0
53842,0,0,0,10
53847,0.3062386434839551,0.3076923076923077,0.25,10
53849,0.2575389154724167,0.1,1,10
53850,0,0,0,10
53854,0.47870393709727993,0.3125,0.5,10
53857,-0,0,0,0
53868,-0,0,0,0
53871,0,0,0,4
53875,0,0,0,4
53878,0,0,0,4
53882,0.29727159644205703,0.1875,0.5,10
53893,0.07255826605313175,0,0,10
53896,0,0,0,10
53899,0,0,0,1
53903,0.023143740645592423,0,0,10
53904,-0,0,0,0
53906,0,0,0,10
53908,-0,0,0,0
53914,-0,0,0,0
53916,0.12104793636744006,0.06666666666666667,0.3333333333333333,10
53917,0.24926098697416302,0.06666666666666667,1,10
53918,0,0,0,8
53923,-0,0,0,0
53924,0.35895421017163465,0.125,1,10
53927,0.5868720866710773,0.375,1,10
53933,0,0,0,10
53950,0.07336392209936005,0.0625,0.14285714285714285,10
53952,0,0,0,2
53953,-0,0,0,0
53956,0,0,0,10
53963,0.12463049348708151,0.06666666666666667,0.3333333333333333,10
53965,0.8701249883466592,0.5,1,8
53966,0.4412851793128928,0.25,1,10
53976,0,0,0,10
53983,0,0,0,10
53987,0,0,0,1
53989,0,0,0,1
53994,-0,0,0,0
53996,0.15550094567970055,0.125,0.3333333333333333,10
54003,0,0,0,1
54005,0,0,0,1
54017,0,0,0,1
54023,0.22009176629808014,0.0625,1,10
54034,0,0,0,1
54039,0.45374257454118544,0.26666666666666666,1,10
54040,0.5220328596374271,0.46153846153846156,0.5,10
54044,0,0,0,10
54053,0,0,0,1
54057,0,0,0,1
54059,0,0,0,10
54062,0,0,0,10
54069,0.5455206287241073,0.3125,1,10
54072,0,0,0,10
54076,0,0,0,1
54077,-0,0,0,0
54082,0,0,0,1
54083,0,0,0,1
54092,0,0,0,10
54093,0,0,0,10
54101,0,0,0,1
54103,0,0,0,1
54107,0.2735872697693364,0.07894736842105263,0.3333333333333333,10
54111,0,0,0,10
54112,0.16815228646891084,0.125,0.25,10
54115,0.38113435412201996,0.1875,1,10
54118,0,0,0,1
54119,0,0,0,10
54124,0.38109544423199004,0.1875,1,10
54125,0,0,0,1
54126,0.8701249883466592,0.5333333333333333,1,10
54133,-0,0,0,0
54135,0,0,0,6
54139,0.04512647629987242,0.0625,0.1111111111111111,10
54145,0,0,0,3
54146,0,0,0,10
54150,0,0,0,4
54154,0,0,0,3
54162,-0,0,0,0
54169,0,0,0,9
54170,-0,0,0,0
54174,-0,0,0,0
54178,0.13698471029831175,0.08,0.14285714285714285,10
54181,0,0,0,1
54187,0,0,0,10
54192,0,0,0,10
54194,0,0,0,1
54205,0,0,0,10
54218,-0,0,0,0
54233,0,0,0,3
54234,0,0,0,3
54242,0,0,0,1
54243,0,0,0,1
54248,-0,0,0,0
54255,-0,0,0,0
54256,-0,0,0,0
54258,-0,0,0,0
54262,0,0,0,4
54266,-0,0,0,0
54270,0,0,0,5
54278,0,0,0,3
54282,-0,0,0,0
54283,0,0,0,1
54285,0,0,0,1
54287,0,0,0,1
54297,-0,0,0,0
54300,-0,0,0,0
54301,-0,0,0,0
54304,-0,0,0,0
54307,-0,0,0,0
54308,-0,0,0,0
54313,0,0,0,2
54314,0,0,0,10
54325,-0,0,0,0
54339,-0,0,0,0
54363,0,0,0,1
54366,0,0,0,2
54370,-0,0,0,0
54371,0,0,0,1
54374,-0,0,0,0
54381,0,0,0,2
54391,0,0,0,2
54394,0.1396181455537491,0.125,0.14285714285714285,10
54404,0,0,0,1
54408,0,0,0,10
54409,0,0,0,10
54414,0,0,0,1
54415,-0,0,0,0
54417,0,0,0,1
54418,0,0,0,6
54427,0.17630010660342912,0.125,0.3333333333333333,10
54429,0,0,0,10
54439,0,0,0,10
54453,0,0,0,10
54454,0,0,0,10
54456,0.31691619230948354,0.05714285714285714,0.25,10
54458,0.08514311764162098,0.0625,0.2,10
54459,0.06625422345438903,0.07142857142857142,0.1111111111111111,10
54460,0.22009176629808014,0.014925373134328358,1,10
54471,0.09478836436955078,0.06666666666666667,0.25,10
54475,0,0,0,10
54478,0,0,0,3
54480,0,0,0,4
54483,0,0,0,10
54488,0.35895421017163465,0.125,1,10
54489,0,0,0,1
54490,0.07336392209936005,0.045454545454545456,0.3333333333333333,10
54492,0,0,0,10
54503,0,0,0,2
54511,0,0,0,10
54514,0.20829366581033176,0.14285714285714285,0.5,10
54515,0.29928434285951766,0.125,1,10
54519,0.31488013066763093,0.125,1,10
54523,0,0,0,10
54524,0.34369669139214537,0.1875,0.5,10
54531,0,0,0,10
54539,0.09120217140065603,0.0625,0.2,10
54544,0,0,0,10
54548,0,0,0,10
54551,0,0,0,10
54552,0,0,0,10
54557,0.3570764765963919,0.25,1,10
54558,0,0,0,10
54562,0.09120217140065603,0.07142857142857142,0.2,10
54566,0.5423640154200348,0.25,1,10
54581,0,0,0,1
54582,-0,0,0,0
54585,0,0,0,1
54594,0,0,0,10
54596,0.6906478832608417,0.4,1,10
54601,0,0,0,10
54611,0.39375843764607193,0.1875,1,10
54615,0.250646904000481,0.25,0.2,10
54617,0,0,0,1
54624,0,0,0,10
54625,0,0,0,10
54634,0,0,0,1
54637,0,0,0,1
54638,0,0,0,1
54640,0,0,0,1
54644,0,0,0,1
54647,0,0,0,1
54649,0,0,0,10
54652,0,0,0,5
54653,0,0,0,1
54658,0,0,0,10
54661,0,0,0,2
54668,0,0,0,1
54674,0.1388624438735545,0.05555555555555555,0.5,10
54675,0.22009176629808014,0.08333333333333333,1,10
54727,0,0,0,10
54729,0,0,0,10
54757,0.1388624438735545,0.0625,0.5,10
54788,0.6442227883107534,0.7,0.5,10
54792,0.5708588662113934,0.42857142857142855,0.5,10
54798,0.03668196104968002,0,0,10
54811,0,0,0,10
54817,0,0,0,10
54834,0.29740901205864334,0.0625,1,10
54842,0.7670273914429263,0.5833333333333334,1,10
54846,0.8423239533938214,0.5625,1,10
54860,0.8900917305098635,0.5333333333333333,1,10
54864,0.8022754511263801,0.20512820512820512,1,10
54867,0,0,0,10
54869,-0,0,0,0
54872,0.45650001423154074,0.14285714285714285,1,10
54879,0.3411767283985128,0.23076923076923078,1,10
54882,0.05242205769552898,0.0625,0.125,10
54883,-0,0,0,0
54887,0,0,0,10
54889,0.3469771807350839,0.125,1,10
54894,0,0,0,6
54899,0,0,0,10
54900,-0,0,0,0
54906,0,0,0,10
54910,0,0,0,10
54913,0.29714541372056374,0.125,0.5,4
54919,0,0,0,10
54921,0,0,0,10
54926,0,0,0,10
54930,0.20829366581033176,0.125,0.5,10
54932,0,0,0,10
54943,0.523153411299647,0.3125,1,10
54945,0.2583297509898471,0.2,0.25,10
54946,0,0,0,10
54955,0,0,0,10
54956,0,0,0,10
54957,0,0,0,10
54966,0.6005491084563834,1,0.5,10
54984,0.38571053926681315,0.2727272727272727,0.5,10
54986,1,0.625,1,10
54989,0.6843830725976617,0.2727272727272727,1,10
54990,0,0,0,10
54991,0.8364586133797035,0.6153846153846154,1,10
55005,0,0,0,10
55018,0.35969100690634176,0.18181818181818182,0.5,10
55023,0.9363792118010483,0.5625,1,10
55024,0.466924741555019,0.3125,0.5,10
55039,-0,0,0,0
55041,0.727329844310522,0.15789473684210525,1,10
55055,0.5513310624619329,0.3125,1,10
55057,0.22009176629808014,0.03571428571428571,1,10
55069,1,0.2631578947368421,1,10
55071,0,0,0,10
55072,0.276331804373346,0.25,0.5,10
55076,0.20749824587187854,0.3333333333333333,0.125,10
55077,0,0,0,1
55081,0.31488013066763093,0.125,1,10
55082,0.39673781793804713,0.25,0.5,10
55088,0.5461388604120501,0.26666666666666666,1,10
55090,-0,0,0,0
55100,0,0,0,10
55105,0,0,0,10
55107,0.6020521034564037,0.3125,1,10
55108,0,0,0,10
55111,0,0,0,10
55114,1,0.2564102564102564,1,10
55130,0.7967610662472991,0.4666666666666667,1,10
55131,0,0,0,10
55132,0.45250815297345076,0.6666666666666666,0.5,10
55134,0.09478836436955078,0.0625,0.25,10
55138,0.8659476009588057,0.21621621621621623,1,10
55139,0,0,0,10
55143,0.44803002797583846,0.10256410256410256,1,10
55158,-0,0,0,0
55162,0,0,0,10
55165,0.5630296654281838,0.3125,1,10
55166,0,0,0,10
55167,0,0,0,10
55169,0,0,0,10
55172,0.6421867266689009,0.3125,1,10
55180,0.2784805894273036,0.1875,0.5,10
55182,0,0,0,10
55184,0,0,0,1
55190,0,0,0,10
55193,0.11004588314904007,0.04,0.3333333333333333,10
55200,0,0,0,3
55203,0,0,0,10
55219,0.7432325743007356,0.3684210526315789,1,10
55220,-0,0,0,0
55228,0,0,0,10
55231,0,0,0,2
55240,-0,0,0,0
55253,-0,0,0,0
55254,0,0,0,10
55262,0.4690000933206747,0.21428571428571427,1,5
55276,0.38759745778199706,0.2,0.3333333333333333,10
55280,0.5071942126859018,0.3333333333333333,0.2,10
55295,0.8899541168509598,0.5625,1,10
55302,-0,0,0,0
55303,0.518203922502916,0.26666666666666666,1,10
55307,0.4498873763727655,0.3076923076923077,1,10
55311,0.7951657524814091,0.5333333333333333,1,10
55316,0.4790598469649271,0.3125,0.5,10
55318,0,0,0,2
55320,0.20483424751859086,0.06060606060606061,0.3333333333333333,10
55327,0,0,0,10
55332,0,0,0,10
55338,0,0,0,10
55340,0,0,0,10
55345,0,0,0,10
55354,0.3062386434839551,0.25,0.25,10
55358,1,0.6666666666666666,1,10
55360,0.45374257454118544,0.1875,1,10
55365,0,0,0,10
55368,0,0,0,10
55400,0,0,0,10
55401,0.3196336599818528,0.1111111111111111,1,10
55413,0.24277367362008698,0.125,1,10
55429,0.29740901205864334,0.06666666666666667,1,10
55430,0.5653701424067237,0.45454545454545453,1,10
55434,-0,0,0,0
55436,0.22009176629808014,0.1,1,10
55439,0.4690000933206747,0.2727272727272727,1,10
55445,0.5541432109622957,0.16666666666666666,1,10
55453,0,0,0,10
55454,0.4476004111489959,0.25,1,10
55457,0.7039180890341348,0.6666666666666666,1,10
55468,-0,0,0,0
55475,1,0.625,1,10
55482,0.22009176629808014,0.0625,1,10
55492,0,0,0,10
55496,0.6578986223737446,0.375,1,10
55501,0.2336508082431053,0.125,0.5,10
55517,-0,0,0,0
55522,0.933745776545611,0.5625,1,10
55528,-0,0,0,0
55529,0.689828656353462,0.375,1,10
55531,0,0,0,10
55534,0,0,0,10
55537,0.6158703628047169,0.5555555555555556,1,10
55546,1,0.625,1,10
55547,0.576003728085674,0.25,1,10
55579,0.8651705466613507,0.75,1,10
55586,0.70937536504841,0.3181818181818182,1,10
55588,0.5968539993168838,0.25,1,5
55593,0.8786503340183062,0.5625,1,10
55595,0,0,0,10
55598,0,0,0,10
55602,0.6149518506608846,0.46153846153846156,1,10
55608,0.06943122193677725,0.0625,0.125,10
55610,0,0,0,10
55612,-0,0,0,0
55621,-0,0,0,0
55632,-0,0,0,0
55635,0.06943122193677725,0.0625,0.125,10
55643,-0,0,0,0
55648,-0,0,0,0
55657,0,0,0,10
55658,0,0,0,10
55659,0,0,0,10
55666,0,0,0,10
55667,0,0,0,10
55669,0.06943122193677725,0.02564102564102564,0.125,10
55670,0,0,0,10
55677,0,0,0,10
55678,0,0,0,10
55679,0.5321923362337085,0.125,1,10
55683,0,0,0,10
55689,-0,0,0,0
55692,0.640293831648171,1,0.5,10
55696,0,0,0,4
55700,0,0,0,10
55714,0,0,0,10
55715,-0,0,0,0
55716,0.22009176629808014,0.06666666666666667,1,10
55717,-0,0,0,0
55722,0,0,0,6
55726,0,0,0,3
55731,0,0,0,6
55734,0,0,0,1
55735,0,0,0,10
55738,0,0,0,2
55746,0,0,0,10
55771,0.606439180544341,0.375,1,10
55776,0.8611375561264454,0.23684210526315788,1,10
55782,-0,0,0,0
55784,0.35656825918069274,0.125,1,10
55785,1,0.625,1,10
55789,0,0,0,10
55794,0.5487973376826973,0.3,1,10
55801,1,0.625,1,10
55802,0,0,0,10
55804,0.08514311764162098,0.08333333333333333,0.2,10
55806,0.4690000933206747,0.1875,1,10
55819,0.4690000933206747,0.1875,1,10
55821,0.7432122461707407,0.22857142857142856,1,10
55824,0,0,0,10
55825,0.6981354045140877,0.5,0.5,10
55826,0.25672223463391236,0.14285714285714285,0.16666666666666666,10
55829,0.4690000933206747,0.1875,1,10
55848,-0,0,0,0
55850,0.1396181455537491,0.125,0.14285714285714285,10
55854,0.5738799624697085,0.3125,1,10
55877,0.8236998933965708,0.5,1,10
55882,0,0,0,10
55886,0.4914980310071467,0.16129032258064516,0.3333333333333333,10
55896,0.6953068790868342,0.5454545454545454,1,10
55898,0.7940725112576196,0.5714285714285714,1,10
55907,0.16872714292220853,0.0625,0.5,10
55910,0.7769063519894718,0.5384615384615384,1,10
55911,0.5014276442746162,0.375,0.3333333333333333,10
55920,0,0,0,10
55921,0,0,0,10
55935,0,0,0,10
55937,0,0,0,10
55941,0.8206605085730861,0.20512820512820512,1,10
55944,0,0,0,10
55950,0,0,0,10
55953,0,0,0,1
55956,0.2240055615151755,0.125,0.5,10
55958,0.11004588314904007,0.041666666666666664,0.3333333333333333,10
55963,0,0,0,10
55973,0,0,0,10
55975,0,0,0,10
55980,0.6623414516338606,0.42857142857142855,1,10
55984,0.662991591198965,0.3125,1,10
55986,0.6754160255557637,0.375,1,10
55987,-0,0,0,0
55992,0,0,0,10
55996,0,0,0,10
56000,0.46683309073102575,0.375,1,10
56001,0.6347926632099915,0.4444444444444444,1,10
56027,0.7762391257100952,0.17073170731707318,1,10
56037,0,0,0,10
56040,0.7542686714597935,0.4375,1,10
56041,0,0,0,10
56046,0,0,0,2
56048,0.6172839611614817,0.3125,1,10
56050,0.7506486046161392,1,1,10
56053,0.365864891788465,0.125,1,10
56055,0,0,0,10
56058,-0,0,0,0
56060,0.733033771924976,0.5,1,10
56063,0,0,0,10
56073,0.703588444659124,0.5,0.5,10
56074,0,0,0,4
56083,0.17947710508581732,0.16666666666666666,0.3333333333333333,10
56093,0.5637884576902256,0.3333333333333333,1,10
56098,0,0,0,10
56108,0,0,0,10
56113,0.727329844310522,0.375,1,6
56116,0,0,0,10
56131,0,0,0,10
56132,0.18660113481564067,0.0625,1,10
56134,0.2907688915384854,0.13333333333333333,1,10
56140,0.3634999036272307,0.13333333333333333,1,10
56143,0,0,0,10
56146,0.13698471029831175,0.125,0.14285714285714285,10
56150,0.23177307466786254,0.1875,0.25,10
56154,0,0,0,1
56155,0.843107625209183,0.5,1,10
56158,0,0,0,10
56160,0.3873069036857062,0.17647058823529413,1,10
56161,0.9216017310213247,0.5625,1,10
56162,-0,0,0,0
56166,0,0,0,10
56169,-0,0,0,0
56172,0,0,0,10
56189,0.7602419900843778,0.375,1,10
56197,0.9363792118010483,0.5625,1,10
56200,0.4907456369579199,0.3333333333333333,1,10
56202,0,0,0,10
56208,0.9738672436737749,0.2631578947368421,1,10
56214,0.0636207881989517,0.0625,0.1,10
56219,0.24890832702259458,0.14285714285714285,0.5,3
56221,-0,0,0,0
56222,0.45374257454118544,0.1875,1,4
56223,0.0636207881989517,0.06666666666666667,0.1,10
56244,0.28451426332278346,0.2,0.5,10
56252,0,0,0,10
56269,1,0.625,1,10
56274,0.7631397605568102,0.1875,1,10
56281,0.6130495754650974,0.8,0.5,5
56289,0.07839826897867533,0.02631578947368421,0.16666666666666666,10
56297,0,0,0,10
56298,0,0,0,10
56301,0,0,0,10
56309,0,0,0,10
56317,0.9099466049873364,1,1,10
56319,0,0,0,10
56320,0.5087403079104241,0.4,1,10
56324,0.5766692999492189,0.375,0.5,10
56329,0,0,0,10
56330,0.2240055615151755,0.125,0.5,10
56332,0,0,0,10
56337,0,0,0,10
56351,0.9230390249121355,0.8888888888888888,1,10
56354,0.4690000933206747,0.1875,1,10
56360,0.3195496275649209,0.25,0.3333333333333333,10
56365,0.2583297509898471,0.1875,0.25,10
56375,0.45374257454118544,0.21428571428571427,1,10
56380,0,0,0,10
56481,0.21443976776009566,0.11764705882352941,0.25,10
56523,0.0636207881989517,0.06666666666666667,0.1,10
56531,0.14876390584057267,0.125,0.2,10
56544,0.7215194105726963,0.4375,1,10
56545,0.5,1,0.3333333333333333,10
56553,0.707855211656754,0.32,0.5,10
56554,0.866947989864271,0.36,1,10
56564,-0,0,0,0
56571,0.5297195660448781,0.25,1,10
56575,0.4225749983705864,0.1875,1,10
56577,0.4483039899025303,0.2857142857142857,1,10
56579,0.3119969023879004,0.13333333333333333,1,10
56580,0.552265477387053,0.3125,1,10
56582,0.4140218230338122,0.1875,1,10
56584,0.5423640154200348,0.25,1,10
56585,0.3227266260473091,0.26666666666666666,0.25,10
56590,0.36792125721353275,0.1875,1,10
56593,0.17173634647487618,0.2857142857142857,0.25,10
56606,-0,0,0,0
56610,0,0,0,10
56617,1,0.625,1,10
56624,0.09478836436955078,0.06666666666666667,0.25,10
56628,0,0,0,10
56629,0.7688211542947764,0.375,1,10
56630,0.4162845266329952,0.3333333333333333,0.3333333333333333,10
56631,0.7065443116025597,0.5,0.5,10
56632,0.7065836017263628,0.375,1,10
56634,0.7116179486056782,0.375,1,10
56636,0,0,0,10
56637,0.46318965958284924,0.25,1,10
56638,0.11965140339054489,0.08,0.14285714285714285,10
56639,0,0,0,10
56640,0,0,0,10
56643,0,0,0,10
56646,0,0,0,10
56649,0,0,0,10
56651,0,0,0,10
56658,0.5002842206479887,0.45454545454545453,0.3333333333333333,10
56671,0.49831760018713195,0.06896551724137931,1,10
56674,0.16421958630632802,0.15384615384615385,0.25,10
56676,0,0,0,10
56685,0,0,0,10
56686,0.31654916311981024,0.125,0.5,10
56703,1,0.6666666666666666,1,10
56725,-0,0,0,0
56728,0.29806267061529873,0.3333333333333333,0.25,10
56729,0,0,0,6
56731,0.5487973376826973,0.25,1,3
56732,0.22009176629808014,0.0625,1,1
56743,0.19913525970735488,0.16666666666666666,0.14285714285714285,10
56750,0,0,0,1
56752,0.8641379297074734,0.6153846153846154,1,10
56755,0.24603064935511243,0.14285714285714285,0.5,10
56756,1,0.625,1,10
56758,0.3578220725115533,0.2,1,1
56764,0.24618570546556082,0.12,0.25,10
56774,0,0,0,10
56779,0.17169261031494448,0.0625,1,10
56802,0.5193185983095427,0.3125,1,10
56803,0.6486308491486031,0.45454545454545453,1,10
56804,1,0.625,1,10
56805,0.3030616450015669,0.25,0.25,10
56806,0.6312553743478571,0.38461538461538464,1,10
56807,0.7516113456726354,0.5714285714285714,1,10
56810,0.420027879946489,0.2,1,4
56814,1,1,1,10
56820,0.2604979528242145,0.14285714285714285,0.3333333333333333,10
56822,0.3126667288804499,0.11764705882352941,1,10
56823,0.6597133113683123,0.25,1,10
56827,0.6489315753318465,0.19230769230769232,1,10
56831,0.49463965556280093,0.26666666666666666,1,10
56845,0.8829076771807786,0.8888888888888888,1,8
56851,1,0.625,1,10
56852,0.06814824486916873,0.0625,0.1,10
56863,0.37320226963128134,0.14285714285714285,1,10
56867,0,0,0,10
56868,-0,0,0,0
56875,0.3213135708816747,0.13333333333333333,1,10
56884,0.8268133666517737,0.25,1,10
56885,0.36352581989644606,0.25,0.5,10
56886,0.39484136206016496,0.11764705882352941,1,10
56888,0.7257345305446319,0.4375,1,10
56889,0.5755676532324865,0.14705882352941177,0.5,10
56898,0.9138660854327327,0.7777777777777778,1,10
56906,1,1,1,10
56916,0,0,0,10
56923,0,0,0,10
56928,0.2344065099232999,0.12,0.25,10
56930,0.9184320188514882,0.8888888888888888,1,10
56934,0.2300510610426737,0.09090909090909091,1,10
56936,0.2876598635185553,0.1111111111111111,1,10
56940,0.6559440574820318,1,0.3333333333333333,9
56942,0.4690000933206747,0.21428571428571427,1,3
56946,0.5023756245102127,0.1875,1,10
56951,0.7945084078531822,0.6,1,7
56957,0,0,0,10
56959,0.22082856303278728,0.1111111111111111,0.2,10
56964,0.7846170207230129,0.4375,1,10
56971,0.6325414799409711,0.375,1,10
56974,0.33916020527361607,0.2,1,10
56978,0.22009176629808014,0.0625,1,10
56980,-0,0,0,0
56985,0.796761066247299,0.5714285714285714,1,10
56986,0.968403878543483,0.2631578947368421,1,10
56990,0.07839826897867533,0.02564102564102564,0.16666666666666666,10
56993,0.9942597274005156,0.625,1,10
57000,0.7731465320305887,0.4375,1,7
57006,0.07839826897867533,0.06666666666666667,0.16666666666666666,10
57014,0.17318663334822612,0.125,0.25,10
57019,0.5541432109622957,0.25,1,10
57020,0.8759195979917097,0.625,1,10
57021,0.22009176629808014,0.0625,1,10
57024,0.11004588314904007,0.03125,0.3333333333333333,10
57031,0.4170606134915054,0.25,0.5,10
57046,0,0,0,2
57048,0,0,0,10
57067,0,0,0,1
57068,0.22009176629808014,0.0625,1,1
57072,0.22009176629808014,0.07692307692307693,1,5
57074,0.779038917960888,0.625,1,10
57075,0.8763732492242692,0.24324324324324326,1,10
57079,1,0.625,1,10
57089,0.37185395737611554,0.3,1,10
57092,0.1726619612894857,0.25,0.16666666666666666,10
57094,0,0,0,10
57099,0,0,0,1
57100,0.16421958630632802,0.13333333333333333,0.25,10
57104,0.530263109944618,0.3125,1,10
57105,0.24355227021012346,0.1875,0.25,10
57115,0,0,0,10
57118,0,0,0,10
57122,0.17169261031494448,0.0625,1,10
57126,0.712527334858292,0.375,1,10
57129,1,0.625,1,10
57136,0,0,0,2
57138,0.11004588314904007,0.0625,0.3333333333333333,10
57140,0.45650001423154074,0.13333333333333333,1,10
57142,0.7582013716223763,0.6153846153846154,1,10
57143,0.3038377318600771,0.25,0.25,10
57148,0.1356854453911663,0.125,0.125,10
57149,0.21560049214752727,0.07692307692307693,0.25,10
57152,0.0660908915685874,0.0625,0.14285714285714285,10
57154,0.17366530188280968,0.125,0.25,10
57156,0,0,0,10
57165,0,0,0,10
57167,0,0,0,10
57168,0.1478250446248961,0.16666666666666666,0.25,10
57173,0.8807234512936335,0.5333333333333333,1,10
57174,0.7661994890551906,0.5625,1,10
57184,0,0,0,10
57189,0,0,0,10
57197,0.8849613571928604,0.5714285714285714,1,10
57205,0.05112245800948304,0.07692307692307693,0.14285714285714285,10
57208,0.06951001146215491,0.0625,0.25,10
57213,0.35895421017163465,0.125,1,10
57214,0.6929852696575346,0.4666666666666667,1,10
57226,0.15274548932528484,0.06666666666666667,0.5,4
57228,0,0,0,10
57231,0.5517854393872873,0.3333333333333333,1,10
57233,0,0,0,3
57236,0.3126667288804499,0.05263157894736842,1,10
57240,-0,0,0,0
57241,0.6667188947128295,0.3125,1,10
57242,0.804810999209339,0.5,1,10
57245,0.9566671852577723,0.6,1,9
57247,-0,0,0,0
57250,1,1,1,10
57251,0.7561398648862724,0.5,1,10
57255,0.4749491445230215,0.4375,0.25,10
57260,0.11787709652751965,0.0625,0.3333333333333333,10
57269,0.29740901205864334,0.06666666666666667,1,10
57270,-0,0,0,0
57271,0.5135450280958902,0.2857142857142857,1,10
57276,-0,0,0,0
57281,0.5579780239524,0.13513513513513514,1,10
57285,0.24936270394794904,0.1875,0.25,10
57289,0.07839826897867533,0.043478260869565216,0.16666666666666666,6
57291,0.17630010660342912,0.125,0.3333333333333333,10
57297,0.7095266909655571,0.8571428571428571,0.3333333333333333,10
57309,0,0,0,10
57319,0,0,0,10
57321,0.22009176629808014,0.04,1,10
57329,0.14876390584057267,0.125,0.2,10
57330,0,0,0,10
57331,0.1388624438735545,0.07142857142857142,0.5,10
57335,0.7280855459907164,0.4666666666666667,1,10
57336,0,0,0,10
57341,0.49531571508658595,0.21428571428571427,1,10
57348,0,0,0,10
57354,0,0,0,4
57361,0.2781981696179509,0.23076923076923078,0.3333333333333333,10
57371,0,0,0,10
57372,0,0,0,10
57375,0.35895421017163465,0.125,1,10
57379,0,0,0,10
57386,0.06625422345438903,0.0625,0.1111111111111111,10
57387,0.2336508082431053,0.05128205128205128,0.5,10
57389,0,0,0,10
57398,0.4923233854681644,0.35714285714285715,1,10
57403,0.07336392209936005,0.0625,0.14285714285714285,10
57405,0,0,0,10
57408,0,0,0,10
57410,0,0,0,10
57416,1,0.625,1,10
57424,0,0,0,10
57426,0.4349700966295094,0.3333333333333333,0.5,10
57435,0.2980272981222516,0.25,0.25,10
57441,0,0,0,10
57443,-0,0,0,0
57444,0,0,0,10
57446,0.2357541930550393,0.07692307692307693,1,10
57447,0,0,0,10
57471,0.07668368701422457,0.0625,0.14285714285714285,10
57481,0,0,0,10
57491,0.420027879946489,0.13333333333333333,1,10
57493,0.7624164915943119,0.16666666666666666,1,10
57499,0,0,0,10
57511,0.92663607790064,0.5625,1,10
57514,0.07839826897867533,0.0625,0.16666666666666666,10
57515,0.20483424751859086,0.125,0.3333333333333333,10
57516,0.7671640202055724,0.8,1,10
57518,0.8550956239938448,0.7777777777777778,1,9
57524,0.6368678218274824,0.375,1,10
57545,0,0,0,10
57550,0.13012668333070057,0.25,0.14285714285714285,10
57555,0.8611375561264454,0.5625,1,10
57557,0.7730810113299461,0.21052631578947367,1,10
57563,0.5416227649207691,0.25,1,10
57567,0,0,0,10
57570,0.06943122193677725,0.0625,0.125,10
57572,0.6621137423456801,0.375,1,10
57574,0.33543700681409955,0.1875,0.5,10
57576,-0,0,0,0
57581,0,0,0,1
57582,0,0,0,7
57584,0,0,0,10
57585,0,0,0,10
57587,0.4066392799050654,0.3125,0.3333333333333333,10
57592,0,0,0,10
57594,0,0,0,10
57595,-0,0,0,0
57600,0.08514311764162098,0.0625,0.2,10
57603,0.15130120674940672,0.16666666666666666,0.3333333333333333,10
57604,0,0,0,10
57618,0.18340980524840012,0.125,0.3333333333333333,10
57622,0,0,0,10
57628,0.11965140339054489,0.125,0.14285714285714285,10
57630,0,0,0,1
57636,0,0,0,10
57641,0.11838279295536293,0.14285714285714285,0.25,10
57646,0.29740901205864334,0.0625,1,10
57663,0,0,0,10
57664,0,0,0,10
57665,0.04241385879930114,0.02564102564102564,0.1,10
57677,0.22009176629808014,0.0625,1,10
57678,0,0,0,10
57689,0.4243306218742112,0.07894736842105263,1,10
57690,0,0,0,10
57693,0.40350157154648025,0.2,1,10
57695,0,0,0,10
57698,0,0,0,10
57705,0,0,0,10
57707,0.07093554707553369,0.09090909090909091,0.125,10
57715,0.0636207881989517,0.0625,0.1,10
57716,0,0,0,9
57717,0,0,0,10
57718,0,0,0,10
57721,0.3628869103342175,0.1875,1,10
57724,0.2240055615151755,0.125,0.5,10
57725,0.1388624438735545,0.0625,0.5,10
57732,0,0,0,10
57747,0,0,0,10
57750,0.5278432933752526,0.375,0.5,10
57751,0,0,0,10
57755,0.1388624438735545,0.0625,0.5,10
57756,0.4943572357534483,0.25,1,10
57758,0,0,0,10
57765,0.5727555047321237,0.3333333333333333,1,10
57768,0.07336392209936005,0.0625,0.14285714285714285,10
57774,0.37859880603906115,0.2,1,10
57775,0.16872714292220853,0.08333333333333333,0.5,10
57780,0.3125291152215463,0.21428571428571427,0.5,10
57782,0,0,0,10
57792,0,0,0,10
57795,0,0,0,10
57796,0.0636207881989517,0.0625,0.1,10
57804,0.5859158460642916,0.2,0.5,10
57808,0.09478836436955078,0.0625,0.25,10
57813,0.23962883960437065,0.08571428571428572,0.5,10
57815,0.506476941504475,0.2857142857142857,1,10
57818,0,0,0,10
57821,-0,0,0,0
57826,0.35895421017163465,0.14285714285714285,1,10
57830,0,0,0,10
57839,0,0,0,10
57840,0.25027813934396836,0.125,0.5,10
57845,0.2837125544970318,0.08695652173913043,1,10
57850,0.11004588314904007,0.0625,0.3333333333333333,10
57851,0,0,0,10
57853,0,0,0,10
57858,0.0546305608968178,0.0625,0.16666666666666666,10
57863,0.866947989864271,0.2,1,10
57867,0.06625422345438903,0.0625,0.1111111111111111,10
57870,0.1388624438735545,0.08333333333333333,0.5,10
57871,0.0636207881989517,0.05555555555555555,0.1,10
57872,0.20829366581033176,0.125,0.5,10
57874,0,0,0,10
57881,0,0,0,10
57884,-0,0,0,0
57888,0,0,0,10
57889,0,0,0,1
57893,0.8989726566067058,0.25,1,10
57894,0,0,0,10
57895,0,0,0,10
57898,0,0,0,10
57904,0.31488013066763093,0.125,1,10
57909,0,0,0,10
57911,0.7222954974312066,0.375,1,10
57912,0.4611143078171935,0.375,0.3333333333333333,10
57913,0,0,0,10
57915,0.20483424751859086,0.125,0.3333333333333333,10
57919,0.3566118509061724,0.13333333333333333,1,10
57921,0.06625422345438903,0.02631578947368421,0.1111111111111111,10
57924,0.09478836436955078,0.0625,0.25,10
57926,0.72891152902702,0.4666666666666667,1,10
57927,0.1799314820111718,0.125,0.25,10
57945,0.19518900079066107,0.125,0.3333333333333333,10
57946,0.826333328652008,0.6153846153846154,1,10
57947,0.4341754806679218,0.38461538461538464,1,10
57966,0.04241385879930114,0.03333333333333333,0.1,10
57968,0.3301376494471202,0.13333333333333333,1,10
57978,0.16777763476155672,0.125,0.25,10
57979,0.6286999989786611,0.1935483870967742,1,10
57981,0,0,0,10
57987,0.3746661058764784,0.1875,1,10
57990,0,0,0,10
57993,0,0,0,10
57996,0,0,0,10
58001,0.35895421017163465,0.125,1,10
58002,0.1467278441987201,0.04,1,10
58003,0.41985237681355264,0.3125,0.3333333333333333,10
58004,0.2240055615151755,0.125,0.5,10
58005,-0,0,0,0
58008,0.22009176629808014,0.0625,1,10
58017,0.35895421017163465,0.125,1,10
58021,0.24890832702259458,0.08333333333333333,0.5,10
58040,0.6284978735639254,0.4375,1,10
58044,0,0,0,7
58050,0,0,0,10
58057,0.11004588314904007,0.0625,0.3333333333333333,10
58058,0,0,0,10
58070,0.36792125721353275,0.1875,1,10
58074,0.4353054072388516,0.3333333333333333,1,10
58079,0,0,0,10
58080,0.21408371436984164,0.08571428571428572,0.16666666666666666,10
58082,0,0,0,10
58086,0.22979561007468535,0.2,0.2,10
58090,0.680450372435079,0.16216216216216217,1,10
58093,0.279901702223461,0.06666666666666667,1,10
58094,0,0,0,10
58099,0.07336392209936005,0.06666666666666667,0.14285714285714285,10
58100,0.424926013816671,0.1875,1,10
58102,0,0,0,10
58103,0.1799314820111718,0.125,0.25,10
58105,0.6274124543019363,0.375,1,10
58106,0.3691237606734732,0.2,1,10
58107,0,0,0,10
58115,0.18660113481564067,0.0625,1,10
58132,0.7350608633173209,0.6,1,10
58135,0.1388624438735545,0.07142857142857142,0.5,10
58139,0.3252171141452899,0.125,0.3333333333333333,10
58147,-0,0,0,0
58150,0.40094401205797486,0.2,1,10
58151,0.7821808872216572,0.46153846153846156,1,10
58152,0.7945489830849058,0.5,1,10
58153,0.6096199500078984,0.75,0.5,10
58154,0.22009176629808014,0.07692307692307693,1,2
58155,-0,0,0,0
58160,0,0,0,10
58169,0,0,0,10
58172,0.31391470417235623,0.13333333333333333,0.5,10
58178,0,0,0,10
58182,0.17318663334822612,0.14285714285714285,0.25,10
58186,0,0,0,10
58187,0.36681961049680023,0.23076923076923078,1,10
58191,0.4701017400374072,0.3125,0.5,10
58192,0,0,0,10
58194,0,0,0,10
58197,0.36792125721353275,0.1875,1,10
58199,0.5887498202463199,0.3125,1,10
58200,0,0,0,10
58204,0.07839826897867533,0.022222222222222223,0.16666666666666666,10
58206,0,0,0,10
58213,0.22009176629808014,0.06666666666666667,1,10
58219,0,0,0,10
58223,0,0,0,10
58230,0.9363792118010483,0.6,1,10
58233,0,0,0,10
58237,0.37878333867593533,0.2857142857142857,0.5,10
58243,1,0.625,1,10
58246,0.5393412678017144,0.4,0.5,10
58252,0.5637884576902256,0.25,1,4
58261,-0,0,0,0
58265,-0,0,0,0
58273,-0,0,0,0
58277,-0,0,0,0
58287,-0,0,0,0
58288,-0,0,0,0
58289,-0,0,0,0
58290,0,0,0,3
58291,0,0,0,3
58293,0,0,0,3
58300,0,0,0,2
58301,-0,0,0,0
58307,-0,0,0,0
58311,-0,0,0,0
58312,-0,0,0,0
58318,-0,0,0,0
58325,-0,0,0,0
58331,-0,0,0,0
58332,-0,0,0,0
58340,0,0,0,5
58345,0,0,0,3
58346,0,0,0,2
58349,0,0,0,2
58350,0,0,0,2
58351,0,0,0,5
58355,0,0,0,2
58366,0,0,0,2
58383,0,0,0,10
58387,0.29740901205864334,0.0625,1,10
58389,-0,0,0,0
58396,0.29740901205864334,0.0625,1,2
58398,0.6597133113683123,0.25,1,4
58402,0.6141069626790936,0.375,1,10
58403,0,0,0,10
58409,0.3301376494471202,0.125,1,10
58413,0.48632121867903577,0.1875,1,10
58422,-0,0,0,0
58424,0.5626475208496899,0.4375,0.3333333333333333,10
58429,1,0.625,1,10
58448,0,0,0,10
58450,0.9537125187088151,0.625,1,10
58457,0.77523873680463,0.4375,1,10
58479,0.2837125544970318,0.08,1,10
58482,0.5661766437118441,0.3125,1,10
58512,0.6772733739526907,0.375,1,10
58513,0,0,0,10
58514,0.07336392209936005,0,0,10
58517,0,0,0,10
58522,0.3301376494471202,0.125,1,10
58523,0,0,0,10
58529,0.1356854453911663,0.125,0.125,10
58531,0,0,0,10
58532,0,0,0,10
58539,0.11004588314904007,0.0625,0.3333333333333333,10
58546,0,0,0,10
58551,0,0,0,10
58559,0.415716288599382,0.07692307692307693,1,10
58562,0.22009176629808014,0.0625,1,10
58573,-0,0,0,0
58575,0.16354138662029633,0.125,0.2,10
58576,0.08514311764162098,0.04,0.2,10
58579,0,0,0,10
58580,0,0,0,10
58587,0,0,0,10
58597,0.3301376494471202,0.13333333333333333,1,10
58598,0,0,0,10
58601,0.09478836436955078,0.0625,0.25,10
58606,0,0,0,10
58621,0.0636207881989517,0.037037037037037035,0.1,10
58626,0.3227266260473091,0.25,0.25,10
58631,0,0,0,10
58636,0.07839826897867533,0.0625,0.16666666666666666,10
58637,0,0,0,10
58638,0.08514311764162098,0.0625,0.2,10
58642,0.579782773204422,0.3125,1,10
58645,0.16815228646891084,0.06451612903225806,0.25,10
58647,0.11004588314904007,0.0625,0.3333333333333333,10
58656,0,0,0,10
58659,0.06625422345438903,0.0625,0.1111111111111111,10
58660,0,0,0,10
58662,0.07839826897867533,0.0625,0.16666666666666666,10
58667,0.22009176629808014,0.0625,1,10
58668,0,0,0,10
58670,0.4323181322709947,0.075,1,10
58675,0.6357429506707164,0.5,1,10
58678,0,0,0,10
58680,0.23295870455656734,0.25,0.3333333333333333,10
58682,0.20483424751859086,0.125,0.3333333333333333,10
58687,0,0,0,10
58688,-0,0,0,0
58691,0,0,0,10
58693,0,0,0,10
58695,0.424926013816671,0.1875,1,10
58698,0.727329844310522,0.2727272727272727,1,10
58702,0.28634598975246917,0.09090909090909091,1,10
58707,0,0,0,10
58718,0,0,0,10
58720,0.9363792118010483,0.6,1,10
58723,0.1427951440361373,0.125,0.14285714285714285,10
58729,-0,0,0,0
58730,0.4233117951052935,0.3125,0.5,10
58731,0.6466492297915689,0.25,1,10
58735,0.566945070994298,0.3125,1,10
58737,0.8529278650606569,1,1,10
58748,0.800693766409882,0.4666666666666667,1,10
58750,0.41939799988819815,0.25,1,10
58751,0.08514311764162098,0.07142857142857142,0.2,10
58757,0.06625422345438903,0.0625,0.1111111111111111,10
58766,0,0,0,10
58781,0.92663607790064,0.6923076923076923,1,10
58785,0.35895421017163465,0.06896551724137931,1,2
58786,0.17366667134799177,0.18181818181818182,0.3333333333333333,10
58788,0.8603076102732767,0.6363636363636364,1,10
58794,0.08514311764162098,0.0625,0.2,10
58795,0,0,0,10
58796,0,0,0,10
58804,0.07336392209936005,0.0625,0.14285714285714285,10
58807,0.08514311764162098,0.037037037037037035,0.2,10
58810,0,0,0,10
58811,0.07858473101834644,0.0625,0.14285714285714285,10
58812,0.31488013066763093,0.125,1,10
58813,0.2357541930550393,0.0625,1,10
58818,0,0,0,10
58823,0.4220949603708207,0.25,0.5,10
58829,0.5103515512676446,0.25,1,10
58830,0.09312439304278933,0.1111111111111111,0.2,10
58840,0,0,0,10
58848,0.18340980524840012,0.05,0.3333333333333333,10
58857,0,0,0,10
58861,0.1151635048539624,0.06060606060606061,0.14285714285714285,10
58866,0,0,0,10
58874,0.46474568322493615,0.375,0.25,10
58881,0.07336392209936005,0.06666666666666667,0.14285714285714285,10
58883,1,0.2564102564102564,1,10
58887,0.055984891971371444,0.08333333333333333,0.16666666666666666,10
58894,0,0,0,10
58901,0,0,0,10
58907,0.4361533373077281,0.18181818181818182,1,10
58912,0.0636207881989517,0.07692307692307693,0.1,10
58914,0.5056820543703547,0.25,1,10
58916,0.5637884576902256,0.25,1,10
58920,0.584598875760812,0.38461538461538464,1,5
58921,0.15176219107803537,0.125,0.16666666666666666,10
58926,0.7125523635307983,0.375,1,10
58927,0,0,0,10
58935,0.12876945773620835,0.1,0.3333333333333333,10
58939,0.06625422345438903,0.041666666666666664,0.1111111111111111,10
58941,0.3052348839397011,0.125,1,10
58944,0,0,0,10
58957,0.947577942304471,0.5625,1,10
58965,0,0,0,10
58966,-0,0,0,0
58968,0.4420219760475999,0.3125,0.5,10
58973,0.14201905717762703,0.04878048780487805,0.16666666666666666,10
58975,0.6489315753318465,0.14705882352941177,1,10
58977,0.43934113237655087,0.35714285714285715,0.3333333333333333,10
58980,0.727329844310522,0.46153846153846156,1,10
58990,0,0,0,10
58991,0.7948833326720564,0.4444444444444444,1,10
58993,0.04241385879930114,0.06666666666666667,0.1,10
58995,0.21222636597291455,0.125,0.5,10
59000,0.6151261302272826,0.3125,1,10
59017,0.11004588314904007,0.0625,0.3333333333333333,10
59018,0.31298349214690074,0.25,0.25,10
59023,0.08319278633082028,0.125,0.1111111111111111,10
59030,0,0,0,10
59034,0.06943122193677725,0.0625,0.125,10
59037,0.3910649978591252,0.08108108108108109,1,10
59039,0.1250961297920603,0.0625,0.5,10
59042,0,0,0,10
59043,1,0.625,1,10
59052,0.27969085707425995,0.25,0.5,10
59054,0.5023756245102127,0.1875,1,10
59058,1,0.2702702702702703,1,10
59063,0,0,0,10
59064,0,0,0,10
59065,0.6243301345792676,0.375,1,10
59066,0.38603065097980993,0.1875,1,10
59067,0.5077181160122074,0.26666666666666666,1,10
59077,0.78450382168271,0.6,0.5,10
59088,0,0,0,10
59099,0.8165901947515998,0.5,1,10
59102,0.2909322118241521,0.21428571428571427,0.2,10
59110,0.4530643748551538,0.25,1,10
59111,0.6280229640249189,0.4444444444444444,1,10
59113,0.5321923362337085,0.11428571428571428,1,10
59122,0.4958303115332279,0.3333333333333333,0.3333333333333333,10
59125,0.6325414799409711,0.3125,1,10
59126,0.24209587273488012,0.0625,1,10
59128,0,0,0,10
59133,0,0,0,10
59134,1,0.625,1,10
59162,0.8643145546088337,0.5,1,10
59163,0.8254747945942692,0.7142857142857143,1,10
59164,0.43545584062957976,0.3125,0.5,10
59167,0.4361533373077281,0.05,1,10
59169,0,0,0,8
59170,0,0,0,10
59187,0.06625422345438903,0.0625,0.1111111111111111,10
59191,0,0,0,10
59193,0,0,0,10
59200,0.866947989864271,0.6153846153846154,1,10
59208,0.7531618044001636,0.4666666666666667,1,10
59213,0.7732351030863882,0.7,0.5,10
59217,0.5517854393872873,0.1282051282051282,1,10
59223,0.1910286524009298,0.4,0.14285714285714285,10
59227,0.9476770833835723,0.7692307692307693,1,10
59234,0.08514311764162098,0.0625,0.2,10
59236,-0,0,0,0
59239,0.5513310624619329,0.3125,1,10
59243,0.1696333493805392,0.07692307692307693,0.3333333333333333,10
59251,0.6694550823000184,0.4375,1,10
59255,0,0,0,10
59258,0,0,0,10
59259,0.8200685179888281,0.6666666666666666,1,10
59264,0.20511666732794356,0.0625,0.5,10
59278,0.5698664345004878,0.2,1,4
59286,0,0,0,10
59295,0,0,0,10
59297,1,1,1,10
59298,0.4225051418507037,0.125,1,10
59300,0,0,0,10
59307,0.4181245589653077,0.25,1,10
59312,0.11763428965900583,0.05128205128205128,0.125,10
59313,1,0.625,1,10
59326,0.6235540477207573,0.375,1,10
59340,0.14874433492765377,0.0625,0.5,10
59369,-0,0,0,0
59372,0.92663607790064,0.9,1,10
59382,0.803332608803466,0.75,1,10
59386,0.9303168775031578,0.6666666666666666,1,10
59393,0,0,0,10
59398,1,0.6666666666666666,1,10
59408,0,0,0,10
59411,0.1799314820111718,0.14285714285714285,0.25,10
59413,-0,0,0,0
59420,0.12987501165334073,0.125,0.1111111111111111,10
59423,0,0,0,10
59424,0.28634598975246917,0.125,1,10
59427,0.6207622843987101,0.3125,1,10
59428,0.17947710508581732,0.14285714285714285,0.3333333333333333,10
59429,0,0,0,10
59437,0.388244052766991,0.1875,1,10
59438,0.26582000527739175,0.2222222222222222,0.5,10
59449,0.1388624438735545,0.06666666666666667,0.5,10
59456,0.07336392209936005,0.0625,0.14285714285714285,10
59465,0.31930049834727015,0.2,0.5,10
59466,0.22979561007468535,0.21428571428571427,0.2,10
59467,-0,0,0,0
59468,0.388244052766991,0.1875,1,10
59477,0.15336737402844913,0.0625,1,10
59479,0.21726071285222984,0.125,0.5,10
59481,0.32730659600126993,0.2,0.5,10
59485,0.21222636597291455,0.13333333333333333,0.5,10
59486,0.11004588314904007,0.06666666666666667,0.3333333333333333,10
59488,-0,0,0,0
59493,0.17590597188014143,0.13333333333333333,0.25,10
59500,-0,0,0,0
59511,0.3683756341388872,0.25,0.3333333333333333,10
59513,0,0,0,10
59518,0.6274092458891771,0.35714285714285715,1,10
59519,0.2771420908599996,0.25,0.2,10
59520,0.8899541168509598,0.6923076923076923,1,10
59524,0.16354138662029633,0.13333333333333333,0.2,10
59525,0,0,0,3
59535,0.7679389233507871,0.4375,1,10
59540,0.20262084573140976,0.13333333333333333,0.5,10
59544,0.6131471927654584,0.5,1,10
59545,0.643768411385399,0.2,1,10
59548,0.39195671306454366,0.25,1,10
59552,0,0,0,10
59553,0.08514311764162098,0.0625,0.2,10
59557,-0,0,0,0
59560,0,0,0,10
59562,0.38942897430933054,0.3125,0.3333333333333333,10
59570,0,0,0,10
59573,0,0,0,1
59579,0,0,0,10
59580,0,0,0,10
59603,0.5163661891422051,0.375,1,10
59605,0.07336392209936005,0.06666666666666667,0.14285714285714285,10
59606,0.2050755649588663,0.2,0.3333333333333333,10
59610,0,0,0,10
59612,0.3052348839397011,0.16666666666666666,1,10
59613,0.14201905717762703,0.14285714285714285,0.16666666666666666,10
59622,0,0,0,2
59624,0,0,0,4
59628,1,0.625,1,10
59630,0,0,0,10
59640,0,0,0,10
59659,0.11004588314904007,0.0625,0.3333333333333333,10
59670,0.853686855770983,0.225,1,10
59678,0.8687471874513092,0.5625,1,10
59682,0.35895421017163465,0.08333333333333333,1,10
59691,0.46474568322493615,0.375,0.25,10
59699,0.6110191504983017,0.3125,1,10
59768,0.2132981753197951,0.09090909090909091,0.5,10
59773,0,0,0,10
59774,0.24936270394794904,0.1875,0.25,10
59775,0.3636237070689246,0.25,0.5,10
59779,0.6601290067546961,0.4444444444444444,1,10
59780,0.07839826897867533,0.0625,0.16666666666666666,10
59781,0.725452110735279,0.4666666666666667,1,10
59786,0.3456882995191705,0.125,1,10
59787,0.800693766409882,0.4666666666666667,1,10
59788,0.6378891765242927,0.4375,0.5,10
59790,0,0,0,10
59792,0.6901935063354874,0.375,1,10
59796,0.5090967735771897,0.3333333333333333,1,10
59805,-0,0,0,0
59809,0.5465334252760357,0.21428571428571427,1,10
59810,1,0.625,1,10
59824,0.3898000881581543,0.09090909090909091,1,10
59828,0.800693766409882,0.19444444444444445,1,10
59830,0.2240055615151755,0.125,0.5,10
59836,0,0,0,10
59841,0,0,0,10
59842,0.06625422345438903,0.0625,0.1111111111111111,10
59844,0.13698471029831175,0.125,0.14285714285714285,10
59850,0.06943122193677725,0.0625,0.125,10
59864,0,0,0,10
59865,0.06625422345438903,0.0625,0.1111111111111111,10
59866,0.49118023727106,0.13793103448275862,1,10
59896,0,0,0,10
59898,0,0,0,10
59899,0.07839826897867533,0.07692307692307693,0.16666666666666666,10
59906,0.2532954041105318,0.08571428571428572,0.25,10
59908,0,0,0,10
59910,0.15850703974098104,0.125,0.2,10
59914,-0,0,0,0
59915,-0,0,0,0
59916,-0,0,0,0
59918,0,0,0,10
59920,0,0,0,10
59921,0,0,0,10
59925,0,0,0,10
59929,-0,0,0,0
59931,0,0,0,2
59936,0,0,0,10
59940,0,0,0,10
59944,-0,0,0,0
59947,0.07839826897867533,0.0625,0.16666666666666666,10
59961,0.09478836436955078,0.08333333333333333,0.25,10
59962,0.20483424751859086,0.125,0.3333333333333333,10
59963,0,0,0,10
59969,0,0,0,10
59975,0.9363792118010483,0.5625,1,10
59987,0,0,0,10
59988,0,0,0,10
59991,0,0,0,10
59992,0.1388624438735545,0.0625,0.5,10
59994,0.19048787291075786,0.1875,0.16666666666666666,10
59996,0.07839826897867533,0.0625,0.16666666666666666,10
59998,0,0,0,10
59999,0,0,0,10
60000,0.5645441593704201,0.3125,1,10
60002,0.0715672426213396,0.0625,0.25,10
60005,0.06943122193677725,0.0625,0.125,10
60015,0.0636207881989517,0.0625,0.1,10
60016,0,0,0,10
60021,-0,0,0,0
60035,0,0,0,10
60036,0,0,0,3
60038,-0,0,0,0
60041,0,0,0,1
60042,0,0,0,4
60046,0,0,0,6
60054,0,0,0,10
60063,0.488966835483879,0.25,1,10
60067,0.2300510610426737,0.0625,1,10
60072,0,0,0,10
60080,-0,0,0,0
60081,0,0,0,1
60085,-0,0,0,0
60089,0,0,0,10
60090,0,0,0,10
60092,0,0,0,10
60094,0,0,0,10
60095,0,0,0,10
60097,0.0636207881989517,0.025,0.1,10
60098,0,0,0,10
60108,0,0,0,10
60114,0,0,0,1
60115,0.11004588314904007,0.0625,0.3333333333333333,10
60123,0.36602461869280256,0.25,0.5,10
60128,0,0,0,5
60132,0,0,0,10
60133,0.710022634839788,0.4375,1,10
60135,0.5506586356073454,0.3125,1,10
60141,0.904670473913659,0.6428571428571429,1,10
60144,0,0,0,10
60146,0,0,0,10
60150,-0,0,0,0
60152,0.31160588419703505,0.1875,1,10
60153,0.28634598975246917,0.15384615384615385,1,10
60155,0,0,0,10
60156,-0,0,0,0
60158,0.25880978898961277,0.1875,0.3333333333333333,10
60161,0,0,0,10
60162,0,0,0,5
60163,0,0,0,10
60165,0.14454969924864988,0.13333333333333333,0.5,10
60166,0.5806020001118017,0.16216216216216217,0.5,10
60168,0.07336392209936005,0.0625,0.14285714285714285,10
60178,0,0,0,10
60179,0.02613275632622511,0,0,10
60188,0.06319224291303384,0.0625,0.25,10
60189,0,0,0,10
60191,0,0,0,10
60199,0,0,0,10
60200,0.2644918786253648,0.08333333333333333,0.5,10
60203,0.5698664345004878,0.2,1,10
60230,0.4265076985331692,0.10256410256410256,1,10
60237,0.35895421017163465,0.125,1,10
60242,0.18736332695192046,0.1,0.5,10
60243,0.9363792118010483,0.5625,1,10
60244,0,0,0,10
60251,0.3746661058764784,0.1875,1,10
60257,-0,0,0,0
60261,0.3628869103342175,0.1875,1,10
60264,0.8521705090845474,0.5,1,10
60265,0.2934556883974402,0.125,1,10
60267,0.15176219107803537,0.06666666666666667,0.16666666666666666,10
60268,0.07079392215633316,0.1111111111111111,0.2,10
60272,0,0,0,10
60276,0.2895229882348574,0.125,1,10
60277,0,0,0,10
60297,0.5321408435198608,0.25,1,10
60298,0.51071640124967,0.26666666666666666,1,10
60316,0,0,0,10
60319,0,0,0,10
60320,0,0,0,10
60327,1,0.7142857142857143,1,10
60332,0,0,0,10
60348,0,0,0,10
60349,0,0,0,10
60357,0.2240055615151755,0.125,0.5,10
60367,0.04241385879930114,0.029411764705882353,0.1,10
60371,0,0,0,10
60376,0,0,0,10
60379,0.5684579545875155,0.375,0.5,10
60384,0.13593476918887523,0.13333333333333333,0.125,10
60386,0,0,0,10
60387,0.1388624438735545,0.0625,0.5,10
60389,0.420027879946489,0.125,1,10
60392,0.4574451998253689,0.26666666666666666,1,10
60395,0,0,0,10
60433,0.2064197245625198,0.125,0.5,10
60437,0.8860488769920091,0.5625,1,10
60441,0.07839826897867533,0.0625,0.16666666666666666,10
60449,0.5481540639795446,0.3125,1,10
60450,0,0,0,10
60455,0,0,0,10
60466,0.7272595543157154,0.46153846153846156,1,10
60468,0.11004588314904007,0.0625,0.3333333333333333,10
60470,0.27487633291429087,0.14285714285714285,1,10
60485,0.1396181455537491,0.125,0.14285714285714285,10
60488,0.4305591074091681,0.35714285714285715,0.5,10
60491,0.6274092458891771,0.35714285714285715,1,10
60493,0.39261901463363447,0.25,1,10
60495,0,0,0,10
60497,0.39484136206016496,0.13333333333333333,1,10
60511,0.2273290659460002,0.06666666666666667,0.5,10
60512,0,0,0,10
60516,0,0,0,10
60517,0,0,0,10
60520,1,0.5555555555555556,1,10
60531,0,0,0,10
60532,0.3368164256333635,0.14285714285714285,1,10
60535,0.07637274466264242,0.0625,0.125,10
60537,0,0,0,10
60545,0.6623183367608159,0.23076923076923078,1,10
60550,0.2575389154724167,0.0625,1,1
60554,0.24890832702259458,0.125,0.5,10
60557,0.4597951663171872,0.2222222222222222,0.5,10
60558,0.20793095039676862,0.14285714285714285,0.16666666666666666,10
60571,0.23325141851955083,0.14285714285714285,0.3333333333333333,10
60578,0,0,0,9
60581,0.8133148727341112,0.5,1,10
60589,0.4977962688668735,0.35714285714285715,1,10
60591,0,0,0,10
60594,0.49108483447213774,0.11538461538461539,1,10
60597,0.8745130913096956,0.5625,1,10
60599,0.7909923332035473,0.6666666666666666,1,10
60600,0.30342551497463044,0.3,0.5,10
60603,0.5072380780124417,0.3125,0.5,10
60604,0.1388624438735545,0.0625,0.5,10
60608,0,0,0,10
60610,0.3976722328631673,0.25,0.5,10
60613,0.06625422345438903,0.0625,0.1111111111111111,10
60624,0.0979129253499678,0.14285714285714285,0.16666666666666666,10
60628,0.35241656397780086,0.1875,0.5,10
60634,0.1388624438735545,0.0625,0.5,10
60648,0.8415908474314975,0.5,1,10
60651,0.4412851793128928,0.25,1,10
60652,0.16354138662029633,0.125,0.2,10
60657,0,0,0,10
60661,0.46081298306235335,0.3125,0.5,10
60668,0,0,0,10
60676,0,0,0,10
60681,0,0,0,10
60684,0.5040610795300535,0.5454545454545454,0.3333333333333333,10
60688,0,0,0,10
60708,0.45056557605879727,0.25,1,10
60709,-0,0,0,0
60715,-0,0,0,0
60716,-0,0,0,0
60718,-0,0,0,0
60719,0,0,0,10
60730,0,0,0,1
60739,0.0636207881989517,0.07142857142857142,0.1,10
60741,0,0,0,10
60747,0.06943122193677725,0.0625,0.125,10
60751,0.07839826897867533,0.0625,0.16666666666666666,10
60758,0.7936770766721827,0.6,1,10
60763,0,0,0,10
60769,0,0,0,10
60773,0.7975167679274937,0.5,1,10
60774,0.2336508082431053,0.125,0.5,10
60775,0,0,0,10
60778,0.0636207881989517,0.0625,0.1,10
60784,0.800693766409882,0.6363636363636364,1,10
60790,0.7007731679885373,0.375,1,10
60809,0.19508253909381212,0.25,0.2,10
60810,0.6176977382247575,0.2857142857142857,1,8
60814,0,0,0,10
60817,0,0,0,10
60824,0.4440973278132556,0.1875,1,10
60826,0.22212782793993271,0.1875,0.2,10
60848,0,0,0,10
60856,0,0,0,10
60861,0.06625422345438903,0.0625,0.1111111111111111,10
60866,0.9216017310213247,0.225,1,10
60890,0,0,0,10
60894,0.22009176629808014,0.0625,1,10
60909,0.30308203017988256,0.1875,0.5,10
60910,0.15850703974098104,0.125,0.2,10
60915,0.30240383049385083,0.1875,0.5,10
60917,0.08514311764162098,0.0625,0.2,10
60924,0.147053877022001,0.125,0.25,10
60933,0.26742619438551957,0.0625,1,10
60951,0.4124497136428909,0.26666666666666666,0.5,10
60952,0,0,0,10
60962,0,0,0,10
60972,0,0,0,10
60973,0,0,0,10
60974,0,0,0,1
60978,0.06943122193677725,0.0625,0.125,10
60980,0.5957616317188125,0.3125,1,10
60992,0.07839826897867533,0.0625,0.16666666666666666,10
61005,0,0,0,2
61019,0.06943122193677725,0.0625,0.125,10
61021,0,0,0,10
61024,0.39092738420022166,0.1,0.5,10
61041,0.07336392209936005,0.02127659574468085,0.14285714285714285,10
61042,0,0,0,10
61052,0,0,0,10
61055,0,0,0,10
61065,0.22009176629808014,0.0625,1,10
61067,0,0,0,10
61075,0.22009176629808014,0.0625,1,10
61083,0.35895421017163465,0.13333333333333333,1,10
61108,-0,0,0,0
61109,-0,0,0,0
61113,0.22009176629808014,0.0625,1,10
61123,1,1,1,10
61130,1,0.625,1,10
61132,0.38431135260440824,0.25,1,10
61136,0.2123906267912911,0.2222222222222222,0.5,10
61138,0.6620158551732015,0.375,1,10
61146,0.3628869103342175,0.1875,1,10
61147,0.04241385879930114,0.03125,0.1,10
61150,0,0,0,10
61155,0,0,0,10
61162,0.22009176629808014,0.06666666666666667,1,10
61163,0.23719771276929622,0.5,0.2,10
61167,-0,0,0,0
61169,0.6021255882649583,0.36363636363636365,1,10
61174,-0,0,0,0
61176,0.5626475208496899,0.4375,0.3333333333333333,10
61185,0,0,0,10
61192,0.2865293637533069,0.1875,0.5,10
61196,0.08514311764162098,0.07142857142857142,0.2,10
61199,0,0,0,10
61200,0.11004588314904007,0.06666666666666667,0.3333333333333333,10
61202,0.22009176629808014,0.06666666666666667,1,10
61209,0.08514311764162098,0.02702702702702703,0.2,10
61210,0,0,0,10
61221,0.601217374859455,0.38461538461538464,1,10
61223,0.37878333867593533,0.25,0.5,10
61224,0.782779243755444,0.42857142857142855,1,10
61227,0.9768562593544076,0.625,1,10
61234,-0,0,0,0
61236,0.12987501165334073,0.2,0.1111111111111111,10
61237,0.31488013066763093,0.13333333333333333,1,10
61238,-0,0,0,0
61240,0,0,0,10
61241,0,0,0,10
61251,0.279901702223461,0.0625,1,10
61265,0,0,0,10
61271,0.3233688044978225,0.125,1,6
61279,0.63987206321287,0.3125,1,10
61281,0.2735872697693364,0.1875,0.3333333333333333,10
61282,0.22009176629808014,0.0625,1,10
61288,0,0,0,10
61297,-0,0,0,0
61300,-0,0,0,0
61309,0.2476254271310945,0.2,0.2,10
61329,0,0,0,10
61332,0.579782773204422,0.17857142857142858,1,10
61333,0.7688211542947764,0.375,1,8
61335,0.6203974344166847,0.3125,1,10
61346,0,0,0,10
61347,-0,0,0,0
61348,-0,0,0,0
61351,0.5399873388995389,0.3157894736842105,0.5,10
61352,0.826333328652008,0.5,1,10
61360,0,0,0,10
61366,-0,0,0,0
61372,-0,0,0,0
61375,-0,0,0,0
61378,0.2895229882348574,0.10526315789473684,1,10
61384,1,1,1,10
61385,0,0,0,10
61387,0.2024832320725062,0.1,0.5,10
61397,0.81804192373243,0.4375,1,10
61398,1,0.625,1,10
61404,0,0,0,10
61405,0,0,0,10
61411,0,0,0,10
61417,0,0,0,10
61440,0,0,0,10
61444,0,0,0,10
61449,0,0,0,10
61455,0,0,0,10
61456,0,0,0,10
61462,0.16958010263680803,0.2,0.3333333333333333,10
61464,0,0,0,10
61465,-0,0,0,0
61473,0.45374257454118544,0.2,1,4
61478,0.9216017310213247,0.28125,1,10
61480,0,0,0,10
61490,0.7702932475948268,0.7,1,10
61497,0.29922683201146255,0.25,0.2,10
61502,0.3667314583167897,0.13333333333333333,1,10
61513,0.7670273914429263,0.4375,1,10
61514,0.5567789168399488,0.3125,1,10
61516,1,0.625,1,10
61520,0,0,0,10
61522,0.367048613489692,0.3333333333333333,0.5,10
61527,0.46710345479994453,0.3125,0.5,10
61545,0,0,0,10
61548,0.662991591198965,0.3125,1,10
61562,0,0,0,10
61563,0,0,0,10
61565,0,0,0,2
61568,0.1799314820111718,0.125,0.25,10
61570,0,0,0,10
61571,-0,0,0,0
61573,0,0,0,10
61574,0,0,0,10
61582,0,0,0,10
61588,0.08194584134522671,0.0625,0.16666666666666666,10
61590,0,0,0,10
61591,0,0,0,10
61598,0.5473254670348326,0.3125,1,10
61609,-0,0,0,0
61612,1,0.625,1,10
61621,0.1982726747057622,0.0625,1,10
61635,0,0,0,7
61637,0,0,0,10
61659,0.4228506620510153,0.3125,0.3333333333333333,10
61664,0,0,0,10
61665,0.17630010660342912,0.125,0.3333333333333333,10
61669,0.4323181322709947,0.1875,1,10
61674,-0,0,0,0
61675,0.3921578479840863,0.26666666666666666,0.5,10
61676,0.32624590389176605,0.25,0.2,10
61677,0.40979247964669335,0.08571428571428572,1,10
61694,0,0,0,10
61696,0.17002821265002713,0.125,0.2,10
61703,0,0,0,10
61710,0,0,0,10
61717,0,0,0,10
61720,0,0,0,10
61723,0,0,0,10
61726,0.5868924718493929,0.3125,1,10
61727,0,0,0,10
61729,0,0,0,10
61731,-0,0,0,0
61740,0.17318663334822612,0.14285714285714285,0.25,10
61757,0.5216414792035848,0.1875,1,10
61758,0,0,0,10
61761,0.7118041267893815,0.6,1,10
61767,0,0,0,10
61776,0.24926098697416302,0.0625,1,1
61798,-0,0,0,0
61827,0.7097402150304354,0.4375,1,10
61830,0.8109792627444647,0.5,1,10
61835,0,0,0,10
61850,0.06499922211334154,0.07692307692307693,0.1,10
61853,0.17659831200807974,0.06666666666666667,0.5,2
61857,0,0,0,1
61866,-0,0,0,0
61869,0.10516644181076237,0.09090909090909091,0.1111111111111111,10
61877,0.24926098697416302,0.0625,1,10
61893,0.11004588314904007,0.0625,0.3333333333333333,10
61900,0.08124448223703615,0.0625,0.125,10
61901,-0,0,0,0
61909,0,0,0,10
61910,0.9566671852577723,0.5625,1,9
61914,0,0,0,10
61927,0,0,0,10
61928,0,0,0,10
61930,0.07311683844390994,0.125,0.1,10
61931,-0,0,0,0
61933,0.08737071230218288,0,0,1
61957,0.44803002797583846,0.36363636363636365,1,10
61958,0.39763391022884753,0.125,1,10
61961,0.6845446898851333,0.375,1,10
61962,0.8304198973631919,0.8,1,10
61963,0.35895421017163465,0.125,1,10
61964,0.11004588314904007,0.0625,0.3333333333333333,10
62055,0,0,0,10
62056,0.16872714292220853,0.06666666666666667,0.5,10
62063,0.046287481291184845,0,0,10
62065,0,0,0,10
62066,0,0,0,10
62073,0.2399208948023808,0.1875,0.3333333333333333,10
62078,-0,0,0,0
62086,0,0,0,10
62098,0.09899102418981814,0.2,0.1111111111111111,10
62110,0,0,0,10
62115,0,0,0,10
62116,0,0,0,10
62120,0.45374257454118544,0.21428571428571427,1,10
62121,0,0,0,10
62123,0.7349358300248484,0.3125,1,5
62132,0.49828993591603105,0.26666666666666666,1,10
62136,0,0,0,10
62137,0,0,0,10
62143,0.12876945773620835,0.0625,0.3333333333333333,10
62150,0,0,0,10
62151,0.22009176629808014,0.0625,1,10
62155,0,0,0,10
62162,0.11243018208286118,0.0625,0.3333333333333333,3
62163,-0,0,0,0
62164,0.35895421017163465,0.125,1,10
62168,0.7461271827452907,0.5714285714285714,1,10
62172,0,0,0,10
62178,-0,0,0,0
62180,0.26180807422707547,0.23076923076923078,0.3333333333333333,10
62181,0.6310895684150645,0.4444444444444444,1,6
62185,0,0,0,10
62190,0,0,0,4
62193,0.24890832702259458,0.125,0.5,4
62195,0.7909506325094736,0.4117647058823529,1,10
62204,0,0,0,10
62206,0.9575861412006988,0.8181818181818182,1,10
62207,0,0,0,10
62209,0,0,0,10
62210,0.938677260894059,0.6,1,10
62214,0.2745478892647208,0.1875,0.5,10
62218,0.20483424751859086,0.125,0.3333333333333333,10
62220,0,0,0,2
62223,0.7967610662472991,0.4375,1,10
62231,0,0,0,10
62234,0,0,0,10
62235,0.07495345472190745,0.0625,0.14285714285714285,10
62236,0.0676892029442097,0.0625,0.25,10
62238,0,0,0,10
62239,0.7324156839036848,0.20588235294117646,1,10
62243,0,0,0,10
62246,0,0,0,10
62258,0.25469837558210445,0.1875,0.3333333333333333,10
62259,0.3667803203729971,0.3125,0.2,10
62260,0.7963371462515396,0.19444444444444445,1,10
62261,0.6489315753318465,0.3125,1,10
62262,0.05749085989156891,0.07142857142857142,0.16666666666666666,10
62272,0,0,0,10
62273,0.0636207881989517,0.0625,0.1,10
62278,0.059330599181095484,0.0625,0.2,10
62280,0.5321408435198608,0.25,1,10
62282,0.1388624438735545,0.0625,0.5,10
62283,0,0,0,10
62284,0,0,0,10
62287,0,0,0,10
62288,-0,0,0,0
62290,0,0,0,10
62292,0,0,0,10
62293,0.26406812257259094,0.5,0.25,10
62310,0,0,0,10
62327,0,0,0,10
62334,0.3724928669383441,0.3125,0.25,10
62343,0.8236998933965708,0.5333333333333333,1,10
62344,0,0,0,10
62345,0,0,0,10
62348,0.2575389154724167,0.06666666666666667,1,10
62349,0.08514311764162098,0.07142857142857142,0.2,10
62351,0.6982475475246038,0.375,1,10
62352,0,0,0,10
62357,0.4152807670887412,0.1875,1,10
62360,0.25880978898961277,0.1875,0.3333333333333333,10
62368,0,0,0,10
62369,0,0,0,10
62377,0,0,0,10
62388,0.24655055544758617,0.1875,0.3333333333333333,10
62394,0.8630152897016883,0.5,1,10
62396,0,0,0,10
62397,0.13305201013572895,0.037037037037037035,0.125,10
62399,0,0,0,10
62412,0.20323893375270077,0.25,0.14285714285714285,10
62413,0.0636207881989517,0.1,0.1,10
62416,0,0,0,10
62421,0,0,0,10
62432,0.2876263497141272,0.1875,0.5,10
62440,0,0,0,10
62441,0.11004588314904007,0.0625,0.3333333333333333,10
62450,0,0,0,10
62457,0.06319224291303384,0.0625,0.25,10
62459,0,0,0,10
62464,0.09478836436955078,0.024390243902439025,0.25,10
62468,0,0,0,10
62476,0.22009176629808014,0.0625,1,10
62477,0.07394398245707663,0.0625,0.25,10
62478,0.07979453856244816,0.125,0.125,10
62479,0,0,0,10
62489,0,0,0,10
62493,0.7827392871477701,0.6153846153846154,1,10
62504,0,0,0,10
62512,1,0.625,1,10
62513,0,0,0,10
62515,0.6305735060547477,0.25,1,10
62517,0,0,0,5
62520,0,0,0,10
62528,0.611691908927638,0.42857142857142855,1,10
62530,0.8060076123623718,0.21052631578947367,1,10
62532,0.3965453494115244,0.2,1,10
62534,0.39384420505633677,0.125,0.5,10
62538,1,0.625,1,10
62541,0.45669375162473974,0.1875,1,10
62542,0.04963029458075423,0.06666666666666667,0.1,10
62549,0.06943122193677725,0.0625,0.125,10
62551,0,0,0,10
62556,0.16979539995227813,0.16666666666666666,0.25,10
62557,0,0,0,10
62558,0,0,0,10
62566,0.44412286644879784,0.5,0.5,10
62567,0.15996433755220654,0.125,0.5,10
62568,0.3301376494471202,0.125,1,10
62611,0.2205605109996152,0.3333333333333333,0.2,10
62612,0.4390114882200925,0.08823529411764706,0.5,10
62618,0.7975167679274937,0.6666666666666666,1,10
62631,0.1661739913161087,0.0625,1,10
62642,0.727329844310522,0.4,1,10
62646,0,0,0,10
62648,0,0,0,10
62650,0,0,0,10
62651,0,0,0,10
62665,0,0,0,10
62669,0,0,0,10
62673,0.7104770117651424,0.5,0.5,10
62675,0,0,0,10
62678,0.6499585627060159,0.4,1,10
62689,0.7018748147052698,0.5384615384615384,0.5,10
62694,0.9092362252882525,0.6428571428571429,1,10
62718,0.5935777959108688,0.25,1,10
62730,-0,0,0,0
62734,-0,0,0,0
62736,0.843992232020434,0.5,1,10
62740,0.22009176629808014,0.043478260869565216,1,10
62744,0.9346203134774421,0.625,1,10
62745,0.20075474730321577,0.13333333333333333,0.3333333333333333,10
62751,0,0,0,3
62757,0.17366667134799177,0.125,0.3333333333333333,10
62758,0.6168295842361273,0.3333333333333333,1,10
62764,0.15139734109601002,0.125,0.2,10
62766,0.09478836436955078,0.0625,0.25,10
62768,0.18830653846881187,0.13636363636363635,0.16666666666666666,10
62769,0,0,0,3
62776,0,0,0,10
62784,0.9305687780632227,0.42857142857142855,1,10
62786,0,0,0,10
62788,0.933745776545611,0.6923076923076923,1,10
62791,0.4530654307858139,0.4166666666666667,0.3333333333333333,10
62795,0,0,0,10
62796,0.1388624438735545,0.0625,0.5,10
62807,0.25284102718517737,0.1875,0.3333333333333333,10
62808,-0,0,0,0
62809,0.14341071248735496,0.10526315789473684,0.25,10
62816,0,0,0,10
62817,1,0.625,1,10
62819,0.6235540477207573,0.375,1,10
62824,0.8466624462998462,0.5625,1,10
62828,0.15457433957839825,0.125,0.2,10
62829,0.07336392209936005,0.03571428571428571,0.14285714285714285,10
62835,0.2837125544970318,0.125,1,10
62857,0.24890832702259458,0.125,0.5,10
62858,0.5321408435198608,0.3333333333333333,1,10
62861,0.9305687780632227,0.6,1,10
62866,0.800693766409882,0.7,1,10
62868,-0,0,0,0
62869,0.5070865440219846,0.16216216216216217,1,10
62872,0.6257309130688887,0.4,0.5,10
62877,0,0,0,10
62883,0.4440973278132556,0.1875,1,10
62894,0.08584630515747224,0.09090909090909091,0.14285714285714285,10
62898,-0,0,0,0
62920,0.5045411175298192,0.3125,1,10
62923,0.4361533373077281,0.125,1,10
62925,0.12987501165334073,0.058823529411764705,0.1111111111111111,10
62928,0,0,0,10
62930,0.247330217095052,0.25,0.5,10
62934,0.06499922211334154,0.0625,0.1,10
62937,0,0,0,10
62941,0.2583297509898471,0.1875,0.25,10
62942,0,0,0,10
62954,0,0,0,10
62958,0.06625422345438903,0.0625,0.1111111111111111,10
62968,-0,0,0,0
62970,0.6489315753318465,0.38461538461538464,1,10
62978,0.11517419293662172,0.06666666666666667,0.25,10
62984,0.6325414799409711,0.3125,1,10
62988,0,0,0,10
62993,0.7158884478189647,0.21621621621621623,1,10
62994,0.7872912214175949,0.5,1,10
62997,0.3829956348615609,0.1875,0.5,10
63003,0.8000460734455755,0.375,1,6
63008,0,0,0,10
63025,0.8496107545551921,0.4090909090909091,1,10
63027,0,0,0,10
63031,0,0,0,10
63037,0.1610425878239398,0.125,0.25,10
63044,0.4329570418332233,0.3125,0.5,10
63045,0.8512360941594272,0.5,1,10
63049,0,0,0,10
63050,0.4674088262955526,0.2,1,10
63051,0,0,0,10
63057,0.28634598975246917,0.125,1,10
63064,-0,0,0,0
63069,0.11396459100617537,0.16666666666666666,0.1,10
63070,-0,0,0,0
63079,0.45650001423154074,0.125,1,10
63081,0.45650001423154074,0.15384615384615385,1,10
63091,0,0,0,10
63094,0,0,0,10
63097,0.26023003526140853,0.3,0.5,10
63101,-0,0,0,0
63114,0,0,0,10
63122,0,0,0,10
63125,0.7877736340270853,0.7272727272727273,1,10
63137,0,0,0,10
63176,0,0,0,10
63177,0,0,0,10
63184,0.27541860888594843,0.1875,0.5,10
63185,0.7000949683025056,0.4375,1,10
63190,0,0,0,10
63196,0,0,0,10
63197,0.11004588314904007,0.02702702702702703,0.3333333333333333,10
63198,0.07678279529108115,0.0625,0.25,10
63207,0.06625422345438903,0.0625,0.1111111111111111,10
63209,0.15726617308658694,0.07142857142857142,0.5,10
63210,0,0,0,10
63213,0,0,0,10
63215,0.5056427642465516,0.3157894736842105,0.5,10
63216,0.7652941251411539,0.42857142857142855,1,10
63217,0.4518648409659427,0.25,1,10
63224,0.34695119186869644,0.19047619047619047,0.3333333333333333,10
63229,0.28875014033780383,0.125,1,10
63233,0,0,0,10
63237,0.7430884690105225,0.375,1,6
63243,0.5676818677290052,0.4375,0.3333333333333333,10
63246,0,0,0,10
63249,0.6601585067762744,0.2608695652173913,1,10
63253,-0,0,0,0
63257,0.9216017310213247,0.5625,1,10
63264,0.3112831610366793,0.16666666666666666,0.5,10
63271,0,0,0,10
63273,0.38363315291837646,0.2,1,10
63282,0,0,0,10
63284,0.19930623359011798,0.06521739130434782,0.125,10
63286,0,0,0,1
63288,0.24309789328476902,0.1875,0.3333333333333333,10
63290,0.43342746460063764,0.3125,0.3333333333333333,10
63291,0.481242344393254,0.1875,1,10
63293,0.4691530303207165,0.2222222222222222,1,10
63294,0.0636207881989517,0.0625,0.1,10
63298,0.279901702223461,0.0625,1,1
63306,0.15139734109601002,0.125,0.2,10
63324,0.11004588314904007,0.0625,0.3333333333333333,10
63326,0,0,0,10
63338,-0,0,0,0
63344,0,0,0,10
63365,0.35895421017163465,0.125,1,10
63372,0,0,0,10
63373,0,0,0,2
63376,0.45374257454118544,0.1875,1,10
63378,0.866947989864271,0.20512820512820512,1,10
63382,0.18011989653266983,0.13333333333333333,0.3333333333333333,10
63391,0.67175898907361,0.375,1,10
63393,-0,0,0,0
63408,0,0,0,10
63411,0.06943122193677725,0.0625,0.125,10
63419,0,0,0,10
63424,0,0,0,10
63434,0,0,0,10
63436,0,0,0,10
63444,0,0,0,10
63447,0,0,0,10
63449,0.06943122193677725,0.0625,0.125,10
63450,0,0,0,10
63459,0,0,0,10
63461,0.1427951440361373,0.13333333333333333,0.14285714285714285,10
63465,0.30792566962694556,0.1875,0.5,10
63471,0,0,0,10
63481,0,0,0,10
63486,0,0,0,10
63489,0.3714891073940902,0.25,1,10
63495,0,0,0,2
63497,0.11004588314904007,0.0625,0.3333333333333333,10
63499,0,0,0,10
63500,0,0,0,10
63514,0.06319224291303384,0.0625,0.25,10
63515,0,0,0,4
63520,0,0,0,10
63528,0.22009176629808014,0.08333333333333333,1,10
63529,0.2336508082431053,0.125,0.5,10
63532,0,0,0,10
63535,0.1388624438735545,0.0625,0.5,10
63536,0,0,0,10
63542,0,0,0,10
63545,0,0,0,10
63547,0.16321684709627762,0.25,0.16666666666666666,10
63551,0,0,0,10
63553,0,0,0,10
63563,0.4292486164007478,0.42857142857142855,0.5,10
63565,0.08698786311329101,0.0625,0.2,10
63572,0,0,0,5
63573,0.22009176629808014,0.0625,1,10
63581,0,0,0,10
63583,0,0,0,10
63584,0,0,0,10
63587,0.11670693272553397,0.18181818181818182,0.2,10
63600,0,0,0,10
63606,0.5699759440001211,0.3125,1,10
63622,0,0,0,10
63623,0.06943122193677725,0.025,0.125,10
63624,0.36885567213865283,0.07894736842105263,1,10
63625,-0,0,0,0
63631,0.8899541168509598,0.5625,1,10
63641,0.26852556974265224,0.25,0.5,6
63646,0.9363792118010483,0.5625,1,10
63652,0,0,0,10
63663,0.1584091525685025,0.125,0.25,10
63667,-0,0,0,0
63669,0.06943122193677725,0.0625,0.125,10
63675,0.15176219107803537,0.058823529411764705,0.16666666666666666,10
63677,0.8595294857964728,0.6153846153846154,1,10
63683,0.22486036416572236,0.07142857142857142,1,10
63686,0.35895421017163465,0.14285714285714285,1,10
63688,0.45650001423154074,0.125,1,10
63693,0.7914507440195171,0.5,1,10
63694,0,0,0,10
63701,0,0,0,10
63713,-0,0,0,0
63720,0.3295827480202853,0.6666666666666666,0.2,10
63721,0,0,0,10
63732,0.9243864893624313,0.9,1,10
63750,0.6055047656192208,0.38461538461538464,1,10
63758,0.658012141084404,0.45454545454545453,1,10
63761,0.2240055615151755,0.0625,0.5,10
63762,0.17169261031494448,0.0625,1,10
63775,0.19301532548990497,0.13333333333333333,0.14285714285714285,10
63780,0,0,0,10
63789,0.09330056740782033,0.0625,0.14285714285714285,10
63803,0,0,0,2
63804,0.8553475075669357,0.5,1,10
63814,0.5680035776621609,0.3125,1,10
63816,0,0,0,10
63817,0.09478836436955078,0.0625,0.25,10
63818,0,0,0,10
63819,0.07839826897867533,0.0625,0.16666666666666666,10
63824,0,0,0,10
63841,-0,0,0,0
63851,0,0,0,10
63857,0,0,0,10
63863,0,0,0,10
63866,0,0,0,10
63872,0,0,0,10
63887,0.22009176629808014,0.0625,1,10
63893,0,0,0,10
63896,0,0,0,10
63901,0,0,0,10
63904,0.4228506620510153,0.18518518518518517,0.3333333333333333,10
63914,0,0,0,10
63916,0,0,0,10
63917,0,0,0,10
63927,0.07791187236806299,0.1111111111111111,0.125,10
63928,0.279901702223461,0.06666666666666667,1,10
63929,0,0,0,10
63931,0.8572048559638626,0.2,1,10
63933,0,0,0,10
63938,0,0,0,10
63940,0.8899541168509598,0.2727272727272727,1,10
63941,0.7503359712972107,0.4375,1,10
63948,0.09330056740782033,0.0625,0.14285714285714285,10
63952,0,0,0,10
63954,0.34369669139214537,0.1875,0.5,10
63962,0.4636440365082036,0.25,1,10
63969,0,0,0,10
63976,0.3105889026174027,0.10256410256410256,0.5,10
63983,0.23685891426102562,0.075,0.3333333333333333,10
63986,0,0,0,10
63991,0,0,0,10
63993,0.1388624438735545,0.07142857142857142,0.5,10
63996,0,0,0,3
64006,0,0,0,10
64011,0.6313419460517601,0.2857142857142857,1,10
64017,0.490222650816517,0.2,1,10
64020,0.10866808225369018,0.14285714285714285,0.1111111111111111,10
64028,0.35895421017163465,0.125,1,10
64041,0,0,0,10
64044,0.24926098697416302,0.0625,1,10
64051,0,0,0,10
64053,0.7023422388252596,0.3125,1,10
64101,0.26742619438551957,0.07142857142857142,1,10
64102,0.2841364744927913,0.075,1,10
64110,0.6663780514265049,0.2608695652173913,1,10
64127,1,0.625,1,10
64130,0.15176219107803537,0.125,0.16666666666666666,10
64137,0.5103515512676446,0.26666666666666666,1,10
64141,0,0,0,3
64144,0,0,0,10
64146,-0,0,0,0
64150,-0,0,0,0
64153,-0,0,0,0
64156,-0,0,0,0
64165,-0,0,0,0
64166,0,0,0,10
64174,0,0,0,10
64188,0.4440973278132556,0.3,1,10
64191,0.38009376671593426,0.3333333333333333,1,2
64192,0.06625422345438903,0.0625,0.1111111111111111,10
64195,0,0,0,10
64198,1,0.625,1,10
64207,0.7106719617508932,0.3125,1,10
64212,-0,0,0,0
64213,0,0,0,10
64220,0.727329844310522,0.375,1,10
64221,0.5559026721867443,0.4375,0.3333333333333333,10
64225,0.31598177738436345,0.25,0.25,10
64226,0.9543384299005626,0.625,1,10
64228,0.22979561007468535,0.1875,0.2,10
64240,-0,0,0,0
64241,0,0,0,10
64244,0,0,0,10
64258,0,0,0,10
64272,0,0,0,10
64276,0.2984900352767555,0.125,1,10
64286,0.37367752071113475,0.3333333333333333,1,10
64288,0.7759944384848244,0.8,1,10
64296,0.13438755110846198,0.125,0.2,10
64311,0.2336508082431053,0.125,0.5,5
64314,0.18764419468809046,0.06666666666666667,0.5,10
64317,0.4155934013078767,0.15384615384615385,0.5,10
64323,0.9566671852577723,0.75,1,9
64325,0.7730810113299461,0.2,1,10
64330,0,0,0,10
64331,0.1388624438735545,0.0625,0.5,10
64333,0.07336392209936005,0.0625,0.14285714285714285,10
64369,0.5368103404171507,0.4,0.5,10
64372,0,0,0,10
64379,0,0,0,10
64382,0.5796940015690564,0.45454545454545453,1,10
64386,0.9266360779006398,0.625,1,10
64390,0.21923280418519922,0.2857142857142857,0.2,10
64392,0.6929852696575346,0.18421052631578946,1,10
64394,0.6489315753318465,0.3125,1,10
64398,0,0,0,10
64400,0.17318663334822612,0.05128205128205128,0.25,10
64401,0.2240055615151755,0.125,0.5,10
64402,0.3154909520426466,0.1111111111111111,1,10
64405,0.07205258390751174,0.0625,0.1,10
64406,0,0,0,10
64426,0.08514311764162098,0.0625,0.2,8
64438,0,0,0,10
64439,0,0,0,10
64441,0.06814824486916873,0.06666666666666667,0.1,10
64443,0.8527131454506879,0.24324324324324326,1,10
64444,0.5988751049740154,0.3125,1,10
64462,0,0,0,10
64463,0.0897215206731319,0.3333333333333333,0.1111111111111111,10
64469,0.12770518362116587,0,0,10
64473,0,0,0,10
64476,0.6275071330616557,0.3125,1,10
64500,0.45374257454118544,0.1875,1,10
64504,0,0,0,10
64507,0.7280855459907164,0.5384615384615384,1,10
64525,0,0,0,10
64545,0.19170921753556142,0.125,0.3333333333333333,10
64547,0.5055345188263028,0.25,1,10
64557,-0,0,0,0
64562,0,0,0,10
64565,0,0,0,10
64566,0.22009176629808014,0.0625,1,10
64571,0,0,0,10
64573,0,0,0,10
64576,0,0,0,2
64584,-0,0,0,0
64585,-0,0,0,0
64587,0.6083169141195837,0.22727272727272727,1,10
64590,0.038766087090471586,0,0,10
64600,0,0,0,10
64609,0,0,0,2
64617,0.6491791438839593,0.4,1,10
64622,0.11004588314904007,0.04,0.3333333333333333,10
64626,0.11772968984505333,0.15384615384615385,0.125,10
64669,-0,0,0,0
64679,0,0,0,10
64683,0.2984900352767555,0.125,1,10
64685,0.5829892613302472,0.42857142857142855,0.2,10
64709,0.6126842454851775,0.3333333333333333,1,10
64714,0.8579809428223729,0.5,1,10
64717,0,0,0,1
64719,0.2573346694272617,0.2,0.5,10
64724,0,0,0,10
64729,0,0,0,10
64743,0,0,0,10
64744,0.2024832320725062,0.125,0.5,10
64760,0.7583449037784256,0.46153846153846156,1,10
64761,0,0,0,5
64764,0.47981068206922955,0.2,0.5,10
64772,0.4636440365082036,0.25,1,10
64777,0.9216017310213247,0.47368421052631576,1,10
64778,1,0.25,1,10
64786,0,0,0,2
64787,-0,0,0,0
64788,-0,0,0,0
64789,-0,0,0,0
64790,-0,0,0,0
64792,-0,0,0,0
64793,-0,0,0,0
64795,-0,0,0,0
64796,-0,0,0,0
64801,-0,0,0,0
64802,-0,0,0,0
64806,-0,0,0,0
64811,0.1388624438735545,0.06666666666666667,0.5,10
64814,0.6403089930936581,0.375,1,10
64815,0.206415932235089,0.1875,0.14285714285714285,10
64819,-0,0,0,0
64825,-0,0,0,0
64830,-0,0,0,0
64835,1,0.625,1,10
64837,-0,0,0,0
64839,0,0,0,7
64842,1,0.625,1,10
64846,0.1388624438735545,0.03571428571428571,0.5,10
64862,0.17318663334822612,0.2,0.25,10
64865,0.17659831200807974,0.07142857142857142,0.5,10
64867,0.24640095731266953,0.13333333333333333,0.5,10
64869,0,0,0,10
64871,0.3301376494471202,0.13333333333333333,1,10
64880,0,0,0,2
64896,0.04416948230292602,0.02564102564102564,0.1111111111111111,10
64898,0,0,0,1
64906,0.26845503571754253,0.1875,0.3333333333333333,10
64916,0,0,0,10
64917,0.35895421017163465,0.04878048780487805,1,10
64918,-0,0,0,0
64929,0.4361533373077281,0.13333333333333333,1,10
64931,0.6342185674563915,0.175,1,10
64932,0.2895229882348574,0.125,1,10
64944,0.467122359745432,0.25,1,10
64946,0.5837154733670047,0.3125,1,10
64948,0,0,0,10
64949,0.05799190874219401,0.0625,0.2,10
64958,0.5637884576902256,0.25,1,10
64960,-0,0,0,0
64976,0.1427951440361373,0.125,0.14285714285714285,10
64977,-0,0,0,0
64982,0.7663491917568946,0.5,1,10
64989,0.22009176629808014,0.0625,1,10
64996,0.42787770105592604,0.375,1,10
65002,1,0.625,1,10
65005,0.1388624438735545,0.0625,0.5,10
65013,0,0,0,10
65018,0.977915258848537,0.7142857142857143,1,10
65020,0.8379938154808529,0.6428571428571429,1,10
65031,0,0,0,10
65034,0.8435378753444458,0.8,1,10
65035,0.40853591842579556,0.12,1,10
65040,0,0,0,10
65042,0.09478836436955078,0.0625,0.25,10
65044,0.5384313152574519,0.25,1,10
65048,0.11004588314904007,0.0625,0.3333333333333333,10
65050,0.25663611368885664,0.1111111111111111,0.3333333333333333,10
65051,0.15176219107803537,0.125,0.16666666666666666,10
65060,0.914856882358379,0.2727272727272727,1,10
65061,0.29041288667085263,0.075,0.5,10
65063,0,0,0,1
65069,0.4198525533351915,0.13333333333333333,1,10
65073,0.714948447574434,0.5454545454545454,1,10
65075,0.08050330613630795,0.09090909090909091,0.1111111111111111,10
65076,0.17630010660342912,0.125,0.3333333333333333,10
65087,0.5958595188912911,0.38461538461538464,1,10
65088,0,0,0,10
65089,0,0,0,10
65096,0,0,0,10
65102,0.21398626473452753,0.2,0.5,10
65105,0.11004588314904007,0.025,0.3333333333333333,10
65108,0,0,0,10
65113,0,0,0,10
65119,0.20483424751859086,0.125,0.3333333333333333,10
65120,0.06943122193677725,0.0625,0.125,10
65121,0.7039180890341347,0.5,1,10
65123,0.3260182015338199,0.5,0.3333333333333333,10
65126,0,0,0,10
65127,-0,0,0,0
65131,0,0,0,10
65133,0,0,0,10
65134,0.5224955967919309,0.25,1,6
65135,0.27487633291429087,0.14285714285714285,1,10
65140,0.51071640124967,0.25,1,10
65146,0,0,0,10
65147,0.3796025655833152,0.3125,0.25,10
65150,0.1388624438735545,0.0625,0.5,10
65151,0.1396181455537491,0.125,0.14285714285714285,10
65152,0,0,0,10
65157,0,0,0,10
65158,0,0,0,10
65160,0.07336392209936005,0.06666666666666667,0.14285714285714285,10
65163,0.1388624438735545,0.07142857142857142,0.5,10
65167,0.22009176629808014,0.0625,1,10
65171,0,0,0,10
65177,0.07839826897867533,0.045454545454545456,0.16666666666666666,10
65178,-0,0,0,0
65186,0.6385085174798409,0.2857142857142857,1,10
65190,0.22009176629808014,0.043478260869565216,1,10
65196,0,0,0,10
65197,0.12401689426445893,0.125,0.3333333333333333,10
65198,0.47981879812810785,0.3,1,10
65202,0.611795237356812,0.45454545454545453,1,10
65205,0.06943122193677725,0.0625,0.125,10
65220,0.7799082337019198,0.5625,0.5,10
65225,0.11004588314904007,0.07142857142857142,0.3333333333333333,10
65232,0.21726071285222984,0.125,0.5,10
65240,0,0,0,10
65254,0,0,0,10
65292,0,0,0,10
65308,0.6110191504983017,0.3125,1,10
65320,0.19140020258046325,0.09090909090909091,0.3333333333333333,10
65323,0.06625422345438903,0.0625,0.1111111111111111,10
65329,0.3301376494471202,0.125,1,10
65336,0.510069131458292,0.25,1,10
65339,0.34695119186869644,0.25,0.3333333333333333,10
65340,-0,0,0,0
65347,0.28001858663099266,0.125,1,7
65351,0.22009176629808014,0.058823529411764705,1,10
65356,0,0,0,10
65357,0,0,0,10
65372,0.8318477135310891,0.5333333333333333,1,10
65379,0,0,0,10
65380,0.9363792118010483,0.5625,1,10
65388,0,0,0,10
65394,0.7438605440311712,0.4375,1,10
65395,0.22476126319537007,0.2,0.2,10
65397,0.2895229882348574,0.125,1,10
65398,-0,0,0,0
65445,0.914856882358379,0.6428571428571429,1,10
65447,-0,0,0,0
65451,0.2698988794159001,0.07142857142857142,0.5,2
65462,0.6874708847784536,0.4375,1,10
65477,0,0,0,10
65478,0.7353797772725617,0.4375,1,10
65481,0.2934556883974402,0.0625,1,10
65487,0.552265477387053,0.4166666666666667,1,10
65492,0.3102692308190164,0.07692307692307693,1,10
65500,0,0,0,10
65506,0.9216017310213247,0.5625,1,10
65510,-0,0,0,0
65523,0,0,0,3
65560,0.7104770117651424,0.5,0.5,10
65562,0.81804192373243,0.4666666666666667,1,10
65566,0,0,0,10
65577,0.22009176629808014,0.07692307692307693,1,10
65597,0,0,0,10
65599,0.5,1,0.3333333333333333,10
65600,1,0.625,1,10
65607,0.08878855502583598,0.08333333333333333,0.16666666666666666,10
65608,0.31598177738436345,0.25,0.25,10
65658,0,0,0,10
65676,0.8812605169021386,0.75,1,3
65683,0.8043000802143929,0.20512820512820512,1,10
65697,0,0,0,10
65700,0,0,0,10
65701,0,0,0,10
65702,0,0,0,10
65714,0.7778721720600672,0.4666666666666667,1,10
65728,0.8812605169021386,0.75,1,10
65739,0,0,0,10
65748,0.7329267096359688,0.42857142857142855,1,10
65754,0.24707579535119442,0.2,0.3333333333333333,10
65763,-0,0,0,0
65772,0.8835952033958971,0.5625,1,10
65773,0.5754208531796942,0.4166666666666667,1,10
65787,0.7721596254947202,0.4375,1,10
65790,0.279901702223461,0.07142857142857142,1,10
65798,0.8736851393428635,0.5,1,10
65801,0,0,0,10
65810,0.33405144466421555,0.2,0.5,10
65823,0,0,0,10
65825,0,0,0,10
65832,0.3222722491219546,0.1875,0.5,10
65835,0.19389067573793448,0.1,0.1,10
65843,0.5249609063224338,0.4166666666666667,1,10
65849,0.6601585067762744,0.375,1,10
65850,0,0,0,10
65851,0.24703059344735182,0.1875,0.3333333333333333,10
65852,-0,0,0,0
65857,0.9094987067248556,0.6666666666666666,1,10
65866,0,0,0,10
65874,0.10122860821230019,0.1111111111111111,0.25,10
65877,0,0,0,10
65890,0.710060470433168,0.5714285714285714,1,10
65894,0,0,0,2
65897,0.9828920819566878,1,1,10
65900,0.7362800346898314,0.5714285714285714,1,10
65904,0,0,0,10
65907,0,0,0,10
65923,0.8264016607596565,0.5384615384615384,1,10
65928,-0,0,0,0
65931,0,0,0,10
65936,0.6373655601881327,0.5714285714285714,1,4
65937,-0,0,0,0
65941,0.2575389154724167,0.0625,1,1
65946,0.43545584062957976,0.45454545454545453,0.5,10
65947,0.7909506325094736,0.25925925925925924,1,10
65954,0.36820085822750087,0.13333333333333333,1,9
65965,0.933745776545611,0.5625,1,10
65972,0.8821834262764466,0.6666666666666666,1,10
65973,0.7341885540817263,0.3333333333333333,1,10
65977,-0,0,0,0
65980,-0,0,0,0
65981,0,0,0,10
65982,-0,0,0,0
65984,0.10197126565478222,0.125,0.14285714285714285,10
65988,0,0,0,5
65998,0.5637884576902256,0.25,1,10
66004,0,0,0,2
66007,-0,0,0,0
66011,-0,0,0,0
66023,1,0.2702702702702703,1,10
66024,0.5637884576902256,0.3333333333333333,1,10
66026,0,0,0,10
66028,0,0,0,2
66029,0,0,0,10
66037,0.5072380780124417,0.45454545454545453,0.5,10
66038,0.11091597368561495,0.09090909090909091,0.25,10
66039,0.5513310624619329,0.3125,1,10
66046,0,0,0,10
66048,-0,0,0,0
66050,0.8033169716155114,0.2564102564102564,1,10
66062,0.4979488391188037,0.375,0.5,10
66063,0.22313556292392783,0.2857142857142857,0.25,10
66079,-0,0,0,0
66083,0,0,0,10
66119,-0,0,0,0
66125,1,0.625,1,10
66127,-0,0,0,0
66128,0,0,0,10
66134,0.8105629001512938,0.5,1,10
66137,0.07336392209936005,0.0625,0.14285714285714285,10
66152,0.29990503169749433,0.1875,0.5,10
66154,0.9084840369117597,0.5625,1,10
66155,0.13617863947526518,0.07142857142857142,0.3333333333333333,10
66158,0,0,0,10
66160,0.752969406552648,0.3888888888888889,1,10
66165,0,0,0,10
66167,0,0,0,10
66172,0.0636207881989517,0.0625,0.1,10
66176,0.3005260969186081,0.25,0.2,10
66179,0.06943122193677725,0.0625,0.125,10
66188,0.06625422345438903,0.0625,0.1111111111111111,10
66190,0.08513164738006665,0,0,10
66196,0.2399208948023808,0.2,0.3333333333333333,10
66204,0.5825180016854268,0.38461538461538464,1,10
66206,0,0,0,10
66209,0.2934556883974402,0.14285714285714285,1,10
66212,0.06943122193677725,0.021739130434782608,0.125,10
66216,0.16354138662029633,0.125,0.2,10
66217,0.09907759915099076,0.0625,0.25,10
66225,-0,0,0,0
66228,0.629028539109653,0.4166666666666667,1,10
66230,0.08514311764162098,0.0625,0.2,10
66234,0.08514311764162098,0.025,0.2,10
66242,0.6489315753318465,0.45454545454545453,1,10
66243,0.09478836436955078,0.0625,0.25,10
66245,0,0,0,10
66262,0.28634598975246917,0.14285714285714285,1,10
66263,0.279901702223461,0.07692307692307693,1,10
66266,0.8081812876631279,0.5,1,10
66267,0.9363792118010483,0.5625,1,10
66275,0,0,0,10
66280,0.15336737402844913,0.0625,1,10
66292,0,0,0,10
66294,0.30701473034246535,0.1875,0.5,10
66298,-0,0,0,0
66305,0.826333328652008,0.5,1,10
66306,0,0,0,10
66308,0.35895421017163465,0.09090909090909091,1,10
66312,0,0,0,10
66313,0.22486036416572236,0.0625,1,10
66315,0.09970299801576629,0.09090909090909091,0.16666666666666666,10
66323,0.5321408435198608,0.25,1,10
66338,0.06943122193677725,0.041666666666666664,0.125,10
66341,0,0,0,10
66344,0,0,0,10
66347,0,0,0,10
66357,0.24655055544758617,0.21428571428571427,0.25,10
66360,0.4341754806679218,0.36363636363636365,1,10
66361,0.24890832702259458,0.13333333333333333,0.5,10
66369,0.3562315886146009,0.18181818181818182,0.3333333333333333,10
66392,-0,0,0,0
66395,0,0,0,10
66396,-0,0,0,0
66403,0,0,0,10
66407,0,0,0,10
66414,0,0,0,10
66417,0,0,0,10
66421,0,0,0,10
66436,0.0636207881989517,0.0625,0.1,10
66442,0.23231055398623468,0.1875,0.3333333333333333,10
66451,0.20511666732794356,0.125,0.5,10
66454,0.07336392209936005,0.06666666666666667,0.14285714285714285,10
66463,0.06625422345438903,0.07142857142857142,0.1111111111111111,10
66470,0,0,0,10
66471,0.056762078427747324,0.029411764705882353,0.2,10
66474,0,0,0,1
66476,-0,0,0,0
66477,0.3516137754598143,0.5,0.25,10
66489,0,0,0,10
66494,0.1388624438735545,0.02702702702702703,0.5,10
66499,-0,0,0,0
66512,-0,0,0,0
66514,0.5654087968624564,0.375,1,10
66518,0,0,0,10
66519,0.09463718914575932,0.2,0.16666666666666666,10
66521,0.420027879946489,0.14285714285714285,1,10
66524,0,0,0,10
66525,0.530943853632104,0.21428571428571427,1,10
66527,0.7799471644079082,0.24324324324324326,1,10
66535,0,0,0,10
66542,0,0,0,10
66545,0.8415908474314975,0.7272727272727273,1,10
66548,0,0,0,6
66553,0.21501812929496172,0.1875,0.2,10
66555,0.6812060741152737,0.4375,1,10
66556,0.6172839611614817,0.3,1,10
66560,0.5783425478809953,0.375,1,10
66566,0.35895421017163465,0.125,1,10
66578,0.14782949091545258,0.125,0.16666666666666666,10
66605,0.023143740645592423,0,0,10
66616,0.46545131948166396,0.25,1,10
66617,-0,0,0,0
66624,0.12379328262807698,0.05,0.125,10
66625,0.4098497305276306,0.2,0.5,4
66642,0.8680991973992306,0.25,1,10
66644,0.536535391555884,0.375,1,10
66646,0.7663491917568946,0.7272727272727273,1,10
66647,0,0,0,1
66651,0.5444848074098377,0.25,1,10
66656,-0,0,0,0
66657,0.2958603580505538,0.1111111111111111,1,1
66658,-0,0,0,0
66677,0.3301376494471202,0.125,1,10
66694,0,0,0,10
66698,0.45650001423154074,0.125,1,10
66703,0.41985237681355264,0.3125,0.3333333333333333,10
66709,0.08514311764162098,0.0625,0.2,10
66713,0.14876390584057267,0.05263157894736842,0.2,10
66715,0,0,0,10
66719,0.44158011035778233,1,0.2,10
66722,0,0,0,10
66730,0.07336392209936005,0.0625,0.14285714285714285,10
66732,0,0,0,10
66733,0.1422793656752783,0.125,0.16666666666666666,10
66740,0.4498873763727655,0.14285714285714285,1,10
66746,0.21222636597291455,0.14285714285714285,0.5,10
66754,0,0,0,10
66756,0,0,0,10
66759,0,0,0,10
66761,0.13305201013572895,0.09090909090909091,0.125,10
66767,0,0,0,10
66770,0.6242322474067891,0.1935483870967742,1,10
66782,0.4085842451295395,0.3076923076923077,0.3333333333333333,10
66787,0,0,0,10
66790,0.43719209802327536,0.1875,1,10
66805,0.3052348839397011,0.125,1,10
66809,0.30308203017988256,0.1875,0.5,10
66811,0,0,0,10
66812,0,0,0,10
66817,0.6216966993238302,0.15,1,10
66818,0,0,0,10
66823,0.08514311764162098,0.06666666666666667,0.2,10
66825,0.09478836436955078,0.0625,0.25,10
66826,0.2855902880722746,0.15384615384615385,1,10
66829,0.5043776700708298,0.6,0.5,10
66830,1,0.625,1,10
66831,0.14876390584057267,0.06666666666666667,0.2,10
66833,0,0,0,10
66839,0.51071640124967,0.2222222222222222,1,10
66846,-0,0,0,0
66854,0.7019727018777484,0.375,1,10
66863,0.206415932235089,0.2,0.14285714285714285,10
66865,0.09478836436955078,0.08333333333333333,0.25,10
66866,0.19518900079066107,0.125,0.3333333333333333,10
66868,0.7534632436579976,0.375,1,10
66876,0,0,0,10
66879,0.2532954041105318,0.1875,0.25,10
66890,0.38363315291837646,0.1875,1,10
66892,0,0,0,10
66893,0,0,0,10
66894,0,0,0,10
66895,0.17947710508581732,0.125,0.3333333333333333,10
66897,0.14201905717762703,0.125,0.16666666666666666,10
66903,0.11004588314904007,0.0625,0.3333333333333333,10
66904,0.08514311764162098,0.0625,0.2,10
66913,0.6901366686521491,0.4166666666666667,1,5
66922,0.26845503571754253,0.2,0.3333333333333333,10
66932,-0,0,0,0
66939,0,0,0,2
66956,0.27487633291429087,0.14285714285714285,1,8
66957,0.9743760426540914,0.625,1,10
66968,0.8611375561264454,0.5625,1,10
66973,0.8509612365540038,0.4375,1,10
66974,0.5745236923578712,0.4444444444444444,1,10
66975,-0,0,0,0
66978,0.6597133113683123,0.26666666666666666,1,10
66995,0.06943122193677725,0.06666666666666667,0.125,10
67000,0.4789015552876929,0.25,1,10
67002,1,1,1,6
67004,0.8205228949141825,0.5,1,10
67013,1,0.625,1,10
67014,-0,0,0,0
67021,0.4690000933206747,0.1875,1,10
67030,-0,0,0,0
67042,-0,0,0,0
67064,-0,0,0,0
67065,-0,0,0,0
67070,0.3956283301982108,0.1875,1,10
67072,0.7026305163854644,0.18421052631578946,1,10
67075,0.06319224291303384,0.0625,0.25,10
67077,0.08308699565805434,0.0625,0.14285714285714285,10
67110,0.0636207881989517,0.0625,0.1,10
67115,0.0636207881989517,0.0625,0.1,10
67117,0,0,0,10
67122,0.4414924137367808,0.5,0.5,10
67128,0,0,0,10
67129,0,0,0,10
67131,0,0,0,10
67138,0,0,0,10
67144,0.24890832702259458,0.046511627906976744,0.5,10
67146,0.4579766441086708,0.4444444444444444,0.5,10
67151,0.11004588314904007,0.06666666666666667,0.3333333333333333,10
67152,0,0,0,10
67153,0.07336392209936005,0.0625,0.14285714285714285,10
67154,0.04731272247541591,0.0625,0.1111111111111111,10
67156,0.07336392209936005,0.0625,0.14285714285714285,10
67164,0,0,0,10
67166,0.11004588314904007,0.0625,0.3333333333333333,10
67167,0.37430713175004626,0.1875,1,10
67170,0,0,0,10
67171,0,0,0,2
67174,0.07839826897867533,0.0625,0.16666666666666666,10
67178,0,0,0,10
67180,0,0,0,10
67184,0.31488013066763093,0.125,1,10
67189,0,0,0,10
67193,0,0,0,10
67202,0.7593429637909561,0.6,1,10
67203,0,0,0,10
67207,0,0,0,10
67209,0,0,0,10
67210,0.13698471029831175,0.125,0.14285714285714285,10
67212,0.22009176629808014,0.0625,1,10
67215,0,0,0,10
67217,0,0,0,10
67225,0,0,0,10
67226,0.09478836436955078,0.0625,0.25,10
67229,0.524648928407747,0.2857142857142857,1,10
67234,0,0,0,10
67239,0,0,0,10
67241,0,0,0,10
67245,0,0,0,10
67247,0,0,0,10
67251,0,0,0,10
67256,0,0,0,10
67261,0,0,0,10
67263,0,0,0,10
67268,0.1388624438735545,0.06666666666666667,0.5,10
67271,0.4829018817039035,0.45454545454545453,0.5,10
67278,0.19518900079066107,0.125,0.3333333333333333,10
67285,0,0,0,10
67292,0,0,0,10
67300,0.5142842514302275,0.3333333333333333,1,10
67305,0,0,0,10
67309,0,0,0,10
67321,0,0,0,10
67325,0,0,0,10
67344,0.06943122193677725,0.0625,0.125,10
67345,0,0,0,10
67347,0,0,0,10
67348,-0,0,0,0
67352,0,0,0,10
67355,0,0,0,10
67358,0,0,0,10
67361,0.2984900352767555,0.15384615384615385,1,10
67366,0,0,0,10
67368,0.06943122193677725,0.06666666666666667,0.125,10
67369,0,0,0,10
67371,0,0,0,10
67373,0.06625422345438903,0.07692307692307693,0.1111111111111111,10
67374,0,0,0,10
67386,0,0,0,10
67388,0.09916288995176918,0.0625,0.5,10
67402,0.11243018208286118,0.0625,0.3333333333333333,10
67403,0,0,0,10
67406,0.92663607790064,0.5625,1,10
67407,0,0,0,10
67410,0,0,0,10
67416,1,0.7142857142857143,1,10
67422,0,0,0,10
67424,0.5618918191694953,0.15,0.5,10
67430,0,0,0,2
67431,0,0,0,10
67437,0,0,0,10
67440,0.056762078427747324,0.02,0.2,10
67446,0,0,0,10
67448,0,0,0,10
67454,0,0,0,10
67456,0,0,0,10
67457,0.1388624438735545,0.025,0.5,10
67467,0.30260241349881345,0.16666666666666666,1,3
67473,0,0,0,10
67487,0,0,0,10
67488,0,0,0,10
67489,0.39332989236015403,0.075,1,10
67494,0,0,0,10
67498,0,0,0,10
67500,0.35895421017163465,0.125,1,10
67513,0.3597099118518292,0.2,1,10
67531,0.7550243731399882,0.5,1,10
67534,0.17366667134799177,0.125,0.3333333333333333,10
67543,0.26696586929063,0.16666666666666666,1,10
67544,0,0,0,10
67548,0,0,0,10
67550,0.046287481291184845,0.0625,0.125,10
67551,0.06625422345438903,0.0625,0.1111111111111111,10
67552,0.1388624438735545,0.0625,0.5,10
67557,0,0,0,10
67560,0.06943122193677725,0.05263157894736842,0.125,10
67561,0.12463049348708151,0.07142857142857142,0.3333333333333333,10
67567,0,0,0,10
67570,0.08914206479517318,0,0,2
67573,0.07336392209936005,0.0625,0.14285714285714285,10
67579,0,0,0,10
67583,0,0,0,10
67587,0,0,0,2
67598,0.14947310621226664,0.125,0.3333333333333333,10
67603,0.39172239294569755,0.4444444444444444,0.5,10
67604,0.4636440365082036,0.25,1,10
67607,0,0,0,10
67618,0,0,0,10
67631,0,0,0,10
67632,0.33876780622615427,0.2727272727272727,1,10
67636,0.7759944384848244,0.5333333333333333,1,10
67637,0,0,0,10
67639,0.22009176629808014,0.07692307692307693,1,10
67643,0,0,0,10
67644,0.07336392209936005,0.07692307692307693,0.14285714285714285,10
67645,0.31204907722178066,0.1875,0.5,10
67648,0.22009176629808014,0.0625,1,10
67656,0,0,0,10
67671,0,0,0,10
67676,0.866947989864271,0.20512820512820512,1,10
67679,0,0,0,10
67686,0,0,0,10
67690,0,0,0,10
67691,0.2024832320725062,0.125,0.5,10
67692,-0,0,0,0
67695,0,0,0,10
67697,0,0,0,10
67707,0,0,0,10
67712,0.14534125117695076,0.16666666666666666,0.125,10
67713,0.6036081270984907,0.4375,0.5,10
67729,0,0,0,10
67731,0,0,0,10
67735,0,0,0,5
67738,0,0,0,10
67739,0,0,0,10
67745,0.25677372734776016,0.125,1,10
67749,0,0,0,10
67759,0,0,0,10
67763,0,0,0,10
67766,0.5834330535576521,0.20833333333333334,1,10
67769,0,0,0,10
67770,0.08914206479517318,0.07142857142857142,0.14285714285714285,10
67776,0,0,0,10
67781,0.3052348839397011,0.125,1,10
67791,0,0,0,10
67794,0,0,0,10
67807,0,0,0,10
67808,0,0,0,10
67810,0,0,0,10
67812,0,0,0,10
67819,0.1388624438735545,0.0625,0.5,10
67830,0,0,0,10
67832,0,0,0,10
67844,0,0,0,10
67845,0.11532927261524245,0.25,0.1111111111111111,10
67849,0.5321408435198608,0.2857142857142857,1,10
67859,0,0,0,10
67862,0,0,0,10
67870,0,0,0,10
67875,0,0,0,10
67877,0.1388624438735545,0.0625,0.5,10
67883,0,0,0,10
67884,0,0,0,10
67886,0,0,0,10
67891,0.06625422345438903,0.02,0.1111111111111111,10
67894,0,0,0,10
67896,0,0,0,10
67900,0,0,0,10
67902,0,0,0,2
67907,0,0,0,10
67908,0.06943122193677725,0.023809523809523808,0.125,10
67916,0,0,0,10
67919,0,0,0,10
67923,0,0,0,10
67929,0,0,0,10
67930,0,0,0,10
67939,0,0,0,10
67951,0,0,0,10
67954,0.9325055893091645,0.625,1,10
67959,0,0,0,10
67974,0.1388624438735545,0.0625,0.5,10
67976,0.15139734109601002,0.125,0.2,10
67981,0,0,0,10
67986,0.1427951440361373,0.14285714285714285,0.14285714285714285,10
67992,0.1388624438735545,0.06666666666666667,0.5,10
67993,0,0,0,10
67998,0,0,0,3
68002,0,0,0,10
68005,0.1388624438735545,0.0625,0.5,10
68012,0,0,0,10
68018,0,0,0,10
68025,0,0,0,4
68026,0.13698471029831175,0.125,0.14285714285714285,10
68035,0.06943122193677725,0.0625,0.125,10
68038,0,0,0,10
68043,0.06625422345438903,0.0625,0.1111111111111111,10
68044,0,0,0,10
68048,0,0,0,10
68053,0,0,0,10
68054,0,0,0,10
68064,0,0,0,10
68067,0,0,0,10
68069,0.4721567066247473,0.25,1,10
68070,0.5338601418952625,0.3125,1,10
68071,0,0,0,10
68072,0,0,0,10
68073,0.8417057036360959,0.4666666666666667,1,10
68081,0.5680035776621609,0.3125,1,10
68083,1,0.625,1,10
68086,0.32279449697984014,0.125,1,10
68093,0.3771375656178506,0.3333333333333333,1,10
68104,0.09478836436955078,0.09090909090909091,0.25,10
68112,0.569757219494661,0.15789473684210525,1,10
68117,0.2934556883974402,0.125,1,10
68120,0.22486036416572236,0.0625,1,1
68121,-0,0,0,0
68125,0.5017493542077719,0.25,1,10
68129,1,0.6666666666666666,1,10
68130,0,0,0,10
68135,0.554238613761218,0.3125,1,10
68139,-0,0,0,0
68141,-0,0,0,0
68144,0.22009176629808014,0.0625,1,10
68151,0,0,0,10
68152,0,0,0,10
68153,0,0,0,10
68155,0,0,0,10
68160,0,0,0,10
68161,0,0,0,10
68168,0.6470538417566037,0.18181818181818182,1,10
68169,0.8772466369983309,0.6428571428571429,1,10
68170,0.2740019807912203,0.21428571428571427,0.3333333333333333,10
68176,0.24890832702259458,0.13333333333333333,0.5,10
68181,0.2934556883974402,0.125,1,10
68185,0,0,0,3
68193,0.18738363680476863,0.13333333333333333,0.3333333333333333,10
68200,0.45374257454118544,0.1875,1,10
68256,0,0,0,10
68257,0.1356854453911663,0.125,0.125,10
68259,0,0,0,10
68264,0,0,0,10
68268,0.7917063341896682,0.5,1,10
68272,0.6122496142821665,0.2,1,10
68274,0.27191445400928344,0.23076923076923078,0.5,10
68277,0.1396181455537491,0.125,0.14285714285714285,10
68278,0,0,0,10
68283,0,0,0,2
68286,-0,0,0,0
68300,0,0,0,10
68302,0.8688463162677882,0.6,1,10
68305,0.12987501165334073,0.125,0.1111111111111111,10
68306,1,0.625,1,10
68310,0.15176219107803537,0.125,0.16666666666666666,10
68311,0.23177307466786254,0.1875,0.25,10
68312,0.29990503169749433,0.25,0.5,10
68317,0,0,0,10
68324,0,0,0,10
68332,-0,0,0,0
68337,0,0,0,10
68340,0,0,0,10
68347,0.1388624438735545,0.0625,0.5,10
68349,0,0,0,1
68351,0.06350608830737939,0.0625,0.16666666666666666,10
68357,0,0,0,10
68368,1,0.625,1,10
68374,0,0,0,10
68375,0,0,0,10
68377,0,0,0,10
68381,0,0,0,10
68384,0.2984900352767555,0.125,1,6
68387,0,0,0,10
68404,0.31869705723993685,0.125,1,10
68414,0.09478836436955078,0.0625,0.25,10
68415,0,0,0,10
68422,0.4602208385135954,0.4,1,10
68423,0,0,0,10
68424,0.1388624438735545,0.0625,0.5,10
68436,0,0,0,10
68438,0.06943122193677725,0.0625,0.125,10
68439,0.09478836436955078,0.0625,0.25,10
68441,-0,0,0,0
68452,0,0,0,10
68456,0,0,0,10
68461,0.15139734109601002,0.05128205128205128,0.2,10
68462,0.1799314820111718,0.125,0.25,10
68470,0,0,0,10
68471,0,0,0,10
68476,-0,0,0,0
68478,0.40589481414105677,0.21428571428571427,0.5,10
68491,0.4721567066247473,0.25,1,10
68500,0.1356854453911663,0.07142857142857142,0.125,10
68506,0.4422195942380129,0.25,1,10
68507,0.933745776545611,0.5625,1,10
68508,0.28955725192637227,0.1875,0.3333333333333333,10
68512,-0,0,0,0
68516,0.8165901947515998,0.2,1,10
68528,0.45650001423154074,0.16666666666666666,1,10
68540,0.8889774708079637,0.5,1,10
68543,0,0,0,10
68546,0,0,0,10
68547,-0,0,0,0
68558,0,0,0,10
68561,-0,0,0,0
68567,1,0.625,1,10
68571,0.5637884576902256,0.25,1,4
68572,0.42379089349186627,0.23076923076923078,1,10
68581,-0,0,0,0
68607,-0,0,0,0
68620,0,0,0,10
68622,1,0.7692307692307693,1,10
68629,0.5806020001118017,0.375,0.5,10
68630,-0,0,0,0
68639,-0,0,0,0
68648,0.4000232483092519,0.13636363636363635,1,10
68652,0.1388624438735545,0.0625,0.5,10
68653,0.11004588314904007,0.0625,0.3333333333333333,10
68658,0,0,0,1
68660,0,0,0,10
68661,0.1584091525685025,0.125,0.25,10
68664,-0,0,0,0
68670,0,0,0,10
68674,0.21222636597291455,0.125,0.5,10
68678,0.8200685179888281,0.5,1,10
68686,0.3065735963827292,0.5,0.3333333333333333,10
68689,0.7151857987862356,0.4,1,10
68691,0.8516679192010023,0.5,1,10
68694,0.8603389203967905,0.6428571428571429,1,10
68695,0.429183500430577,0.25,0.5,10
68704,0.39092738420022166,0.2857142857142857,0.5,10
68707,0.09478836436955078,0.0625,0.25,10
68709,0.14782949091545258,0.0392156862745098,0.16666666666666666,10
68714,-0,0,0,0
68719,-0,0,0,0
68721,0,0,0,8
68728,0,0,0,4
68733,0,0,0,5
68743,0.96331803895032,0.2631578947368421,1,10
68746,0.22009176629808014,0.06666666666666667,1,10
68750,0.710022634839788,0.4375,1,10
68751,0,0,0,2
68753,0,0,0,10
68756,0.20803518926146267,0.3333333333333333,0.3333333333333333,10
68759,0.1388624438735545,0.0625,0.5,10
68767,0.44803002797583846,0.25,1,10
68773,0.22009176629808014,0.07142857142857142,1,10
68779,0,0,0,10
68785,0,0,0,10
68790,0.07336392209936005,0.06666666666666667,0.14285714285714285,10
68795,0.12054710171248399,0.07692307692307693,0.25,10
68807,0.6841881327478231,0.4166666666666667,1,10
68815,0.06625422345438903,0.0625,0.1111111111111111,10
68832,0.911409472076316,0.5714285714285714,1,10
68834,0.7670273914429263,0.4375,1,10
68837,0.7762391257100952,0.19444444444444445,1,10
68854,0,0,0,10
68859,0.053397918541038314,0.0625,0.16666666666666666,10
68860,0,0,0,10
68861,-0,0,0,0
68866,0.08514311764162098,0.08333333333333333,0.2,10
68875,0.20998266150301922,0.125,1,10
68885,-0,0,0,0
68893,0.6538090820890275,0.42857142857142855,1,10
68908,0,0,0,10
68912,0.20323893375270077,0.1875,0.14285714285714285,10
68915,0.4543011943155039,0.25,1,10
68920,0.6281460426238843,0.4375,0.5,10
68929,0.22009176629808014,0.0625,1,10
68930,0,0,0,10
68931,0.4885468020156227,0.25,1,10
68940,0,0,0,10
68943,0,0,0,10
68944,-0,0,0,0
68945,-0,0,0,0
68956,0,0,0,10
68963,0,0,0,10
68971,0.20829366581033176,0.13333333333333333,0.5,10
68979,0,0,0,10
68984,0,0,0,10
68988,0.5548010254700118,0.13157894736842105,1,10
68989,0.7451719210516874,0.5555555555555556,0.5,10
68995,0.827554099444758,0.3,1,10
68996,0.1388624438735545,0.0625,0.5,10
68999,0.17350563625627743,0.13333333333333333,0.14285714285714285,10
69000,0.27486954908242656,0.18181818181818182,0.25,10
69022,0.9216017310213247,0.5625,1,10
69024,0.3881969130921566,0.26666666666666666,1,10
69025,0.37320226963128134,0.13333333333333333,1,10
69027,0.35659643859662626,0.10810810810810811,0.3333333333333333,10
69033,0.6708670639139346,0.3125,1,10
69038,0.306288493471633,0.3125,0.3333333333333333,10
69043,0.5637884576902256,0.25,1,10
69049,1,0.625,1,10
69055,0.727329844310522,0.17142857142857143,1,10
69060,0.48781909130763673,0.2857142857142857,1,10
69064,0.6987957033953601,0.46153846153846156,1,10
69068,0.35895421017163465,0.13333333333333333,1,10
69087,0.22486036416572236,0.0625,1,10
69089,0.06943122193677725,0.0625,0.125,10
69095,0.5795003533950693,0.3125,1,10
69102,0.39425270953183084,0.16666666666666666,1,10
69106,0,0,0,3
69110,0.13305201013572895,0.125,0.125,10
69118,0,0,0,10
69119,0.29740901205864334,0.0625,1,10
69120,0,0,0,10
69123,0.7670273914429263,0.4375,1,10
69124,0.06625422345438903,0.0625,0.1111111111111111,10
69130,0.714068710217234,0.1794871794871795,1,10
69133,0,0,0,10
69138,-0,0,0,0
69139,0,0,0,1
69142,0.38131382474038084,0.3333333333333333,0.5,10
69143,0.8125746650785765,0.6666666666666666,0.5,10
69145,0.800693766409882,0.4375,1,10
69150,0,0,0,10
69157,0,0,0,10
69159,-0,0,0,0
69162,0,0,0,10
69171,0.92663607790064,0.5625,1,10
69174,0.5637884576902256,0.26666666666666666,1,10
69187,0.15457433957839825,0.125,0.2,10
69195,0.22967085350694552,0.1111111111111111,0.5,10
69197,0.07336392209936005,0.07692307692307693,0.14285714285714285,10
69199,0.7821638463490821,0.5,1,10
69204,0.3439261989517367,0.125,1,2
69220,0,0,0,2
69224,0,0,0,2
69225,-0,0,0,0
69229,-0,0,0,0
69230,0.8318477135310891,0.5,1,10
69238,0.9216017310213247,0.5625,1,10
69240,0.22009176629808014,0.0625,1,10
69242,0.1388624438735545,0.0625,0.5,5
69252,0.22009176629808014,0.07692307692307693,1,1
69256,0.22009176629808014,0.0625,1,2
69259,0,0,0,1
69264,0,0,0,3
69268,0.6332196796270028,0.3125,1,10
69269,0.08878855502583598,0.0625,0.16666666666666666,10
69273,0.1884441521277154,0.125,0.3333333333333333,10
69281,0.2300510610426737,0.024390243902439025,1,10
69289,0.6489315753318465,0.38461538461538464,1,10
69291,0,0,0,10
69292,0,0,0,3
69295,0,0,0,10
69296,0,0,0,10
69297,0,0,0,10
69307,0,0,0,10
69308,0,0,0,10
69310,0,0,0,1
69312,0,0,0,10
69313,0.2944199117503409,0,0,10
69314,0.19518900079066107,0.125,0.3333333333333333,10
69316,0,0,0,10
69327,0.15366812037132546,0.15384615384615385,0.125,10
69332,0.4630411728676596,0.35714285714285715,0.5,10
69334,0.11004588314904007,0.06666666666666667,0.3333333333333333,10
69347,0.1388624438735545,0.06666666666666667,0.5,10
69349,0.22082856303278728,0.1875,0.2,10
69352,0.20423531702997388,0.1875,0.3333333333333333,10
69355,0.11004588314904007,0.0625,0.3333333333333333,10
69361,-0,0,0,0
69363,0.4170606134915054,0.25,0.5,10
69365,0.8889774708079637,0.5,1,10
69367,0.11091597368561495,0.0625,0.25,10
69371,0.06220037827188022,0.0625,0.14285714285714285,10
69375,0.4701017400374072,0.3125,0.5,10
69380,0.6772733739526907,0.46153846153846156,1,10
69387,0,0,0,10
69404,0.14829723057014907,0.1111111111111111,0.5,10
69410,0,0,0,10
69419,0.22979561007468535,0.2,0.2,10
69425,0.15176219107803537,0.125,0.16666666666666666,10
69436,0.19518900079066107,0.125,0.3333333333333333,10
69441,0,0,0,10
69451,0.6961622681399229,0.375,1,10
69454,0.11004588314904007,0.0625,0.3333333333333333,10
69460,0,0,0,10
69461,0,0,0,10
69468,0.09478836436955078,0.0625,0.25,10
69470,0,0,0,10
69473,0.34369669139214537,0.1875,0.5,10
69477,0,0,0,10
69479,0,0,0,10
69494,0,0,0,3
69495,0,0,0,10
69502,0.5224955967919309,0.08888888888888889,1,10
69507,0,0,0,10
69518,0,0,0,10
69524,0,0,0,10
69525,0.6346172680692487,0.2222222222222222,1,10
69527,0.11787709652751965,0.07692307692307693,0.3333333333333333,10
69533,0,0,0,10
69537,0,0,0,10
69540,0.5337295747359708,0.3125,0.5,10
69541,0.36792125721353275,0.21428571428571427,1,10
69545,0,0,0,10
69554,0.17318663334822612,0.125,0.25,10
69556,0.247330217095052,0.2727272727272727,0.5,10
69558,0.6754160255557637,0.15,1,10
69560,0.4530643748551538,0.11764705882352941,1,10
69565,0,0,0,10
69567,0.31488013066763093,0.15384615384615385,1,10
69573,0.15945692742694476,0.14285714285714285,0.3333333333333333,10
69579,0,0,0,10
69582,0.3841288471575334,0.3076923076923077,0.5,10
69586,0.4315420454124845,0.25,1,10
69587,0.11004588314904007,0.0625,0.3333333333333333,10
69605,0.1884441521277154,0.125,0.3333333333333333,10
69608,0,0,0,10
69615,0.12987501165334073,0.125,0.1111111111111111,10
69616,0.6177639991612474,0.3125,1,10
69617,-0,0,0,0
69623,0.1388624438735545,0.0625,0.5,6
69626,0,0,0,10
69637,0.178891322627579,0.14285714285714285,0.5,10
69638,0.800693766409882,0.5333333333333333,1,10
69644,0.42256876397429516,0.4166666666666667,0.3333333333333333,10
69648,0,0,0,10
69651,0,0,0,10
69657,0,0,0,10
69659,0,0,0,10
69660,0,0,0,10
69664,0.2336508082431053,0.14285714285714285,0.5,10
69665,0.20829366581033176,0.125,0.5,10
69669,0.3827160388385181,0.20833333333333334,0.3333333333333333,10
69672,0,0,0,10
69674,0,0,0,2
69675,0,0,0,10
69677,0,0,0,10
69688,0.6231723362263614,0.17647058823529413,1,10
69689,0.6509209298071326,1,0.5,10
69691,0.490222650816517,0.2,1,10
69695,0.8875698179171387,0.5625,1,10
69698,0,0,0,10
69705,0,0,0,10
69707,0.1388624438735545,0.07692307692307693,0.5,10
69711,0,0,0,10
69716,0,0,0,10
69720,0,0,0,10
69722,0,0,0,10
69735,0,0,0,10
69736,0.07093554707553369,0.06666666666666667,0.125,10
69737,0,0,0,10
69739,0,0,0,10
69752,0,0,0,10
69766,0,0,0,10
69769,0,0,0,10
69771,0.8603818544462509,0.5,1,10
69772,1,0.625,1,10
69773,0.5302442049991306,0.375,0.5,10
69775,0.727329844310522,0.375,1,10
69777,0.8313577016679498,0.5333333333333333,1,10
69785,0,0,0,1
69794,0.5846496772851758,0.25,1,10
69795,0,0,0,10
69800,0.12612699746278572,0.125,0.2,10
69806,0.9241671129536687,0.6428571428571429,1,10
69810,0.7778177053887201,0.4,1,10
69813,0.8572048559638626,0.6666666666666666,1,10
69814,0.710022634839788,0.4375,1,10
69817,0.6777277508780453,0.4375,1,10
69822,0,0,0,10
69832,1,0.29411764705882354,1,10
69835,0.6358141260787616,0.2,1,10
69836,0.1388624438735545,0.0625,0.5,10
69842,0,0,0,10
69846,0,0,0,10
69850,0.23297260855707358,0.1875,0.2,10
69863,0.07839826897867533,0.0625,0.16666666666666666,10
69869,-0,0,0,0
69875,1,0.625,1,10
69877,0.31387751482918097,0.3076923076923077,0.3333333333333333,10
69882,1,0.6666666666666666,1,10
69883,0.5829393865084945,0.375,1,10
69904,0.15988502318102288,0,0,10
69906,0.6092378088023978,0.42857142857142855,1,10
69908,0,0,0,10
69915,0,0,0,10
69922,0,0,0,10
69923,0.0991363373528811,0.0625,0.3333333333333333,10
69926,0.3222722491219546,0.1875,0.5,10
69934,0,0,0,10
69938,0.24355227021012346,0.1875,0.25,10
69943,0.2895229882348574,0.125,1,10
69952,0.31204907722178066,0.1875,0.5,10
69959,0,0,0,10
69961,0.06943122193677725,0.07692307692307693,0.125,10
70052,-0,0,0,0
70053,0,0,0,10
70054,0.07336392209936005,0.0625,0.14285714285714285,10
70055,0.686715183098259,0.5454545454545454,1,10
70061,-0,0,0,0
70062,0.3093521167391581,0.25,0.3333333333333333,10
70066,0.7653606369886218,0.6666666666666666,1,2
70074,0,0,0,10
70096,0.12463049348708151,0.0625,0.3333333333333333,10
70097,0.30295518767801577,0.25,0.25,10
70102,0.8010635718891831,0.6363636363636364,1,10
70106,0.06319224291303384,0.02702702702702703,0.25,10
70112,0,0,0,10
70113,0,0,0,10
70116,0,0,0,10
70121,0.29951361897034223,0.25,0.3333333333333333,10
70123,0,0,0,10
70133,0.14201905717762703,0.125,0.16666666666666666,10
70134,0.1884441521277154,0.125,0.3333333333333333,10
70141,0,0,0,10
70151,0,0,0,10
70156,0,0,0,1
70163,1,0.7142857142857143,1,10
70170,0,0,0,10
70172,0.43919036726810073,0.25,0.5,10
70183,0.764055368718996,0.6153846153846154,1,10
70185,0.2906246349515899,0.1875,0.5,10
70196,0.40786349157120805,0.1875,1,10
70198,0.4283854321084119,0.1875,1,10
70207,0.31765514614081625,0.1875,0.5,10
70208,0.6505132600483446,0.375,1,10
70212,0,0,0,10
70215,0,0,0,10
70217,0.5801088060277029,0.175,0.5,10
70233,-0,0,0,0
70244,0,0,0,10
70246,0.2583297509898471,0.1875,0.25,10
70263,0.0636207881989517,0.0625,0.1,10
70265,0.6292414401942897,0.16129032258064516,1,10
70269,-0,0,0,0
70280,0,0,0,10
70286,0.06943122193677725,0.02564102564102564,0.125,10
70291,0.5253379115694863,0.6,0.5,10
70293,0.354105102365221,0.16666666666666666,1,10
70300,0.2024832320725062,0.05128205128205128,0.5,10
70305,0,0,0,10
70311,0,0,0,10
70313,1,0.625,1,10
70317,0.936991991540195,0.8571428571428571,1,10
70321,1,0.625,1,10
70326,0.8000460734455755,0.375,1,6
70333,0,0,0,10
70336,0.6812060741152737,0.4375,1,10
70341,1,0.625,1,10
70345,0.3784965723924467,0.25,1,10
70346,0.29740901205864334,0.09090909090909091,1,10
70347,0.5637884576902256,0.16,1,10
70350,0,0,0,10
70353,0.07336392209936005,0.0625,0.14285714285714285,10
70356,0,0,0,10
70358,0.27520868097225953,0.21428571428571427,0.3333333333333333,10
70360,0.28997736516021183,0.14285714285714285,0.25,10
70363,0,0,0,10
70364,0.22009176629808014,0.09090909090909091,1,2
70378,0.06943122193677725,0.0625,0.125,10
70381,0,0,0,10
70383,0.09478836436955078,0.0625,0.25,10
70384,0,0,0,10
70410,0.49118023727106,0.17391304347826086,1,10
70411,0.06319224291303384,0.030303030303030304,0.25,10
70420,0.505356719842132,0.25,1,10
70422,0.3633865293690862,0.3,1,10
70424,0,0,0,10
70425,0.6606021509485402,0.6666666666666666,1,10
70443,0.4779671403625728,0.25,1,10
70446,0,0,0,10
70448,0.07336392209936005,0.0625,0.14285714285714285,10
70455,0,0,0,6
70458,0.806397694024336,0.2647058823529412,1,10
70460,-0,0,0,0
70466,0.5160068273051741,0.25,1,10
70475,0.9305687780632227,0.5625,1,10
70495,-0,0,0,0
70501,0.5684579545875155,0.375,0.5,10
70503,0.7799082337019198,0.5625,0.5,10
70510,0.38634741424626085,0.3125,0.25,10
70511,0.20483424751859086,0.15384615384615385,0.3333333333333333,10
70514,0.135640669549971,0.125,0.3333333333333333,10
70517,0.8969833176732404,1,1,10
70520,0.45374257454118544,0.2,1,10
70528,0,0,0,10
70531,0.14148424398194304,0.15384615384615385,0.5,10
70540,0.3903800499921017,0.25,1,10
70542,0.30240383049385083,0.1875,0.5,10
70546,0.06943122193677725,0.0625,0.125,10
70556,0.5475732076830985,0.5,1,10
70561,0,0,0,10
70576,0,0,0,10
70581,0,0,0,3
70582,-0,0,0,0
70584,-0,0,0,0
70588,0.2758471541718662,0.1875,0.5,10
70592,1,0.625,1,10
70606,0,0,0,10
70611,0,0,0,7
70614,0.4252084336260237,0.21428571428571427,1,10
70617,0.21222636597291455,0.125,0.5,10
70625,0.6144374668980744,0.3076923076923077,1,10
70640,-0,0,0,0
70652,1,0.625,1,10
70656,0.2174884416909426,0.2,0.3333333333333333,10
70659,0.6930221935231562,0.5555555555555556,1,10
70676,0.8000460734455755,0.375,1,10
70677,0,0,0,10
70683,0,0,0,10
70688,0.27235727895053036,0.125,1,10
70691,0.47842151728792726,0.2857142857142857,1,10
70694,-0,0,0,0
70706,1,0.625,1,10
70711,0.4690000933206747,0.2,1,10
70712,0.5384313152574519,0.25,1,10
70715,0,0,0,10
70717,0.3052348839397011,0.2,1,10
70736,0.5698664345004878,0.1875,1,10
70742,0.2336508082431053,0.125,0.5,10
70749,0.056762078427747324,0.0625,0.2,10
70751,0.2336508082431053,0.13333333333333333,0.5,10
70755,0,0,0,10
70765,-0,0,0,0
70771,-0,0,0,0
70772,0,0,0,10
70773,0,0,0,10
70774,0,0,0,10
70776,0.11004588314904007,0.0625,0.3333333333333333,10
70782,0.09907759915099076,0.0625,0.25,10
70784,0.5224955967919309,0.26666666666666666,1,10
70787,0.6966951897534286,0.375,1,10
70789,0.6489315753318465,0.3125,1,10
70792,0,0,0,10
70802,0,0,0,10
70809,-0,0,0,0
70814,-0,0,0,0
70815,0.20483424751859086,0.125,0.3333333333333333,10
70819,0,0,0,10
70826,0,0,0,10
70827,0.08514311764162098,0.043478260869565216,0.2,10
70838,1,0.6666666666666666,1,10
70846,0.46474568322493615,0.375,0.25,10
70847,0.08539139310228318,0.06666666666666667,0.25,10
70852,-0,0,0,0
70853,0,0,0,10
70860,0,0,0,3
70862,0,0,0,1
70864,-0,0,0,0
70870,0.14489033529089881,0,0,10
70875,-0,0,0,0
70889,0.727329844310522,0.375,1,10
70904,0,0,0,10
70905,0.19305797271250802,0.05263157894736842,0.5,10
70908,0.34000085528437685,0.08333333333333333,0.5,10
70914,0.2246633760228915,0.1875,0.25,10
70916,0,0,0,10
70917,0.20483424751859086,0.125,0.3333333333333333,10
70920,0.5090967735771897,0.3333333333333333,1,10
70924,0.25469837558210445,0.1875,0.3333333333333333,10
70926,0.08514311764162098,0.04,0.2,10
70927,0.6172839611614817,0.3125,1,10
70928,0.07336392209936005,0.0625,0.14285714285714285,10
70932,0.2318709618403411,0.125,1,10
70933,0.25430127623392856,0.14285714285714285,0.5,10
70936,0.09478836436955078,0.07142857142857142,0.25,10
70955,0.4747901418801846,0.3076923076923077,1,10
70957,0,0,0,10
70967,0.914856882358379,0.225,1,10
70968,0.6472219746647951,0.175,1,10
70969,0,0,0,10
70975,0.5031800947891368,0.8,0.5,10
70977,0,0,0,10
70981,0,0,0,10
70987,0,0,0,10
70999,0,0,0,10
71010,0.6314990913428391,0.3333333333333333,1,10
71014,0,0,0,10
71016,0.3312392961638527,0.25,0.3333333333333333,10
71017,0.40853591842579556,0.2,1,10
71018,0,0,0,10
71028,0.29740901205864334,0.0625,1,2
71030,0.22009176629808014,0.0625,1,10
71032,0.35895421017163465,0.125,1,2
71033,0.8675241956752285,0.5,1,10
71040,0.2166519526320964,0.15384615384615385,0.5,10
71051,0.5129861293403476,0.25,1,10
71052,0,0,0,10
71058,0.07839826897867533,0.03225806451612903,0.16666666666666666,10
71062,0,0,0,10
71063,0.2837125544970318,0.13333333333333333,1,10
71065,0,0,0,10
71066,0.09478836436955078,0.0625,0.25,10
71078,0.35940858709698914,0.11764705882352941,0.3333333333333333,10
71079,0.6248715226065693,0.3333333333333333,1,10
71088,0,0,0,10
71095,0,0,0,10
71097,0.7728378251807518,0.4375,1,10
71101,0.07336392209936005,0.03125,0.14285714285714285,10
71119,0.4690000933206747,0.1875,1,10
71120,0,0,0,10
71162,0.9048032373092418,0.6153846153846154,1,10
71163,0.6978817289434458,1,0.5,10
71184,0.49926053663265585,0.3076923076923077,1,10
71186,0.11396116007791328,0.08695652173913043,0.2,10
71187,0,0,0,10
71197,0.279901702223461,0.0625,1,1
71204,0,0,0,2
71205,-0,0,0,0
71218,0,0,0,10
71226,0.758834359730075,0.5,1,10
71229,-0,0,0,0
71232,-0,0,0,0
71235,0.6274092458891771,0.3125,1,10
71238,-0,0,0,0
71254,0,0,0,10
71255,0.21145027911440428,0.12,0.16666666666666666,10
71257,0.7151857987862356,0.375,1,10
71264,0.3065735963827292,0.5,0.3333333333333333,10
71273,0.23930280678108978,0.125,1,2
71274,0.9539766929213053,0.6428571428571429,1,10
71276,0,0,0,10
71287,0,0,0,10
71290,0.286304132831407,0.125,1,10
71297,0.06943122193677725,0.06666666666666667,0.125,10
71299,0.8490784463031535,0.5,1,10
71318,0.40652716006074996,0.13333333333333333,1,6
71325,0.8768555980218291,0.625,1,10
71328,0,0,0,10
71335,-0,0,0,0
71336,-0,0,0,0
71351,0.07336392209936005,0.0625,0.14285714285714285,10
71352,0.5835778597081013,0.21875,0.5,10
71355,0.4744528104079827,0.2857142857142857,1,10
71356,0.6471544100677071,0.3125,1,10
71366,0,0,0,10
71372,0.9171816190470334,0.875,1,10
71377,0.6037457407573941,0.23076923076923078,0.5,10
71381,0.8153851262445498,0.5,1,10
71386,0.4747901418801846,0.16666666666666666,1,10
71393,0.43735247915031,0.23076923076923078,1,10
71394,0.4576752747037683,0.25,1,10
71395,0.44227040497362397,0.1875,1,10
71396,-0,0,0,0
71397,0.7520973617492561,0.7,0.5,10
71399,0.4377335187825792,0.3125,0.25,10
71400,0.7088500908446072,0.42857142857142855,1,10
71401,0.05226551265245022,0.058823529411764705,0.16666666666666666,10
71404,0,0,0,10
71439,-0,0,0,0
71440,-0,0,0,0
71452,0.12987501165334073,0.125,0.1111111111111111,10
71453,0.34695119186869644,0.25,0.3333333333333333,10
71454,0,0,0,10
71459,1,0.625,1,10
71472,0.35659643859662626,0.25,0.3333333333333333,10
71489,0.07839826897867533,0.0625,0.16666666666666666,10
71490,0.1388624438735545,0.0625,0.5,10
71494,-0,0,0,0
71497,0,0,0,10
71498,0,0,0,10
71501,0,0,0,10
71505,0,0,0,10
71506,0.11004588314904007,0.0625,0.3333333333333333,10
71509,0.11004588314904007,0.0625,0.3333333333333333,10
71519,0.09030885605379059,0.125,0.25,10
71527,0,0,0,1
71532,0.5223136233561195,0.26666666666666666,1,10
71535,0.07336392209936005,0.0625,0.14285714285714285,10
71538,0.047290364717022464,0.07692307692307693,0.125,10
71539,0.5555044796847155,0.25,1,10
71545,0.7471589728148225,0.4375,1,10
71546,0.7133080652109928,0.4375,1,10
71549,0.9539766929213053,0.5625,1,10
71556,0.1388624438735545,0.0625,0.5,10
71560,0,0,0,10
71562,0.826333328652008,0.17391304347826086,1,10
71565,0,0,0,10
71566,0.0636207881989517,0.0625,0.1,10
71567,0.04890928139957336,0.029411764705882353,0.14285714285714285,10
71571,0,0,0,10
71578,0.78180487222265,0.5833333333333334,1,10
71584,0.07336392209936005,0.0625,0.14285714285714285,10
71585,0.06625422345438903,0.02702702702702703,0.1111111111111111,10
71602,0,0,0,10
71612,1,0.625,1,10
71615,0,0,0,10
71625,0.2174884416909426,0.2,0.3333333333333333,10
71627,0.2957092629098329,0.1,0.25,10
71629,0.7877736340270853,0.6153846153846154,1,10
71641,0.13305201013572895,0.06451612903225806,0.125,10
71646,0.11004588314904007,0.0625,0.3333333333333333,10
71647,0.1884441521277154,0.125,0.3333333333333333,10
71652,0.4921412321215621,0.375,0.5,10
71655,0.3878661736950714,0.10526315789473684,0.5,10
71658,0.8630152897016881,0.225,1,10
71659,0.6333725228078673,0.26666666666666666,1,10
71663,-0,0,0,0
71671,0.4800032020044254,0.15,0.3333333333333333,10
71677,0.34369669139214537,0.23076923076923078,0.5,10
71678,0.4323181322709947,0.2,1,10
71680,0.07839826897867533,0.08333333333333333,0.16666666666666666,10
71691,0.7280855459907164,0.4375,1,10
71696,0.7909506325094736,0.4375,1,10
71702,0.9363792118010483,0.5625,1,10
71713,0,0,0,10
71724,0.0636207881989517,0.0625,0.1,10
71728,-0,0,0,0
71738,0,0,0,2
71741,0.6681876226645777,0.375,1,10
71743,0.2666214314551734,0.14285714285714285,0.5,5
71744,-0,0,0,0
71747,-0,0,0,0
71752,0,0,0,10
71789,0,0,0,10
71799,0,0,0,10
71802,0.6220692397706151,0.6,1,10
71807,0.299296106099802,0.26666666666666666,0.3333333333333333,10
71810,0.36316651375937864,0.25,0.5,10
71813,0.35895421017163465,0.13333333333333333,1,8
71818,1,0.25,1,10
71830,0.7013802387085412,0.38461538461538464,1,10
71832,0,0,0,10
71838,0.44751426833394353,0.375,0.5,10
71842,0,0,0,10
71844,0.17097447819255976,0.1111111111111111,0.5,10
71845,0.5531464700081437,0.4,1,10
71846,1,0.2702702702702703,1,10
71849,-0,0,0,0
71850,0,0,0,10
71858,-0,0,0,0
71866,0,0,0,10
71871,0.07336392209936005,0.0625,0.14285714285714285,10
71873,0,0,0,10
71879,0.6309297535714574,1,0.5,10
71888,0.3052348839397011,0.14285714285714285,1,10
71894,1,0.2564102564102564,1,10
71902,-0,0,0,0
71904,0.7315449642824574,0.4666666666666667,1,10
71906,0.14870450602932167,0.06666666666666667,0.3333333333333333,10
71921,0.14465249243306438,0.10526315789473684,0.16666666666666666,10
71926,0.7510916729774053,0.5,1,10
71927,1,1,1,10
71929,0.22009176629808014,0.0625,1,10
71971,0.2840156791447285,0.16666666666666666,1,10
71986,0,0,0,10
71987,0,0,0,10
71988,0,0,0,10
71990,0,0,0,10
71995,0,0,0,10
71997,0,0,0,10
72002,-0,0,0,0
72003,0.6130053159623611,0.1875,1,10
72005,1,0.6666666666666666,1,10
72017,0.3301376494471202,0.125,1,10
72019,0,0,0,10
72024,0.8480684988093568,0.5384615384615384,1,10
72028,0.3621108234757072,0.125,1,10
72031,0.5174612499126157,0.3076923076923077,1,10
72036,0.22009176629808014,0.06666666666666667,1,10
72037,0.17947710508581732,0.125,0.3333333333333333,10
72051,0.06625422345438903,0.0625,0.1111111111111111,10
72052,0,0,0,10
72057,0.37923771560128977,0.3125,0.25,10
72066,-0,0,0,0
72074,0,0,0,1
72077,0.9942646540427001,1,1,10
72078,0.5321408435198608,0.25,1,10
72080,0.5224955967919309,0.25,1,10
72087,0,0,0,10
72088,-0,0,0,0
72097,0.8643145546088337,0.5,1,10
72100,0.23944085680261518,0.2,0.25,10
72101,0.15139734109601002,0.07142857142857142,0.2,10
72112,-0,0,0,0
72119,0.37968735124089786,0.2727272727272727,1,10
72127,0,0,0,10
72128,0.22009176629808014,0.0625,1,10
72131,0.15576720549540354,0.125,0.5,10
72132,0.13698471029831175,0.125,0.14285714285714285,10
72133,0.47885797580893463,0.5555555555555556,0.5,10
72135,0.32195053918879885,0.25,0.25,10
72136,0.14201905717762703,0.125,0.16666666666666666,10
72146,1,0.2631578947368421,1,10
72153,0,0,0,10
72156,0.9305687780632227,0.5625,1,10
72166,-0,0,0,0
72167,-0,0,0,0
72171,0.9363792118010483,0.6923076923076923,1,10
72172,0.45374257454118544,0.1875,1,10
72173,0.7721596254947202,0.30434782608695654,1,10
72178,0.22009176629808014,0.0625,1,10
72180,0.6668085832237611,0.3125,1,10
72187,0,0,0,10
72195,0,0,0,10
72198,0,0,0,10
72199,0.07336392209936005,0.02631578947368421,0.14285714285714285,10
72209,0.2646202227274383,0.1875,0.3333333333333333,10
72220,0,0,0,10
72226,0.2336508082431053,0.06451612903225806,0.5,10
72228,-0,0,0,0
72232,0.2614432242450501,0.1875,0.3333333333333333,10
72237,-0,0,0,0
72245,0.5933607200949345,0.35714285714285715,1,10
72247,0.06943122193677725,0.0625,0.125,10
72275,0.9556668866636359,0.5625,1,10
72285,1,0.8333333333333334,1,10
72286,0,0,0,10
72291,0.621564122003251,0.5384615384615384,0.5,9
72300,0.06625422345438903,0.0625,0.1111111111111111,10
72304,0.2134190485129175,0.125,0.3333333333333333,10
72310,0,0,0,10
72317,0.17366667134799177,0.058823529411764705,0.3333333333333333,10
72330,0.24890832702259458,0.125,0.5,10
72331,0.2024832320725062,0.058823529411764705,0.5,10
72332,0.14870450602932167,0.0625,0.3333333333333333,10
72334,0,0,0,10
72341,-0,0,0,0
72343,0.21726071285222984,0.125,0.5,10
72344,0,0,0,1
72349,0.933745776545611,0.5625,1,10
72351,0.4283854321084119,0.1875,1,10
72353,0.06625422345438903,0.0625,0.1111111111111111,10
72355,0.20483424751859086,0.06666666666666667,0.3333333333333333,10
72360,0.12468575026986017,0.05,0.16666666666666666,10
72366,0.5053603444371989,0.375,0.3333333333333333,10
72370,0,0,0,10
72372,0,0,0,10
72374,0,0,0,10
72375,0,0,0,10
72380,0,0,0,10
72381,0,0,0,10
72384,0.16421958630632802,0.0625,0.25,10
72400,1,0.2564102564102564,1,10
72401,0,0,0,10
72402,0.5298982599625927,0.125,1,10
72405,0.4361533373077281,0.125,1,10
72406,0.5759764879163157,0.23529411764705882,0.5,10
72418,0.5002172878101808,0.1875,1,4
72420,0.1388624438735545,0.0625,0.5,10
72424,0.448757376265877,0.375,1,10
72426,-0,0,0,0
72427,0,0,0,10
72428,0,0,0,10
72429,0.22009176629808014,0.0625,1,10
72432,0,0,0,10
72444,0.2103486323976718,0.13333333333333333,1,10
72445,0.20511666732794356,0.14285714285714285,0.5,10
72446,0.5884674004369673,0.3125,1,8
72450,0.69604739808342,0.4,1,10
72451,0.49663815641213194,0.3333333333333333,1,10
72478,0,0,0,10
72479,0,0,0,10
72490,0,0,0,10
72492,0,0,0,10
72511,0,0,0,10
72518,0.37850091886658266,0.075,1,10
72522,0.11004588314904007,0.0625,0.3333333333333333,10
72525,0,0,0,10
72535,0,0,0,10
72537,0,0,0,10
72539,0,0,0,10
72542,0.05530171196427046,0.14285714285714285,0.1,10
72544,0,0,0,10
72547,0,0,0,10
72549,-0,0,0,0
72552,0,0,0,10
72559,0.22009176629808014,0.0625,1,10
72569,0.5300579281801053,0.3333333333333333,0.5,10
72574,0.2375835084056881,0.21428571428571427,0.25,10
72578,-0,0,0,0
72579,0.20904936749052636,0.1875,0.14285714285714285,10
72580,0.6100759389814103,0.14285714285714285,1,10
72581,0,0,0,10
72585,0,0,0,10
72593,0.5430667908374096,1,0.3333333333333333,10
72597,0,0,0,10
72604,0.44270017573363163,0.3125,0.5,10
72606,0.7084917468566981,0.4666666666666667,1,10
72616,0.06943122193677725,0.0625,0.125,10
72623,0.35895421017163465,0.13333333333333333,1,10
72631,0.4702702224719015,0.3333333333333333,1,10
72644,0.19518900079066107,0.125,0.3333333333333333,10
72647,0.1356854453911663,0.125,0.125,10
72654,0,0,0,8
72657,0.13305201013572895,0.125,0.125,10
72660,0.26180807422707547,0.12,0.3333333333333333,10
72661,0.11004588314904007,0.0625,0.3333333333333333,10
72663,0,0,0,1
72671,0.14782949091545258,0.05555555555555555,0.16666666666666666,10
72673,0,0,0,10
72679,0.2279382616777583,0.2,0.2,10
72681,0.07495345472190745,0.09090909090909091,0.14285714285714285,10
72683,0,0,0,10
72690,0,0,0,10
72692,-0,0,0,0
72694,0,0,0,10
72695,0,0,0,10
72706,0,0,0,10
72713,0,0,0,10
72718,0.6754160255557637,0.4,1,10
72721,0.48581363574225095,0.3125,0.5,10
72725,0.8630152897016883,0.2857142857142857,1,10
72727,0.5585464190975397,0.3125,1,10
72732,0.710143039773077,0.375,1,10
72733,0.8611375561264454,0.75,1,10
72736,0.3301376494471202,0.125,1,10
72744,0.4284901688720099,0.23076923076923078,1,10
72746,-0,0,0,0
72761,0,0,0,10
72763,0.5505922315041285,0.25,1,4
72764,0,0,0,1
72765,0.5637884576902256,0.3076923076923077,1,10
72778,0,0,0,10
72786,0.18660113481564067,0.07142857142857142,1,10
72787,0,0,0,10
72788,0,0,0,10
72790,-0,0,0,0
72791,0,0,0,10
72792,0,0,0,10
72794,0,0,0,10
72795,0,0,0,10
72796,0,0,0,10
72797,0.22009176629808014,0.0625,1,10
72799,0,0,0,10
72812,0,0,0,10
72814,0.07093554707553369,0.09090909090909091,0.125,10
72819,-0,0,0,0
72820,0.360054614577234,0.4,0.5,10
72821,0.08539139310228318,0.0625,0.25,10
72835,0.8277543762033311,0.8,1,10
72842,0.1388624438735545,0.07142857142857142,0.5,10
72853,0.5908648984984007,0.3125,1,8
72854,0.490222650816517,0.1875,1,3
72856,0,0,0,10
72866,0,0,0,6
72867,0.08514311764162098,0.06666666666666667,0.2,10
72868,0.4315420454124845,0.11428571428571428,1,10
72870,0,0,0,6
72873,0.15850703974098104,0.125,0.2,10
72880,0.7596670894706355,0.4375,1,10
72889,0.4482145606127126,0.22727272727272727,0.5,10
72890,0.3062386434839551,0.26666666666666666,0.25,10
72891,0.0636207881989517,0.08333333333333333,0.1,10
72894,0.6201543156208374,0.2857142857142857,1,4
72897,0.18764419468809046,0.0625,0.5,10
72902,0.490148381412248,0.375,0.5,10
72912,0.613652585753739,0.3125,1,10
72914,0.4565829142045392,0.2,0.5,10
72915,0.3995688713838975,0.2,1,10
72924,0,0,0,1
72933,0,0,0,10
72939,0.4807513774838464,0.3125,0.5,10
72941,0.1664544590755602,0,0,10
72943,0.14505893889435995,0.125,0.25,10
72949,0.4000232483092519,0.1875,1,10
72952,0.2336508082431053,0.125,0.5,10
72956,0.49480824597953227,0.25,1,10
72960,1,0.9090909090909091,1,10
72963,0.7056117416495687,0.4,1,10
72966,0,0,0,8
72971,0.8315546295836226,1,1,10
72983,0.1388624438735545,0.06666666666666667,0.5,10
72985,0.30240383049385083,0.23076923076923078,0.5,10
72995,0.22009176629808014,0.0625,1,10
73001,0.22009176629808014,0.0625,1,2
73003,0.24161222524237388,0.21428571428571427,0.3333333333333333,10
73006,-0,0,0,0
73010,0.4077832569848965,0.20833333333333334,1,10
73027,0.7136540102475307,0.34782608695652173,0.5,10
73028,0.716287445502968,0.5,0.5,10
73031,0.800693766409882,0.5,1,7
73036,0.6188656458779799,0.5833333333333334,0.5,10
73042,0.7400821541706627,0.5,1,10
73046,0.6026171026200148,0.3333333333333333,1,10
73058,0.14307717526245373,0.06060606060606061,0.3333333333333333,10
73061,-0,0,0,0
73062,0,0,0,10
73065,0.07839826897867533,0.08333333333333333,0.16666666666666666,10
73068,0,0,0,10
73074,0,0,0,10
73077,0.5129861293403476,0.25,1,10
73080,0.2515301271309831,0.1875,0.5,10
73082,0,0,0,10
73095,0.1467278441987201,0.0625,1,10
73098,0.19518900079066107,0.06896551724137931,0.3333333333333333,10
73104,0,0,0,10
73107,0,0,0,10
73108,0.7648028719396593,0.4666666666666667,1,10
73119,0,0,0,10
73124,0,0,0,10
73127,0.1388624438735545,0.0625,0.5,10
73136,0,0,0,10
73139,0,0,0,10
73141,0.2507406824493034,0.5,0.16666666666666666,10
73142,0,0,0,10
73146,0.4152807670887412,0.23076923076923078,1,10
73149,0,0,0,10
73152,0,0,0,10
73153,0.09257496258236969,0.0625,0.5,10
73156,0,0,0,10
73161,0.31950218895493876,0.25,0.5,10
73167,0,0,0,10
73170,0,0,0,10
73173,0.27261134731096015,0.2,0.2,10
73174,0,0,0,10
73175,0,0,0,10
73178,0,0,0,6
73183,0,0,0,10
73184,0,0,0,10
73192,0.20904936749052636,0.09375,0.14285714285714285,10
73200,0.2336508082431053,0.125,0.5,5
73208,0,0,0,10
73209,0,0,0,10
73210,0.08514311764162098,0.06666666666666667,0.2,10
73211,0.22009176629808014,0.02702702702702703,1,10
73215,0,0,0,10
73219,0,0,0,10
73221,0.09478836436955078,0.0625,0.25,10
73223,0,0,0,10
73227,0.21575638664502406,0.1875,0.3333333333333333,10
73232,0.02445464069978668,0,0,10
73243,0.29740901205864334,0.07692307692307693,1,10
73246,0,0,0,10
73250,0.6772733739526907,0.375,1,10
73251,0,0,0,10
73254,0.17947710508581732,0.13333333333333333,0.3333333333333333,10
73260,0,0,0,10
73262,0,0,0,5
73264,0.5893002499675077,0.25,1,10
73265,0.4690000933206747,0.2,1,10
73267,0.12835137326294574,0.125,0.3333333333333333,10
73271,0.5724044606467625,0.25,1,6
73276,0.5321923362337085,0.3333333333333333,1,10
73282,0.09916288995176918,0.07142857142857142,0.5,10
73287,0,0,0,10
73292,-0,0,0,0
73294,0,0,0,2
73299,-0,0,0,0
73301,0,0,0,10
73305,-0,0,0,0
73308,0,0,0,10
73309,-0,0,0,0
73310,0,0,0,7
73314,-0,0,0,0
73320,0.7752605882817406,0.75,1,10
73323,0,0,0,10
73339,0.3913817611255761,0.3125,0.25,10
73343,1,0.6666666666666666,1,10
73346,0.11004588314904007,0.025,0.3333333333333333,10
73347,0.9238645361425566,0.6666666666666666,1,10
73353,0.11757952552060294,0.08333333333333333,0.16666666666666666,10
73355,0.7783468421802215,0.6,1,10
73360,0.9545678367538876,0.9,1,10
73367,0.7753366239771085,0.4375,1,10
73368,0.15176219107803537,0.125,0.16666666666666666,10
73374,0.7471589728148225,0.5,1,10
73382,0.6910960080684743,0.2,1,10
73383,0,0,0,10
73397,0.06943122193677725,0.0625,0.125,10
73400,0.460998081118716,0.14634146341463414,1,10
73401,0,0,0,10
73402,0.22486036416572236,0.07142857142857142,1,10
73404,0.7788065869851873,0.6363636363636364,1,10
73405,0.6371523797895855,0.3125,1,10
73410,0,0,0,10
73415,0,0,0,10
73418,0.4451010873575096,0.3125,0.5,10
73426,0,0,0,10
73427,0.22009176629808014,0.06666666666666667,1,10
73428,0.2984900352767555,0.07407407407407407,1,10
73429,0.2934556883974402,0.05,1,10
73431,0.5163134845149011,0.1875,1,10
73434,0.41153259956303256,0.3125,0.5,10
73435,0.3725907541108227,0.35714285714285715,0.2,10
73440,0.279901702223461,0.0625,1,10
73441,0.17947710508581732,0.125,0.3333333333333333,10
73447,0.2837125544970318,0.13333333333333333,1,10
73449,0.13305201013572895,0.08,0.125,10
73450,0,0,0,10
73452,0.45516049900017586,0.35714285714285715,0.5,10
73456,0,0,0,10
73459,1,0.625,1,10
73467,-0,0,0,0
73471,0.0728781195196487,0.07142857142857142,0.1111111111111111,10
73484,0.9716189607861262,0.625,1,10
73485,-0,0,0,0
73488,0.9566671852577723,0.5625,1,10
73494,0,0,0,10
73495,-0,0,0,0
73496,0,0,0,10
73502,0,0,0,10
73522,0.14477878555749452,0.14285714285714285,0.2,10
73523,0.26265588208501417,0.1875,0.3333333333333333,10
73525,0.7605272300052516,0.4375,1,10
73531,0.8889774708079637,0.6153846153846154,1,10
73532,0,0,0,10
73536,0.44980987437860265,0.3125,0.5,10
73539,-0,0,0,0
73544,0.19646182754586608,0.125,0.3333333333333333,10
73558,0.4789015552876929,0.25,1,10
73560,0,0,0,10
73563,0.30308203017988256,0.12,0.5,10
73564,0.4323181322709947,0.1875,1,10
73565,0,0,0,10
73567,0.1396181455537491,0.05555555555555555,0.14285714285714285,10
73569,0,0,0,10
73580,0.07336392209936005,0.07142857142857142,0.14285714285714285,10
73586,0.06943122193677725,0.06666666666666667,0.125,10
73587,0,0,0,10
73597,0.7141283245998772,0.4,1,10
73604,0.21222636597291455,0.16666666666666666,0.5,10
73608,0.15155044279729812,0.125,0.25,10
73609,0.09684208768602304,0.06666666666666667,0.25,10
73628,0,0,0,10
73631,0.5175009763990407,0.2857142857142857,1,10
73637,0.1354632840806859,0.125,0.25,10
73645,0,0,0,10
73649,0,0,0,10
73650,0,0,0,10
73653,0,0,0,10
73654,0,0,0,10
73669,0.4001599727580859,0.1875,1,10
73673,0.5632706182178141,0.25,1,10
73676,-0,0,0,0
73680,0.3621108234757072,0.2,1,10
73682,0,0,0,10
73690,0.8030381290312976,0.6428571428571429,1,10
73691,0,0,0,10
73699,0.35184451152666363,0.25,0.5,10
73700,0.206415932235089,0.21428571428571427,0.14285714285714285,10
73702,0.09684208768602304,0.06666666666666667,0.25,10
73711,0.11787709652751965,0.07142857142857142,0.3333333333333333,10
73730,0,0,0,10
73737,0.6597133113683123,0.26666666666666666,1,4
73739,0.05379908282997335,0.0625,0.14285714285714285,10
73742,0.9216017310213247,0.5,1,10
73746,0.4361533373077281,0.13333333333333333,1,10
73747,0.6531429618537402,0.5384615384615384,1,10
73750,0.05942804319678212,0.0625,0.14285714285714285,10
73755,0.4941762105587086,0.36363636363636365,0.5,10
73773,1,0.625,1,10
73779,-0,0,0,0
73781,0.22009176629808014,0.06666666666666667,1,10
73791,0.477504403208069,0.2222222222222222,0.3333333333333333,10
73793,0,0,0,9
73799,0.3667028183788342,0.26666666666666666,0.5,10
73803,0.7039180890341347,0.5,1,1
73810,0,0,0,10
73814,-0,0,0,0
73816,0,0,0,10
73819,-0,0,0,0
73826,0.933745776545611,0.6,1,10
73829,-0,0,0,0
73832,0.17171904689021833,0.5,0.14285714285714285,10
73844,-0,0,0,0
73848,-0,0,0,0
73856,-0,0,0,0
73862,0.2583297509898471,0.04477611940298507,0.25,10
73864,0,0,0,10
73866,0,0,0,10
73874,0,0,0,10
73887,0,0,0,10
73889,0,0,0,10
73891,0,0,0,10
73892,0,0,0,10
73910,0,0,0,10
73911,0.17947710508581732,0.15384615384615385,0.3333333333333333,10
73912,0.27554554135054954,0.125,1,10
73916,0.5900490851534655,0.6,1,10
73918,0.7138097836082222,0.4166666666666667,1,10
73929,0.9052116356304492,0.5625,1,10
73935,0.5384313152574519,0.26666666666666666,1,10
73939,0,0,0,10
73941,0.07062615173732346,0.0625,0.16666666666666666,10
73944,0.14187109415106738,0.0625,0.5,10
73946,0.2816372027313761,0.26666666666666666,0.16666666666666666,10
73949,0.5119013227920096,0.375,0.5,10
73953,0.37519712029518015,0.14285714285714285,1,10
73954,0.3280622976814645,0.25,0.3333333333333333,10
73955,0.6122574652123064,0.3125,1,10
73960,0.5443807258776132,0.3333333333333333,1,10
73973,0.15139734109601002,0.125,0.2,10
73988,1,0.625,1,10
73994,0.7183424120903081,0.4375,1,10
74005,0,0,0,10
74006,0.4954588824701808,0.3125,0.5,10
74034,0.29740901205864334,0.0625,1,10
74037,0,0,0,10
74040,0,0,0,10
74048,0.35895421017163465,0.05,1,10
74054,0,0,0,10
74056,0.5730379245414763,0.3333333333333333,1,10
74057,0.914856882358379,0.5625,1,10
74063,0.4435392433136066,0.2,1,10
74065,0.3965453494115244,0.125,1,10
74074,0,0,0,10
74075,0.09478836436955078,0.0625,0.25,10
74081,0.28117351905215676,0.125,1,10
74082,0.34369669139214537,0.21428571428571427,0.5,10
74083,0.5587246172655945,0.5,1,10
74096,0.7573821447149964,0.4375,1,10
74105,0,0,0,10
74110,0.7097402150304354,0.18421052631578946,1,10
74113,0.1624889644740723,0.0625,0.5,10
74116,0.09478836436955078,0.06666666666666667,0.25,10
74117,0.424926013816671,0.1875,1,10
74120,0.15726617308658694,0.030303030303030304,0.5,7
74124,0,0,0,5
74125,0,0,0,10
74136,1,0.625,1,10
74140,0.43621154230977444,0.375,0.2,10
74144,0.628057184829282,0.3125,1,10
74146,0.5388856921828065,0.36363636363636365,1,10
74155,0.6687699479240745,0.5,1,10
74161,0,0,0,10
74162,0,0,0,10
74165,0,0,0,10
74170,0.5483327772244702,0.3125,1,10
74172,0,0,0,10
74174,0,0,0,10
74177,0,0,0,10
74188,0.4690000933206747,0.2,1,3
74190,0.5311576535478315,0.21428571428571427,1,3
74193,0.800693766409882,0.4375,1,10
74198,0,0,0,10
74199,0.1388624438735545,0.0625,0.5,10
74201,0,0,0,10
74208,0,0,0,10
74209,0.22009176629808014,0.027777777777777776,1,10
74212,0.5135285497500328,0.10256410256410256,1,10
74220,0,0,0,10
74225,0.2520649403266671,0.08333333333333333,0.3333333333333333,10
74230,0.2984900352767555,0.125,1,10
74233,0,0,0,10
74234,0,0,0,10
74240,0,0,0,5
74244,0,0,0,10
74245,0.33405144466421555,0.1875,0.5,10
74263,0.3993294224923481,0.4,0.5,10
74269,0.8701249883466592,0.5333333333333333,1,10
74270,0.53416446784343,0.23076923076923078,1,10
74274,0.9216017310213247,0.5625,1,10
74280,-0,0,0,0
74282,0.5782964958297198,0.3125,1,10
74291,0.9060254355346824,1,1,10
74318,0.5794722337126029,0.3333333333333333,1,10
74319,0.6938559892787621,0.4375,1,10
74322,0.9179380981781462,0.2857142857142857,1,10
74323,0.5253246979081808,0.11764705882352941,1,10
74326,0.4970676173700929,0.26666666666666666,1,10
74334,0.727329844310522,0.375,1,10
74336,0,0,0,10
74337,0.3233688044978225,0.13333333333333333,1,10
74339,0.5224955967919309,0.25,1,10
74347,0,0,0,10
74348,0.16421958630632802,0.03076923076923077,0.25,10
74352,0.16708474092484848,0.15384615384615385,0.2,10
74355,0.4943572357534483,0.25,1,10
74361,0.26742619438551957,0.09090909090909091,1,10
74368,0.22009176629808014,0.0625,1,6
74370,0,0,0,10
74373,0,0,0,10
74381,0,0,0,10
74383,0,0,0,10
74384,0.7419673643177533,0.35294117647058826,1,10
74386,0.6316243658611127,0.375,1,10
74391,0,0,0,3
74393,0.23177307466786254,0.21428571428571427,0.25,10
74400,0.0991363373528811,0,0,10
74406,0.12463049348708151,0.07142857142857142,0.3333333333333333,10
74408,0.18340980524840012,0.07407407407407407,0.3333333333333333,10
74410,0.3910649978591252,0.1875,1,10
74412,0.8429803628739622,0.5,1,10
74414,-0,0,0,0
74417,0.2336508082431053,0.125,0.5,10
74420,0,0,0,10
74421,0.20321489960733968,0.125,0.3333333333333333,10
74425,0.3301376494471202,0.125,1,10
74429,-0,0,0,0
74431,0,0,0,10
74436,0.8643145546088337,0.21621621621621623,1,10
74441,-0,0,0,0
74450,0.7920031270989772,0.75,1,10
74456,0,0,0,10
74461,0,0,0,2
74462,0,0,0,2
74464,0,0,0,10
74467,0.16354138662029633,0.13333333333333333,0.2,10
74470,0.6601585067762744,0.4,1,10
74473,0.8603818544462509,0.6153846153846154,1,10
74481,-0,0,0,0
74487,0,0,0,2
74489,0,0,0,3
74491,0,0,0,10
74497,0.5483327772244702,0.22727272727272727,1,10
74498,0.5983950669742497,0.3333333333333333,1,10
74500,0.51071640124967,0.25,1,8
74501,0.5541432109622957,0.25,1,10
74502,0.24926098697416302,0.06666666666666667,1,10
74508,0,0,0,10
74512,0.08514311764162098,0.0625,0.2,10
74521,0,0,0,10
74526,0.13131424791104238,0.125,0.16666666666666666,10
74529,0.14724039203402428,0.16666666666666666,0.3333333333333333,10
74530,0.28545175920288457,0.36363636363636365,0.2,10
74537,0.8318477135310891,0.5,1,10
74548,-0,0,0,0
74551,0.5630706621361015,0.3125,1,10
74552,0.31488013066763093,0.125,1,10
74563,0,0,0,10
74569,0.68416540130287,0.42857142857142855,1,10
74570,0.5298982599625927,0.3125,1,10
74584,0.29740901205864334,0.0625,1,10
74593,0.7557806593071948,0.6,1,10
74598,0.2357541930550393,0.05,1,1
74603,0.32149616226344435,0.11428571428571428,0.3333333333333333,10
74611,0.1661739913161087,0.03333333333333333,1,10
74613,0.9056113262796721,0.6,1,10
74618,0.1624889644740723,0.0625,0.5,6
74620,0.04731272247541591,0.0625,0.1111111111111111,10
74621,0,0,0,10
74622,0,0,0,10
74626,0,0,0,10
74628,0.20683985223084844,0.075,0.2,10
74632,0,0,0,10
74649,1,0.625,1,10
74654,-0,0,0,0
74655,0.8701249883466592,0.5,1,8
74657,0.6627919420317118,0.20689655172413793,1,10
74671,-0,0,0,0
74674,0,0,0,10
74678,0,0,0,4
74681,0.29740901205864334,0.09090909090909091,1,2
74685,0.18340980524840012,0.125,0.3333333333333333,10
74688,0.35895421017163465,0.125,1,10
74693,0.4683519970294472,0.375,0.5,10
74697,0.49047001211830366,0.26666666666666666,1,10
74705,0.6662447352749029,0.175,1,10
74708,0.5395442943196047,0.42857142857142855,1,10
74719,0,0,0,10
74720,0,0,0,10
74721,0.5420423054868789,0.14285714285714285,1,10
74723,0.13305201013572895,0.125,0.125,10
74727,0,0,0,10
74728,0.2837125544970318,0.125,1,10
74737,0,0,0,10
74748,0,0,0,10
74749,0.6180396628416763,0.42857142857142855,1,10
74751,0,0,0,10
74752,0.14876390584057267,0.14285714285714285,0.2,10
74753,0,0,0,1
74763,0.2837125544970318,0.125,1,10
74765,0.23719771276929622,0.5,0.2,10
74766,0.7720617383222417,0.3181818181818182,1,10
74770,0,0,0,10
74782,0,0,0,10
74784,0.9270926202210333,0.3225806451612903,1,10
74795,0,0,0,10
74800,0.9420781091247596,1,1,9
74803,0.07339485020696758,0,0,10
74805,0,0,0,10
74808,0.5637884576902256,0.3333333333333333,1,10
74810,-0,0,0,0
74818,0.3903800499921017,0.25,1,10
74832,0.804810999209339,0.42105263157894735,1,10
74838,0.12987501165334073,0.13333333333333333,0.1111111111111111,10
74848,0.4690000933206747,0.13043478260869565,1,3
74850,1,0.625,1,10
74856,-0,0,0,0
74858,0.4152807670887412,0.1875,1,10
74862,1,0.625,1,10
74874,0.7312625444731047,0.4375,1,10
74880,0,0,0,1
74896,0.4017993296633029,0.1875,1,10
74899,0.43545584062957976,0.3125,0.5,10
74901,0.2240055615151755,0.125,0.5,10
74904,0.4425073528442659,0.24,0.5,10
74909,0.35895421017163465,0.04878048780487805,1,10
74915,0.29740901205864334,0.0625,1,10
74916,0.6715787281921032,0.16666666666666666,1,10
74917,0.45650001423154074,0.13333333333333333,1,2
74931,0.5444649404552854,0.4375,0.5,10
74945,0,0,0,10
74953,0.22009176629808014,0.07692307692307693,1,10
74954,0.8268994875968296,0.5714285714285714,1,10
74959,0.3667314583167897,0.2,1,10
74966,0.45374257454118544,0.1875,1,10
74975,0.22009176629808014,0.07142857142857142,1,8
74976,0,0,0,10
74980,0.08514311764162098,0.0625,0.2,10
74981,0.588144974916332,0.3125,1,10
74983,0.3195496275649209,0.3076923076923077,0.25,10
74987,0,0,0,10
74995,0,0,0,4
74999,0.6601585067762744,0.375,1,10
75000,0.22009176629808014,0.025,1,10
75001,0.7702043899253145,0.4666666666666667,1,10
75029,0.6934781102068425,0.1891891891891892,1,10
75042,0.12662546292294674,0.125,0.14285714285714285,10
75048,-0,0,0,0
75057,0.8701249883466592,0.6666666666666666,1,10
75063,0,0,0,10
75065,0.07444544187113133,0.08333333333333333,0.1,10
75068,0.3190952506395664,0.26666666666666666,0.3333333333333333,10
75071,1,0.625,1,10
75077,0.6160447007858458,0.2222222222222222,0.3333333333333333,10
75084,0.26228448315071334,0.18181818181818182,1,8
75086,1,0.2777777777777778,1,10
75088,0.35922141745123665,0.42857142857142855,0.5,10
75090,1,0.625,1,10
75097,0.7091593251462461,0.5,0.5,10
75098,0.6901935063354874,0.375,1,10
75108,0.10183032621685657,0.0625,0.5,10
75119,0.20483424751859086,0.125,0.3333333333333333,10
75120,0,0,0,10
75121,0.35895421017163465,0.125,1,10
75124,0,0,0,10
75141,0.14870450602932167,0.07142857142857142,0.3333333333333333,10
75144,0.06625422345438903,0.0625,0.1111111111111111,10
75145,0.17771808022399066,0.125,0.5,10
75150,0.0636207881989517,0.0625,0.1,10
75153,0,0,0,3
75171,0,0,0,10
75174,0.17947710508581732,0.13333333333333333,0.3333333333333333,10
75179,0.09083416810131835,0,0,10
75183,0,0,0,10
75184,0,0,0,10
75196,0,0,0,10
75203,0,0,0,10
75205,0.11004588314904007,0.0625,0.3333333333333333,10
75209,0.4260309377448269,0.3,0.5,10
75219,0.6597133113683123,0.4,1,10
75223,0,0,0,10
75226,0.3746661058764784,0.2,1,10
75227,0.4458567890377042,0.3157894736842105,0.25,10
75229,-0,0,0,0
75234,0,0,0,10
75243,0.6212166613240646,0.375,1,10
75244,0,0,0,10
75260,0,0,0,10
75262,0.914856882358379,0.6923076923076923,1,10
75268,0.07668368701422457,0.06666666666666667,0.3333333333333333,10
75271,0.9930783166417602,1,1,10
75282,0.6385760102070854,0.6666666666666666,1,10
75291,0,0,0,10
75293,0.23944085680261518,0.13636363636363635,0.25,10
75295,0.16354138662029633,0.125,0.2,10
75303,0.9363792118010483,0.5625,1,10
75306,0,0,0,10
75307,0,0,0,10
75311,0.06625422345438903,0.08333333333333333,0.1111111111111111,10
75316,0,0,0,10
75317,0.24060740518678822,0.07142857142857142,0.5,10
75321,0.5224955967919309,0.25,1,10
75325,0,0,0,10
75327,0.4329261794091841,0.3333333333333333,1,10
75329,-0,0,0,0
75336,0.7125523635307983,0.6,1,10
75347,0.2333380638721043,0.1875,0.3333333333333333,10
75352,0.4576359845799652,0.375,0.25,10
75359,0.5580759111248785,0.3333333333333333,1,10
75360,0.714728124377869,0.5384615384615384,1,10
75364,-0,0,0,0
75370,0.8611375561264454,0.5625,1,10
75372,0.28596727063820676,0.1875,0.3333333333333333,10
75390,0,0,0,10
75391,0,0,0,10
75393,0.2547487447249564,0.15,0.5,10
75394,0.7702043899253145,0.4375,1,10
75401,0.5810820381115674,0.13157894736842105,1,10
75402,0,0,0,10
75405,0.22009176629808014,0.0625,1,10
75407,0.1499069094438149,0.09090909090909091,0.3333333333333333,10
75409,0.4690000933206747,0.1875,1,10
75412,0.23297260855707358,0.125,0.2,10
75415,0.28481420121376433,0.2857142857142857,0.16666666666666666,10
75417,0,0,0,6
75429,0.09120217140065603,0.0625,0.2,10
75431,0,0,0,10
75432,0,0,0,10
75439,0.2928895294526188,0.25,0.3333333333333333,10
75442,0,0,0,10
75446,0.11243018208286118,0.0625,0.3333333333333333,10
75449,0,0,0,10
75456,0.06243697865825647,0.05,0.2,10
75459,0,0,0,10
75461,0,0,0,10
75481,0.640469595039523,0.19047619047619047,1,10
75482,0.9755453593002132,0.625,1,10
75484,0.5231737964779627,0.25,1,10
75495,0.07437216746382688,0.09090909090909091,0.125,10
75512,0.9151005414726318,0.25,1,10
75526,-0,0,0,0
75530,0,0,0,1
75531,-0,0,0,0
75532,1,0.45454545454545453,1,10
75533,-0,0,0,0
75543,0.06625422345438903,0.025,0.1111111111111111,10
75553,0,0,0,10
75565,0,0,0,1
75567,0.8701249883466592,0.6153846153846154,1,8
75572,0,0,0,10
75576,0.2758471541718662,0.1875,0.5,10
75577,0.07336392209936005,0.07142857142857142,0.14285714285714285,10
75579,0,0,0,5
75593,0.6368678218274824,0.375,1,10
75597,0.6309297535714574,1,0.5,10
75603,0.5138780239927594,0.25,1,10
75606,0,0,0,10
75615,0.9363792118010483,0.8181818181818182,1,10
75630,0,0,0,10
75636,0,0,0,10
75640,0.5551469705065496,0.375,0.5,10
75644,0,0,0,10
75648,0.12562943475181026,0.045454545454545456,0.3333333333333333,10
75649,0,0,0,10
75655,0,0,0,10
75658,0.1388624438735545,0.02564102564102564,0.5,10
75669,0,0,0,10
75672,0.06625422345438903,0.021739130434782608,0.1111111111111111,10
75676,0.09458072943404493,0.0625,0.5,10
75679,0,0,0,10
75681,0,0,0,10
75689,0,0,0,7
75691,0.5135081645717172,0.3125,1,10
75702,-0,0,0,0
75709,0,0,0,10
75716,0.28686517213507123,0.23076923076923078,0.3333333333333333,10
75717,0,0,0,10
75724,0.616560651279837,0.42857142857142855,1,10
75727,0,0,0,10
75748,0.7379751484940806,0.375,1,10
75753,0.6220777011889032,0.6,1,10
75759,0,0,0,10
75760,0,0,0,10
75761,0,0,0,7
75762,0,0,0,10
75763,0,0,0,10
75767,0,0,0,10
75773,0.26742619438551957,0.07142857142857142,1,5
75774,0.3631438091023202,0.125,1,4
75777,0.5940860286451747,0.3125,1,10
75779,0.48772228009582425,0.5,0.3333333333333333,10
75785,1,0.7142857142857143,1,10
75790,-0,0,0,0
75798,0.11004588314904007,0.0625,0.3333333333333333,10
75802,0,0,0,10
75804,0.35659643859662626,0.25,0.3333333333333333,10
75808,0.06943122193677725,0.0625,0.125,10
75817,-0,0,0,0
75822,0.6385085174798409,0.25,1,10
75824,0.35895421017163465,0.125,1,10
75825,0,0,0,10
75831,0.20654457215525818,0.07142857142857142,0.5,10
75844,0.23297260855707358,0.2,0.2,10
75847,0.9432379215722527,0.6,1,10
75848,0.8505159278909381,0.5,1,10
75849,0.14782949091545258,0.13333333333333333,0.16666666666666666,10
75865,0.08914206479517318,0.09090909090909091,0.3333333333333333,10
75873,-0,0,0,0
75880,0,0,0,10
75888,0,0,0,10
75890,0.40573274212665045,0.1875,1,10
75899,0.25845918111273564,0.2222222222222222,0.5,10
75907,0.2980272981222516,0.16666666666666666,0.25,10
75908,0.35314377643380906,0.075,1,10
75911,0.7866879031278708,0.375,1,10
75920,0,0,0,10
75924,0,0,0,10
75925,0,0,0,10
75929,0,0,0,10
75930,0.38676211421596407,0.1,1,10
75933,0,0,0,10
75934,0.3868528072345416,0.5,0.5,10
75939,0,0,0,10
75941,0,0,0,10
75942,0.39680734588252,0.3125,0.5,10
75944,0,0,0,10
75945,0.046287481291184845,0.0625,0.125,10
75946,0,0,0,10
75947,0.5471705751288973,0.375,1,4
75955,0,0,0,10
75961,0,0,0,10
75971,0,0,0,10
75977,0,0,0,10
75978,0.23680742154717782,0.2,0.25,10
75981,0.23463936301137825,0.3333333333333333,0.3333333333333333,10
76006,0.22009176629808014,0.041666666666666664,1,1
76039,0.08422442590963136,0.2,0.16666666666666666,10
76045,0.35497627027819156,0.3333333333333333,0.5,10
76048,-0,0,0,0
76054,0,0,0,10
76059,0.20162682674331223,0.125,0.5,10
76064,0.227162174819248,0.1875,0.2,10
76071,0.1388624438735545,0.0625,0.5,7
76077,0.7416702490101528,0.1794871794871795,1,10
76079,0.6274092458891771,0.3125,1,10
76088,0.6296491721780324,0.375,1,10
76091,0,0,0,2
76093,0,0,0,10
76098,0,0,0,10
76099,0.5033242827953464,0.2857142857142857,1,10
76103,0.6325414799409711,0.3125,1,10
76104,0,0,0,10
76113,0,0,0,5
76114,0,0,0,8
76115,-0,0,0,0
76116,0.7183627972686238,0.6,1,10
76117,0,0,0,10
76118,0,0,0,10
76132,0.2984900352767555,0.125,1,10
76133,0.3301376494471202,0.13333333333333333,1,10
76138,0.16516854514597534,0.125,0.1111111111111111,10
76142,0.2880632356190092,0.13333333333333333,0.5,10
76143,0.06625422345438903,0.0625,0.1111111111111111,10
76144,0.09478836436955078,0.0625,0.25,10
76156,0.09257496258236969,0.0625,0.5,10
76194,0,0,0,10
76201,0.1388624438735545,0.03225806451612903,0.5,10
76215,0.5067837010870873,0.25,1,10
76219,0,0,0,10
76224,0.5658245193320781,0.375,0.5,10
76225,0.7185371494168673,0.42857142857142855,1,10
76230,0.07839826897867533,0.0625,0.16666666666666666,10
76242,0,0,0,10
76246,0.9079981725871745,0.5625,1,10
76253,0,0,0,10
76255,0.622741320139774,0.25,1,10
76256,0,0,0,10
76257,1,0.625,1,10
76258,0.6555268838605033,0.5714285714285714,1,10
76272,0.2864090071586398,0.25,0.5,3
76273,0.6062415623539279,0.4666666666666667,0.5,9
76277,0,0,0,10
76278,0,0,0,4
76282,1,0.625,1,10
76287,0.20483424751859086,0.125,0.3333333333333333,10
76288,0.9787930706003494,0.625,1,10
76291,0,0,0,10
76305,0.4690000933206747,0.2,1,10
76308,0.45650001423154074,0.125,1,10
76316,0.9898341375405377,1,1,10
76329,0.11004588314904007,0.0625,0.3333333333333333,10
76346,0.7183627972686238,0.375,1,10
76349,0.22009176629808014,0.0625,1,10
76352,0,0,0,10
76353,0.4982710309705436,0.3125,0.5,10
76358,1,0.7142857142857143,1,10
76359,0.38334277998463445,0.2222222222222222,1,2
76360,0.1388624438735545,0.0625,0.5,10
76361,0.04241385879930114,0.08333333333333333,0.1,10
76366,-0,0,0,0
76374,0.22009176629808014,0.0625,1,1
76377,0.592027307791077,0.3125,1,10
76391,0.33169367308920716,0.26666666666666666,0.25,10
76398,0.826333328652008,0.5,1,10
76400,-0,0,0,0
76402,0.8701249883466592,0.5,1,10
76403,0.800693766409882,0.4375,1,10
76411,0.866947989864271,0.5,1,10
76417,0.6977008874970649,0.2777777777777778,1,10
76418,0.4361533373077281,0.125,1,10
76421,0.45374257454118544,0.1875,1,10
76422,1,0.4,1,10
76433,0,0,0,10
76447,0.1860253413966884,0.125,0.3333333333333333,10
76451,0.36352581989644606,0.25,0.5,10
76453,-0,0,0,0
76460,0.06625422345438903,0.07692307692307693,0.1111111111111111,10
76464,-0,0,0,0
76465,-0,0,0,0
76468,0.3052348839397011,0.125,1,10
76479,-0,0,0,0
76488,0.22009176629808014,0.0625,1,1
76502,0.9125746848677653,0.5625,1,10
76514,0.7082478575798894,0.375,1,10
76515,0,0,0,10
76518,0,0,0,10
76520,0.08069862424496003,0.0625,0.14285714285714285,10
76534,0.1427951440361373,0.125,0.14285714285714285,10
76536,0.0636207881989517,0.06666666666666667,0.1,10
76539,0,0,0,10
76540,0.46474568322493615,0.375,0.25,10
76542,0.4283854321084119,0.05172413793103448,1,10
76544,0,0,0,10
76547,0.07336392209936005,0.03225806451612903,0.14285714285714285,10
76552,0.28634598975246917,0.125,1,10
76563,0.4440973278132556,0.1875,1,10
76567,0,0,0,7
76578,0,0,0,10
76580,0.19252705989441865,0.13333333333333333,0.3333333333333333,10
76585,0.06625422345438903,0.04,0.1111111111111111,10
76587,0,0,0,10
76593,0,0,0,10
76598,0,0,0,10
76600,0,0,0,10
76602,0.48617374440204575,0.4,1,10
76605,0.15850703974098104,0.125,0.2,10
76606,0,0,0,10
76613,0.08514311764162098,0.0625,0.2,10
76622,0,0,0,10
76629,0,0,0,10
76647,0,0,0,10
76648,0.22009176629808014,0.0625,1,10
76651,0,0,0,10
76653,0.4826366372598628,0.15384615384615385,0.3333333333333333,10
76656,0.1388624438735545,0.0625,0.5,10
76660,0.5216414792035848,0.1875,1,10
76661,0.47293279348325756,0.26666666666666666,1,10
76664,0.09467937145175134,0.06451612903225806,0.16666666666666666,10
76670,0,0,0,10
76671,0,0,0,10
76672,0,0,0,10
76675,0.1388624438735545,0.0625,0.5,10
76678,0.07205258390751174,0.0625,0.1,10
76680,0.8389574121760601,0.5,1,10
76682,0.0636207881989517,0.0625,0.1,10
76695,0.11004588314904007,0.0625,0.3333333333333333,10
76712,-0,0,0,0
76716,0,0,0,10
76718,0,0,0,10
76719,0.8611375561264454,0.23684210526315788,1,10
76720,0,0,0,1
76729,-0,0,0,0
76730,-0,0,0,0
76734,0,0,0,3
76742,0,0,0,10
76747,0,0,0,3
76751,0.09478836436955078,0.0625,0.25,10
76752,0,0,0,10
76760,0.24655055544758617,0.1875,0.25,10
76769,0.06625422345438903,0.0625,0.1111111111111111,10
76775,0.07495345472190745,0.0625,0.3333333333333333,10
76776,0,0,0,10
76782,0,0,0,10
76787,0.5033242827953464,0.25,1,10
76788,0.2501896092317603,0.1875,0.3333333333333333,10
76789,-0,0,0,0
76799,0.6489315753318465,0.3125,1,10
76809,0.6243301345792676,0.375,1,10
76813,0.22009176629808014,0.0625,1,10
76820,0.0794570794327674,0.14285714285714285,0.1,10
76822,0.7084230133277453,0.18518518518518517,1,10
76835,0.47607050184184263,0.3125,0.5,10
76843,0,0,0,10
76846,0.05091516310842829,0.06666666666666667,0.125,10
76849,0,0,0,10
76852,0.06943122193677725,0.0625,0.125,10
76855,0.1584091525685025,0.125,0.25,10
76863,0.08397733795705717,0.1,0.16666666666666666,10
76884,0.7151857987862356,0.46153846153846156,1,10
76885,0.0636207881989517,0.0625,0.1,10
76886,0.24823161036660316,0.125,0.3333333333333333,10
76889,-0,0,0,0
76891,0,0,0,10
76892,0.8958236282594845,0.625,1,10
76894,0,0,0,10
76895,0.2984900352767555,0.125,1,10
76896,0,0,0,10
76898,0.06319224291303384,0.02631578947368421,0.25,10
76904,0,0,0,10
76906,0,0,0,10
76910,0.2024832320725062,0.05,0.5,10
76911,0,0,0,10
76921,0.5023756245102127,0.1875,1,3
76922,0,0,0,10
76923,0,0,0,10
76931,0,0,0,10
76933,-0,0,0,0
76939,0.9185494721105402,1,1,10
76941,0.406033917976247,0.14285714285714285,1,10
76942,0.8080961524784464,0.5,1,10
76948,0,0,0,10
76950,0,0,0,10
76951,-0,0,0,0
76955,-0,0,0,0
76963,0,0,0,10
76965,1,0.625,1,10
76969,0.39073231839811823,0.3125,0.25,10
76978,0.7239169086341296,0.42857142857142855,1,10
76983,0.0772249231846004,0.14285714285714285,0.1,10
76987,0,0,0,10
76991,0.9094987067248556,0.5,1,10
76994,0.4422195942380129,0.26666666666666666,1,10
76996,0.39155836515584813,0.125,1,10
76997,1,0.8333333333333334,1,10
77000,0.7602509257305925,0.4666666666666667,1,10
77007,0.30240383049385083,0.1875,0.5,10
77010,0.5766481248734906,0.5,0.5,10
77012,0.35895421017163465,0.125,1,2
77019,0.48170486859547645,0.10810810810810811,1,10
77022,0.38477004032774637,0.1875,1,10
77025,0,0,0,10
77037,0,0,0,10
77042,0.8389574121760601,0.5,1,10
77044,0.866947989864271,0.5333333333333333,1,10
77046,0.6523706084452716,0.14634146341463414,1,10
77058,-0,0,0,0
77070,0.07839826897867533,0.06666666666666667,0.16666666666666666,10
77074,0.3096487289126241,0.2,0.5,10
77076,0,0,0,10
77091,0,0,0,10
77093,0,0,0,10
77095,0.0636207881989517,0.0625,0.1,10
77100,0,0,0,10
77107,0,0,0,10
77111,0.4690000933206747,0.1875,1,10
77112,0.15176219107803537,0.125,0.16666666666666666,10
77120,0.13698471029831175,0.125,0.14285714285714285,10
77122,0.21726071285222984,0.125,0.5,10
77123,0.05098563282739111,0,0,10
77129,0,0,0,10
77137,0.8701249883466592,0.5,1,10
77143,0.38113435412201996,0.075,1,10
77161,0.35895421017163465,0.18181818181818182,1,10
77170,0,0,0,10
77173,0.5698664345004878,0.1875,1,3
77178,0.07336392209936005,0.0625,0.14285714285714285,10
77189,0.6466492297915689,0.3076923076923077,1,10
77192,0.2886497650451115,0.42857142857142855,0.2,10
77193,-0,0,0,0
77196,0.3222722491219546,0.1875,0.5,10
77204,0,0,0,10
77205,0.2832325164972662,0.1875,0.3333333333333333,10
77206,0.8364586133797035,0.5,1,10
77210,0.12987501165334073,0.125,0.1111111111111111,10
77215,0.22009176629808014,0.07142857142857142,1,10
77222,0,0,0,10
77224,0,0,0,10
77229,0,0,0,10
77230,0.727329844310522,0.375,1,10
77239,0.1388624438735545,0.06666666666666667,0.5,10
77251,0.4483039899025303,0.2857142857142857,1,10
77255,-0,0,0,0
77273,0.16421958630632802,0.13333333333333333,0.25,10
77288,0,0,0,10
77295,0,0,0,10
77300,0,0,0,10
77302,0,0,0,10
77324,0.6989488050966481,0.375,1,10
77328,0.24261785528500338,0.1875,0.25,10
77341,1,1,1,2
77343,0.6088696641108123,0.17647058823529413,1,10
77350,0.29037998465695813,0.1875,0.3333333333333333,10
77352,0.857673669302587,0.4375,1,10
77370,0,0,0,10
77376,0.6500332220485789,0.175,0.5,10
77380,0.22009176629808014,0.0625,1,10
77383,-0,0,0,0
77386,0.5067837010870873,0.15384615384615385,1,10
77389,0.17989175782473807,0.125,0.2,10
77392,0,0,0,10
77404,0,0,0,10
77405,0,0,0,10
77413,0.8689072001178978,0.25,1,10
77414,0,0,0,10
77418,0.793584067764911,0.4375,1,10
77419,0.8446322487426488,0.5333333333333333,1,10
77421,0.39941009089331597,0.2222222222222222,0.2,10
77422,0,0,0,10
77423,0.8358912271816661,0.75,1,6
77426,0.22009176629808014,0.07142857142857142,1,10
77430,0.20829366581033176,0.06666666666666667,0.5,10
77434,0.7917267193679839,0.4375,1,10
77441,0,0,0,10
77452,0.3063365306564336,0.36363636363636365,0.2,10
77461,0.7183627972686238,0.375,1,10
77463,0.07336392209936005,0.0625,0.14285714285714285,10
77472,0,0,0,10
77475,0,0,0,10
77482,0.9566671852577723,0.6428571428571429,1,10
77486,0.1820967977955112,0.038461538461538464,0.16666666666666666,10
77488,0.8611375561264454,0.6,1,10
77490,0.5867945846769144,0.35714285714285715,1,10
77492,1,0.7692307692307693,1,10
77499,0.7873578877203774,0.375,1,10
77504,0.7059054020403311,0.375,1,10
77513,0,0,0,10
77581,0.8104211075738648,0.4666666666666667,1,10
77599,0,0,0,10
77607,0,0,0,10
77608,0,0,0,10
77610,0.13305201013572895,0.125,0.125,10
77611,0.7695261902392829,0.4375,1,10
77628,0.3538168778646238,0.25,0.5,10
77630,-0,0,0,0
77631,0.15176219107803537,0.15384615384615385,0.16666666666666666,10
77637,0.31833954895937183,0.1875,0.5,10
77639,0.5363559634917963,0.375,0.5,10
77674,0.2685529228900211,0.1875,0.3333333333333333,10
77675,0.05226551265245022,0.027777777777777776,0.16666666666666666,10
77676,0.63987206321287,0.3125,1,10
77679,0.37878333867593533,0.25,0.5,10
77680,0.07839826897867533,0.03225806451612903,0.16666666666666666,10
77687,0.31488013066763093,0.07407407407407407,1,10
77690,0.0715672426213396,0.07142857142857142,0.25,10
77695,0.3052348839397011,0.07692307692307693,1,10
77700,0,0,0,10
77703,0.14874433492765377,0.0625,0.5,10
77705,0.6313419460517601,0.375,1,10
77708,0.897494815880653,0.5,1,10
77718,0.07839826897867533,0.02631578947368421,0.16666666666666666,10
77722,0,0,0,10
77730,0.40554109547404177,0.23076923076923078,1,10
77732,0.07336392209936005,0.0625,0.14285714285714285,10
77733,0.14465249243306438,0.13333333333333333,0.16666666666666666,10
77739,0.16815228646891084,0.14285714285714285,0.25,10
77740,0,0,0,10
77744,0,0,0,10
77745,0,0,0,10
77747,0.19845012420769512,0.125,0.5,10
77751,0.44790168387376494,0.25,1,10
77755,0.1610425878239398,0.125,0.25,10
77756,0,0,0,10
77775,0.8553475075669357,0.5714285714285714,1,10
77783,0.614303828942325,0.375,0.5,10
77790,0.35895421017163465,0.125,1,10
77791,0.6168295842361273,0.16666666666666666,1,10
77792,0.09478836436955078,0.06666666666666667,0.25,10
77795,0.5988751049740154,0.3333333333333333,1,10
77812,0.2984900352767555,0.16666666666666666,1,10
77817,0.3499667779514209,0.3,1,10
77834,0.6082965289412681,0.375,1,10
77841,0.8542474886915268,0.5,1,10
77845,0,0,0,10
77852,-0,0,0,0
77856,0.7728378251807518,0.4666666666666667,1,10
77858,0,0,0,10
77859,0.1177322080053865,0.06666666666666667,0.5,10
77864,1,1,1,7
77880,0.67269340399873,0.175,1,10
77886,1,0.625,1,10
77893,0.4722232548788672,0.5,0.25,10
77897,0.518700392503421,0.2,1,10
77909,0.0636207881989517,0.0625,0.1,10
77910,0.09478836436955078,0.024390243902439025,0.25,10
77911,0.22486036416572236,0.07692307692307693,1,10
77917,0,0,0,10
77920,0,0,0,10
77921,0.2024832320725062,0.125,0.5,10
77924,0,0,0,10
77927,0.06943122193677725,0.04,0.125,10
77928,0.26873745552689526,0.07692307692307693,0.5,10
77943,0,0,0,10
77946,0,0,0,10
77948,0,0,0,10
77962,0.6468562235661908,0.6363636363636364,0.5,10
77968,0.11360070423970328,0.125,0.125,10
77978,0.6039094289265273,0.26666666666666666,1,10
77993,0.08514311764162098,0.0625,0.2,10
78002,-0,0,0,0
78003,0,0,0,10
78004,0,0,0,10
78005,-0,0,0,0
78009,0,0,0,10
78020,0.06625422345438903,0.0625,0.1111111111111111,10
78038,0.9439492378436963,0.4166666666666667,1,10
78043,0.5314124697687972,0.1875,1,10
78045,0,0,0,10
78055,0.6300426811446145,0.3125,1,10
78061,0,0,0,10
78064,0,0,0,7
78069,0,0,0,10
78072,0,0,0,10
78094,0,0,0,10
78095,0.2710884709729799,0.2,0.3333333333333333,10
78102,0.07336392209936005,0.03333333333333333,0.14285714285714285,10
78113,0.2816575879096918,0.2,0.5,10
78115,0.5029544726057574,0.2,1,10
78136,0.576323354912681,0.23809523809523808,1,10
78144,0.2357541930550393,0.06666666666666667,1,10
78152,0.1388624438735545,0.0625,0.5,10
78155,1,0.625,1,10
78160,0.8634522818168399,0.5625,1,10
78163,0.35895421017163465,0.125,1,10
78171,0,0,0,10
78178,0.719793170729499,0.5384615384615384,1,10
78184,0.6722390270733755,0.375,1,10
78189,0.45374257454118544,0.2,1,10
78190,0,0,0,10
78194,0.5988751049740154,0.35714285714285715,1,10
78198,0,0,0,10
78203,0,0,0,10
78212,0.06943122193677725,0.0625,0.125,10
78213,0.31879392588472627,0.1875,0.5,10
78214,0.6969383549984329,0.375,1,10
78219,0,0,0,10
78221,0,0,0,10
78224,0,0,0,10
78225,0,0,0,10
78226,0,0,0,10
78228,0,0,0,10
78237,0.07839826897867533,0.0625,0.16666666666666666,10
78238,0,0,0,10
78242,0,0,0,10
78244,0.667786061804446,0.4444444444444444,1,10
78245,0,0,0,2
78246,0,0,0,10
78256,0,0,0,10
78257,0,0,0,10
78260,0,0,0,10
78276,0.9216017310213247,0.225,1,10
78278,0.8899541168509598,0.8181818181818182,1,10
78281,-0,0,0,0
78293,0.5224955967919309,0.25,1,10
78299,-0,0,0,0
78306,0,0,0,10
78311,0.0636207881989517,0.06666666666666667,0.1,10
78316,0.04543406453493625,0,0,10
78321,0,0,0,10
78323,0,0,0,10
78330,0,0,0,10
78338,0,0,0,10
78347,0.4300514765683976,0.3333333333333333,0.25,10
78349,0.1388624438735545,0.07142857142857142,0.5,10
78352,0.09478836436955078,0.0625,0.25,10
78388,0.4710361549625273,0.3125,0.5,10
78397,0,0,0,10
78398,0.613652585753739,0.35714285714285715,1,10
78401,-0,0,0,0
78402,0.09120217140065603,0.0625,0.2,10
78418,0,0,0,4
78422,0.22476126319537007,0.1875,0.2,10
78426,0,0,0,10
78429,-0,0,0,0
78437,0,0,0,10
78441,0.04416948230292602,0.0625,0.1111111111111111,10
78449,0,0,0,10
78450,-0,0,0,0
78459,0,0,0,10
78469,0.2984900352767555,0.125,1,10
78470,0.42271261202948995,0.15789473684210525,1,10
78472,0,0,0,10
78475,0,0,0,10
78482,0.8781499410771026,0.6666666666666666,1,10
78485,0.933745776545611,0.6,1,10
78486,0,0,0,1
78487,0.459852125115776,0.2222222222222222,1,10
78488,0,0,0,4
78493,0.8236998933965708,0.20512820512820512,1,10
78501,0.8200685179888281,0.5,1,10
78506,0.0636207881989517,0.0625,0.1,10
78521,0.08746115285403959,0.08333333333333333,0.1111111111111111,10
78533,0.09478836436955078,0.0625,0.25,10
78541,0,0,0,1
78542,0,0,0,1
78544,0,0,0,1
78545,0,0,0,10
78550,0.6203974344166847,0.125,1,10
78554,0.0636207881989517,0.06666666666666667,0.1,10
78555,0.2685529228900211,0.1875,0.3333333333333333,10
78556,0.19518900079066107,0.125,0.3333333333333333,10
78558,0.38431135260440824,0.2,1,10
78574,0.781651097425878,1,0.5,7
78614,0,0,0,10
78617,0.18764419468809046,0.0625,0.5,10
78631,0.7162223346865403,0.6,1,10
78645,0.02445464069978668,0,0,10
78660,0.07678279529108115,0.0625,0.25,10
78691,0.9305687780632227,0.6,1,10
78695,0.7069543186157401,0.5,1,10
78702,0.04838201975083548,0.0625,0.125,10
78704,0.15457433957839825,0.125,0.2,10
78712,0,0,0,10
78727,0.06943122193677725,0.03225806451612903,0.125,10
78729,0.08514311764162098,0.0625,0.2,10
78742,0,0,0,10
78749,0.21145027911440428,0.1875,0.16666666666666666,10
78750,0.357813273331099,0.3125,0.2,10
78788,0.8643145546088337,0.7272727272727273,1,10
78796,0,0,0,10
78797,0,0,0,10
78801,-0,0,0,0
78811,-0,0,0,0
78812,0.24151620856827088,0.125,1,10
78814,0.832815019710631,0.4375,1,8
78820,-0,0,0,0
78832,0.4600332428736225,0.14285714285714285,1,10
78836,0.5017493542077719,0.25,1,10
78844,0,0,0,2
78847,0.4492436891011588,0.4166666666666667,1,10
78848,0.941233297798857,0.625,1,10
78851,0.09330056740782033,0,0,1
78854,0.22009176629808014,0.0625,1,10
78855,0.11243018208286118,0.0625,0.3333333333333333,10
78856,0.42271261202948995,0.2,1,10
78859,0.752969406552648,0.5,1,10
78874,0.17169261031494448,0.05555555555555555,1,10
78875,0.7506981310294285,0.7142857142857143,1,10
78876,0,0,0,10
78882,0.8454256604216017,0.6666666666666666,1,10
78886,0.9216017310213247,0.5625,1,10
78891,0.20927226976888424,0.125,0.3333333333333333,10
78893,0.17318663334822612,0.13333333333333333,0.25,10
78897,-0,0,0,0
78898,-0,0,0,0
78904,0,0,0,1
78909,0,0,0,1
78915,0,0,0,1
78919,0,0,0,5
78920,0,0,0,10
78922,-0,0,0,0
78924,0,0,0,10
78926,0.22009176629808014,0.06666666666666667,1,10
78929,0.2837125544970318,0.125,1,10
78940,-0,0,0,0
78941,0.07858473101834644,0.0625,0.3333333333333333,10
78961,0.4152807670887412,0.2,1,10
78963,0,0,0,10
78964,0.1388624438735545,0.0625,0.5,10
78966,-0,0,0,0
78974,0.6371130896657824,0.20588235294117646,0.5,10
78978,0.12987501165334073,0.125,0.1111111111111111,10
78980,0.1356854453911663,0.125,0.125,10
78981,0.19300356542358663,0.16666666666666666,0.16666666666666666,10
78994,0.07839826897867533,0.07142857142857142,0.16666666666666666,10
78999,0.4400667404781943,0.125,0.5,10
79001,0.727329844310522,0.375,1,10
79024,0,0,0,10
79026,0.046287481291184845,0.02631578947368421,0.125,10
79031,0.5244325293148416,0.3125,1,10
79032,0.0636207881989517,0.09090909090909091,0.1,10
79033,0.08878855502583598,0.06666666666666667,0.16666666666666666,10
79034,0,0,0,10
79048,0.7745610100836567,0.4375,1,10
79049,0.07839826897867533,0.0625,0.16666666666666666,10
79050,0,0,0,10
79055,0.12987501165334073,0.125,0.1111111111111111,10
79058,0,0,0,10
79061,0.9575861412006988,0.34615384615384615,1,10
79081,-0,0,0,0
79082,0,0,0,1
79084,0,0,0,3
79089,0.07839826897867533,0.0625,0.16666666666666666,10
79091,0.7759944384848244,0.34782608695652173,1,10
79100,0.14876390584057267,0.125,0.2,10
79102,0.22784037450527972,0.1875,0.25,10
79103,0,0,0,10
79113,0,0,0,10
79114,0,0,0,10
79115,0,0,0,10
79119,0,0,0,2
79121,0,0,0,10
79132,-0,0,0,0
79139,0,0,0,10
79142,0.370880768411608,0.125,1,10
79143,0.05238982067889762,0.07692307692307693,0.14285714285714285,10
79146,0,0,0,10
79148,0,0,0,9
79149,0.6371523797895855,0.3125,1,10
79153,0.527005883780203,0.3333333333333333,1,10
79160,0.06375806481812893,0.125,0.2,10
79166,0.9432379215722527,0.8181818181818182,1,10
79167,0.2895229882348574,0.125,1,10
79182,0.4643513735223198,0.23076923076923078,1,5
79189,0.21726071285222984,0.125,0.5,10
79190,0,0,0,10
79194,0,0,0,10
79200,0.5684579545875155,0.15384615384615385,0.5,10
79204,0.6205505361179727,0.16666666666666666,1,10
79209,0.1584091525685025,0.125,0.25,10
79213,0,0,0,10
79215,0.3529461582433961,0.2,0.5,10
79222,0.5478527392247046,0.3125,1,10
79226,0,0,0,10
79230,0.1427951440361373,0.058823529411764705,0.14285714285714285,10
79237,0.08308699565805434,0.06666666666666667,0.14285714285714285,10
79240,0.2344065099232999,0.1875,0.25,10
79243,0.06625422345438903,0.07142857142857142,0.1111111111111111,10
79245,0.31488013066763093,0.13333333333333333,1,10
79246,0,0,0,10
79259,0,0,0,10
79261,0.3819603371583235,0.2857142857142857,0.5,10
79263,0.5103515512676446,0.26666666666666666,1,10
79264,0.6782961487391511,0.3125,1,10
79267,0.7628592249754043,0.4375,1,10
79270,0.3155840027028181,0.25,0.5,10
79274,1,0.625,1,10
79276,0,0,0,10
79279,0.2532954041105318,0.21428571428571427,0.25,10
79285,0,0,0,2
79286,0.647939623894138,0.5,1,10
79293,0.7027284035579429,0.4375,1,10
79296,0,0,0,10
79298,0.6201543156208374,0.25,1,10
79300,0.6578986223737446,0.4,1,10
79309,0.793584067764911,0.4375,1,10
79313,0,0,0,10
79315,0.3597099118518292,0.05660377358490566,1,10
79317,0,0,0,10
79320,0,0,0,10
79351,-0,0,0,0
79352,0.8318477135310891,0.5,1,10
79384,0.3953144612881589,0.3125,0.25,10
79389,0.2934556883974402,0.125,1,10
79394,0.37080200816487136,0.1875,1,10
79396,0,0,0,10
79398,0,0,0,10
79401,0,0,0,5
79406,0.9363792118010483,0.9,1,10
79408,0.5527460588826717,0.375,0.5,10
79409,0.5721684921617437,0.25,1,10
79410,-0,0,0,0
79416,0,0,0,1
79419,-0,0,0,0
79424,0.39484136206016496,0.125,1,6
79447,0.16421958630632802,0.125,0.25,10
79451,0,0,0,10
79452,0,0,0,10
79453,0.4162845266329952,0.3125,0.3333333333333333,10
79457,-0,0,0,0
79466,0,0,0,10
79479,0,0,0,10
79483,0.5711601909662336,0.375,1,10
79486,0.15739671711356246,0,0,10
79498,-0,0,0,0
79501,-0,0,0,0
79502,-0,0,0,0
79505,-0,0,0,0
79520,-0,0,0,0
79522,0,0,0,3
79524,0,0,0,10
79527,0,0,0,10
79529,0.09478836436955078,0.0625,0.25,10
79537,0,0,0,4
79547,0,0,0,10
79550,0,0,0,10
79552,0.08514311764162098,0.0625,0.2,10
79553,0,0,0,10
79555,0,0,0,10
79560,0,0,0,10
79562,0.14876390584057267,0.125,0.2,10
79572,0,0,0,10
79577,0,0,0,10
79578,-0,0,0,0
79590,0.06625422345438903,0.0625,0.1111111111111111,10
79591,0.800693766409882,0.4375,1,10
79596,0,0,0,4
79598,0,0,0,10
79603,0,0,0,10
79615,0,0,0,3
79620,0,0,0,10
79625,0.8630152897016883,0.5,1,10
79630,0.35895421017163465,0.05405405405405406,1,10
79633,0.456899187845258,0.25,1,10
79637,0.39049883891430376,0.2857142857142857,0.5,10
79641,0.11004588314904007,0.0625,0.3333333333333333,10
79655,0.26845503571754253,0.1875,0.3333333333333333,10
79656,0.5414813008877644,0.3125,1,10
79658,0.15176219107803537,0.125,0.16666666666666666,10
79670,0.24309789328476902,0.2,0.3333333333333333,10
79671,0.398959545836168,0.26666666666666666,0.5,10
79673,0.22009176629808014,0.0625,1,10
79676,0,0,0,10
79685,-0,0,0,0
79689,0.22009176629808014,0.0625,1,10
79691,0.8696762340896294,0.8333333333333334,1,6
79706,0,0,0,10
79709,0.37231829309018133,0.08333333333333333,0.1111111111111111,10
79710,0.06943122193677725,0.041666666666666664,0.125,10
79712,0.4423066772556494,0.38461538461538464,0.5,10
79717,0,0,0,10
79729,1,0.8333333333333334,1,10
79734,0.46895788246069353,0.21739130434782608,1,10
79736,0.04416948230292602,0.047619047619047616,0.1111111111111111,10
79745,0.8346342504878145,0.5,1,10
79746,0,0,0,10
79747,0.4690000933206747,0.23076923076923078,1,10
79759,0.16354138662029633,0.125,0.2,10
79761,0.4085760911510072,0.13157894736842105,0.5,10
79763,0.24454640699786684,0.029411764705882353,1,10
79764,0.6816604510406281,0.4375,1,10
79765,0.3302229900080503,0.2857142857142857,1,10
79779,0.24926098697416302,0.0625,1,10
79784,0.0636207881989517,0.0625,0.1,10
79790,0.3917034710587319,0.25,0.5,10
79792,0.22009176629808014,0.0625,1,10
79797,0.09478836436955078,0.0625,0.25,10
79800,0.23085801092701655,0.08571428571428572,0.3333333333333333,10
79808,0,0,0,10
79813,0.22009176629808014,0.09090909090909091,1,10
79818,0.29740901205864334,0.0625,1,10
79820,0.3052348839397011,0.125,1,10
79827,0.5645441593704201,0.45454545454545453,1,10
79836,0,0,0,10
79842,0,0,0,10
79849,0.45374257454118544,0.1875,1,10
79854,0.5933607200949345,0.3125,1,10
79855,0.9216017310213247,0.5625,1,10
79863,0,0,0,10
79875,0.3600558568883671,0.12121212121212122,0.5,10
79876,-0,0,0,0
79877,0.6070328723058679,0.3333333333333333,1,10
79923,-0,0,0,0
79924,0.5321408435198608,0.26666666666666666,1,10
79925,0,0,0,10
79955,0.7222954974312066,0.375,1,10
79961,0.9170305576591351,0.2631578947368421,1,10
79969,0,0,0,10
79981,0,0,0,10
79988,0,0,0,10
79993,0.11004588314904007,0.0625,0.3333333333333333,10
79994,0,0,0,10
79997,0.34445239307233994,0.25,0.3333333333333333,10
80008,0.14465249243306438,0.125,0.16666666666666666,10
80013,0.2742654694553681,0.23076923076923078,0.3333333333333333,10
80018,0,0,0,10
80025,-0,0,0,0
80036,0.760079105197619,0.4375,1,10
80041,0.51071640124967,0.14814814814814814,1,10
80043,0.09257496258236969,0.0625,0.5,10
80048,1,0.625,1,10
80052,0.22009176629808014,0.0625,1,10
80056,-0,0,0,0
80062,0,0,0,2
80075,0.09458072943404493,0.07142857142857142,0.5,10
80079,0.42883980903376634,0.25,0.5,10
80084,0,0,0,10
80086,0.35895421017163465,0.125,1,10
80090,0,0,0,10
80095,0.6968404678259544,0.4,1,10
80097,0.14874433492765377,0.07142857142857142,0.5,10
80101,0.20904936749052636,0.1875,0.14285714285714285,10
80106,-0,0,0,0
80107,0.1356854453911663,0.125,0.125,10
80110,0,0,0,10
80112,0,0,0,10
80114,0,0,0,10
80117,0,0,0,10
80118,-0,0,0,0
80119,0.09478836436955078,0.0625,0.25,10
80125,0.8537309323493397,0.5454545454545454,1,10
80129,0,0,0,10
80133,0,0,0,10
80136,0,0,0,10
80143,0,0,0,10
80159,0,0,0,10
80161,0,0,0,10
80162,-0,0,0,0
80163,0.6168295842361273,0.15151515151515152,1,10
80164,0,0,0,10
80168,0,0,0,10
80169,0.09458072943404493,0.0625,0.5,10
80170,0,0,0,10
80172,1,1,1,10
80178,0,0,0,10
80190,0,0,0,3
80192,0,0,0,10
80193,0,0,0,10
80195,0,0,0,2
80198,0,0,0,10
80200,0.10183032621685657,0.0625,0.5,10
80209,0,0,0,10
80212,0,0,0,10
80214,0.7379450459208725,0.5454545454545454,1,10
80218,0,0,0,10
80224,0,0,0,10
80232,0.0546305608968178,0.0625,0.16666666666666666,10
80238,0,0,0,10
80247,0.07839826897867533,0.025,0.16666666666666666,10
80253,0,0,0,10
80264,0,0,0,10
80265,0.051535670955269286,0.0625,0.1,10
80270,0,0,0,10
80285,0,0,0,10
80291,0.4334717647233883,0.45454545454545453,0.5,10
80292,0.15336737402844913,0.07692307692307693,1,10
80296,0,0,0,10
80300,0,0,0,10
80301,0.9363792118010483,0.5625,1,10
80302,0,0,0,10
80305,0,0,0,10
80307,0,0,0,10
80310,0,0,0,10
80313,0,0,0,10
80322,0,0,0,10
80332,0,0,0,10
80336,0.20827328063201606,0.1875,0.16666666666666666,10
80337,0,0,0,10
80342,0.20483424751859086,0.125,0.3333333333333333,10
80345,0.17947710508581732,0.125,0.3333333333333333,10
80348,0,0,0,10
80349,0.2569630464830691,0.25,0.5,10
80355,0.5635457795148345,0.375,1,10
80356,0,0,0,10
80361,0,0,0,10
80365,0,0,0,10
80366,0.5574647036294273,0.2857142857142857,1,10
80369,0.6110191504983017,0.3125,1,10
80371,0,0,0,10
80373,0.6116142543461185,0.75,1,10
80374,0,0,0,1
80375,0,0,0,10
80377,0.5153661182342341,0.25,1,10
80379,0,0,0,10
80392,0.6325414799409711,0.3333333333333333,1,10
80445,0.5078965349529868,0.1875,1,10
80449,0.35895421017163465,0.13333333333333333,1,10
80453,0.4864476482282516,0.26666666666666666,1,10
80464,0,0,0,3
80465,0,0,0,10
80475,0.4690000933206747,0.2727272727272727,1,10
80481,0,0,0,10
80484,0.7125523635307983,0.375,1,10
80485,0.29740901205864334,0.0625,1,1
80487,0.5847876649948586,1,0.3333333333333333,10
80488,0.7264127302306634,0.5,1,10
80491,0.38733524938550834,0.08695652173913043,1,10
80493,0.21531546001753635,0.125,0.5,10
80497,0.11752277470724268,0.1111111111111111,0.3333333333333333,10
80498,0,0,0,10
80500,0.7986822334209398,0.5384615384615384,1,10
80501,0.5256526830610622,0.3125,1,10
80502,0.1388624438735545,0.07692307692307693,0.5,10
80507,0.7079266837788063,0.5,1,10
80512,0,0,0,10
80524,0.057745412348061076,0.125,0.14285714285714285,10
80531,0.5225345513231656,0.375,0.5,10
80534,0,0,0,10
80539,0,0,0,10
80575,0.6473005841202907,0.3125,1,10
80577,0,0,0,10
80584,0,0,0,10
80588,0.3126667288804499,0.13333333333333333,1,6
80590,0.11004588314904007,0.0625,0.3333333333333333,10
80609,-0,0,0,0
80612,-0,0,0,0
80613,0,0,0,9
80631,0.8165901947515998,0.5,1,10
80632,0.06499922211334154,0.0625,0.1,10
80635,0,0,0,10
80636,0,0,0,3
80637,0.37185395737611554,0.1875,1,10
80642,0.2940945979596688,0.26666666666666666,0.25,10
80643,0,0,0,1
80662,0.8553475075669357,0.5714285714285714,1,10
80664,0.22629653180208464,0.375,0.16666666666666666,10
80684,0.20483424751859086,0.125,0.3333333333333333,10
80693,0,0,0,10
80699,0.662991591198965,0.35714285714285715,1,10
80724,0.3599570769546735,0.07142857142857142,1,2
80726,0.2340592065643127,0.07692307692307693,0.5,10
80762,0,0,0,2
80768,0.7909506325094736,0.5,1,10
80770,0,0,0,10
80773,0,0,0,10
80774,0.26742619438551957,0.0625,1,10
80775,0,0,0,10
80778,0,0,0,10
80781,0,0,0,10
80784,0,0,0,10
80786,0,0,0,10
80788,0,0,0,10
80802,0,0,0,1
80805,-0,0,0,0
80810,0,0,0,6
80816,0.4690000933206747,0.3,1,10
80839,0,0,0,10
80841,0,0,0,10
80849,0.6662577939453029,0.5,1,10
80853,0.7773365277054465,0.5333333333333333,1,10
80858,1,0.6666666666666666,1,10
80869,0.11995432134078117,0.05555555555555555,0.25,10
80878,0.07336392209936005,0.0625,0.14285714285714285,10
80880,0.24877071336369105,0.1875,0.5,10
80884,0.4530643748551538,0.14285714285714285,1,10
80887,0,0,0,10
80892,0.3209793971017913,0.4,0.5,10
80897,0.36745852005902885,0.3125,0.25,10
80906,0.26742619438551957,0.07142857142857142,1,10
80908,0,0,0,10
80912,0.2934556883974402,0.125,1,10
80915,0.5658245193320781,0.15789473684210525,0.5,10
80918,0.29986916359696647,0.375,0.2,10
80927,0,0,0,10
80928,0,0,0,10
80938,0.3476293915547282,0.25,0.3333333333333333,10
80948,0,0,0,10
80954,0.09478836436955078,0.0625,0.25,10
80956,0,0,0,10
80965,0.5884674004369673,0.3333333333333333,1,10
80973,0,0,0,10
80979,0.4789015552876929,0.25,1,10
80980,0.8643145546088337,0.5,1,10
80989,0,0,0,10
80990,0,0,0,10
80996,0,0,0,10
81008,0.09478836436955078,0.0625,0.25,10
81009,0.40853591842579556,0.23076923076923078,1,10
81011,0,0,0,10
81017,0.4131279133289226,0.25,0.5,10
81018,0,0,0,10
81024,0.3301376494471202,0.125,1,10
81026,0.2895229882348574,0.14285714285714285,1,10
81029,0,0,0,10
81034,0.1960418842243803,0.1875,0.25,10
81040,0.17366667134799177,0.07407407407407407,0.3333333333333333,10
81046,0.6378891765242927,0.4666666666666667,0.5,10
81047,0,0,0,10
81050,0,0,0,10
81051,0.4152807670887412,0.1875,1,10
81073,0,0,0,10
81077,0.07839826897867533,0.06666666666666667,0.16666666666666666,10
81080,0,0,0,10
81082,0.5224955967919309,0.25,1,10
81083,0.3741113528664685,0.15384615384615385,1,10
81085,0.1388624438735545,0.0625,0.5,10
81094,0.4152807670887412,0.1875,1,10
81096,0.24890832702259458,0.125,0.5,10
81100,0.22496952389627806,0.14285714285714285,0.5,10
81101,0,0,0,10
81119,0,0,0,10
81122,0,0,0,3
81124,0,0,0,10
81127,0.2698988794159001,0.125,0.5,10
81131,0.3984279345433619,0.3125,0.3333333333333333,10
81136,0.21222636597291455,0.125,0.5,10
81150,0,0,0,10
81152,0.07336392209936005,0.0625,0.14285714285714285,10
81158,0,0,0,10
81161,0,0,0,10
81162,0,0,0,10
81174,0,0,0,10
81175,0,0,0,10
81178,0,0,0,10
81182,0,0,0,10
81183,0,0,0,10
81185,0,0,0,10
81210,0.42367664508731884,0.3125,0.5,10
81212,0.3052348839397011,0.06896551724137931,1,10
81215,0.3301376494471202,0.14285714285714285,1,10
81222,-0,0,0,0
81226,0.06943122193677725,0.0625,0.125,10
81230,0.8000460734455755,0.375,1,10
81232,0.08514311764162098,0.0625,0.2,10
81238,0,0,0,10
81241,0,0,0,6
81269,-0,0,0,0
81274,0.07336392209936005,0.0625,0.14285714285714285,10
81276,0.32458397444423615,0.25,0.25,10
81281,0.0636207881989517,0.0625,0.1,10
81282,-0,0,0,0
81296,0,0,0,10
81299,0.21298206765310915,0.125,1,10
81301,0,0,0,10
81306,-0,0,0,0
81308,-0,0,0,0
81309,-0,0,0,0
81310,-0,0,0,0
81320,-0,0,0,0
81331,0.0636207881989517,0.05555555555555555,0.1,10
81334,0,0,0,10
81335,0.5899357269409825,0.4666666666666667,0.3333333333333333,10
81337,0,0,0,10
81340,0,0,0,10
81349,0.2980546252916852,0.3333333333333333,0.5,10
81355,0,0,0,10
81365,1,0.8333333333333334,1,10
81372,0.22041779912136106,0.1875,0.25,10
81400,0.12468575026986017,0.06666666666666667,0.16666666666666666,10
81418,0.8415908474314975,0.5333333333333333,1,10
81423,0,0,0,10
81425,0.8899541168509598,0.5625,1,10
81438,0.5964152249753296,0.3125,1,10
81449,0.09962965242264374,0.06666666666666667,0.2,10
81450,0,0,0,10
81452,0.08514311764162098,0.0625,0.2,10
81453,0,0,0,10
81457,0,0,0,10
81461,0,0,0,10
81465,0,0,0,10
81466,0.10345457402608846,0.06666666666666667,0.2,10
81471,0.0636207881989517,0.06666666666666667,0.1,10
81472,0.07336392209936005,0.08333333333333333,0.14285714285714285,10
81473,0.14318335701877086,0.14285714285714285,0.14285714285714285,10
81478,0.08878855502583598,0.0625,0.16666666666666666,10
81479,0,0,0,10
81485,0,0,0,10
81487,0.08514311764162098,0.0625,0.2,10
81489,0,0,0,10
81493,0.4690000933206747,0.1875,1,10
81497,0,0,0,10
81500,0,0,0,10
81507,0,0,0,10
81510,0,0,0,10
81514,0,0,0,10
81515,0,0,0,10
81522,0,0,0,10
81525,0,0,0,10
81531,0,0,0,10
81539,0,0,0,10
81545,0,0,0,10
81547,0,0,0,10
81556,0,0,0,10
81559,0.2817387036164348,0.14285714285714285,1,10
81561,0,0,0,10
81563,0.2357541930550393,0.0625,1,10
81564,0.4323181322709947,0.1875,1,10
81569,0,0,0,10
81576,0,0,0,10
81578,0,0,0,10
81593,0,0,0,10
81594,0.5591381971007139,0.35714285714285715,1,10
81601,0,0,0,4
81602,0,0,0,10
81604,0,0,0,10
81612,0.24573132854020638,0.1875,0.3333333333333333,10
81616,0.1610425878239398,0.125,0.25,10
81618,0.5747512855022081,0.25,1,10
81619,0.3877503857178334,0.3125,0.3333333333333333,10
81623,0,0,0,10
81624,0.22009176629808014,0.04,1,10
81631,0.23551526767573042,0.2,1,10
81636,0.11004588314904007,0.0625,0.3333333333333333,10
81646,0.39375843764607193,0.2,1,10
81648,0,0,0,10
81649,0.11004588314904007,0.0625,0.3333333333333333,10
81653,0,0,0,10
81656,0,0,0,10
81662,0.4818998405251556,0.12121212121212122,1,10
81664,0.24151620856827088,0.05555555555555555,1,10
81668,0,0,0,10
81671,0,0,0,10
81683,0,0,0,10
81686,0,0,0,10
81703,0.6156886473955916,0.19444444444444445,0.5,10
81705,0,0,0,10
81711,0,0,0,10
81727,0.6332196796270028,0.3125,1,10
81730,0.9216017310213247,0.5625,1,10
81736,-0,0,0,0
81741,0,0,0,10
81743,0.31298349214690074,0.25,0.25,10
81744,0.11004588314904007,0.0625,0.3333333333333333,10
81746,0.14465249243306438,0.037037037037037035,0.16666666666666666,10
81749,0,0,0,1
81751,0.14465249243306438,0.125,0.16666666666666666,10
81754,0,0,0,10
81755,-0,0,0,0
81759,-0,0,0,0
81763,0,0,0,10
81765,0.27323315368508705,0.1875,0.5,10
81774,-0,0,0,0
81776,0.6489315753318465,0.3125,1,10
81780,0.1661739913161087,0.1,1,10
81783,0.32173065572093157,0.25,1,9
81788,0.22009176629808014,0.0625,1,10
81789,0,0,0,10
81796,0,0,0,10
81797,0.7885497208855956,0.3181818181818182,1,10
81802,0,0,0,10
81804,0.0636207881989517,0.07142857142857142,0.1,10
81809,0,0,0,10
81810,0.9363792118010483,0.6428571428571429,1,10
81811,0.27922641461589975,0.1875,0.25,10
81812,0.3207699124449269,0.1875,0.3333333333333333,10
81818,0,0,0,2
81821,0.26742619438551957,0.0625,1,10
81834,0,0,0,10
81837,0.5887600430216148,0.4444444444444444,1,4
81842,0.420027879946489,0.14285714285714285,1,9
81846,0.22009176629808014,0.0625,1,10
81847,0,0,0,10
81851,0.4692787260227565,0.3333333333333333,1,1
81852,0.3882271396459303,0.4,1,10
81856,0,0,0,10
81865,0,0,0,10
81868,0.3445141451210512,0.25,0.3333333333333333,10
81871,0.27636045420431316,0.125,1,10
81875,0.5666209497825362,0.3,1,10
81879,0.5637884576902256,0.25,1,4
81882,0,0,0,2
81883,0.15457433957839825,0.08695652173913043,0.2,10
81889,0.06456139179068202,0.0625,0.25,10
81891,0.9797073801537619,1,1,10
81902,0.8579809428223729,0.5,1,10
81903,0.15176219107803537,0.125,0.16666666666666666,10
81904,0,0,0,10
81905,0,0,0,3
81906,0,0,0,10
81908,0.8899541168509598,0.5625,1,10
81919,0,0,0,10
81922,0.9216017310213247,0.5625,1,10
81923,0.3882251478215035,0.25,0.5,10
81924,0.2984900352767555,0.125,1,10
81926,0.8566967749126226,0.5,1,10
81929,0.6489315753318465,0.3125,1,10
81930,0.7602981955349066,0.5,1,10
81931,0.3542214864534539,0.26666666666666666,0.3333333333333333,10
81938,0.7227265726449517,0.6,1,10
81941,0,0,0,10
81951,0,0,0,10
81952,0.09478836436955078,0.0625,0.25,10
81956,0,0,0,10
81958,0,0,0,10
81960,0.1388624438735545,0.05555555555555555,0.5,10
81961,0.17366667134799177,0.14285714285714285,0.3333333333333333,10
81967,0.22009176629808014,0.0625,1,10
81978,0,0,0,10
81995,0.49617485766395036,0.17857142857142858,1,10
82006,0.17630010660342912,0.125,0.3333333333333333,10
82013,0.07839826897867533,0.041666666666666664,0.16666666666666666,10
82017,0,0,0,10
82020,0.7223709725624178,0.3333333333333333,1,10
82027,0,0,0,10
82038,0.20829366581033176,0.125,0.5,10
82057,0.45374257454118544,0.1875,1,10
82070,0.8122282747268721,0.22857142857142856,1,10
82071,0.8630152897016883,0.5,1,10
82073,0.3602664366984503,0.06060606060606061,1,10
82076,-0,0,0,0
82080,0.3444407193677969,0.3333333333333333,0.3333333333333333,10
82082,0.15068002564934563,0.15384615384615385,0.14285714285714285,10
82100,0,0,0,10
82101,0.0636207881989517,0.07142857142857142,0.1,10
82102,0.977915258848537,0.7142857142857143,1,10
82104,0,0,0,10
82109,0.13698471029831175,0.2,0.14285714285714285,10
82113,0.2519337456271845,0.3333333333333333,0.2,10
82116,0.18340980524840012,0.125,0.3333333333333333,10
82117,0.2984900352767555,0.13333333333333333,1,10
82118,0.2837125544970318,0.125,1,10
82119,0.17318663334822612,0.125,0.25,10
82120,0,0,0,10
82122,0.22009176629808014,0.0625,1,10
82124,0.8572048559638626,0.5333333333333333,1,10
82125,0.02613275632622511,0,0,10
82127,0,0,0,10
82129,0.04416948230292602,0.0625,0.1111111111111111,10
82130,0.5908875653400028,0.25,1,10
82140,0,0,0,10
82141,0,0,0,10
82151,0.914856882358379,0.5625,1,10
82153,0.07336392209936005,0.0625,0.14285714285714285,10
82155,0.5173633627401372,0.25,1,10
82156,0.3372080579682881,0.2857142857142857,0.3333333333333333,10
82163,0.3125291152215463,0.23076923076923078,0.5,10
82174,0.11508023002835535,0.07142857142857142,0.16666666666666666,10
82185,0.5882430983900122,0.125,1,10
82187,0,0,0,10
82189,0,0,0,10
82201,0.2781981696179509,0.2,0.3333333333333333,10
82202,0.6906478832608417,0.375,1,10
82203,0,0,0,10
82208,0.06943122193677725,0.0625,0.125,10
82212,0.583707477322356,0.3333333333333333,1,10
82216,0.764095080185809,0.4375,1,10
82221,-0,0,0,0
82231,0,0,0,3
82239,-0,0,0,0
82242,-0,0,0,0
82253,0,0,0,10
82254,-0,0,0,0
82258,0,0,0,10
82264,0,0,0,10
82280,0.09478836436955078,0.0625,0.25,10
82284,0.866947989864271,0.5,1,10
82288,1,0.43478260869565216,1,10
82290,0.28634598975246917,0.2,1,10
82296,0,0,0,10
82297,0,0,0,10
82298,0.07839826897867533,0.0625,0.16666666666666666,10
82300,0.6086182388744238,0.3125,1,10
82314,0,0,0,10
82316,-0,0,0,0
82317,0.8013179936330407,0.7272727272727273,1,10
82324,0.35895421017163465,0.09523809523809523,1,2
82326,-0,0,0,0
82331,0.06350608830737939,0.0625,0.16666666666666666,10
82334,0.3828004051609265,0.15384615384615385,1,10
82337,0.6332196796270028,0.1388888888888889,1,10
82338,0.2837125544970318,0.13333333333333333,1,10
82344,0.3796482390536365,0.1875,1,10
82348,0.34369669139214537,0.1875,0.5,10
82350,0.1356854453911663,0.125,0.125,10
82352,0.71296056101357,0.375,1,10
82357,0,0,0,2
82389,0.07336392209936005,0.0625,0.14285714285714285,10
82390,0,0,0,10
82402,0,0,0,10
82407,0.3222722491219546,0.14285714285714285,0.5,10
82410,0.13698471029831175,0.08333333333333333,0.14285714285714285,10
82421,0,0,0,10
82422,0.30165888116716855,0.25,0.25,10
82424,0.09478836436955078,0.0625,0.25,10
82435,0.45374257454118544,0.2,1,10
82437,0.31561692740233804,0.26666666666666666,0.25,10
82438,0,0,0,10
82444,0.09546043308946732,0.16666666666666666,0.125,10
82448,0.3629118978288612,0.2222222222222222,1,10
82449,0.14876390584057267,0.125,0.2,10
82454,0,0,0,10
82468,0.596517333399007,0.21428571428571427,1,10
82472,0.35359815335916356,0.25,0.3333333333333333,10
82476,0.14876390584057267,0.125,0.2,10
82484,0,0,0,10
82487,0.43407249033565376,0.2,1,10
82493,0,0,0,10
82495,0.22009176629808014,0.0625,1,10
82496,0.2984900352767555,0.125,1,10
82499,0.7279714574894957,0.4375,1,10
82503,0,0,0,10
82509,0.2745478892647208,0.1875,0.5,10
82512,0.07336392209936005,0.07142857142857142,0.14285714285714285,10
82521,0,0,0,10
82529,-0,0,0,0
82531,-0,0,0,0
82566,0,0,0,10
82569,0.47202423432895085,0.2222222222222222,0.5,10
82571,0.3320916946272092,0.15384615384615385,0.5,10
82572,0.4482145606127126,0.3125,0.5,10
82581,-0,0,0,0
82586,0,0,0,1
82606,0.7846170207230129,0.4375,1,10
82608,0,0,0,10
82611,-0,0,0,0
82613,0.3052348839397011,0.125,1,10
82616,0.4198525533351915,0.13333333333333333,1,10
82619,0.3301376494471202,0.125,1,10
82625,0.6496872770120411,0.375,1,10
82626,0.5420423054868789,0.5,1,10
82628,0.5670429581667765,0.38461538461538464,1,10
82635,0,0,0,10
82640,-0,0,0,0
82642,0.09478836436955078,0.0625,0.25,10
82643,-0,0,0,0
82645,0,0,0,10
82649,0.5328776402545679,0.375,0.5,10
82651,0,0,0,10
82664,-0,0,0,0
82666,-0,0,0,0
82672,-0,0,0,0
82679,-0,0,0,0
82695,0.2240055615151755,0.125,0.5,10
82700,0.09478836436955078,0.05,0.25,10
82701,0,0,0,10
82717,0.0636207881989517,0.0625,0.1,10
82719,0,0,0,10
82729,0.7079289861345682,0.28,1,10
82733,0,0,0,10
82735,0.826333328652008,0.5,1,10
82736,0.8643145546088337,0.5,1,10
82737,0.3052348839397011,0.125,1,10
82738,0.29740901205864334,0.07142857142857142,1,10
82745,0,0,0,10
82749,0,0,0,10
82750,0.15457433957839825,0.125,0.2,10
82752,0.15850703974098104,0.125,0.2,10
82758,0,0,0,10
82765,0.7432777653660875,0.5,1,10
82771,0.19518900079066107,0.125,0.3333333333333333,10
82775,0.42302937529594087,0.3125,0.3333333333333333,10
82780,0.44793214080335997,0.19047619047619047,1,10
82787,0.0636207881989517,0.0625,0.1,10
82788,0,0,0,10
82789,0.5214682725103094,0.375,1,10
82791,0.9072836011519267,1,1,10
82794,0,0,0,10
82798,0.21222636597291455,0.125,0.5,10
82799,0.34181895781690264,0.25,0.3333333333333333,10
82805,0.6332196796270028,0.3125,1,10
82810,0,0,0,8
82836,0,0,0,10
82840,0.92663607790064,0.5625,1,10
82845,0.08514311764162098,0.0625,0.2,10
82849,0.09962965242264374,0.09090909090909091,0.2,10
82852,0,0,0,10
82856,0.21458958400904388,0.1875,0.25,10
82858,0.22009176629808014,0.05555555555555555,1,10
82861,0.6421867266689009,0.3333333333333333,1,10
82862,0.1483217795594554,0,0,10
82864,-0,0,0,0
82867,-0,0,0,0
82869,-0,0,0,0
82881,0,0,0,2
82893,0,0,0,10
82903,0,0,0,10
82909,0.09478836436955078,0.0625,0.25,10
82910,0.20511666732794356,0.13333333333333333,0.5,10
82913,0,0,0,10
82916,0,0,0,10
82922,0,0,0,6
82923,0,0,0,3
82926,0.14465249243306438,0.125,0.16666666666666666,10
82930,0,0,0,10
82931,0.503150297935451,0.23076923076923078,1,10
82945,0,0,0,10
82946,1,0.625,1,10
82950,-0,0,0,0
82952,0.9363792118010483,0.6923076923076923,1,10
82959,0.8991987231687163,0.25,1,10
82965,0,0,0,10
82968,0.8772153153380493,1,1,4
82970,0,0,0,10
82976,0,0,0,10
82977,0.3313099676924681,0.09523809523809523,0.5,10
82988,0,0,0,10
82992,1,0.6666666666666666,1,10
83001,0.7916540515784076,0.391304347826087,1,10
83003,0.07336392209936005,0.0625,0.14285714285714285,10
83010,0.44876821430852226,0.5555555555555556,0.3333333333333333,10
83024,0.37859880603906115,0.1875,1,10
83028,0.14201905717762703,0.0625,0.16666666666666666,10
83031,0.22009176629808014,0.0625,1,10
83035,0.15176219107803537,0.125,0.16666666666666666,10
83037,0.24035316874464127,0.13333333333333333,0.5,10
83057,-0,0,0,0
83064,0.24966402870278917,0.1875,0.3333333333333333,10
83068,0,0,0,10
83071,0.9261611374479649,0.625,1,10
83073,0,0,0,10
83076,0.4982710309705436,0.23809523809523808,0.5,10
83077,0.4170606134915054,0.25,0.5,10
83081,0,0,0,10
83086,0.15850703974098104,0.125,0.2,10
83097,0,0,0,10
83100,0,0,0,10
83121,0.5836175861945262,0.3125,1,10
83137,0.14782949091545258,0.125,0.16666666666666666,10
83140,0.35895421017163465,0.125,1,10
83151,0.14000929331549633,0,0,10
83157,0,0,0,10
83158,0,0,0,10
83162,0.8900887482683918,0.6153846153846154,1,10
83165,0,0,0,10
83166,0,0,0,1
83175,0,0,0,10
83182,0.06925226990817035,0.06666666666666667,0.1111111111111111,10
83188,0.060801447600437354,0.0625,0.2,10
83203,0.3170390947141254,0.1875,0.5,10
83209,0.3774264031738496,0.2,0.1111111111111111,10
83214,0.35208887506004277,0.2,1,10
83223,0.7222954974312066,0.42857142857142855,1,10
83231,0,0,0,10
83232,0,0,0,10
83234,0.25369348563159444,0.2,0.5,10
83253,0.8603818544462509,0.5,1,10
83256,0.08584630515747224,0.0625,0.14285714285714285,10
83257,0.11004588314904007,0.0625,0.3333333333333333,10
83260,0.25284102718517737,0.05714285714285714,0.14285714285714285,10
83263,0.22244584585522362,0.2222222222222222,0.5,10
83267,0.9363792118010483,0.5625,1,10
83280,-0,0,0,0
83285,0,0,0,10
83291,0,0,0,1
83300,0.07444544187113133,0.07692307692307693,0.1,10
83305,0.14465249243306438,0.14285714285714285,0.16666666666666666,10
83313,0.35895421017163465,0.2,1,10
83315,0.3854129993211407,0.4,0.5,10
83325,0,0,0,10
83330,0.29108201617490137,0.23076923076923078,0.5,10
83334,0.6163668470816234,0.4375,0.5,10
83339,0,0,0,10
83344,0.11445441006127335,0.1111111111111111,0.2,10
83350,0,0,0,2
83355,0,0,0,7
83362,0,0,0,1
83363,0,0,0,10
83368,-0,0,0,0
83369,-0,0,0,0
83372,0.1499069094438149,0.0625,1,2
83380,0,0,0,4
83383,0,0,0,5
83386,-0,0,0,0
83389,0,0,0,3
83397,0,0,0,10
83401,0,0,0,1
83412,0,0,0,10
83413,0,0,0,10
83419,0,0,0,10
83422,0,0,0,10
83425,0,0,0,1
83426,0,0,0,10
83427,0.048484901466889475,0,0,10
83435,0,0,0,2
83437,0.2832325164972662,0.2,0.3333333333333333,10
83445,0.7569021067152308,0.4375,1,10
83449,0.2984900352767555,0.13333333333333333,1,10
83450,0.8701249883466592,0.2,1,10
83452,0.29740901205864334,0.0625,1,2
83460,0.3863083732086251,0.13333333333333333,1,10
83464,0,0,0,10
83466,0,0,0,10
83471,0,0,0,10
83472,0,0,0,10
83478,0,0,0,10
83479,0.27323564797268113,0.16666666666666666,0.3333333333333333,10
83493,0.22009176629808014,0.06666666666666667,1,10
83505,0,0,0,10
83506,0,0,0,10
83513,0.6990938915636028,0.3125,1,6
83516,-0,0,0,0
83520,1,0.625,1,10
83522,0,0,0,10
83526,0.49234087878204846,0.21052631578947367,1,10
83530,0,0,0,10
83533,0.06943122193677725,0.05263157894736842,0.125,10
83543,0.35895421017163465,0.05714285714285714,1,10
83552,0.41440869074300907,0.15789473684210525,1,10
83572,0.07336392209936005,0,0,10
83573,0.2686194048969923,0.1875,1,10
83574,0.07839826897867533,0.0625,0.16666666666666666,10
83575,0.12987501165334073,0.125,0.1111111111111111,10
83581,0,0,0,10
83590,0.8854598815714875,1,1,10
83599,0.5989704028495795,0.5,1,10
83601,0.6794476456821817,0.4375,0.5,10
83608,0,0,0,10
83612,0.33360573538545624,0.3333333333333333,0.3333333333333333,10
83617,0.45650001423154074,0.125,1,10
83620,0.22009176629808014,0.07692307692307693,1,10
83622,-0,0,0,0
83623,0.31879392588472627,0.1875,0.5,10
83627,0.11004588314904007,0.05,0.3333333333333333,10
83630,0,0,0,10
83639,0,0,0,10
83650,0,0,0,10
83678,0.3633412872595719,0.26666666666666666,0.3333333333333333,10
83679,0.20078575937877005,0.15384615384615385,0.16666666666666666,10
83696,0.7479350596733328,0.4375,1,10
83716,0,0,0,10
83717,0,0,0,10
83720,0.6816604510406281,0.4375,1,10
83721,0.7884407279677962,0.5,1,10
83758,0,0,0,10
83783,0.6366824387328316,0.5,1,10
83787,0.09478836436955078,0.07692307692307693,0.25,10
83801,0.07336392209936005,0.0625,0.14285714285714285,10
83815,1,0.625,1,10
83817,0.6597133113683123,0.25,1,10
83825,1,0.625,1,10
83826,0.49246059723271807,0.45454545454545453,0.5,10
83854,0.8943938982876649,0.24242424242424243,1,10
83860,0.41957351748944016,0.16666666666666666,0.16666666666666666,10
83862,0.6683063269107927,0.375,1,10
83876,0.33916020527361607,0.2,1,10
83877,0.0636207881989517,0.07142857142857142,0.1,10
83878,0.3562071871080222,1,0.16666666666666666,10
83879,0.08019144864099469,0,0,10
83888,0,0,0,10
83890,0.2906246349515899,0.1875,0.5,10
83898,0,0,0,10
83910,0.3557772116892464,0.21428571428571427,1,10
83915,0,0,0,10
83921,0,0,0,10
83930,-0,0,0,0
83932,0,0,0,10
83936,0.5224955967919309,0.25,1,10
83947,0,0,0,10
83949,0,0,0,10
83957,0.4290485894061694,0.2727272727272727,0.3333333333333333,10
83967,0.2934556883974402,0.125,1,10
83968,-0,0,0,0
83994,0.30385299920292913,0.25,0.5,10
84011,0.09521690965546861,0.07142857142857142,0.1,10
84014,0.5470596273055068,0,0,10
84020,0.028995954371097005,0,0,10
84031,0,0,0,10
84033,0.28997736516021183,0.1875,0.3333333333333333,10
84060,0,0,0,10
84065,1,0.45454545454545453,1,10
84071,0.6509571828075813,0.3125,1,10
84082,-0,0,0,0
84094,0.2103486323976718,0.06896551724137931,1,10
84099,0,0,0,10
84100,0.08514311764162098,0.0625,0.2,10
84103,0,0,0,10
84105,-0,0,0,0
84108,-0,0,0,0
84121,0,0,0,10
84124,0,0,0,10
84139,0.32195053918879885,0.1,0.25,10
84144,0.7065632165480471,0.175,1,10
84145,0,0,0,10
84151,0,0,0,10
84157,0.7222954974312066,0.5,1,10
84171,0.3626853268465886,0.1875,1,10
84172,0.3476293915547282,0.1,0.3333333333333333,10
84173,0.9363792118010483,0.6923076923076923,1,10
84228,0,0,0,10
84233,0.19930623359011798,0.1875,0.125,10
84236,0.3930928667534157,0.25,1,10
84243,0.3726703171229509,0.26666666666666666,0.5,10
84252,0,0,0,10
84255,0,0,0,10
84256,0.1356854453911663,0.14285714285714285,0.125,10
84257,0.07336392209936005,0.0625,0.14285714285714285,10
84262,0,0,0,10
84273,0.15176219107803537,0.125,0.16666666666666666,10
84278,0.13835016325694324,0.125,0.25,10
84281,0.11004588314904007,0.07142857142857142,0.3333333333333333,10
84285,0,0,0,10
84287,-0,0,0,0
84288,0,0,0,6
84300,-0,0,0,0
84302,-0,0,0,0
84306,0,0,0,1
84312,0.6573300000060734,0.6666666666666666,0.5,10
84315,0,0,0,10
84323,0.11004588314904007,0.02631578947368421,0.3333333333333333,10
84327,0.21726071285222984,0.125,0.5,10
84328,0.15850703974098104,0.125,0.2,10
84329,0.40030566811860463,0.26666666666666666,0.5,10
84332,0.7819835854675756,0.5,1,10
84333,0.2357541930550393,0.0625,1,1
84338,0,0,0,10
84350,0,0,0,10
84351,0,0,0,10
84353,0.15457433957839825,0.14285714285714285,0.2,10
84354,0.15245974194834122,0.044444444444444446,0.3333333333333333,10
84355,0,0,0,10
84362,0,0,0,8
84373,0.7846170207230129,0.5384615384615384,1,10
84374,0.07839826897867533,0.037037037037037035,0.16666666666666666,10
84378,0,0,0,10
84392,0.3301376494471202,0.125,1,10
84394,0,0,0,10
84396,-0,0,0,0
84414,0,0,0,10
84421,0.84860265890399,0.21052631578947367,1,10
84429,0.5983126932652216,0.3125,1,10
84431,0.914856882358379,0.5625,1,10
84438,0.6578986223737446,0.375,1,10
84440,0.7728378251807518,0.4375,1,10
84442,0,0,0,4
84445,0.3732689537968544,0.10256410256410256,0.5,10
84446,0.3125291152215463,0.09375,0.5,10
84447,-0,0,0,0
84448,0,0,0,10
84456,0.09330056740782033,0.06666666666666667,0.14285714285714285,10
84457,0,0,0,2
84464,0,0,0,6
84467,0,0,0,10
84476,0.6463400915104011,0.4375,0.5,10
84480,0,0,0,10
84483,-0,0,0,0
84484,0.4735717030454861,0.3125,0.5,10
84485,0.7318068210920499,0.5333333333333333,0.5,10
84500,0.4576752747037683,0.25,1,10
84508,0.6784696252550856,0.3125,1,10
84509,-0,0,0,0
84515,0,0,0,10
84521,0,0,0,10
84524,0,0,0,10
84532,0,0,0,10
84533,0,0,0,10
84536,0,0,0,10
84537,0.26742619438551957,0.07142857142857142,1,10
84541,0,0,0,10
84543,0,0,0,10
84544,0.5464656638810369,0.5,0.3333333333333333,10
84549,0,0,0,10
84551,0.08914206479517318,0.06666666666666667,0.14285714285714285,10
84555,0,0,0,10
84556,0,0,0,10
84559,0.3680351637959668,0.125,1,10
84562,0.0636207881989517,0.05263157894736842,0.1,10
84563,0,0,0,10
84565,0,0,0,10
84566,0,0,0,10
84570,0,0,0,10
84578,0,0,0,10
84588,0,0,0,10
84590,0.27267015568947806,0.25,0.14285714285714285,10
84591,0,0,0,10
84594,0,0,0,10
84605,0.5669063378307415,0.2857142857142857,1,10
84608,-0,0,0,0
84610,0.30240383049385083,0.075,0.5,10
84612,0,0,0,10
84614,0.11243018208286118,0.0625,0.3333333333333333,10
84618,0,0,0,10
84620,0,0,0,10
84621,0.06625422345438903,0.0625,0.1111111111111111,10
84624,0,0,0,10
84639,0,0,0,10
84642,0,0,0,10
84646,0.14876390584057267,0.125,0.2,10
84649,0.09478836436955078,0.0625,0.25,10
84655,0,0,0,10
84660,1,0.625,1,10
84662,-0,0,0,0
84664,0.3151625504769836,0.1875,0.5,10
84666,0.09330056740782033,0.06666666666666667,0.14285714285714285,10
84679,0.1388624438735545,0.0625,0.5,10
84682,0.8532721558012798,0.23684210526315788,0.5,10
84685,0.5835150324104402,0.25,1,10
84686,0.18340980524840012,0.125,0.3333333333333333,10
84692,0.811649955622271,0.6666666666666666,1,10
84694,0.6142446492058858,0.25,1,10
84698,0.31204907722178066,0.13636363636363635,0.5,10
84706,0.6489315753318465,0.3125,1,10
84713,0,0,0,10
84715,0.6489315753318465,0.3125,1,10
84722,0.07336392209936005,0.0625,0.14285714285714285,10
84724,0.17954774358039594,0.1875,0.125,10
84725,1,0.2564102564102564,1,10
84737,0,0,0,10
84742,0,0,0,10
84750,0.6263242762906654,0.25,1,10
84752,0.5732849850139309,0.375,1,10
84753,0.3319200224590231,0.23076923076923078,0.5,10
84760,0.25631484184177505,0.125,0.2,10
84765,0.6597133113683123,0.25,1,4
84766,0.6966339814581947,0.375,1,9
84768,0.6347548817281522,0.375,1,10
84769,0.3912447715027908,0.1875,1,10
84777,0,0,0,10
84781,0.22009176629808014,0.0625,1,10
84786,0.5695785062497354,0.3333333333333333,1,10
84787,-0,0,0,0
84796,0.2819570396019684,0.1111111111111111,1,1
84801,0.8643145546088337,0.5,1,10
84805,0.45056557605879727,0.25,1,10
84806,0,0,0,10
84811,-0,0,0,0
84815,1,1,1,10
84818,1,0.625,1,10
84845,0,0,0,7
84859,-0,0,0,0
84861,0.6789981370781354,0.3333333333333333,1,10
84862,0,0,0,1
84863,0.6500332220485789,0.6363636363636364,0.5,10
84865,0.1396181455537491,0.125,0.14285714285714285,10
84870,0.3151625504769836,0.1875,0.5,10
84872,0.6309297535714574,1,0.5,10
84874,0.39484136206016496,0.125,1,10
84875,0.576003728085674,0.3333333333333333,1,10
84886,0.4905228591259658,0.16216216216216217,0.5,10
84887,0,0,0,10
84891,0,0,0,3
84897,0.4323181322709947,0.1875,1,10
84898,0.4458567890377042,0.375,0.25,10
84900,0.13698471029831175,0.125,0.14285714285714285,10
84902,1,1,1,4
84909,0.07839826897867533,0.0625,0.16666666666666666,10
84917,0,0,0,10
84927,0.4440973278132556,0.1,1,10
84928,0,0,0,10
84932,0.09478836436955078,0.027777777777777776,0.25,10
84938,0.5196575323691327,0.2,1,10
84940,0,0,0,10
84947,0.7125523635307983,0.4,1,10
84953,0.24890832702259458,0.05405405405405406,0.5,10
84957,0.8040370779504029,0.6666666666666666,1,10
84962,0,0,0,4
84969,0,0,0,10
84974,0,0,0,10
84977,0,0,0,10
84983,0.07336392209936005,0.0625,0.14285714285714285,10
84987,0,0,0,10
84990,0.49668238146903537,0.2,1,10
84992,0.22009176629808014,0.0625,1,10
85005,0.12054710171248399,0.06666666666666667,0.25,10
85006,0.1388624438735545,0.02564102564102564,0.5,2
85014,0.15274548932528484,0.07142857142857142,0.5,10
85020,0.4896141557188043,0.1875,1,10
85021,0.12816617599423102,0.125,0.3333333333333333,10
85023,0.34507659156401055,0.15384615384615385,1,10
85032,0.25469837558210445,0.1875,0.3333333333333333,10
85033,0,0,0,10
85037,1,0.625,1,10
85046,0.07336392209936005,0.0625,0.14285714285714285,10
85049,1,0.9090909090909091,1,10
85051,0.6366824387328316,0.5,1,10
85058,0.4785379058241991,0.25,0.1,10
85063,-0,0,0,0
85065,0.7137487621889959,0.375,1,10
85067,0.06625422345438903,0.0625,0.1111111111111111,10
85070,0.18340980524840012,0.125,0.3333333333333333,10
85079,0,0,0,10
85081,0.3195496275649209,0.3076923076923077,0.25,10
85087,0,0,0,10
85088,0,0,0,10
85090,0.1073508639320094,0.06666666666666667,0.25,10
85094,0.33708828300217214,0.375,0.3333333333333333,10
85096,-0,0,0,0
85097,0.1426431691717161,0.09090909090909091,0.1111111111111111,10
85105,0.35059876941223056,0.1875,0.5,10
85109,0.6189792130521169,0.09090909090909091,1,10
85111,0.6957409050755657,0.5,0.5,10
85135,-0,0,0,0
85154,0.3017012334098271,0.17647058823529413,0.5,8
85157,0.7284112836449064,0.5,1,10
85160,0,0,0,10
85162,0.7960682542143958,0.5333333333333333,1,10
85163,0.08514311764162098,0.0625,0.2,10
85165,0.3932783996463063,0.2727272727272727,1,10
85168,0.9305687780632227,0.5625,1,10
85169,0,0,0,10
85177,0,0,0,10
85181,0.24890832702259458,0.125,0.5,10
85183,0.05968602240696155,0.07142857142857142,0.1111111111111111,10
85185,0,0,0,10
85188,0.11004588314904007,0.0625,0.3333333333333333,10
85193,0,0,0,10
85194,0.12987501165334073,0.125,0.1111111111111111,10
85195,-0,0,0,0
85197,0.420027879946489,0.13333333333333333,1,2
85198,0,0,0,6
85199,1,1,1,10
85202,-0,0,0,0
85203,0.5531464700081437,0.4,1,10
85204,0.9363792118010483,0.5625,1,10
85209,0,0,0,6
85214,-0,0,0,0
85220,0.5996497594911909,0.4166666666666667,1,10
85229,0.48659946291651,0.25,1,10
85230,0.09525913246106908,0.0625,0.16666666666666666,10
85234,0,0,0,10
85235,0.6873332711195501,0.20512820512820512,0.3333333333333333,10
85243,0.42214645308466847,0.15789473684210525,1,10
85245,0.35895421017163465,0.1875,1,3
85253,0.6655715232095982,0.30434782608695654,0.5,10
85258,0.21408371436984164,0.1875,0.16666666666666666,10
85259,0.6025064803817581,0.3125,1,10
85265,0.22009176629808014,0.0625,1,10
85288,0.16920889294334576,0.125,0.125,10
85292,0.899546649567103,0.5,1,10
85308,0.5333765831998211,0.3125,1,10
85314,0.9415695295595564,0.5625,1,10
85315,0.7730810113299461,0.2,1,10
85324,-0,0,0,0
85326,-0,0,0,0
85327,0.5869178163188516,0.4666666666666667,0.5,10
85329,0.8000460734455755,0.375,1,10
85332,0.977915258848537,0.2631578947368421,1,10
85333,-0,0,0,0
85344,0.7138097836082222,0.38461538461538464,1,5
85347,0.6228947214972552,1,1,10
85348,0.6659485553357843,0.4375,1,10
85352,0.33405144466421555,0.21428571428571427,0.5,10
85358,0.5271064966405455,0.2857142857142857,1,10
85364,0,0,0,10
85367,0.30949341139906467,0.1875,0.5,10
85370,0.07336392209936005,0.02564102564102564,0.14285714285714285,10
85371,0,0,0,10
85373,0,0,0,10
85375,0,0,0,10
85376,0,0,0,10
85377,0.45374257454118544,0.25,1,10
85384,0.5698664345004878,0.2,1,10
85393,0.15176219107803537,0.13333333333333333,0.16666666666666666,10
85400,0,0,0,10
85406,-0,0,0,0
85408,0.11004588314904007,0.06666666666666667,0.3333333333333333,10
85411,0,0,0,10
85421,0.35895421017163465,0.125,1,10
85423,0.09478836436955078,0.07692307692307693,0.25,10
85433,0,0,0,10
85438,0.1388624438735545,0.0625,0.5,10
85439,0.056762078427747324,0.06666666666666667,0.2,10
85453,0.17204192775215021,0.18181818181818182,0.25,10
85458,0.13371309719275978,0.0625,0.3333333333333333,10
85470,0,0,0,10
85473,0.43735247915031,0.2,1,10
85476,0.13371309719275978,0.0625,0.3333333333333333,10
85477,0.06625422345438903,0.0625,0.1111111111111111,10
85478,0.7113979371069576,0.3125,1,10
85479,0,0,0,10
85491,0.4690000933206747,0.1875,1,6
85493,0.6421867266689009,0.3125,1,10
85504,0.5423640154200348,0.25,1,10
85519,0.26873745552689526,0.2,0.5,10
85526,0.39449523438077905,0.3125,0.3333333333333333,10
85531,0.7151857987862356,0.4,1,10
85543,0.1388624438735545,0.0625,0.5,10
85561,0,0,0,10
85566,1,0.7142857142857143,1,10
85584,0.4692787260227565,0.3333333333333333,1,10
85585,0.09478836436955078,0.0625,0.25,10
85597,0.7561398648862724,0.375,1,7
85598,0.22196797196262485,0.125,0.5,10
85601,0,0,0,10
85616,0,0,0,10
85619,0.07336392209936005,0.07142857142857142,0.14285714285714285,10
85622,0,0,0,10
85627,0.06625422345438903,0.07692307692307693,0.1111111111111111,10
85643,0,0,0,5
85649,0.3647442587311445,0.1875,1,10
85661,0,0,0,10
85670,0,0,0,10
85671,0.6203974344166847,0.3125,1,10
85672,0.3398414932237254,0.25,0.3333333333333333,10
85678,0.40652716006074996,0.13333333333333333,1,10
85680,1,0.625,1,10
85692,0.17366667134799177,0.06666666666666667,0.3333333333333333,10
85700,0,0,0,10
85701,0,0,0,10
85710,0.9363792118010483,0.6923076923076923,1,10
85719,0.6039094289265273,0.26666666666666666,1,4
85724,0.5348342833068076,0.36363636363636365,1,10
85738,-0,0,0,0
85742,0.21726071285222984,0.125,0.5,10
85743,0.08009687781155747,0.0625,0.16666666666666666,10
85744,0.4074153667635756,0.25,0.5,10
85749,0.35382030581236784,0.375,0.5,10
85755,0.9052116356304492,0.5625,1,10
85758,0.2895229882348574,0.08333333333333333,1,10
85767,0.8048099750039491,0.75,1,10
85768,0.41153259956303256,0.3125,0.5,10
85772,0,0,0,10
85773,-0,0,0,0
85786,0.7989263603878404,0.5384615384615384,1,10
85796,0.06243697865825647,0.07142857142857142,0.2,10
85798,0.3372494567359742,0.23076923076923078,1,10
85802,0.21222636597291455,0.125,0.5,10
85806,-0,0,0,0
85809,0.5317333376064807,0.4,1,10
85811,0.6625355205838541,0.4,1,10
85822,-0,0,0,0
85823,0.07336392209936005,0,0,10
85824,0.7489872641080236,0.2727272727272727,1,10
85828,0.3667803203729971,0.15151515151515152,0.2,10
85829,0,0,0,10
85835,0,0,0,10
85838,0.08514311764162098,0.03333333333333333,0.2,10
85839,0.4690000933206747,0.08823529411764706,1,10
85840,0.8701249883466592,0.5,1,10
85857,0.3301376494471202,0.05555555555555555,1,10
85860,0,0,0,10
85866,-0,0,0,0
85867,0.5051065672660647,0.38461538461538464,1,10
85868,0.9363792118010483,0.5625,1,10
85869,0.3796047002392273,0.16666666666666666,1,10
85870,0.4855658177990922,0.21428571428571427,1,10
85878,0,0,0,10
85883,0.633849110484978,0.45454545454545453,1,10
85889,0.7125523635307983,0.375,1,10
85900,0,0,0,10
85915,0.22009176629808014,0.06666666666666667,1,10
85918,0,0,0,10
85921,0,0,0,10
85933,0.3764459522792426,0.25,0.5,10
85938,0,0,0,10
85942,0.9183435182214243,1,1,10
85943,0.5055284773453903,0.15,0.5,10
85945,0.45684571100157256,0.5,0.5,10
85949,0,0,0,5
85953,0.3683756341388872,0.25,0.3333333333333333,10
85956,0,0,0,10
85959,0,0,0,10
85965,0,0,0,10
85970,0.8550956239938448,0.7777777777777778,1,10
85972,0.3995688713838975,0.1875,1,10
85977,0,0,0,10
85982,0.45650001423154074,0.125,1,10
85986,0,0,0,10
85989,0,0,0,10
86003,0,0,0,10
86015,0.4362880413154733,0.2857142857142857,1,10
86020,0.9716189607861262,0.6666666666666666,1,10
86022,0.8643145546088337,0.8,1,10
86025,0.1388624438735545,0.0625,0.5,10
86026,0.22009176629808014,0.06666666666666667,1,10
86031,1,0.625,1,10
86033,1,0.6666666666666666,1,10
86036,1,1,1,10
86040,0.11004588314904007,0.0625,0.3333333333333333,10
86041,0.11004588314904007,0.07142857142857142,0.3333333333333333,10
86044,1,0.6666666666666666,1,10
86054,0.29740901205864334,0.0625,1,10
86062,0.07863308654329347,0.07692307692307693,0.125,10
86063,0,0,0,10
86065,0.4487294900778422,0.4166666666666667,0.3333333333333333,10
86066,0.4498361516118495,0.25,1,10
86067,0.3903800499921017,0.25,1,10
86068,0,0,0,10
86071,0.7065836017263628,0.375,1,10
86072,0.2336508082431053,0.125,0.5,10
86083,0,0,0,10
86099,0.8553475075669357,0.5,1,10
86103,0,0,0,10
86105,0.20483424751859086,0.125,0.3333333333333333,10
86106,0,0,0,10
86107,0,0,0,10
86121,0.25432019943903855,0.08108108108108109,0.5,10
86125,0.2818783759983841,0.2222222222222222,0.5,10
86129,0.6683063269107927,0.175,1,10
86131,0.8617580160085213,0.5,1,10
86133,0.37850091886658266,0.1875,1,10
86141,0,0,0,10
86142,0.228547299346339,0.2,0.25,10
86143,0.6410457898283652,0.5,0.3333333333333333,10
86152,0.17366667134799177,0.125,0.3333333333333333,10
86154,0.08036473447498932,0.02702702702702703,0.25,10
86163,0,0,0,10
86195,0,0,0,10
86196,0.7381919257729245,0.4375,1,10
86214,0.2017984705998855,0.125,0.5,10
86223,0.6030789185628018,0.4166666666666667,1,10
86227,0.3932783996463063,0.1875,1,10
86237,0,0,0,10
86244,-0,0,0,0
86246,0,0,0,10
86248,0.0273152804484089,0,0,10
86250,0,0,0,10
86254,0,0,0,10
86262,0,0,0,10
86269,0,0,0,10
86272,0,0,0,10
86283,0.16139724848992007,0.0625,1,10
86287,0,0,0,10
86291,0.22364710624159245,0.125,0.5,10
86300,0,0,0,10
86302,0.9781298876239841,0.625,1,10
86304,0.43361544286375703,0.7142857142857143,0.3333333333333333,10
86305,0,0,0,10
86310,0.06625422345438903,0.07142857142857142,0.1111111111111111,10
86313,0,0,0,10
86320,0,0,0,10
86327,-0,0,0,0
86328,0.07093554707553369,0.0625,0.125,10
86329,0.17828412959034637,0.0625,1,1
86331,-0,0,0,0
86332,0,0,0,1
86335,0.0636207881989517,0.0625,0.1,10
86336,-0,0,0,0
86342,0,0,0,10
86347,-0,0,0,0
86350,0.35314377643380906,0.07692307692307693,1,10
86353,0.09478836436955078,0.0625,0.25,10
86363,-0,0,0,0
86368,0,0,0,10
86369,0.30459945856350534,0.10526315789473684,1,10
86370,0,0,0,10
86375,0,0,0,10
86377,0,0,0,10
86381,0,0,0,10
86386,0,0,0,10
86394,0.92663607790064,0.6,1,10
86405,0.7791714369672127,0.4375,1,10
86407,0.4351098955930419,0.25,1,10
86412,0,0,0,10
86421,0.5385510865586203,0.375,0.5,10
86427,0,0,0,10
86431,0.04241385879930114,0.025,0.1,10
86433,-0,0,0,0
86438,0.32800414687157575,0.07692307692307693,1,10
86444,0.07839826897867533,0.0625,0.16666666666666666,10
86447,0,0,0,2
86452,0,0,0,10
86457,0,0,0,10
86459,0,0,0,10
86466,0.8107656564881911,0.6363636363636364,1,10
86467,0.5399873388995389,0.38461538461538464,0.5,10
86473,0,0,0,10
86475,0,0,0,10
86479,0,0,0,10
86481,0,0,0,10
86483,0,0,0,10
86490,0,0,0,10
86495,0.07093554707553369,0.0625,0.125,10
86497,0,0,0,10
86499,0.12433346561657199,0.125,0.16666666666666666,10
86501,0.7896872372208412,0.5714285714285714,1,10
86505,0.6846586433873728,0.16666666666666666,1,10
86506,0.08514311764162098,0.0625,0.2,10
86508,0,0,0,10
86512,0.6627919420317118,0.4,1,10
86514,0.06943122193677725,0.0625,0.125,10
86538,0.9363792118010483,0.5625,1,10
86541,0.36249399002998095,0.14285714285714285,1,10
86542,-0,0,0,0
86543,0,0,0,3
86544,0,0,0,10
86548,0.933745776545611,0.225,1,10
86552,0,0,0,10
86557,-0,0,0,0
86560,0,0,0,10
86561,0.04838201975083548,0,0,10
86563,0.45595039667006443,0.375,0.2,10
86564,0,0,0,10
86565,0.07668368701422457,0.0625,0.3333333333333333,10
86567,0,0,0,10
86574,0,0,0,10
86575,-0,0,0,0
86578,0.6060188634463399,0.3,1,10
86579,0.6020521034564037,0.3125,1,10
86580,0,0,0,10
86584,0,0,0,9
86599,0,0,0,2
86605,0.3273521978553658,0.25,0.25,10
86606,0.7564477297898764,0.4375,1,10
86618,0,0,0,10
86625,0.24890832702259458,0.125,0.5,10
86628,0.1388624438735545,0.0625,0.5,10
86635,0,0,0,10
86637,-0,0,0,0
86639,0.13278301876594611,0.16666666666666666,0.2,10
86644,0,0,0,10
86649,0,0,0,10
86651,0.15245974194834122,0.14285714285714285,0.3333333333333333,10
86652,1,1,1,10
86654,0.4451989745299881,0.3125,0.5,10
86659,0.2240055615151755,0.16666666666666666,0.5,10
86661,0,0,0,1
86662,0.21408371436984164,0.1875,0.16666666666666666,10
86664,0.5326208815196265,0.25,1,10
86665,0.3301376494471202,0.13333333333333333,1,10
86668,0.7136540102475307,0.5,0.5,10
86669,0.92663607790064,0.5625,1,10
86670,0,0,0,10
86671,0.43735247915031,0.2,1,10
86674,-0,0,0,0
86681,0,0,0,10
86695,0.21470340435482477,0.125,0.3333333333333333,10
86699,0,0,0,10
86701,0,0,0,10
86712,0.15887143153726957,0.2222222222222222,0.2,10
86722,0.14874433492765377,0.0625,0.5,10
86784,0.5716349530699036,0.375,0.5,10
86785,0.06943122193677725,0.0625,0.125,10
86787,0.7492022703362294,0.5,1,10
86789,0.6957810562523431,0.3125,1,10
86810,0.04416948230292602,0.07142857142857142,0.1111111111111111,10
86818,0.4694544702460292,0.3076923076923077,1,10
86822,0.38163831843713814,0.25,0.3333333333333333,10
86825,0.5311576535478315,0.08108108108108109,1,10
86826,-0,0,0,0
86830,0.9427731067700874,1,1,10
86831,1,0.625,1,10
86837,0.14782949091545258,0.13333333333333333,0.16666666666666666,10
86838,0,0,0,10
86840,0,0,0,10
86846,0,0,0,1
86848,0.4252084336260237,0.1875,1,10
86849,0.5505365436229939,0.375,0.5,10
86852,0.6489315753318465,0.3125,1,10
86862,0,0,0,10
86932,-0,0,0,0
86983,-0,0,0,0
86987,0.47317514131989385,0.3125,0.3333333333333333,7
87001,0.29464381455477134,0.2,0.3333333333333333,10
87003,0,0,0,10
87007,0.7753366239771085,0.4375,1,10
87009,0,0,0,10
87016,0.09478836436955078,0.03225806451612903,0.25,10
87021,0.4011392915782793,0.16666666666666666,1,10
87031,0.3706355185414171,0.25,0.5,10
87034,0,0,0,10
87039,0.22009176629808014,0.025,1,10
87044,0.22009176629808014,0.0625,1,10
87048,0,0,0,10
87058,0.5533991606031335,0.2857142857142857,1,10
87059,1,0.625,1,10
87060,0,0,0,10
87061,0.0693937203613653,0,0,10
87063,0.6489315753318465,0.3333333333333333,1,10
87073,0.7064221401112313,0.375,1,10
87074,0.8144333073694425,0.4666666666666667,1,10
87086,0,0,0,10
87097,0,0,0,10
87098,0,0,0,10
87105,0.157499924945151,0.3333333333333333,0.14285714285714285,10
87115,0.06625422345438903,0.0625,0.1111111111111111,10
87116,0.2575389154724167,0.18181818181818182,1,10
87118,0.17947710508581732,0.13333333333333333,0.3333333333333333,10
87123,0.1374086302940712,0.13333333333333333,0.2,10
87126,0.8899541168509598,0.6,1,10
87127,0,0,0,10
87132,0.09478836436955078,0.06666666666666667,0.25,10
87134,0.2699868404655948,0.13333333333333333,1,10
87155,0.7318317512413369,0.22580645161290322,1,10
87158,0.030215560015714335,0,0,10
87160,0.8115558478722846,0.5333333333333333,1,10
87163,0,0,0,7
87183,0.716485063693381,0.4666666666666667,1,10
87186,0.35895421017163465,0.125,1,10
87201,0.8113644480938608,0.6363636363636364,1,10
87202,0.279901702223461,0.125,1,3
87203,0.5988751049740154,0.3125,1,10
87207,0.4124497136428909,0.10810810810810811,0.5,10
87210,0,0,0,10
87212,0.6062023164895267,0.3125,1,10
87216,0.33405144466421555,0.06,0.5,10
87219,0.07336392209936005,0.0625,0.14285714285714285,10
87230,0.9047172294870752,1,1,10
87233,0.24890832702259458,0.2,0.5,10
87241,0.5512027325085471,0.26666666666666666,1,10
87243,0,0,0,10
87246,0.6511915982117922,0.5,1,10
87250,0.14187109415106738,0.07692307692307693,0.5,10
87257,1,0.5263157894736842,1,10
87274,0.3668007055513128,0.25,0.5,10
87277,0.10484411539105797,0.0625,0.5,10
87282,0.8512360941594272,0.7272727272727273,1,10
87286,0.2125075044236771,0.125,0.5,10
87289,0.22119341301481263,0.1875,0.16666666666666666,10
87290,0.4000232483092519,0.0625,1,10
87293,0.6687607038361472,0.15384615384615385,1,10
87297,0,0,0,10
87302,0,0,0,2
87304,-0,0,0,0
87308,0.20210734650054762,0.3333333333333333,0.25,10
87312,0.5090967735771897,0.3333333333333333,1,10
87316,0.08584630515747224,0.0625,0.3333333333333333,10
87319,0.29740901205864334,0.06666666666666667,1,10
87333,0.7007731679885373,0.15384615384615385,1,10
87336,0,0,0,10
87346,0,0,0,10
87348,0.2866919347890071,0.1875,0.5,10
87367,0.16582810062389947,0.125,0.3333333333333333,10
87368,0.3052348839397011,0.125,1,10
87373,0.31488013066763093,0.125,1,10
87376,0,0,0,10
87378,-0,0,0,0
87387,0.7917267193679839,0.17073170731707318,1,10
87388,0.388244052766991,0.1111111111111111,1,10
87390,0.0636207881989517,0.0625,0.1,10
87399,0,0,0,10
87406,0,0,0,1
87407,0.2529427027676571,0.125,1,10
87409,0.7754320267760307,0.5,1,10
87418,0,0,0,10
87422,0.3934758558597627,0.3333333333333333,0.5,10
87436,0.6981849007468383,0.3125,1,10
87448,0.2300510610426737,0.0625,1,10
87449,0,0,0,10
87452,0.7799082337019198,0.6923076923076923,0.5,10
87456,-0,0,0,0
87457,0.1388624438735545,0.0625,0.5,10
87470,0.4260276605334035,0.3333333333333333,0.3333333333333333,10
87476,0.19518900079066107,0.05,0.3333333333333333,10
87479,0.5860414682638118,0.25,1,10
87485,0.07336392209936005,0.05,0.14285714285714285,10
87488,0,0,0,10
87490,0,0,0,10
87501,0.23768142723745903,0.1875,0.3333333333333333,10
87514,0,0,0,10
87515,0.2024832320725062,0.05,0.5,10
87521,0.07839826897867533,0.0625,0.16666666666666666,10
87526,0.9217868789962073,1,1,10
87527,0.2575389154724167,0.0625,1,10
87532,0.4752427535888053,0.36363636363636365,1,10
87537,0.9556668866636359,0.5625,1,10
87538,0,0,0,1
87541,0.07096908371312387,0.0625,0.1111111111111111,10
87543,0,0,0,10
87544,0.3629634081876523,0.10256410256410256,0.5,10
87562,0.20829366581033176,0.046511627906976744,0.5,10
87568,0.6969383549984329,0.375,1,10
87579,-0,0,0,0
87588,-0,0,0,0
87591,0,0,0,10
87601,0,0,0,10
87607,0,0,0,8
87609,0.1799314820111718,0.125,0.25,10
87611,0.4062055059014422,0.3333333333333333,1,10
87619,1,0.38461538461538464,1,10
87621,0,0,0,10
87627,0.06625422345438903,0.09090909090909091,0.1111111111111111,10
87632,0.5082549432745476,0.3333333333333333,0.25,10
87643,0.5423640154200348,0.1,1,10
87645,0.6716728681285541,0.1794871794871795,1,10
87646,0.7759944384848244,0.3333333333333333,1,10
87648,0.07336392209936005,0.0625,0.14285714285714285,10
87653,0,0,0,10
87654,1,0.625,1,10
87656,-0,0,0,0
87660,0.8454256604216017,0.5333333333333333,1,10
87669,0,0,0,10
87672,0.4692787260227565,0.3333333333333333,1,10
87673,0.9663975527020378,0.625,1,10
87678,0.9052116356304492,0.5625,1,10
87684,-0,0,0,0
87685,0.9034253471031487,0.5714285714285714,1,10
87691,0.35895421017163465,0.125,1,10
87693,-0,0,0,0
87700,0.7859162856301584,0.4375,1,10
87715,0,0,0,10
87720,0,0,0,2
87723,0,0,0,10
87724,0.1388624438735545,0.06666666666666667,0.5,10
87726,0.3033882389008914,0.23076923076923078,0.3333333333333333,10
87737,-0,0,0,0
87741,-0,0,0,0
87749,-0,0,0,0
87754,-0,0,0,0
87755,0.4177731292193501,0.25,1,10
87758,0,0,0,10
87763,-0,0,0,0
87765,0.43204561058038277,0.45454545454545453,0.5,10
87767,-0,0,0,0
87768,-0,0,0,0
87772,0,0,0,10
87774,0,0,0,10
87778,-0,0,0,0
87788,0,0,0,10
87798,0,0,0,10
87801,0.44464932160706677,0.21052631578947367,0.3333333333333333,10
87808,0.07839826897867533,0.0625,0.16666666666666666,10
87809,0,0,0,10
87812,0.9305687780632227,0.6428571428571429,1,10
87814,0.3052348839397011,0.0625,1,10
87818,0,0,0,10
87842,0.4690000933206747,0.08571428571428572,1,10
87847,0.9716189607861262,0.2564102564102564,1,10
87850,0.33169367308920716,0.25,0.25,10
87855,0.9132354711554559,0.5625,1,10
87875,0.5270729026533179,0.4444444444444444,1,10
87889,1,0.625,1,10
87890,0.17828412959034637,0.0625,1,10
87894,0.07839826897867533,0.0625,0.16666666666666666,10
87904,0.3680351637959668,0.15384615384615385,1,10
87906,0.22009176629808014,0.02631578947368421,1,1
87918,0.09552434673554687,0.125,0.3333333333333333,10
87922,0.22009176629808014,0.0625,1,10
87924,0,0,0,4
87931,0.3368164256333635,0.14285714285714285,1,10
87932,0.2850141626033878,0.1111111111111111,1,10
87934,0,0,0,10
87937,0,0,0,10
87942,0,0,0,4
87951,0.43735247915031,0.07894736842105263,1,10
87957,0.4898296107304408,0.3125,1,10
87958,0.8701249883466592,0.5,1,10
87964,0.8881617143233601,0.47368421052631576,1,10
87977,0,0,0,2
87981,0.5864431873340086,0.75,0.5,4
87992,0.7622589343474114,0.42857142857142855,1,10
88006,0.11004588314904007,0.0625,0.3333333333333333,10
88010,0.6366824387328316,0.5,1,10
88011,0,0,0,9
88018,0,0,0,10
88025,0.637033973357029,0.5714285714285714,1,8
88028,0.39459041030154746,0.25,0.3333333333333333,9
88044,0.0636207881989517,0.0625,0.1,10
88045,0,0,0,10
88052,0.7059054020403311,0.375,1,10
88059,0.354105102365221,0.125,1,10
88061,0.4761102283282676,0.15151515151515152,1,10
88065,0.20511666732794356,0.125,0.5,10
88073,0.06625422345438903,0.07692307692307693,0.1111111111111111,10
88075,0,0,0,10
88080,0.1778950855138076,0.1111111111111111,0.5,10
88086,0,0,0,10
88097,0.37566986542073233,0.25,0.5,10
88099,-0,0,0,0
88110,0,0,0,10
88120,0.5830861865612867,0.5384615384615384,0.5,10
88125,-0,0,0,0
88137,0.20829366581033176,0.125,0.5,10
88142,0.41057198006764817,0.3125,0.3333333333333333,10
88143,0.5415879285615246,0.3125,1,10
88145,0.43919036726810073,0.26666666666666666,0.5,10
88146,0.22009176629808014,0.0625,1,10
88147,0.1884441521277154,0.125,0.3333333333333333,10
88151,0.14280338850670435,0,0,8
88153,0.5405772330636751,0.3333333333333333,1,8
88156,0.24926098697416302,0.0625,1,10
88157,0.22486036416572236,0.0625,1,10
88170,0,0,0,10
88180,0,0,0,10
88189,0.14162410033832248,0.25,0.1,10
88190,0.24926098697416302,0.0625,1,10
88191,0.20268281321015208,0.125,0.3333333333333333,10
88201,0,0,0,10
88203,0.4396709349751256,0.2,1,10
88217,-0,0,0,0
88220,0.38431135260440824,0.07692307692307693,1,10
88224,0.34791181136408084,0.26666666666666666,0.5,10
88225,0.36352581989644606,0.2,0.5,10
88227,-0,0,0,0
88229,0.2837125544970318,0.125,1,10
88234,0.6647163827210701,0.4,1,10
88237,0,0,0,1
88241,0.6666413673686876,0.45454545454545453,1,10
88244,0,0,0,10
88262,0.07839826897867533,0.06666666666666667,0.16666666666666666,10
88266,0,0,0,10
88267,0,0,0,4
88269,0.24936270394794904,0.1875,0.25,10
88271,0,0,0,2
88277,0,0,0,10
88286,0.26582000527739175,0.2222222222222222,0.5,10
88292,0,0,0,10
88305,0.21101660362566368,0.13333333333333333,0.3333333333333333,10
88307,0.37859880603906115,0.1875,1,10
88308,0.510069131458292,0.11764705882352941,1,10
88311,0.16354138662029633,0.058823529411764705,0.2,10
88321,0.21801641453242443,0.1875,0.16666666666666666,10
88332,0.38459377241376086,0.25,0.5,10
88358,0,0,0,10
88364,0,0,0,10
88370,0.9121692168360246,0.6,1,10
88372,0,0,0,10
88378,0,0,0,10
88381,0.12070474276011121,0.14285714285714285,0.5,10
88385,0.6366824387328316,0.5,1,10
88399,0,0,0,10
88403,0.16815228646891084,0.125,0.25,10
88409,0.5063209639325833,0.15384615384615385,0.5,10
88410,0.06625422345438903,0.0625,0.1111111111111111,10
88416,0,0,0,10
88418,0,0,0,10
88420,0,0,0,10
88421,0,0,0,10
88428,0,0,0,10
88430,0,0,0,10
88432,0,0,0,10
88435,0.1610425878239398,0.06896551724137931,0.25,10
88444,0.06625422345438903,0.0625,0.1111111111111111,10
88445,0,0,0,10
88447,0,0,0,10
88461,0,0,0,3
88463,0.2934556883974402,0.125,1,10
88464,0,0,0,10
88467,0.7304374201518596,0.375,1,10
88474,0.5180989174556213,0.15384615384615385,1,10
88477,0.8701249883466592,0.5333333333333333,1,10
88499,0,0,0,10
88546,0.7180464703647947,0.4666666666666667,1,10
88551,0.10779027050187771,0.05714285714285714,0.1111111111111111,10
88553,0.2798431984275404,0.375,0.25,10
88557,0,0,0,10
88575,0,0,0,10
88577,0,0,0,10
88581,0,0,0,10
88582,0.08514311764162098,0.025,0.2,10
88586,0.20538500376767085,0.21428571428571427,0.2,10
88587,0,0,0,10
88591,0.1388624438735545,0.0625,0.5,10
88592,0,0,0,10
88599,0,0,0,10
88600,0,0,0,10
88601,0,0,0,10
88603,-0,0,0,0
88604,0.11086158508167608,0.125,0.2,10
88609,0.1388624438735545,0.0625,0.5,10
88614,0,0,0,10
88618,0,0,0,10
88619,0.7102592823491585,0.4375,1,10
88623,0,0,0,4
88625,0,0,0,10
88630,0.14673297588751516,0.125,0.14285714285714285,10
88632,0,0,0,10
88635,0.2578753740644927,0.1875,0.3333333333333333,10
88636,0,0,0,10
88637,0,0,0,10
88669,0,0,0,10
88672,0.1595890771248963,0.125,0.5,10
88673,0,0,0,1
88674,0,0,0,10
88677,0,0,0,3
88680,-0,0,0,0
88684,0,0,0,10
88685,0.4636440365082036,0.25,1,10
88691,0.4252084336260237,0.1875,1,10
88692,0.12876945773620835,0.0625,0.3333333333333333,10
88696,0.8770658684958386,0.6153846153846154,1,10
88697,0.8901613104459912,0.7777777777777778,1,10
88704,0,0,0,2
88705,0.7082803569016884,0.4375,1,10
88706,0.20483424751859086,0.05405405405405406,0.3333333333333333,10
88710,0,0,0,10
88715,1,0.625,1,10
88718,0.06649967000454629,0.0625,0.1,10
88732,0.09478836436955078,0.025,0.25,10
88737,0,0,0,10
88739,0,0,0,10
88744,1,0.625,1,10
88753,0,0,0,10
88769,0,0,0,10
88771,-0,0,0,0
88776,0.22009176629808014,0.0625,1,10
88779,0,0,0,10
88789,0.933745776545611,0.6923076923076923,1,10
88792,0,0,0,3
88813,0,0,0,10
88826,0.49982981616550837,0.3125,0.5,8
88828,0.4252084336260237,0.13043478260869565,1,10
88830,-0,0,0,0
88832,0,0,0,10
88837,0.5572998242663683,0.45454545454545453,1,10
88839,0,0,0,4
88845,0.20254362991710498,0.3333333333333333,0.1111111111111111,10
88846,0,0,0,10
88848,0,0,0,10
88854,0,0,0,10
88855,0,0,0,10
88857,0,0,0,10
88861,0,0,0,10
88867,0,0,0,10
88873,0,0,0,10
88874,-0,0,0,0
88876,-0,0,0,0
88886,-0,0,0,0
88901,0.5005962147771916,0.2,1,10
88911,0.4892776314752161,0.25,1,10
88912,0.35895421017163465,0.15384615384615385,1,10
88918,0.46299204139243616,0.3125,0.5,10
88923,0.6800340297392059,0.6363636363636364,0.5,10
88930,0,0,0,10
88937,0.22009176629808014,0.06666666666666667,1,10
88944,0.46582309483828654,0.25,1,10
88947,0.5363559634917963,0.4,0.5,10
88948,0.0636207881989517,0.0625,0.1,10
88950,0.5793842118830403,0.18421052631578946,0.5,10
88952,0.8512360941594272,0.32,1,10
88953,0.8096859374674983,0.5,1,10
88954,0.35314377643380906,0.1875,1,10
88955,0.24721831001011818,0.125,1,10
88960,0.800693766409882,0.4375,1,10
88964,0.6371523797895855,0.125,1,10
88965,0.17318663334822612,0.125,0.25,10
88966,0.7849818707050382,0.4375,1,10
88969,-0,0,0,0
88971,0.3647442587311445,0.1875,1,10
88972,0,0,0,10
88974,0.17366667134799177,0.125,0.3333333333333333,10
88976,0.06625422345438903,0.0625,0.1111111111111111,10
88978,0,0,0,1
88980,0.9787930706003494,0.625,1,10
88982,0.6745711375739727,0.375,1,10
88984,0.5264282969545138,0.3125,1,10
88991,0.48581363574225095,0.3125,0.5,10
89000,0,0,0,10
89005,0.5111707781750245,0.375,0.3333333333333333,10
89007,0.0636207881989517,0.0625,0.1,10
89010,0.1388624438735545,0.05263157894736842,0.5,10
89014,0.32730659600126993,0.1875,0.5,10
89016,0,0,0,10
89021,0.35895421017163465,0.125,1,10
89025,0.07336392209936005,0.0625,0.14285714285714285,10
89029,0.9311946892549702,0.6666666666666666,1,10
89031,0.7409096387260823,0.6666666666666666,1,10
89051,-0,0,0,0
89052,-0,0,0,0
89064,0.6149518506608846,0.375,1,10
89065,0,0,0,10
89066,0,0,0,10
89084,0,0,0,10
89090,0.38363315291837646,0.07894736842105263,1,10
89094,0.5896164341105725,0.35714285714285715,1,10
89096,0.29125842221028064,0.125,0.5,10
89097,0.8830003213156342,0.7272727272727273,1,10
89098,0.18543279769614657,0,0,10
89101,0,0,0,10
89103,0.08514311764162098,0.0625,0.2,10
89104,0,0,0,10
89108,0.14187109415106738,0.05,0.5,10
89109,0,0,0,10
89110,0.25284102718517737,0.07894736842105263,0.3333333333333333,10
89113,0,0,0,9
89114,0.8297197050122154,0.8,1,10
89118,0.7967610662472991,0.5384615384615384,1,10
89126,0.4569970750177365,0.1,1,10
89132,0.9223260797603763,1,1,10
89133,0.38427421757212404,0.16666666666666666,1,10
89135,0.17723928678404774,0.5,0.1,10
89136,0.729969940985573,0.42857142857142855,1,10
89141,0.4690000933206747,0.21428571428571427,1,10
89152,0.1388624438735545,0.0625,0.5,10
89153,1,0.6666666666666666,1,10
89168,0.07839826897867533,0.0625,0.16666666666666666,10
89176,0.26914700121708607,0.1111111111111111,0.25,10
89177,0,0,0,10
89179,0,0,0,10
89184,0,0,0,10
89185,0,0,0,10
89192,0.05539133043870289,0.0625,0.14285714285714285,10
89196,0,0,0,10
89198,0.5360735436824436,0.3333333333333333,1,10
89201,0.21819512777734992,0.1875,0.2,10
89203,0.424926013816671,0.07692307692307693,1,10
89211,0.7630946912803435,0.4666666666666667,1,10
89214,-0,0,0,0
89215,0,0,0,1
89218,0.4225051418507037,0.2,1,10
89219,0.4705561169627617,0.38461538461538464,0.5,10
89220,1,0.625,1,10
89236,0,0,0,10
89238,0,0,0,10
89239,0,0,0,10
89241,0,0,0,10
89242,0,0,0,10
89252,0.19063515454945493,0.125,0.25,10
89256,0,0,0,10
89258,0,0,0,10
89262,0,0,0,10
89265,0,0,0,10
89271,0,0,0,10
89273,0,0,0,3
89279,1,0.625,1,10
89286,-0,0,0,0
89299,0,0,0,10
89303,0,0,0,10
89304,0.3476293915547282,0.25,0.3333333333333333,10
89305,0.21726071285222984,0.125,0.5,10
89306,0.3244683063511619,0.15384615384615385,0.5,10
89311,0,0,0,10
89312,0.2240055615151755,0.15384615384615385,0.5,10
89315,0.4162831812857904,0.1875,1,10
89319,0,0,0,10
89320,0.17376435169925813,0.08571428571428572,0.25,10
89330,0.4329570418332233,0.3125,0.5,10
89333,0.4252084336260237,0.1875,1,10
89342,0.46785915648013915,0.375,0.3333333333333333,10
89356,0.7421012228848233,0.5,1,10
89357,0.4440973278132556,0.1875,1,10
89360,0.17318663334822612,0.13333333333333333,0.25,10
89361,0.5637884576902256,0.25,1,4
89368,0.6903312577703931,0.6,1,10
89369,-0,0,0,0
89379,0.46392645631755636,0.3125,0.5,10
89384,0,0,0,10
89385,0,0,0,5
89390,-0,0,0,0
89392,0,0,0,10
89399,0.5563566127494769,0.36363636363636365,1,6
89402,0.7799082337019198,0.5625,0.5,10
89403,0.33634870071741213,0.08333333333333333,0.5,10
89406,0.7452391511216636,0.4,1,10
89418,-0,0,0,0
89436,0.6122496142821665,0.3125,1,10
89443,-0,0,0,0
89451,-0,0,0,0
89458,-0,0,0,0
89462,-0,0,0,0
89467,0.4768262035220372,0.25,0.3333333333333333,10
89483,-0,0,0,0
89500,0,0,0,10
89515,0.6684322860921872,0.375,1,10
89519,0.8701249883466592,0.21052631578947367,1,10
89543,0.31488013066763093,0.125,1,10
89558,0.4371994911049731,0.4,1,10
89562,0.4244819887312452,0.1875,1,10
89590,0.29025978496956456,0.2,0.5,10
89592,0.3631438091023202,0.16666666666666666,1,10
89593,0,0,0,10
89596,0,0,0,10
89607,0,0,0,10
89612,0,0,0,10
89614,0.8332949387953538,0.625,1,10
89616,0.35895421017163465,0.125,1,2
89631,0.5789127960135818,0.3125,1,10
89632,0,0,0,10
89638,0.6421867266689009,0.1282051282051282,1,9
89643,0.6489315753318465,0.3333333333333333,1,10
89646,0.24890832702259458,0.04878048780487805,0.5,10
89653,0.6530488081313034,0.375,1,10
89658,0,0,0,10
89659,0,0,0,10
89663,0,0,0,10
89664,0.1356854453911663,0.125,0.125,10
89666,-0,0,0,0
89667,0.48028715584292714,0.3333333333333333,0.5,10
89674,0.8072603775080545,0.4375,1,10
89676,0,0,0,10
89678,0,0,0,10
89684,0,0,0,10
89688,0.3125291152215463,0.1875,0.5,10
89695,0.4791616403996509,0.21428571428571427,1,3
89707,0,0,0,2
89715,0.727329844310522,0.375,1,10
89719,0.3902801144088436,0.25,1,10
89733,0.4289736059943856,0.3333333333333333,0.5,10
89736,0.876472840341192,0.6153846153846154,1,10
89741,0.365864891788465,0.16666666666666666,1,10
89744,0,0,0,10
89745,0,0,0,10
89747,0,0,0,10
89760,0.7613432761289329,0.5625,0.5,10
89764,0.4690000933206747,0.23076923076923078,1,10
89769,0,0,0,10
89770,0.2666214314551734,0.18181818181818182,0.5,10
89775,0.11004588314904007,0.047619047619047616,0.3333333333333333,10
89779,0.2965556406554767,0.13333333333333333,1,10
89780,0.5103515512676446,0.25,1,10
89788,0.49367903606741653,0.3333333333333333,1,10
89811,0.3921578479840863,0.25,0.5,10
89816,1,0.7692307692307693,1,10
89822,0,0,0,5
89823,-0,0,0,0
89825,-0,0,0,0
89826,-0,0,0,0
89836,0.4705217111859706,0.08,1,10
89841,0.07336392209936005,0.09090909090909091,0.14285714285714285,10
89852,0,0,0,10
89877,0.5720055908942159,0.35714285714285715,1,10
89879,0.9305687780632227,0.6,1,10
89880,0,0,0,4
89883,0.5321923362337085,0.25,1,10
89889,0.22009176629808014,0.06666666666666667,1,10
89891,0,0,0,10
89892,0.4636440365082036,0.25,1,10
89893,0,0,0,10
89900,0.35895421017163465,0.125,1,10
89901,0.3301376494471202,0.13333333333333333,1,10
89908,0,0,0,10
89911,0.7837911850126078,0.375,1,10
89913,0.1388624438735545,0.0625,0.5,10
89914,-0,0,0,0
89927,0.18340980524840012,0.125,0.3333333333333333,10
89929,0,0,0,10
89942,0,0,0,10
89945,0.2575389154724167,0.06666666666666667,1,10
89946,0.6605297509818931,0.5,1,10
89948,0.15176219107803537,0.15384615384615385,0.16666666666666666,10
89949,0,0,0,10
89950,0,0,0,10
89953,0,0,0,8
89956,0,0,0,10
89957,0,0,0,10
89958,0,0,0,9
89975,0,0,0,10
89982,0,0,0,10
89993,0,0,0,10
89999,0,0,0,10
90003,0,0,0,10
90010,0,0,0,1
90018,-0,0,0,0
90026,0,0,0,10
90035,0,0,0,10
90051,0,0,0,2
90059,0,0,0,10
90063,0,0,0,10
90064,0,0,0,3
90067,0,0,0,10
90070,0,0,0,10
90077,0,0,0,10
90083,0,0,0,10
90088,0,0,0,10
90090,-0,0,0,0
90095,-0,0,0,0
90103,0,0,0,10
90118,0,0,0,10
90122,0,0,0,10
90130,0.45371932143008076,0.21428571428571427,1,10
90131,0,0,0,10
90133,0,0,0,10
90134,0,0,0,10
90135,0,0,0,10
90144,0,0,0,10
90153,0,0,0,10
90165,0,0,0,10
90174,0,0,0,10
90183,-0,0,0,0
90187,0,0,0,10
90189,0.6957810562523431,0.3125,1,6
90196,0,0,0,10
90197,0,0,0,10
90211,0.46318965958284924,0.12121212121212122,1,10
90212,-0,0,0,0
90213,0,0,0,10
90222,0,0,0,10
90230,0,0,0,10
90243,0.8389574121760601,0.5,1,10
90245,0.39484136206016496,0.125,1,2
90246,0.16872714292220853,0.0625,0.5,2
90256,0,0,0,10
90261,0,0,0,10
90262,0,0,0,10
90270,0,0,0,6
90273,0,0,0,10
90275,0,0,0,10
90276,0,0,0,10
90292,0.10117479405202358,0.05,0.16666666666666666,10
90295,0,0,0,10
90309,0.39763391022884753,0.125,1,10
90310,-0,0,0,0
90312,0,0,0,10
90321,0,0,0,10
90324,0,0,0,10
90325,0,0,0,10
90329,0,0,0,10
90340,0.1774294041962027,0.125,0.3333333333333333,10
90347,0.45374257454118544,0.1875,1,10
90352,0,0,0,10
90353,0.06625422345438903,0.06666666666666667,0.1111111111111111,10
90360,0.48932808448687354,0.16666666666666666,1,10
90363,0,0,0,10
90368,0.6055047656192208,0.25,1,10
90372,1,0.6666666666666666,1,10
90375,0.22009176629808014,0.0625,1,2
90376,0.5473595451406057,0.375,0.5,10
90380,0.2934556883974402,0.125,1,10
90382,1,0.8333333333333334,1,10
90386,0.7880438512463933,0.18421052631578946,1,10
90387,0.9705660821622358,0.6666666666666666,1,10
90390,0,0,0,10
90392,0,0,0,10
90393,0.4690000933206747,0.23076923076923078,1,10
90394,0,0,0,10
90412,0,0,0,10
90426,0.22009176629808014,0.0625,1,10
90428,0,0,0,10
90429,0.07336392209936005,0.07142857142857142,0.14285714285714285,10
90433,0.4606482557368592,0.25,1,10
90437,0.4864476482282515,0.25,1,10
90438,0.1381820517753343,0.2857142857142857,0.14285714285714285,10
90444,-0,0,0,0
90448,0.42631008034275614,0.3125,0.5,10
90454,0.7411303320122756,0.375,1,10
90457,0.29659339675602525,0.25,0.2,10
90460,0,0,0,10
90461,0.2416626600199873,0.14285714285714285,1,10
90466,0.6421867266689009,0.3333333333333333,1,10
90474,0.16325288388338943,0.14285714285714285,0.16666666666666666,10
90476,0.6484269901053411,0.26666666666666666,1,5
90478,0,0,0,10
90492,0.4440973278132556,0.1875,1,10
90504,0.7510916729774053,0.18181818181818182,1,10
90509,0.4521472607752954,0.3125,0.5,10
90512,0.22009176629808014,0.0625,1,10
90514,0,0,0,3
90516,0.3641605104301305,0.2,1,10
90520,0.6080005872157546,0.4375,0.5,10
90523,0,0,0,10
90524,0.28189666657366846,0.15384615384615385,0.5,10
90526,0.07839826897867533,0.07692307692307693,0.16666666666666666,10
90536,0.7616132569432635,0.4375,1,10
90546,0,0,0,10
90547,0.6991522087141786,0.375,1,10
90558,0,0,0,10
90566,-0,0,0,0
90567,0,0,0,10
90573,0.49118023727106,0.25,1,10
90580,0,0,0,10
90584,0,0,0,10
90604,0.1842778004295072,0.16666666666666666,0.3333333333333333,10
90605,0.5780543141793629,0.35714285714285715,1,10
90608,0.6968404678259544,0.375,1,10
90615,0.6736435917403444,0.5625,0.5,10
90635,-0,0,0,0
90638,0,0,0,2
90641,0,0,0,7
90647,0,0,0,10
90653,-0,0,0,0
90657,-0,0,0,0
90681,0.11004588314904007,0.0625,0.3333333333333333,10
90694,0.5801476231864473,0.3125,1,10
90697,0.08514311764162098,0.0625,0.2,10
90700,0.43735247915031,0.2,1,10
90711,0.5341769051617133,0.375,0.5,10
90713,0.5637884576902256,0.25,1,10
90714,0,0,0,10
90716,-0,0,0,0
90735,1,0.625,1,10
90739,0.7065836017263628,0.375,1,10
90743,0.4690000933206747,0.1875,1,10
90746,0.7065632165480471,0.4375,1,10
90758,0.07678279529108115,0.0625,0.25,10
90762,1,0.6666666666666666,1,10
90764,0.5345090930783465,0.25,1,10
90769,0.2930110358433084,0.18181818181818182,1,10
90779,0,0,0,10
90785,0.046287481291184845,0.027777777777777776,0.125,10
90792,0,0,0,10
90795,0.4695140628038534,0.375,1,10
90816,0.06428487503000499,0.0625,0.2,10
90818,0.24151620856827088,0.1875,0.3333333333333333,10
90823,0.35895421017163465,0.125,1,10
90824,0,0,0,10
90835,0.07205258390751174,0.09090909090909091,0.1,10
90842,-0,0,0,0
90849,0,0,0,10
90850,0,0,0,10
90852,0,0,0,10
90858,0.15850703974098104,0.125,0.2,10
90864,0,0,0,10
90866,0.3063365306564336,0.25,0.2,10
90872,0.22009176629808014,0.08333333333333333,1,1
90880,0.6028632011996191,0.25,1,10
90891,0.8630152897016883,0.5,1,10
90896,0.9363792118010483,0.5625,1,10
90898,-0,0,0,0
90905,0.9266360779006398,0.625,1,10
90917,0,0,0,10
90919,0.34309412892377955,0.25,0.3333333333333333,10
90922,0,0,0,9
90929,0,0,0,10
90930,0,0,0,10
90931,0.16354138662029633,0.125,0.2,10
90935,0.07858473101834644,0.08333333333333333,0.3333333333333333,10
90938,0,0,0,10
90939,0.0636207881989517,0.0625,0.1,10
90942,0.2934556883974402,0.125,1,10
90948,0.07336392209936005,0,0,10
90952,-0,0,0,0
90959,0.8200685179888281,0.5,1,10
90974,0.23690530871965637,0.1875,0.2,10
90978,0,0,0,10
90983,0,0,0,10
90984,0,0,0,10
90986,0,0,0,10
90995,0.3903800499921017,0.25,1,10
90997,0,0,0,10
91002,0.08514311764162098,0.024390243902439025,0.2,10
91006,-0,0,0,0
91013,0,0,0,10
91015,0,0,0,7
91016,0.32730659600126993,0.1875,0.5,10
91022,0,0,0,10
91030,0,0,0,4
91034,0.43387415591308165,0.26666666666666666,0.5,10
91039,0.09478836436955078,0.0625,0.25,10
91044,0,0,0,10
91048,0.02120692939965057,0,0,10
91059,0,0,0,1
91060,0,0,0,2
91064,0.9716189607861262,0.25,1,10
91066,-0,0,0,0
91071,0.4694544702460292,0.21052631578947367,1,10
91072,0.841492960259019,0.2,1,10
91081,-0,0,0,0
91088,0.6331992944486871,0.46153846153846156,1,10
91091,-0,0,0,0
91093,0.9053472607458808,0.8888888888888888,1,10
91095,0.6275868235595545,0.42857142857142855,1,10
91102,0.611795237356812,0.3125,1,10
91106,0.06625422345438903,0.05,0.1111111111111111,10
91107,0,0,0,10
91108,0.22009176629808014,0.07692307692307693,1,10
91110,0,0,0,10
91112,0,0,0,10
91113,0.2413374262126155,0.2,0.3333333333333333,10
91122,0.4990267326507382,0.4,0.3333333333333333,10
91124,0.2837125544970318,0.125,1,10
91127,1,0.625,1,10
91132,0.4791616403996509,0.13043478260869565,1,10
91134,0.467122359745432,0.25,1,10
91135,0.22009176629808014,0.0625,1,10
91138,0.6749359875559982,0.4,1,10
91139,0.1584091525685025,0.13333333333333333,0.25,10
91140,0.09478836436955078,0.0625,0.25,10
91141,0,0,0,10
91152,0,0,0,10
91156,0,0,0,2
91164,0,0,0,10
91166,0,0,0,10
91169,0.4440973278132556,0.1875,1,10
91178,0,0,0,10
91186,0.866947989864271,0.5333333333333333,1,10
91190,0.28804928877102476,0.23076923076923078,0.25,10
91193,0.056762078427747324,0.0625,0.2,10
91197,0,0,0,10
91201,0.914856882358379,0.5625,1,10
91210,0.0636207881989517,0.06666666666666667,0.1,10
91211,0.9216017310213247,0.5625,1,10
91214,0,0,0,10
91218,0.0728781195196487,0.0625,0.1111111111111111,10
91238,0.5590796706691324,0.375,0.5,10
91243,0.6039094289265273,0.16,1,10
91245,0.28720891900462725,0.5,0.2,10
91248,1,0.625,1,10
91261,0.2934556883974402,0.125,1,10
91262,0,0,0,10
91267,0.6006485186853517,0.7,0.5,10
91268,0.08527698406449685,0.07692307692307693,0.25,10
91283,-0,0,0,0
91290,-0,0,0,0
91308,0.92663607790064,0.5625,1,10
91309,0.9567083294488864,0.625,1,10
91317,-0,0,0,0
91318,0.4721546783660973,0.2,1,10
91319,0.25498949391887005,0.2,0.3333333333333333,10
91323,0.056762078427747324,0.07142857142857142,0.2,10
91329,0.8701249883466592,0.5,1,10
91335,0.727329844310522,0.375,1,10
91337,0.2906246349515899,0.08108108108108109,0.5,10
91348,0.5621931439243355,0.3125,1,10
91349,0.38685280723454163,1,0.2,10
91350,0,0,0,10
91351,0.25497310859573874,0.25,0.16666666666666666,10
91353,0,0,0,10
91354,0,0,0,10
91355,0.7753366239771085,0.3181818181818182,1,10
91357,0.9093618486635721,0.225,1,10
91368,0.45033550118039795,0.3125,1,10
91370,0.9216017310213247,0.225,1,10
91371,0.13698471029831175,0.125,0.14285714285714285,10
91376,0.8342490981200258,0.2,1,10
91378,0.3585186886609939,0.16666666666666666,1,10
91380,0,0,0,10
91382,0.5572998242663683,0.3125,1,10
91383,0,0,0,10
91386,0.6339753813071974,0.375,1,10
91392,0,0,0,9
91394,0,0,0,10
91397,0,0,0,10
91402,0.2300510610426737,0.05263157894736842,1,1
91411,0.5271064966405455,0.1,1,10
91414,0.6267310462031456,0.42857142857142855,1,10
91420,0.39154035264944137,0.2,1,6
91439,0,0,0,10
91446,0.06625422345438903,0.02564102564102564,0.1111111111111111,10
91450,-0,0,0,0
91452,-0,0,0,0
91454,-0,0,0,0
91455,0,0,0,10
91459,0.29740901205864334,0.2,1,10
91463,0.0636207881989517,0.0625,0.1,10
91467,0.16815228646891084,0.125,0.25,10
91468,0,0,0,10
91471,0.7759944384848244,0.21621621621621623,1,10
91474,0.31204907722178066,0.07692307692307693,0.5,10
91478,0,0,0,10
91489,0,0,0,10
91490,0,0,0,10
91491,0,0,0,10
91497,0.3451279522040186,0.2222222222222222,1,10
91498,0.1521666714105136,0,0,10
91504,0.5637884576902256,0.4,1,10
91513,0.35314377643380906,0.07894736842105263,1,10
91514,0.388736335956392,0.3,0.5,10
91529,0.9305687780632227,0.23076923076923078,1,10
91530,0,0,0,10
91539,0.6390462311814838,0.625,1,10
91560,-0,0,0,0
91565,0.29664731653078713,0.21428571428571427,0.25,10
91576,0.0636207881989517,0.0625,0.1,10
91578,0,0,0,1
91583,0,0,0,10
91593,0.2083285509436504,0.16666666666666666,0.5,10
91594,0.49108483447213774,0.08823529411764706,1,10
91597,0.9305687780632227,0.5625,1,10
91598,0.6332971816211657,0.375,1,10
91601,0.46049126741159924,0.3333333333333333,1,10
91605,-0,0,0,0
91612,0,0,0,5
91614,0.35314377643380906,0.1875,1,10
91618,0,0,0,10
91619,0.511968153494186,0.25,1,10
91621,0.5907272848394971,0.3125,1,10
91623,-0,0,0,0
91627,0,0,0,10
91633,0.07839826897867533,0.0625,0.16666666666666666,10
91639,0.3499667779514209,0.2,1,10
91642,0.6929852696575346,0.4375,1,10
91681,0,0,0,10
91685,1,0.625,1,10
91686,0.09478836436955078,0.0625,0.25,10
91692,0.42986864713680945,0.4444444444444444,1,10
91698,0.8899541168509598,0.5625,1,10
91704,0,0,0,10
91706,-0,0,0,0
91714,-0,0,0,0
91720,0.0991363373528811,0,0,1
91726,0,0,0,10
91727,0.24890832702259458,0.125,0.5,10
91730,0,0,0,10
91732,0.3052348839397011,0.125,1,10
91758,-0,0,0,0
91765,0.23285075208246464,0.125,1,10
91768,0.6020521034564037,0.3333333333333333,1,10
91775,0.5806020001118017,0.375,0.5,10
91778,0,0,0,10
91780,0.23047380976071705,0.1875,0.25,10
91791,0,0,0,10
91796,0,0,0,10
91809,0,0,0,10
91810,0.3301376494471202,0.125,1,10
91813,0,0,0,2
91818,0.7065674066041719,0.5833333333333334,1,10
91821,0,0,0,10
91824,0,0,0,6
91832,0.9938125636979421,0.625,1,10
91835,0.279901702223461,0.0625,1,10
91842,0.28997736516021183,0.1875,0.3333333333333333,10
91843,0.35705757165090446,0.25,0.5,10
91844,0.571614567891588,0.4375,0.3333333333333333,10
91847,0.7849818707050382,0.4666666666666667,1,8
91857,0.40652716006074996,0.18181818181818182,1,10
91872,0,0,0,10
91873,0.2837125544970318,0.125,1,10
91874,0.26342982296622475,0.14285714285714285,1,10
91875,-0,0,0,0
91880,0.17318663334822612,0.18181818181818182,0.25,10
91882,-0,0,0,0
91914,0.6569815082938862,0.375,1,10
91922,-0,0,0,0
91927,0.7065836017263628,0.375,1,10
91935,0.5698664345004878,0.25,1,10
91941,0.8701249883466592,0.5714285714285714,1,10
91946,0.7746434461674182,0.4666666666666667,1,10
91947,0.7015099647232445,0.5,0.5,10
91949,0.5134588059207933,0.6,0.5,10
91951,0.6932696833692303,0.4375,1,10
91953,0.7171992496244552,0.4666666666666667,1,10
91954,0.5604044998628345,0.4,1,10
91967,0.7614732800774204,0.4375,1,10
91968,0.78180487222265,0.4375,1,10
91971,0.37185395737611554,0.09375,1,10
91972,0.420027879946489,0.125,1,10
91975,0.22009176629808014,0.07142857142857142,1,10
91980,0.466277471763641,0.25,1,10
91984,0,0,0,1
91986,0.09478836436955078,0.0625,0.25,10
91987,1,0.2777777777777778,1,10
91994,0,0,0,10
92000,0.11004588314904007,0.08333333333333333,0.3333333333333333,10
92012,0,0,0,10
92018,0,0,0,10
92021,0.19021094880360703,0.2,0.2,10
92027,0.7212413533207215,0.7142857142857143,1,10
92034,0,0,0,10
92035,0.06943122193677725,0.0625,0.125,10
92037,0,0,0,10
92045,0,0,0,10
92048,0,0,0,10
92063,0.07839826897867533,0.025,0.16666666666666666,10
92065,0,0,0,10
92066,0,0,0,10
92079,0,0,0,10
92100,0,0,0,10
92103,0,0,0,10
92104,0,0,0,10
92109,0,0,0,10
92110,0,0,0,10
92114,0,0,0,2
92122,0.30260241349881345,0.16666666666666666,1,10
92123,0,0,0,10
92125,0.28634598975246917,0.06666666666666667,1,10
92126,0.11004588314904007,0.02631578947368421,0.3333333333333333,10
92129,0,0,0,10
92132,0.7222954974312066,0.375,1,10
92137,0.2532954041105318,0.1875,0.25,10
92138,0,0,0,10
92145,0.7662620280451667,0.4090909090909091,1,10
92163,0,0,0,10
92164,0.9060254355346824,1,1,10
92168,0.1388624438735545,0.0625,0.5,10
92179,0,0,0,10
92180,0.1396181455537491,0.14285714285714285,0.14285714285714285,10
92182,0,0,0,1
92187,0,0,0,10
92189,0,0,0,1
92190,0.43497000245659306,0.2222222222222222,1,10
92193,1,0.6666666666666666,1,10
92196,0,0,0,3
92197,0.29343678345195273,0.061224489795918366,0.5,10
92199,0.06943122193677725,0.0625,0.125,10
92209,0.303443395999249,0.14285714285714285,1,5
92214,0.35895421017163465,0.13333333333333333,1,10
92217,0,0,0,10
92218,0,0,0,7
92223,0,0,0,1
92227,0.20262084573140976,0.058823529411764705,0.5,10
92230,0,0,0,10
92243,0.35895421017163465,0.13333333333333333,1,10
92244,0.9363792118010483,0.6428571428571429,1,10
92246,0.8550956239938448,0.7777777777777778,1,10
92252,0.9566671852577723,0.5625,1,9
92254,0,0,0,10
92255,0.6122496142821665,0.3125,1,10
92256,0.4690000933206747,0.13636363636363635,1,10
92257,0.06943122193677725,0.07692307692307693,0.125,10
92264,0,0,0,10
92267,0.1388624438735545,0.0625,0.5,10
92283,0,0,0,3
92287,0.933745776545611,0.75,1,10
92288,0.1832721915894966,0.13333333333333333,0.14285714285714285,10
92292,0.07515589146189858,0.16666666666666666,0.16666666666666666,10
92310,0,0,0,10
92313,0,0,0,10
92315,0.5373902276999382,0.25,1,10
92317,-0,0,0,0
92320,0.9738672436737749,0.7142857142857143,1,10
92325,0.5695785062497354,0.3125,1,10
92330,0.29990503169749433,0.09375,0.5,10
92331,0,0,0,10
92333,0,0,0,1
92335,0,0,0,2
92340,0,0,0,10
92341,0,0,0,10
92344,0,0,0,10
92348,0.4690000933206747,0.1875,1,10
92355,0.6395136669676862,0.42857142857142855,1,10
92357,0.5311576535478315,0.1875,1,10
92358,0,0,0,10
92370,0.489938890671454,0.25,1,10
92374,0,0,0,10
92383,1,0.7142857142857143,1,10
92384,0,0,0,10
92391,0,0,0,10
92392,0.06625422345438903,0.0625,0.1111111111111111,10
92393,0.5541432109622957,0.26666666666666666,1,10
92405,0,0,0,6
92406,0,0,0,10
92407,0,0,0,10
92409,0.22009176629808014,0.0625,1,10
92410,0.30308203017988256,0.13043478260869565,0.5,10
92414,0,0,0,10
92415,0.18551114237337177,0.125,0.25,10
92416,0.21726071285222984,0.125,0.5,10
92417,0.23297260855707358,0.1875,0.2,10
92424,0.6274092458891771,0.11627906976744186,1,10
92426,0,0,0,10
92427,0.1884441521277154,0.16666666666666666,0.3333333333333333,10
92437,0.3854129993211407,0.25,0.5,10
92438,0.05919237001722398,0.0625,0.16666666666666666,10
92441,0,0,0,10
92444,0,0,0,10
92445,0,0,0,10
92453,0.45374257454118544,0.1875,1,10
92457,0.1388624438735545,0.02857142857142857,0.5,10
92462,0,0,0,10
92464,0,0,0,10
92469,0,0,0,10
92489,0.06943122193677725,0.0625,0.125,10
92492,0,0,0,10
92501,0,0,0,10
92502,0,0,0,10
92503,0,0,0,10
92504,0,0,0,10
92505,1,0.9090909090909091,1,10
92519,0.3971921948634016,0.25,0.5,10
92521,0,0,0,10
92526,0.06943122193677725,0.0625,0.125,10
92527,0.5404034258882612,0.5,1,10
92529,0.1388624438735545,0.0625,0.5,10
92532,0,0,0,10
92541,0.24936270394794904,0.23076923076923078,0.25,10
92546,0.07839826897867533,0.0625,0.16666666666666666,10
92557,0,0,0,10
92563,0.2837125544970318,0.125,1,10
92564,0.5668829577079255,0.25,1,7
92565,0.37320226963128134,0.13333333333333333,1,10
92567,0,0,0,10
92574,0,0,0,10
92575,0,0,0,10
92576,-0,0,0,0
92579,0.7753366239771085,0.4375,1,10
92585,0.716485063693381,0.4375,1,10
92591,0.22882786096735666,0.08695652173913043,0.25,8
92594,0.8512360941594272,0.5333333333333333,1,9
92597,0.3121005699356284,0.21428571428571427,0.5,10
92603,0.6203974344166847,0.3333333333333333,1,10
92606,0.08870134009048598,0.125,0.125,10
92613,0.70844095012329,0.375,1,10
92622,0.35895421017163465,0.13333333333333333,1,10
92627,0,0,0,10
92629,0,0,0,10
92656,0,0,0,10
92657,0.22009176629808014,0.0625,1,10
92663,0,0,0,5
92666,0,0,0,10
92671,0.22212782793993271,0.1875,0.2,10
92673,0.3301376494471202,0.125,1,10
92674,0.06943122193677725,0.0625,0.125,10
92678,0.24261785528500338,0.1875,0.25,10
92690,0.7430884690105225,0.5454545454545454,1,10
92691,0.5173633627401372,0.25,1,10
92695,0.3836491390379004,0.6666666666666666,0.25,10
92697,0.081216719127534,0.06666666666666667,0.2,10
92699,0.17163333740375722,0.2,0.25,10
92706,0,0,0,10
92711,0,0,0,6
92714,0,0,0,10
92720,0.09478836436955078,0.0625,0.25,10
92729,1,0.625,1,10
92736,0,0,0,10
92737,0,0,0,10
92739,0,0,0,10
92740,0,0,0,10
92741,0,0,0,10
92742,0,0,0,10
92743,0,0,0,10
92745,0,0,0,10
92748,0.1388624438735545,0.043478260869565216,0.5,10
92753,0,0,0,10
92758,0.0636207881989517,0.0625,0.1,10
92763,0,0,0,10
92766,0.22009176629808014,0.02564102564102564,1,10
92767,0.2745478892647208,0.1875,0.5,10
92773,0.11640124695923638,0.125,0.1111111111111111,10
92779,0,0,0,10
92780,0.5645441593704201,0.3333333333333333,1,10
92785,0,0,0,10
92810,0,0,0,10
92813,0,0,0,10
92816,0,0,0,10
92822,0.29098510172234016,0.25,0.16666666666666666,10
92823,0,0,0,10
92828,0,0,0,10
92835,0,0,0,10
92841,0,0,0,10
92853,0,0,0,10
92857,0.1661739913161087,0.0625,1,10
92863,0,0,0,10
92868,0.6163668470816234,0.4375,0.5,10
92869,-0,0,0,0
92870,0.5884674004369673,0.3125,1,10
92871,0,0,0,10
92875,0.1427951440361373,0.13333333333333333,0.14285714285714285,10
92876,0,0,0,10
92878,0,0,0,10
92882,0.32833216257223347,0.18181818181818182,1,10
92883,0,0,0,10
92887,0.6489315753318465,0.3125,1,10
92889,0.5160122237332677,0.5,0.3333333333333333,10
92891,0.046287481291184845,0,0,10
92894,0.4635735460028128,0.1875,1,10
92897,0.2204386078501931,0.25,0.3333333333333333,10
92901,0.3866487390011009,0.1111111111111111,1,10
92903,0.06943122193677725,0.0625,0.125,10
92914,0,0,0,4
92920,0,0,0,10
92926,0.716287445502968,0.5714285714285714,0.5,10
92928,0,0,0,10
92932,0,0,0,10
92938,0.3667803203729971,0.17857142857142858,0.2,10
92943,0,0,0,10
92947,0,0,0,10
92952,0.09478836436955078,0.038461538461538464,0.25,10
92958,0.34685330469621795,0.26666666666666666,0.3333333333333333,10
92974,0,0,0,10
92975,0.2984900352767555,0.125,1,10
92981,0,0,0,10
92982,0,0,0,10
92983,0.07839826897867533,0.06666666666666667,0.16666666666666666,10
92984,0.2240055615151755,0.125,0.5,10
92988,-0,0,0,0
92997,0.22009176629808014,0.0625,1,10
93014,0.15457433957839825,0.125,0.2,10
93016,0.17366667134799177,0.125,0.3333333333333333,10
93024,0,0,0,10
93027,-0,0,0,0
93028,0.2934556883974402,0.1,1,10
93035,0,0,0,10
93039,0.0636207881989517,0.0625,0.1,10
93041,0.8599815164368666,0.5714285714285714,1,10
93048,0.9011709631853665,0.6428571428571429,1,10
93049,0.3764459522792426,0.21052631578947367,0.5,10
93061,0.31833954895937183,0.2,0.5,10
93063,0.3953144612881589,0.3125,0.25,10
93064,-0,0,0,0
93074,0.9911205770005564,1,1,10
93078,0.3347696763243422,0.1875,0.5,10
93089,0.45888089573980323,0.4,0.5,10
93090,0.35895421017163465,0.125,1,10
93094,0,0,0,10
93095,0.45374257454118544,0.1875,1,10
93096,0.1596232273053765,0.16666666666666666,0.1,10
93097,0.06943122193677725,0.07142857142857142,0.125,10
93110,0.20511666732794356,0.13333333333333333,0.5,10
93111,0.06625422345438903,0.027777777777777776,0.1111111111111111,10
93112,0.38868058940212497,0.1875,1,10
93115,0,0,0,10
93116,0.11004588314904007,0.0625,0.3333333333333333,10
93123,0,0,0,10
93127,0.14782949091545258,0.125,0.16666666666666666,10
93128,0.11004588314904007,0.0625,0.3333333333333333,10
93133,0,0,0,10
93147,0.22659405685438733,0.3333333333333333,0.3333333333333333,10
93152,0.5983950669742497,0.4166666666666667,1,10
93161,0.9156704416554409,1,1,10
93162,0.8320008152323771,0.5,1,10
93163,0.5075394027672818,0.3125,1,10
93169,0.7031852944748549,0.5,1,10
93182,0.2240055615151755,0.125,0.5,10
93184,0.0636207881989517,0.0625,0.1,10
93185,-0,0,0,0
93199,0,0,0,10
93211,0.7420439287291278,0.75,1,10
93224,0.06943122193677725,0.08333333333333333,0.125,10
93225,0,0,0,1
93228,0.3098064936645125,0.25,0.25,10
93233,0,0,0,10
93234,0.41388361500911724,0.3125,0.3333333333333333,10
93236,-0,0,0,0
93239,0.4818998405251556,0.25,1,10
93247,0,0,0,10
93249,0.24618570546556082,0.15,0.25,10
93251,0.09478836436955078,0.0625,0.25,10
93252,0.20511666732794356,0.125,0.5,10
93253,0,0,0,10
93257,0,0,0,10
93272,0,0,0,1
93275,0.35583989829307827,1,0.25,10
93278,0.06768971444980863,0.0625,0.1111111111111111,10
93295,0.07839826897867533,0.0625,0.16666666666666666,10
93299,0.7653606369886218,0.6666666666666666,1,10
93301,-0,0,0,0
93303,0.3667314583167897,0.14285714285714285,1,10
93304,0.1388624438735545,0.0625,0.5,10
93311,0.2514041486191284,0.12,0.5,10
93312,0.514186364257749,0.35714285714285715,1,10
93316,0.4252084336260237,0.25,1,10
93317,0,0,0,10
93324,0.31833954895937183,0.2,0.5,10
93326,0,0,0,10
93331,0,0,0,10
93336,0,0,0,10
93339,0.08514311764162098,0.06666666666666667,0.2,10
93345,0,0,0,10
93349,0,0,0,10
93361,-0,0,0,0
93362,0,0,0,2
93369,0.25373508625667784,0.16666666666666666,0.5,10
93374,0.3585186886609939,0.13333333333333333,1,10
93376,0.8701249883466592,0.5333333333333333,1,10
93381,-0,0,0,0
93470,0,0,0,10
93471,0.7145022729159605,0.5,1,10
93474,0,0,0,10
93479,0,0,0,1
93487,0.4901530700607153,0.375,0.5,10
93488,0,0,0,10
93491,0,0,0,10
93493,0.0636207881989517,0.0625,0.1,10
93498,0,0,0,10
93500,0,0,0,10
93505,0,0,0,10
93507,-0,0,0,0
93520,0,0,0,10
93524,0,0,0,10
93527,0.06943122193677725,0.0625,0.125,10
93530,0,0,0,10
93533,0,0,0,10
93538,-0,0,0,0
93542,0,0,0,10
93543,0,0,0,10
93546,0,0,0,10
93554,0,0,0,10
93556,0.1396181455537491,0.13333333333333333,0.14285714285714285,10
93559,-0,0,0,0
93563,0.24309789328476902,0.1875,0.3333333333333333,10
93566,0.6774825878332679,0.4375,0.5,10
93568,0,0,0,10
93571,0.24890832702259458,0.125,0.5,10
93575,-0,0,0,0
93577,0.07839826897867533,0.0625,0.16666666666666666,10
93580,0.8630152897016883,0.5,1,10
93581,0.5311576535478315,0.25,1,10
93586,0,0,0,10
93591,0.22009176629808014,0.03225806451612903,1,10
93594,0.22009176629808014,0.0625,1,10
93597,0.06625422345438903,0.09090909090909091,0.1111111111111111,10
93607,-0,0,0,0
93611,0,0,0,10
93621,0.13270175241752769,0.1111111111111111,0.5,10
93626,0.6473362615659564,0.5454545454545454,1,10
93631,0.08514311764162098,0.0625,0.2,10
93640,0,0,0,10
93642,0,0,0,10
93643,0,0,0,10
93644,0.3649322415329001,0.075,1,10
93652,0.8701249883466592,0.5,1,10
93654,0,0,0,10
93656,0.4943572357534483,0.25,1,10
93663,0,0,0,10
93668,-0,0,0,0
93678,0.8242605530400956,0.25806451612903225,1,10
93685,0,0,0,10
93686,0.32619079656228545,0.3,0.3333333333333333,10
93688,0.591453779964555,0.4,1,9
93695,-0,0,0,0
93705,0.21222636597291455,0.125,0.5,10
93713,0.33212267287967806,0.045454545454545456,0.25,10
93717,0.9335825589985792,0.5625,1,10
93718,0.523153411299647,0.3125,1,10
93720,0,0,0,10
93723,0.7569021067152308,0.18421052631578946,1,10
93725,0.5587148206871071,0.375,0.5,10
93729,0.2583297509898471,0.1875,0.25,10
93731,0,0,0,10
93732,0.1388624438735545,0.0625,0.5,10
93734,0,0,0,1
93735,0,0,0,10
93739,0.07839826897867533,0.0625,0.16666666666666666,10
93740,0,0,0,10
93743,0.1388624438735545,0.0625,0.5,10
93755,0.6947651160602988,0.20512820512820512,0.5,10
93758,0,0,0,10
93771,0.8512360941594272,0.5,1,10
93778,1,0.6666666666666666,1,10
93784,0,0,0,10
93790,0.14465249243306438,0.125,0.16666666666666666,10
93799,-0,0,0,0
93813,0.6489315753318465,0.4166666666666667,1,10
93821,0,0,0,10
93827,0.9363792118010483,0.6428571428571429,1,10
93833,0.08514311764162098,0.0625,0.2,10
93834,0,0,0,10
93837,0,0,0,10
93839,0.4886446891881012,0.25,1,10
93842,0.30701473034246535,0.1875,0.5,10
93854,0,0,0,10
93856,0.3222722491219546,0.21428571428571427,0.5,10
93858,0.07311683844390994,0.125,0.1,10
93860,0.4886446891881012,0.3076923076923077,1,10
93863,0,0,0,10
93866,0,0,0,10
93869,0,0,0,10
93875,0,0,0,10
93877,0,0,0,10
93880,0,0,0,10
93886,0,0,0,10
93895,0,0,0,10
93898,0,0,0,4
93904,0,0,0,10
93910,0.49367903606741653,0.25,1,10
93914,0.92663607790064,0.25,1,10
93917,1,0.5263157894736842,1,10
93925,0,0,0,10
93927,0,0,0,10
93932,0,0,0,10
93937,0,0,0,10
93944,0,0,0,10
93952,0,0,0,10
93955,0.06943122193677725,0.07142857142857142,0.125,10
93956,0.22009176629808014,0.08333333333333333,1,10
93964,0.06625422345438903,0.0625,0.1111111111111111,10
93981,-0,0,0,0
93983,0,0,0,10
93985,0,0,0,10
93995,-0,0,0,0
93997,0.06943122193677725,0.07142857142857142,0.125,10
94002,-0,0,0,0
94004,-0,0,0,0
94016,0.22009176629808014,0.0625,1,10
94021,0,0,0,10
94029,0,0,0,10
94033,0,0,0,10
94037,0,0,0,10
94039,0.22979561007468535,0.08333333333333333,0.2,10
94041,0,0,0,10
94042,0.3189138548538895,0.14285714285714285,1,10
94043,0.025457581554214143,0,0,10
94050,0,0,0,10
94054,0,0,0,10
94070,0.0636207881989517,0.0625,0.1,10
94077,0,0,0,10
94078,0,0,0,10
94088,0.05226551265245022,0.05263157894736842,0.16666666666666666,10
94090,1,0.625,1,10
94091,0,0,0,10
94096,0,0,0,10
94107,0.1623113958014903,0.07407407407407407,0.3333333333333333,10
94108,0,0,0,10
94109,0,0,0,10
94110,0,0,0,10
94118,0,0,0,10
94123,0.36742877334905977,0.25,0.3333333333333333,10
94125,0.276301310023846,0.14285714285714285,0.5,10
94129,0,0,0,10
94130,0,0,0,10
94132,0.6810423630193371,0.17142857142857143,1,10
94134,0,0,0,10
94147,0.29740901205864334,0.0625,1,1
94148,0.5487973376826973,0.2727272727272727,1,10
94161,0.5271064966405455,0.25,1,10
94164,0,0,0,10
94165,1,0.625,1,10
94166,0,0,0,10
94167,0.045432163246112496,0.07692307692307693,0.1,10
94170,0,0,0,10
94171,0,0,0,10
94174,0,0,0,10
94181,0.9411338959973069,0.625,1,10
94190,0.04241385879930114,0.0625,0.1,10
94191,0.6594803070902429,0.375,1,10
94192,0,0,0,10
94193,0.37878333867593533,0.25,0.5,10
94194,0,0,0,10
94195,0,0,0,10
94201,0,0,0,10
94203,0,0,0,10
94207,0,0,0,10
94209,0,0,0,10
94215,0,0,0,10
94216,-0,0,0,0
94224,0,0,0,10
94227,0,0,0,10
94231,0,0,0,10
94241,0.07839826897867533,0.0625,0.16666666666666666,10
94246,0.84860265890399,0.4,1,10
94250,0.1396181455537491,0.14285714285714285,0.14285714285714285,10
94256,0,0,0,10
94265,0.2934556883974402,0.125,1,10
94267,0.23492596975604033,0.3333333333333333,0.16666666666666666,10
94268,0.07668368701422457,0.0625,0.3333333333333333,10
94271,1,0.625,1,10
94275,0.6489315753318465,0.3125,1,10
94282,0,0,0,10
94284,0.40853591842579556,0.2,1,10
94286,0.7975167679274937,0.25,1,10
94289,0.3301376494471202,0.125,1,10
94292,0.11004588314904007,0.0625,0.3333333333333333,10
94296,0,0,0,10
94306,0.3819603371583235,0.2222222222222222,0.5,10
94307,0,0,0,10
94310,0.6051399156371954,0.125,1,10
94314,0.35895421017163465,0.14285714285714285,1,2
94318,0.227162174819248,0.1875,0.2,10
94320,0.20262084573140976,0.125,0.5,10
94326,0.5181190644203317,0.2631578947368421,1,10
94330,0.2895229882348574,0.14285714285714285,1,10
94333,0.11004588314904007,0.08333333333333333,0.3333333333333333,10
94335,0.2336508082431053,0.13333333333333333,0.5,10
94344,-0,0,0,0
94352,0.8950399564441229,0.5625,1,10
94354,0,0,0,10
94358,0,0,0,10
94359,0.9566671852577723,0.9,1,10
94362,0.3668007055513128,0.25,0.5,10
94363,0.09917593722704846,0.125,0.2,10
94364,0,0,0,10
94367,0.6484708194963305,0.35714285714285715,1,10
94370,0,0,0,10
94372,0.4690000933206747,0.1875,1,10
94373,0.22709190059773315,0.125,0.5,10
94376,0,0,0,10
94379,0,0,0,10
94384,0,0,0,10
94385,0.3052348839397011,0.125,1,10
94386,0.2399208948023808,0.1875,0.3333333333333333,10
94396,0.7876719091337833,0.25925925925925924,1,10
94403,0,0,0,10
94405,0.11004588314904007,0.030303030303030304,0.3333333333333333,10
94406,0,0,0,10
94411,0,0,0,1
94416,0,0,0,10
94423,0.6489315753318465,0.3125,1,10
94425,0,0,0,10
94428,0,0,0,10
94434,0.28634598975246917,0.125,1,10
94435,0.06943122193677725,0.0625,0.125,10
94437,0,0,0,3
94440,0,0,0,4
94441,0,0,0,6
94442,0,0,0,6
94452,0,0,0,10
94454,0.14876390584057267,0.125,0.2,10
94456,0.6546634730814677,0.15384615384615385,1,10
94458,0,0,0,10
94459,0,0,0,10
94461,0,0,0,10
94471,0.21619734720146333,0.125,1,10
94472,0.07839826897867533,0.06666666666666667,0.16666666666666666,10
94487,0.1388624438735545,0.024390243902439025,0.5,10
94491,0,0,0,10
94492,0,0,0,10
94496,0,0,0,10
94504,0.22009176629808014,0.0625,1,10
94526,0.6931232414598578,0.5714285714285714,1,10
94529,0.11458370045592686,0.18181818181818182,0.16666666666666666,10
94532,0.39763391022884753,0.2727272727272727,1,10
94534,0.5388856921828065,0.1,1,10
94537,0,0,0,10
94538,-0,0,0,0
94553,1,0.2564102564102564,1,10
94558,0.9094987067248556,0.5,1,10
94559,-0,0,0,0
94562,0,0,0,10
94569,0.7799082337019198,0.5625,0.5,10
94574,-0,0,0,0
94578,0,0,0,10
94582,0,0,0,10
94587,-0,0,0,0
94595,0.08514311764162098,0.0625,0.2,10
94597,-0,0,0,0
94604,0.1884441521277154,0.125,0.3333333333333333,10
94606,0,0,0,10
94608,0,0,0,10
94609,0.07336392209936005,0,0,10
94615,0.49722328166211266,0.25,1,10
94616,0,0,0,10
94617,0.06625422345438903,0.0625,0.1111111111111111,10
94638,0.21501812929496172,0.1875,0.2,10
94641,0.3052348839397011,0.125,1,10
94648,0.20992008711175394,0.125,1,10
94651,0.6597133113683123,0.3333333333333333,1,10
94660,0.11965140339054489,0.05128205128205128,0.14285714285714285,10
94664,0,0,0,10
94666,0.06625422345438903,0.0625,0.1111111111111111,10
94676,0.35895421017163465,0.09523809523809523,1,10
94678,0,0,0,10
94686,0,0,0,1
94688,0,0,0,2
94689,0,0,0,1
94690,-0,0,0,0
94693,0,0,0,10
94694,-0,0,0,0
94699,0.07336392209936005,0.0625,0.14285714285714285,10
94703,0,0,0,10
94705,0.1388624438735545,0.0625,0.5,10
94707,0,0,0,10
94716,0.7007731679885373,0.42857142857142855,1,10
94719,0,0,0,10
94720,0.32458397444423615,0.3333333333333333,0.25,10
94722,0.6666382404245836,0.4375,1,10
94736,0,0,0,10
94737,0.1388624438735545,0.0625,0.5,10
94747,0,0,0,10
94752,0.1467278441987201,0.0625,1,10
94762,0,0,0,10
94768,0,0,0,10
94770,0,0,0,10
94772,0.22476126319537007,0.1875,0.2,10
94777,0.06625422345438903,0.0625,0.1111111111111111,10
94785,0.056762078427747324,0.0625,0.2,10
94800,0.060801447600437354,0.06666666666666667,0.2,10
94804,0,0,0,10
94813,0,0,0,10
94814,0.10426501719323238,0.0625,0.25,10
94815,-0,0,0,0
94825,0.29990503169749433,0.1875,0.5,10
94826,0.06625422345438903,0.0625,0.1111111111111111,10
94836,0,0,0,10
94844,0.4973776555463331,0.3333333333333333,1,10
94846,0,0,0,10
94849,0,0,0,10
94853,0.08514311764162098,0.0625,0.2,10
94858,0.09478836436955078,0.0625,0.25,10
94860,-0,0,0,0
94865,0.15850703974098104,0.05128205128205128,0.2,10
94873,0,0,0,10
94877,0,0,0,10
94878,0.046287481291184845,0.0625,0.125,10
94885,0.24060740518678822,0.13333333333333333,0.5,10
94886,0,0,0,10
94889,0,0,0,10
94891,0,0,0,10
94905,0,0,0,10
94911,-0,0,0,0
94926,0.4920062203073636,0.25,1,10
94930,0,0,0,10
94932,0,0,0,10
94943,0.07839826897867533,0.0625,0.16666666666666666,10
94946,0.10377341320217726,0.125,0.25,10
94948,0.0433328147422277,0.0625,0.1,10
94957,0,0,0,10
94958,0,0,0,10
94963,0.2934556883974402,0.08,1,10
94971,0.08514311764162098,0.0625,0.2,10
94976,-0,0,0,0
94981,0,0,0,10
94982,0,0,0,5
94983,-0,0,0,0
94984,0.2279382616777583,0.13043478260869565,0.2,10
94992,0.49367903606741653,0.25,1,10
94995,0.7000949683025056,0.4375,1,10
94996,0.2240055615151755,0.125,0.5,10
95015,0,0,0,10
95023,0.22009176629808014,0.08333333333333333,1,10
95026,1,0.7142857142857143,1,10
95029,0.09382209734404523,0.0625,0.125,10
95031,0,0,0,1
95039,0,0,0,10
95040,0.8615730776370862,0.2903225806451613,1,10
95042,0.18340980524840012,0.125,0.3333333333333333,10
95052,0,0,0,10
95056,0.11004588314904007,0.06666666666666667,0.3333333333333333,10
95061,0.1388624438735545,0.0625,0.5,10
95064,0.11505351121173782,0.07142857142857142,0.2,10
95067,0.28634598975246917,0.04,1,10
95070,0.1427951440361373,0.07142857142857142,0.14285714285714285,10
95082,0,0,0,10
95086,0,0,0,5
95091,0,0,0,10
95094,0,0,0,10
95101,-0,0,0,0
95102,1,0.6666666666666666,1,10
95103,0,0,0,10
95107,0,0,0,10
95113,1,0.2631578947368421,1,10
95114,0.35895421017163465,0.125,1,10
95116,0.44169679029972647,0.23076923076923078,1,10
95117,0,0,0,10
95135,0.4011248950259844,0.4166666666666667,0.25,10
95136,0,0,0,10
95137,0.9566671852577723,0.5625,1,10
95141,0.5993797039327248,0.35714285714285715,1,10
95144,0.09970299801576629,0.0625,0.16666666666666666,10
95153,0,0,0,1
95157,1,0.625,1,10
95162,0.07336392209936005,0.09090909090909091,0.14285714285714285,10
95170,-0,0,0,0
95171,-0,0,0,0
95172,-0,0,0,0
95186,0.5730379245414763,0.125,1,10
95187,0.06625422345438903,0.0625,0.1111111111111111,10
95192,0,0,0,10
95193,0.5450499977672799,0.3076923076923077,1,10
95195,0.9177985487809515,0.5625,1,10
95196,0.8454256604216017,0.5714285714285714,1,10
95198,0,0,0,10
95208,0.31488013066763093,0.125,1,10
95216,0.914856882358379,0.5625,1,10
95219,0.7169441814732939,0.3125,1,10
95220,0,0,0,10
95226,0,0,0,10
95228,0.5087695504286516,0.25,1,10
95231,0.5314124697687972,0.1875,1,10
95247,0.2178549817758321,0.2857142857142857,0.3333333333333333,10
95248,0,0,0,10
95249,0,0,0,10
95253,0,0,0,10
95255,0,0,0,10
95267,0.2934556883974402,0.125,1,10
95269,0.6279028930005585,0.42857142857142855,1,10
95277,0.34445239307233994,0.26666666666666666,0.3333333333333333,10
95279,0.12770002111802792,0.125,0.2,10
95282,-0,0,0,0
95285,0.8415908474314975,0.2,1,10
95286,0.800693766409882,0.4375,1,10
95296,0.3269563644556953,0.2,1,10
95297,0,0,0,7
95298,0.42883980903376634,0.26666666666666666,0.5,10
95302,0.08514311764162098,0.0625,0.2,10
95306,0.7693787395805535,0.5454545454545454,1,10
95307,-0,0,0,0
95310,0.8701249883466592,0.23529411764705882,1,8
95326,0,0,0,10
95328,0,0,0,10
95333,0,0,0,10
95341,0.9216017310213247,0.6,1,10
95348,0,0,0,10
95356,1,0.625,1,10
95363,0.31833954895937183,0.09375,0.5,10
95366,0.2532954041105318,0.1875,0.25,10
95369,-0,0,0,0
95371,0,0,0,10
95373,0,0,0,5
95374,0,0,0,6
95381,-0,0,0,0
95388,0,0,0,5
95390,-0,0,0,0
95393,-0,0,0,0
95395,-0,0,0,0
95396,-0,0,0,0
95404,0,0,0,1
95405,-0,0,0,0
95419,-0,0,0,0
95425,0.3378862576543198,0.25,0.3333333333333333,10
95426,0,0,0,10
95430,-0,0,0,0
95431,0.09478836436955078,0.0625,0.25,10
95435,0.11004588314904007,0.09090909090909091,0.3333333333333333,10
95445,0.3301376494471202,0.125,1,10
95450,0.1610425878239398,0.125,0.25,10
95453,0.5388856921828065,0.3333333333333333,1,10
95455,0,0,0,10
95460,0.19930623359011798,0.1875,0.125,10
95461,0.6163668470816234,0.4375,0.5,10
95464,0.5388856921828065,0.25,1,10
95465,0.038615684613617494,0,0,10
95475,0.8200685179888281,0.5,1,10
95494,0.4124497136428909,0.15384615384615385,0.5,10
95502,0.8391982533282583,0.6666666666666666,1,7
95508,0,0,0,10
95509,0.09257496258236969,0.02857142857142857,0.5,10
95512,0,0,0,10
95528,-0,0,0,0
95531,0.19111743953238722,0.1875,0.3333333333333333,10
95543,0.3499667779514209,0.1875,1,10
95549,0.37185395737611554,0.1875,1,10
95565,0.44709908763985523,0.25,1,10
95573,0,0,0,10
95578,0.35266373843404347,0.25,0.3333333333333333,10
95580,-0,0,0,0
95582,0.760079105197619,0.5384615384615384,1,10
95583,0.1388624438735545,0.0625,0.5,10
95590,0.09478836436955078,0.08333333333333333,0.25,10
95592,0,0,0,10
95599,0.8765535101057759,0.5625,1,10
95613,0.07839826897867533,0.0625,0.16666666666666666,10
95615,0,0,0,10
95616,0,0,0,10
95617,0.8643145546088337,0.5333333333333333,1,10
95634,0,0,0,10
95644,0,0,0,6
95648,-0,0,0,0
95649,-0,0,0,0
95653,-0,0,0,0
95654,-0,0,0,0
95682,0,0,0,10
95687,0.06943122193677725,0.025,0.125,10
95693,0.08514311764162098,0.0625,0.2,10
95694,0,0,0,10
95695,0,0,0,10
95703,0.2520649403266671,0.075,0.3333333333333333,10
95715,0.2837125544970318,0.125,1,10
95733,0.941233297798857,0.625,1,10
95737,0.12987501165334073,0.125,0.1111111111111111,10
95740,0.09478836436955078,0.0625,0.25,10
95744,0,0,0,10
95750,0.06943122193677725,0.0625,0.125,10
95756,0.34739931667632884,0.08823529411764706,1,10
95760,0,0,0,5
95763,0.0636207881989517,0.0625,0.1,10
95765,0.06943122193677725,0.0625,0.125,10
95767,0,0,0,10
95768,0,0,0,10
95769,0.45650001423154074,0.13333333333333333,1,10
95778,0.727329844310522,0.42857142857142855,1,10
95782,0.38818246147833363,0.125,1,10
95787,0.6617731627037198,0.42857142857142855,1,10
95788,0,0,0,10
95791,0.5210984447123069,0.375,0.5,10
95794,0.4919690319640038,0.25,1,10
95817,0.3932783996463063,0.1875,1,10
95818,0.2223453408104729,0.07142857142857142,0.25,10
95820,0,0,0,10
95822,0.2934556883974402,0.18181818181818182,1,10
95824,0.318162148722555,0.2,1,10
95831,0,0,0,1
95832,0.21408371436984164,0.1111111111111111,0.16666666666666666,10
95835,0,0,0,10
95836,1,0.6666666666666666,1,10
95846,0.053939824626203954,0.0625,0.1,10
95847,0.4847119890255185,0.08,1,10
95852,0.15336737402844913,0.03571428571428571,1,10
95853,0.07839826897867533,0.023255813953488372,0.16666666666666666,10
95862,0,0,0,10
95863,0.19518900079066107,0.125,0.3333333333333333,10
95870,0.33431872426919745,0.1875,0.5,10
95871,0.28088150105118154,0.1875,0.5,10
95881,0.13278301876594611,0.16666666666666666,0.2,10
95886,0.24546723881833396,0.125,1,10
95891,0,0,0,10
95893,0.22119341301481263,0.075,0.16666666666666666,10
95894,0.6341670444372526,0.3125,1,5
95899,0.6309297535714574,1,0.5,10
95910,0.6442227883107534,0.3181818181818182,0.5,10
95911,0.6500332220485789,0.5,0.5,10
95917,0.26742619438551957,0.0625,1,10
95929,0,0,0,10
95933,0.18145447796553132,0.125,0.5,10
95944,0.5562205607913976,0.26666666666666666,1,6
95949,-0,0,0,0
95951,-0,0,0,0
95953,0.08514311764162098,0.0625,0.2,10
95954,-0,0,0,0
95955,0,0,0,10
95960,0,0,0,10
95961,0,0,0,10
95972,0.7947318298770553,0.6666666666666666,1,10
95980,0.5701406500739014,0.3333333333333333,1,10
96004,0.933745776545611,0.6428571428571429,1,10
96012,0,0,0,10
96015,0.22009176629808014,0.0625,1,10
96017,0,0,0,3
96019,0.28390133585883026,0.125,0.5,10
96030,0.06625422345438903,0.045454545454545456,0.1111111111111111,10
96034,0.5199967979955745,0.25,1,10
96035,0.7605591431973847,0.4375,1,10
96041,1,0.5,1,10
96045,0.6931010576347726,0.42857142857142855,1,10
96060,0.23409589913160483,0.125,0.3333333333333333,5
96062,1,1,1,3
96067,0.06768971444980863,0.0625,0.1111111111111111,10
96070,0,0,0,10
96088,0.09257496258236969,0.047619047619047616,0.5,2
96089,0.36960187743166634,0.2,0.5,10
96093,0.2024832320725062,0.125,0.5,10
96094,0.0636207881989517,0.0625,0.1,10
96104,0.2934556883974402,0.125,1,10
96105,0,0,0,10
96112,0.5311576535478315,0.2,1,10
96117,0.37745452846038585,0.26666666666666666,0.5,10
96118,0.643090684664426,0.375,1,10
96120,0.38898084950169814,0.3125,0.3333333333333333,10
96136,0.1668079615767874,0.125,0.3333333333333333,10
96138,0.3355836526864038,0.2,0.5,10
96139,0.6814562724596064,0.4375,1,10
96144,0.11243018208286118,0.0625,0.3333333333333333,10
96148,0,0,0,10
96156,0.06605173276732716,0.07142857142857142,0.25,10
96160,0.4791616403996509,0.2,1,10
96176,0,0,0,10
96183,0.1388624438735545,0.0625,0.5,10
96191,0,0,0,10
96270,0.14782949091545258,0.125,0.16666666666666666,10
96272,0.29025978496956456,0.25,0.5,10
96274,0.08514311764162098,0.0625,0.2,10
96279,0.7791714369672127,0.6363636363636364,1,10
96294,0.29025978496956456,0.1875,0.5,10
96297,0,0,0,10
96299,0.05226551265245022,0.0625,0.16666666666666666,10
96309,0.2529427027676571,0.125,1,10
96310,0.6410457898283652,0.6153846153846154,0.3333333333333333,10
96328,0.2984900352767555,0.125,1,10
96329,0.22009176629808014,0.0625,1,10
96332,-0,0,0,0
96336,0.3378862576543198,0.25,0.3333333333333333,10
96338,0.20511666732794356,0.125,0.5,10
96339,0.053397918541038314,0.0625,0.16666666666666666,10
96348,0.11004588314904007,0.043478260869565216,0.3333333333333333,10
96355,0.6131471927654584,0.5,1,10
96360,0.6070328723058679,0.25,1,10
96370,0.5072380780124417,0.3125,0.5,10
96378,0.21222636597291455,0.13333333333333333,0.5,10
96382,0.2279382616777583,0.2,0.2,10
96383,0.48743356179143793,0.25,1,10
96396,-0,0,0,0
96401,0.26283513968788724,0.16666666666666666,1,10
96405,0,0,0,10
96415,0.1799314820111718,0.125,0.25,10
96418,0.6469184483093142,0.375,1,10
96424,0.5513275302443498,0.1875,1,10
96432,0,0,0,1
96435,-0,0,0,0
96450,0,0,0,1
96451,-0,0,0,0
96455,-0,0,0,0
96456,0,0,0,10
96459,0,0,0,10
96463,0.09478836436955078,0.07142857142857142,0.25,10
96466,0.4885468020156227,0.25,1,10
96471,0,0,0,10
96475,0.4649859406234911,0.3333333333333333,0.3333333333333333,10
96479,0,0,0,10
96490,0.5637884576902256,0.0975609756097561,1,10
96493,0.28997736516021183,0.08571428571428572,0.3333333333333333,10
96496,0.5337074712852242,0.18181818181818182,1,10
96500,0.6402900881481707,0.4375,0.5,10
96503,0.9216017310213247,0.3,1,10
96504,0.40030566811860463,0.25,0.5,10
96505,0,0,0,10
96506,0,0,0,7
96510,0,0,0,10
96518,0,0,0,10
96522,0.1427951440361373,0.13333333333333333,0.14285714285714285,10
96526,0.2742848206396422,0.07894736842105263,1,10
96532,0.09676403950167096,0.09090909090909091,0.5,10
96534,0,0,0,10
96535,0,0,0,10
96536,0.18764419468809046,0.0625,0.5,10
96540,0,0,0,10
96541,0.1388624438735545,0.0625,0.5,10
96553,0.6313419460517601,0.375,1,10
96555,0.4546857860580769,0.25,1,10
96566,0.2614432242450501,0.1875,0.3333333333333333,10
96576,0.1799314820111718,0.125,0.25,10
96578,0,0,0,10
96579,0.4705561169627617,0.3125,0.5,9
96580,0,0,0,10
96586,1,0.625,1,10
96591,0.12599661914210789,0,0,10
96592,0,0,0,10
96602,0.7104770117651424,0.5333333333333333,0.5,10
96613,0.24966402870278917,0.16666666666666666,0.3333333333333333,10
96615,0.06943122193677725,0.0625,0.125,10
96616,0.20511666732794356,0.13333333333333333,0.5,10
96622,0,0,0,10
96623,0,0,0,10
96630,0.697285857522106,0.375,1,10
96633,0.11004588314904007,0.06666666666666667,0.3333333333333333,10
96642,0,0,0,1
96646,0.09120217140065603,0.08333333333333333,0.2,10
96650,-0,0,0,0
96659,0.29740901205864334,0.0625,1,10
96664,0.22486036416572236,0.0625,1,10
96666,0.46776976648651997,0.36363636363636365,0.3333333333333333,10
96667,0.7630946912803435,0.4375,1,10
96679,0.21408371436984164,0.1875,0.16666666666666666,10
96682,0.09478836436955078,0.07142857142857142,0.25,10
96686,0,0,0,10
96688,0.15245974194834122,0.05263157894736842,0.3333333333333333,10
96689,0.11004588314904007,0.0625,0.3333333333333333,4
96690,0.16354138662029633,0.125,0.2,10
96693,0.22009176629808014,0.0625,1,1
96699,0.4571816076546107,0.3125,0.5,10
96703,0.19518900079066107,0.13333333333333333,0.3333333333333333,10
96707,0.43407997295857764,0.21428571428571427,1,10
96709,-0,0,0,0
96717,0,0,0,10
96721,0,0,0,10
96739,0.4979120568441115,0.14814814814814814,1,10
96741,0.44793214080335997,0.25,1,10
96747,0.11004588314904007,0.0625,0.3333333333333333,10
96751,0.6937613565160448,0.4,1,10
96752,0.2768684716462677,0.1875,0.5,10
96757,-0,0,0,0
96763,0,0,0,10
96766,0,0,0,10
96771,0,0,0,10
96775,0.7778721720600672,0.4375,1,10
96778,0,0,0,10
96790,0,0,0,10
96796,-0,0,0,0
96809,0.7280855459907164,0.4375,1,10
96812,0.23680742154717782,0.25,0.25,10
96819,0.6652104162612476,0.6666666666666666,1,10
96826,0,0,0,10
96831,-0,0,0,0
96833,0.35895421017163465,0.13333333333333333,1,10
96840,0.11004588314904007,0.06666666666666667,0.3333333333333333,10
96842,0,0,0,10
96859,0,0,0,10
96863,0.8000460734455755,0.375,1,10
96871,0.5428183923453893,0.23809523809523808,1,10
96872,0.5626475208496899,0.4375,0.3333333333333333,10
96881,0.0636207881989517,0.0625,0.1,10
96882,-0,0,0,0
96885,0.3799109563336586,0.125,1,10
96886,0.9363792118010483,0.5625,1,10
96889,0.419619541018513,0.2857142857142857,0.5,10
96895,0.4689503999545294,0.5,0.5,10
96901,0.727329844310522,0.375,1,10
96903,-0,0,0,0
96910,0.7065443116025597,0.5,0.5,10
96918,0.5423640154200348,0.25,1,10
96920,-0,0,0,0
96922,0,0,0,10
96925,0,0,0,10
96927,-0,0,0,0
96933,0.3597099118518292,0.1875,1,10
96936,0,0,0,10
96937,0,0,0,10
96947,0.06625422345438903,0.0625,0.1111111111111111,10
96957,0,0,0,10
96958,0.4690000933206747,0.1875,1,10
96961,0,0,0,3
96968,0,0,0,10
96974,0.7827392871477701,0.21052631578947367,1,10
96979,0.6848374495230163,0.175,1,10
96980,0.8899541168509598,0.225,1,10
96985,0,0,0,10
96991,0.9716189607861262,0.24390243902439024,1,10
96995,0.08308699565805434,0.0625,0.14285714285714285,10
96996,-0,0,0,0
97002,0,0,0,10
97005,0.857673669302587,0.4666666666666667,1,10
97006,0.19930623359011798,0.1875,0.125,10
97007,0.0636207881989517,0.09090909090909091,0.1,10
97011,0,0,0,10
97020,0.4283854321084119,0.1875,1,10
97021,0.5224955967919309,0.25,1,10
97024,0.07839826897867533,0.0625,0.16666666666666666,10
97035,0.3668007055513128,0.10256410256410256,0.5,10
97045,0,0,0,10
97047,0.4362187292870759,0.3333333333333333,0.2,10
97053,1,0.8333333333333334,1,10
97064,0.29740901205864334,0.0625,1,10
97068,-0,0,0,0
97077,0,0,0,10
97088,0.914856882358379,0.5625,1,10
97094,0.2300510610426737,0.0625,1,10
97095,0,0,0,10
97097,0,0,0,10
97109,0.42883980903376634,0.3076923076923077,0.5,10
97111,0.15139734109601002,0.125,0.2,10
97112,0.20483424751859086,0.125,0.3333333333333333,10
97118,0.8318477135310891,0.5,1,10
97119,0.22009176629808014,0.0625,1,10
97121,0,0,0,10
97122,0.5914640815742043,0.3333333333333333,0.5,10
97126,0.1427951440361373,0.125,0.14285714285714285,10
97131,0.9266360779006398,0.3225806451612903,1,10
97132,0,0,0,10
97134,-0,0,0,0
97135,0.35895421017163465,0.125,1,10
97142,0,0,0,10
97150,0.24890832702259458,0.125,0.5,10
97152,0.09478836436955078,0.0625,0.25,10
97153,0,0,0,10
97155,0.15457433957839825,0.125,0.2,10
97158,0,0,0,10
97162,0.9716189607861262,0.6666666666666666,1,10
97164,-0,0,0,0
97174,0,0,0,10
97177,0.6451455079614027,0.3125,1,10
97188,0,0,0,10
97190,-0,0,0,0
97196,0,0,0,10
97202,0,0,0,10
97211,-0,0,0,0
97215,0,0,0,10
97226,0.21726071285222984,0.125,0.5,10
97246,0.19518900079066107,0.14285714285714285,0.3333333333333333,10
97260,0.046287481291184845,0.0625,0.125,10
97264,0,0,0,10
97275,0.24926098697416302,0.045454545454545456,1,1
97307,0,0,0,10
97308,0.2843278212131001,0.25,0.25,10
97309,0.0636207881989517,0.0625,0.1,10
97331,0.3301376494471202,0.13333333333333333,1,10
97333,1,0.625,1,10
97336,1,0.2857142857142857,1,10
97340,0.4152807670887412,0.1875,1,10
97342,0,0,0,10
97350,0.22009176629808014,0.0625,1,10
97358,0.9305687780632227,0.5625,1,10
97363,0.31488013066763093,0.125,1,10
97368,0.08878855502583598,0.1,0.16666666666666666,10
97370,0.17947710508581732,0.125,0.3333333333333333,10
97374,0.1467278441987201,0.025,1,10
97376,0,0,0,10
97386,0.7155506487682609,0.375,1,10
97401,0.06319224291303384,0.02564102564102564,0.25,10
97402,0.29343678345195273,0.1875,0.5,10
97403,0.9449093929441534,0.625,1,10
97410,0.46407955801884443,0.3125,0.5,10
97416,0,0,0,10
97417,0,0,0,5
97418,0.2240055615151755,0.125,0.5,10
97430,0,0,0,10
97432,-0,0,0,0
97444,0,0,0,10
97449,0.11004588314904007,0.0625,0.3333333333333333,10
97451,0.2318709618403411,0.125,1,10
97456,-0,0,0,0
97465,-0,0,0,0
97467,0.27685384472582747,0.125,1,10
97468,0.42724449526787633,0.3125,0.5,10
97474,0.09478836436955078,0.06666666666666667,0.25,10
97476,0,0,0,10
97490,0,0,0,10
97498,0.17366667134799177,0.125,0.3333333333333333,10
97506,0.08514311764162098,0.0625,0.2,10
97509,0.02208474115146301,0,0,10
97515,0.29314363336506033,0.1875,0.5,10
97522,0.18777172527312785,0.05128205128205128,0.5,10
97525,0.06943122193677725,0.02564102564102564,0.125,10
97533,0,0,0,10
97538,0,0,0,10
97544,0.44412286644879784,0.5,0.5,10
97547,0.09478836436955078,0.020833333333333332,0.25,10
97548,0.06625422345438903,0.0625,0.1111111111111111,10
97549,0.2837125544970318,0.125,1,10
97551,0.20262084573140976,0.125,0.5,10
97556,0.1388624438735545,0.03571428571428571,0.5,10
97558,0.229697286539585,0.09375,0.3333333333333333,10
97572,0.40385174981968147,0.10344827586206896,1,10
97573,0.32031337502988483,0.25,0.3333333333333333,10
97580,0,0,0,10
97583,0.7193474492006153,0.4,0.5,10
97584,0.96331803895032,0.625,1,10
97586,0,0,0,10
97591,0,0,0,3
97603,0,0,0,1
97608,0.35502151000905185,0.2,1,10
97610,0,0,0,1
97611,0.04890928139957336,0.02564102564102564,0.14285714285714285,10
97624,0,0,0,10
97630,0.6172867239986237,0.5555555555555556,1,10
97634,-0,0,0,0
97638,-0,0,0,0
97643,0,0,0,2
97661,0,0,0,1
97678,-0,0,0,0
97690,0,0,0,1
97692,-0,0,0,0
97694,0,0,0,2
97699,0.5637884576902256,0.25,1,6
97702,0,0,0,2
97708,0,0,0,5
97712,0.6155176560709151,0.4666666666666667,1,10
97717,0.4884006765390575,0.25,1,10
97719,0.6332196796270028,0.23809523809523808,1,10
97721,0.31433892407338576,0.125,1,10
97727,0.35895421017163465,0.125,1,2
97734,0,0,0,10
97735,-0,0,0,0
97736,0.3324958573847505,0.19047619047619047,0.5,10
97737,-0,0,0,0
97741,1,1,1,6
97753,0.14201905717762703,0.125,0.16666666666666666,10
97755,0.6238199100018904,0.15151515151515152,1,6
97771,-0,0,0,0
97776,0.2530698001594849,0.13333333333333333,1,10
97781,0,0,0,10
97783,0,0,0,10
97793,0.09478836436955078,0.0625,0.25,10
97803,0,0,0,10
97805,0.606408723614746,0.38461538461538464,1,10
97807,0.9556668866636359,0.5625,1,10
97812,0.9001028253370155,0.7777777777777778,1,10
97817,0.07336392209936005,0.0625,0.14285714285714285,7
97818,0.5036882912446857,0.14285714285714285,1,10
97829,0.22009176629808014,0.037037037037037035,1,10
97832,-0,0,0,0
97836,0.8376030662362992,0.5,1,10
97845,0.7569021067152308,0.4375,1,10
97855,0.11004588314904007,0.0625,0.3333333333333333,10
97861,0.08009687781155747,0.0625,0.16666666666666666,10
97863,0,0,0,1
97866,0.34685330469621795,0.25,0.3333333333333333,10
97873,0,0,0,10
97876,0,0,0,10
97878,0,0,0,4
97879,0.11822392831743979,0.2,0.14285714285714285,10
97881,0.8482378089219647,0.5,1,10
97882,0,0,0,8
97883,0,0,0,10
97889,0,0,0,10
97903,0.800693766409882,0.4375,1,10
97907,0.706100342134181,0.7142857142857143,1,10
97916,0,0,0,10
97919,0,0,0,10
97923,0.6830838076905164,0.375,1,10
97934,0.29740901205864334,0.0625,1,10
97936,0,0,0,8
97955,0.22009176629808014,0.02564102564102564,1,10
97960,0,0,0,10
97965,0.32730659600126993,0.21428571428571427,0.5,10
97971,0,0,0,10
97972,0.6489315753318465,0.3125,1,10
97979,0,0,0,10
97981,0.5174612499126157,0.2857142857142857,1,10
97986,0.9363792118010483,0.6,1,10
98002,0,0,0,10
98003,0,0,0,4
98010,0.23690530871965637,0.11538461538461539,0.2,10
98012,0.3392872298306002,0.25,0.3333333333333333,10
98013,0.5863529624672699,0.25,1,7
98015,0,0,0,10
98018,1,0.625,1,10
98022,-0,0,0,0
98028,-0,0,0,0
98033,0,0,0,10
98035,0.05919237001722398,0.09090909090909091,0.16666666666666666,10
98041,0.06943122193677725,0.04,0.125,10
98049,0.4291411337886065,0.26666666666666666,1,10
98063,0,0,0,10
98070,0.7073960776103205,0.5,1,10
98087,0.25677372734776016,0.0625,1,10
98096,-0,0,0,0
98104,0.3995688713838975,0.21428571428571427,1,10
98107,0.07336392209936005,0.0625,0.14285714285714285,10
98116,0,0,0,10
98120,0.3379841448267984,0.1,0.3333333333333333,10
98124,0.6042577106420473,0.375,1,10
98126,0,0,0,10
98135,0,0,0,10
98136,0,0,0,10
98139,0.22009176629808014,0.043478260869565216,1,10
98141,0,0,0,10
98147,0.07839826897867533,0.0625,0.16666666666666666,10
98148,0.22009176629808014,0.07142857142857142,1,10
98151,0.7058075148678526,0.375,1,10
98157,0.42333070005078094,0.25,1,10
98160,0,0,0,10
98165,0,0,0,10
98166,0,0,0,10
98179,0.22009176629808014,0.0625,1,10
98201,0.21252302622743086,0.3333333333333333,0.2,10
98214,0,0,0,10
98220,0.1388624438735545,0.0625,0.5,10
98222,0,0,0,10
98223,0.11004588314904007,0.06666666666666667,0.3333333333333333,10
98227,0,0,0,10
98238,0.5239294981581574,0.3333333333333333,1,10
98244,0.1388624438735545,0.06666666666666667,0.5,10
98248,0,0,0,10
98252,0,0,0,10
98253,0,0,0,10
98256,0.4270441966383662,0.45454545454545453,0.5,10
98262,0.18060497946605764,0.3333333333333333,0.3333333333333333,10
98270,1,0.6666666666666666,1,10
98276,0.9363792118010483,0.5625,1,9
98283,0,0,0,10
98292,-0,0,0,0
98297,0.08397733795705717,0.0625,0.16666666666666666,10
98298,0,0,0,10
98299,0.2906246349515899,0.1875,0.5,10
98300,0,0,0,10
98304,0.2336508082431053,0.125,0.5,10
98305,0,0,0,10
98307,0.0636207881989517,0.0625,0.1,10
98310,0,0,0,10
98311,0,0,0,10
98316,0,0,0,10
98318,0,0,0,10
98319,0,0,0,10
98323,0,0,0,10
98333,0,0,0,10
98339,0,0,0,1
98345,0,0,0,10
98347,0.6421867266689009,0.3333333333333333,1,10
98348,0.27191445400928344,0.1875,0.5,10
98357,0,0,0,1
98363,0.7457912185292984,0.625,1,10
98368,0.22009176629808014,0.0625,1,10
98376,0.39375843764607193,0.1875,1,10
98382,0.7060695757118364,0.4,1,10
98385,0,0,0,10
98386,0.33480714634441017,0.25,0.3333333333333333,10
98388,0,0,0,10
98389,0,0,0,10
98390,0,0,0,10
98395,0,0,0,2
98399,0,0,0,10
98400,0,0,0,10
98404,0,0,0,5
98406,0.07336392209936005,0.0625,0.14285714285714285,10
98410,0,0,0,10
98417,0,0,0,10
98422,0.06625422345438903,0.0625,0.1111111111111111,10
98425,0.29740901205864334,0.1,1,10
98437,0.7951657524814091,0.5,1,10
98441,0.16172008220134781,0.13333333333333333,0.14285714285714285,10
98445,0,0,0,10
98447,0,0,0,10
98450,0,0,0,10
98458,0.07839826897867533,0.0625,0.16666666666666666,10
98460,0.22009176629808014,0.0625,1,10
98462,0,0,0,10
98463,0,0,0,10
98467,0.3923933988081999,0.3125,0.5,10
98469,0.6274092458891771,0.3333333333333333,1,10
98470,0,0,0,10
98471,0.4000232483092519,0.07894736842105263,1,10
98472,0,0,0,10
98473,0.40853591842579556,0.1875,1,10
98474,0.933745776545611,0.28125,1,10
98481,0,0,0,10
98482,0.8611375561264454,0.5625,1,10
98487,-0,0,0,0
98494,0,0,0,10
98496,0.7819835854675756,0.4375,1,10
98498,0,0,0,10
98513,0.5811998961987181,0.3333333333333333,1,10
98516,0.45650001423154074,0.13333333333333333,1,10
98517,0.0636207881989517,0.09090909090909091,0.1,10
98526,0,0,0,10
98528,0,0,0,10
98532,0.8283056420594358,0.4375,1,10
98534,0.1427951440361373,0.08,0.14285714285714285,10
98547,0.5129861293403476,0.375,1,10
98551,0,0,0,10
98570,0.247330217095052,0.125,0.5,10
98579,0,0,0,10
98594,0.06625422345438903,0.0625,0.1111111111111111,10
98596,0.3301376494471202,0.125,1,10
98597,0,0,0,10
98604,0,0,0,10
98615,0,0,0,10
98618,0,0,0,10
98619,0.7573821447149964,0.4666666666666667,1,10
98622,0,0,0,10
98629,0.47842151728792726,0.25,1,10
98633,0,0,0,10
98635,0.0636207881989517,0.0625,0.1,10
98640,0,0,0,2
98641,0,0,0,10
98650,-0,0,0,0
98657,0.3921578479840863,0.10256410256410256,0.5,10
98658,0.1499069094438149,0.0625,1,10
98666,0.04241385879930114,0.06666666666666667,0.1,10
98668,0.8401851084845681,1,1,10
98669,0.5867019542713146,0.3333333333333333,1,10
98674,0.38591686939385267,0.125,1,10
98675,0.06625422345438903,0.06666666666666667,0.1111111111111111,10
98689,0.0728781195196487,0.0625,0.1111111111111111,10
98697,0,0,0,10
98699,0,0,0,10
98703,0,0,0,1
98706,-0,0,0,0
98710,-0,0,0,0
98711,0,0,0,3
98712,0,0,0,10
98716,0,0,0,3
98723,0,0,0,10
98725,-0,0,0,0
98730,0.17318663334822612,0.125,0.25,10
98740,0.35895421017163465,0.125,1,10
98746,-0,0,0,0
98754,0.4400163579154972,0.1875,1,10
98755,0.0636207881989517,0.025,0.1,10
98756,0,0,0,10
98768,0,0,0,10
98769,0.24095440361649045,0.125,1,10
98770,0.13720222316885192,0.08,0.25,10
98771,0.8167891381241769,0.5333333333333333,1,10
98772,0,0,0,10
98787,-0,0,0,0
98792,0.9743760426540914,0.6666666666666666,1,10
98805,0.1388624438735545,0.025,0.5,2
98812,0.17165062877724396,0.15384615384615385,0.25,10
98823,0.3562071871080222,1,0.16666666666666666,10
98831,0.5698664345004878,0.1875,1,10
98861,0.40030566811860463,0.25,0.5,10
98863,0.5431008121547419,0.375,0.5,10
98865,0.4789015552876929,0.3076923076923077,1,10
98866,0.31879392588472627,0.1875,0.5,10
98867,0,0,0,10
98942,0,0,0,10
98949,0.11004588314904007,0.06666666666666667,0.3333333333333333,10
98961,0.22009176629808014,0.0625,1,10
98962,0.35396256908806933,0.1875,1,10
98968,0.15824816867981356,0.13333333333333333,0.2,10
98971,0.0636207881989517,0.0625,0.1,10
98987,0.6785038377365555,0.2,1,10
98994,0.3825523277425815,0.25,0.5,10
98995,0,0,0,10
98999,0,0,0,2
99011,0.06625422345438903,0.0625,0.1111111111111111,10
99013,0,0,0,10
99016,0.0636207881989517,0.0625,0.1,10
99017,0,0,0,10
99021,0,0,0,4
99068,0.5392968862278847,0.6,1,10
99078,0.9350797511448229,0.5625,1,10
99098,0,0,0,10
99102,0,0,0,10
99103,0.10636625340488255,0.1111111111111111,0.25,10
99104,0,0,0,10
99105,0,0,0,10
99106,0.2984900352767555,0.125,1,10
99107,0.08878855502583598,0.06666666666666667,0.16666666666666666,10
99111,0,0,0,10
99117,0.6764792086485426,0.46153846153846156,0.5,10
99120,0.8011604859949609,0.5384615384615384,1,10
99122,0.977915258848537,0.2631578947368421,1,10
99124,0.3372080579682881,0.25,0.3333333333333333,10
99131,0.27636045420431316,0.125,1,1
99133,0,0,0,10
99135,0,0,0,10
99137,0.5493239300570406,0.2857142857142857,1,10
99139,0.06943122193677725,0.0625,0.125,10
99144,0,0,0,10
99146,0,0,0,10
99147,0,0,0,10
99149,0,0,0,10
99157,0.3995688713838975,0.23076923076923078,1,10
99161,0.0636207881989517,0.0625,0.1,10
99167,0.55206785919664,0.4,0.5,10
99171,0.11004588314904007,0.0625,0.3333333333333333,10
99172,0,0,0,10
99182,0.4024697156876682,0.3125,0.5,10
99184,0,0,0,10
99186,0,0,0,10
99190,0.420027879946489,0.125,1,10
99195,0,0,0,10
99200,0,0,0,10
99201,0,0,0,10
99203,0.06943122193677725,0.0625,0.125,10
99206,0,0,0,10
99207,0,0,0,10
99212,0,0,0,10
99218,-0,0,0,0
99220,0.14782949091545258,0.125,0.16666666666666666,10
99221,0,0,0,10
99233,0,0,0,10
99236,0.0636207881989517,0.0625,0.1,10
99237,0.15850703974098104,0.05,0.2,10
99240,0,0,0,10
99242,0,0,0,10
99248,0.5111707781750245,0.5,0.3333333333333333,10
99253,0,0,0,5
99254,0,0,0,10
99269,0.20483424751859086,0.14285714285714285,0.3333333333333333,10
99270,0.5023756245102127,0.1875,1,10
99273,0.3207739579659793,0.16666666666666666,1,10
99279,0.746704595889468,0.6363636363636364,1,10
99281,1,0.22727272727272727,1,10
99287,0.48638523927211863,0.3125,0.5,10
99291,-0,0,0,0
99299,0.22486036416572236,0.0625,1,10
99300,0,0,0,3
99301,0.09478836436955078,0.025,0.25,10
99303,0.7034066032439745,0.3157894736842105,1,10
99305,0.18546544641196724,0.05555555555555555,0.25,10
99313,0,0,0,6
99316,0,0,0,10
99320,-0,0,0,0
99323,-0,0,0,0
99334,0,0,0,10
99335,-0,0,0,0
99336,0.3323479826322174,0.16666666666666666,1,10
99340,0,0,0,10
99350,0.07839826897867533,0.0625,0.16666666666666666,10
99356,0,0,0,10
99358,0.13698471029831175,0.13333333333333333,0.14285714285714285,10
99359,0.5925111105360528,0.4,1,10
99362,-0,0,0,0
99365,0.38508696649785973,0.15384615384615385,1,10
99369,0.6122496142821665,0.3125,1,5
99371,0.5423640154200348,0.25,1,10
99382,0.3038377318600771,0.25,0.25,10
99384,0.4319964223378389,0.3125,0.3333333333333333,10
99388,0.22009176629808014,0.08333333333333333,1,10
99391,0.19092086617893464,0.16666666666666666,0.5,10
99396,0.36378941206720433,0.2,1,10
99418,0,0,0,10
99425,0,0,0,10
99428,0.08514311764162098,0.0625,0.2,10
99430,0.5919268187287082,0.3125,1,10
99431,0.07336392209936005,0.047619047619047616,0.14285714285714285,10
99435,0,0,0,10
99436,0.977915258848537,0.25,1,10
99437,0.09643499495537623,0.05405405405405406,0.16666666666666666,10
99441,0.21888810838148898,0.14285714285714285,1,10
99442,0.1399508511117305,0.06666666666666667,0.3333333333333333,10
99444,-0,0,0,0
99448,0.4507220590364484,0.3333333333333333,1,10
99450,0,0,0,10
99455,-0,0,0,0
99463,-0,0,0,0
99465,0,0,0,10
99471,0,0,0,10
99475,0.5330845280018109,0.3333333333333333,1,10
99483,0,0,0,10
99490,0,0,0,2
99492,0.45094977722509666,0.2857142857142857,1,10
99499,0.2832325164972662,0.1875,0.3333333333333333,10
99501,0,0,0,10
99506,0,0,0,9
99516,0,0,0,10
99517,0.752969406552648,0.175,1,10
99528,0,0,0,10
99530,-0,0,0,0
99533,0,0,0,10
99534,0,0,0,10
99538,0.44803002797583846,0.26666666666666666,1,10
99540,0.07336392209936005,0.08333333333333333,0.14285714285714285,10
99542,0.15457433957839825,0.11764705882352941,0.2,10
99546,0,0,0,10
99548,0.2890008545086454,0.25,0.5,10
99552,-0,0,0,0
99555,0,0,0,7
99561,0.8578443758788938,0.5,1,10
99571,0,0,0,10
99579,0.3301376494471202,0.13333333333333333,1,10
99594,0.8653843823111553,0.625,1,10
99611,0,0,0,10
99614,0.07839826897867533,0.0625,0.16666666666666666,10
99616,0.7183627972686238,0.375,1,10
99622,0.07336392209936005,0.0625,0.14285714285714285,10
99629,0.6920788373899056,0.5714285714285714,1,10
99631,0,0,0,3
99635,0,0,0,10
99637,0.38363315291837646,0.12,1,10
99638,0.36249399002998095,0.14285714285714285,1,10
99640,0,0,0,10
99649,0.1388624438735545,0.0625,0.5,10
99655,0.35895421017163465,0.125,1,10
99662,0,0,0,10
99664,0,0,0,10
99666,0,0,0,10
99676,0,0,0,10
99677,0.22009176629808014,0.08333333333333333,1,10
99679,0.09684208768602304,0.0625,0.25,10
99682,0,0,0,10
99685,0,0,0,10
99689,0,0,0,10
99696,0,0,0,10
99697,0,0,0,10
99704,0,0,0,10
99705,0,0,0,10
99712,0,0,0,10
99713,0,0,0,10
99716,0.06943122193677725,0.0625,0.125,10
99719,0.12730755037824867,0.05405405405405406,0.16666666666666666,10
99724,0,0,0,10
99725,0,0,0,10
99733,0.3052348839397011,0.125,1,10
99735,0.2895229882348574,0.125,1,10
99739,0,0,0,1
99745,0.8579809428223729,0.5,1,10
99746,-0,0,0,0
99747,0.1388624438735545,0.0625,0.5,10
99753,0.8701249883466592,0.5333333333333333,1,10
99758,-0,0,0,0
99761,0.7890365294329028,0.5625,0.5,10
99763,0.3824031620995705,0.075,1,10
99765,0.4539036202482202,0.3333333333333333,1,10
99766,0.18524876814802907,0.15384615384615385,0.3333333333333333,10
99768,0,0,0,10
99773,0.1388624438735545,0.0625,0.5,10
99780,0,0,0,10
99782,0.24913449842026078,0.25,0.14285714285714285,10
99787,0.16421958630632802,0.08,0.25,10
99788,0.44880655119697055,0.1388888888888889,0.5,10
99792,0.08308699565805434,0,0,10
99793,0.4220949603708207,0.26666666666666666,0.5,10
99794,0.5765024246531174,0.3333333333333333,1,10
99809,0,0,0,10
99818,0,0,0,10
99821,0.2279382616777583,0.07692307692307693,0.2,10
99822,0.284449351231739,0.26666666666666666,0.2,10
99823,0,0,0,10
99825,0.43735247915031,0.1875,1,10
99842,0.08514311764162098,0.06666666666666667,0.2,10
99846,0.1083259763160482,0.07692307692307693,0.5,10
99856,0,0,0,10
99857,0,0,0,10
99867,0.45166722277552973,0.3333333333333333,0.5,10
99873,0.8701249883466592,0.4,1,10
99877,1,1,1,2
99879,0,0,0,10
99881,-0,0,0,0
99888,0,0,0,1
99891,0.36820085822750087,0.13333333333333333,1,10
99896,0.4702164940206036,0.15151515151515152,1,10
99900,0.2934556883974402,0.125,1,10
99902,0.1388624438735545,0.08333333333333333,0.5,10
99923,0.7268150627436181,0.5,1,10
99941,0.08829915600403987,0.09090909090909091,0.125,10
99949,0.8482378089219647,0.5,1,10
99950,0.28634598975246917,0.125,1,10
99951,0.21222636597291455,0.125,0.5,10
99955,0,0,0,10
99958,0,0,0,10
99960,0.5446757407423163,0.45454545454545453,1,10
99962,1,0.625,1,10
99984,-0,0,0,0
99992,0.24936270394794904,0.25,0.25,10
99993,0,0,0,2
100004,0.8701249883466592,0.5,1,8
100009,0.5190001798654488,0.375,0.3333333333333333,10
100010,0.524453836935658,0.12903225806451613,1,10
100030,-0,0,0,0
100038,0.2240055615151755,0.125,0.5,10
100046,0.07257302962625321,0.07142857142857142,0.125,10
100051,0,0,0,10
100053,0,0,0,10
100055,0,0,0,10
100057,0,0,0,10
100059,0.6621137423456801,0.375,1,10
100063,-0,0,0,0
100064,0.11965140339054489,0.027777777777777776,0.14285714285714285,10
100079,0,0,0,10
100084,0.6902433906599497,0.3333333333333333,1,10
100089,0.530139492605269,0.3333333333333333,0.1111111111111111,10
100099,0.7202097522096597,1,0.2,10
100101,0.4690000933206747,0.1875,1,10
100106,0,0,0,10
100118,-0,0,0,0
100144,0.20205468678658836,0.125,0.5,10
100151,0,0,0,10
100156,0,0,0,10
100160,0.06625422345438903,0.0625,0.1111111111111111,10
100162,0,0,0,10
100164,0.4690000933206747,0.2,1,10
100165,0.23690530871965637,0.14285714285714285,0.2,10
100176,0.2240055615151755,0.13333333333333333,0.5,10
100177,0.523153411299647,0.1282051282051282,1,10
100189,0.3151625504769836,0.08333333333333333,0.5,10
100194,0,0,0,4
100195,0.1388624438735545,0.0625,0.5,10
100200,0,0,0,10
100208,0.22009176629808014,0.0625,1,10
100215,0,0,0,10
100218,0,0,0,10
100223,0.08514311764162098,0.08333333333333333,0.2,10
100242,0,0,0,10
100249,0,0,0,10
100250,0.11004588314904007,0.0625,0.3333333333333333,10
100253,0,0,0,10
100254,0.10828075925487264,0.07692307692307693,0.2,10
100260,0,0,0,10
100271,0.11004588314904007,0.0625,0.3333333333333333,10
100276,0,0,0,10
100281,0.9363792118010483,0.5625,1,10
100302,1,0.9090909090909091,1,10
100304,0,0,0,10
100313,0.92757976238259,0.6,1,10
100315,0,0,0,10
100317,0,0,0,5
100320,0.6201543156208374,0.17391304347826086,1,10
100330,0.6668380174091576,0.16666666666666666,1,10
100331,0.05168462573864535,0.0625,0.1111111111111111,10
100344,0,0,0,2
100345,0.07839826897867533,0.0625,0.16666666666666666,10
100350,0.20511666732794356,0.125,0.5,10
100352,0,0,0,10
100356,0.07336392209936005,0.0625,0.14285714285714285,10
100360,0.11004588314904007,0.027777777777777776,0.3333333333333333,10
100364,0.11004588314904007,0.0625,0.3333333333333333,10
100375,0.8701249883466592,0.5714285714285714,1,10
100376,0.571614567891588,0.4375,0.3333333333333333,10
100387,0,0,0,2
100392,0.22009176629808014,0.025,1,1
100394,0.21801641453242443,0.1875,0.16666666666666666,10
100404,0.4690000933206747,0.2,1,10
100407,0.8222158066082194,0.7,1,10
100414,0,0,0,10
100423,0.3119969023879004,0.125,1,10
100428,0.9368077570869661,0.42857142857142855,1,10
100433,0.899477229698041,0.5625,1,10
100437,0.05379908282997335,0.0625,0.14285714285714285,10
100438,0.09478836436955078,0.0625,0.25,10
100444,1,1,1,10
100447,0,0,0,10
100451,0,0,0,10
100467,0.876250935563983,0.75,1,10
100469,0.22486036416572236,0.06666666666666667,1,10
100472,0.39484136206016496,0.18181818181818182,1,10
100474,0,0,0,10
100477,0.4434267750732641,0.1875,1,10
100481,0,0,0,10
100482,0.14876390584057267,0.125,0.2,10
100483,0.40853591842579556,0.075,1,10
100491,0.7920353750861068,0.4375,1,10
100499,0,0,0,10
100508,0,0,0,10
100513,0.21726071285222984,0.125,0.5,10
100518,0,0,0,10
100525,0,0,0,10
100530,0.7183627972686238,0.375,1,10
100539,0.6186764869122403,0.3125,1,10
100546,0.6491433236125839,0.3333333333333333,1,7
100547,0,0,0,10
100549,0.3633412872595719,0.3333333333333333,0.3333333333333333,10
100551,0.3693362536342716,0.26666666666666666,0.5,10
100555,0.07839826897867533,0.0625,0.16666666666666666,10
100559,0,0,0,10
100560,0,0,0,10
100562,0,0,0,10
100568,0.06943122193677725,0.027777777777777776,0.125,10
100578,0,0,0,10
100582,1,0.625,1,10
100588,-0,0,0,0
100597,0,0,0,10
100599,0.29740901205864334,0.13333333333333333,1,10
100603,0.35895421017163465,0.125,1,2
100611,0,0,0,10
100612,0,0,0,10
100615,0,0,0,10
100617,0,0,0,10
100618,0,0,0,10
100620,0,0,0,10
100622,-0,0,0,0
100626,0.09478836436955078,0.06666666666666667,0.25,10
100631,0.6339753813071974,0.15,1,10
100632,0.5388856921828065,0.1,1,10
100635,0.1799314820111718,0.08,0.25,10
100637,0,0,0,10
100646,0.698724648930478,0.5,1,10
100648,0,0,0,10
100654,0.11727866257492248,0.125,0.16666666666666666,10
100680,0.39563617122131467,0.08695652173913043,1,10
100699,0,0,0,10
100738,0.6835381846158708,0.375,1,10
100739,0.0991363373528811,0.08333333333333333,0.3333333333333333,10
100745,0,0,0,10
100778,0.7116179486056782,0.375,1,10
100780,0.21222636597291455,0.125,0.5,10
100784,0.9061779470067727,0.5714285714285714,1,10
100787,0,0,0,10
100788,0,0,0,10
100797,0.1884441521277154,0.125,0.3333333333333333,10
100800,0.6078421520159136,0.375,1,10
100804,-0,0,0,0
100807,0.7827392871477701,0.22857142857142856,1,10
100811,0.24784084338220277,0.06666666666666667,0.3333333333333333,10
100812,-0,0,0,0
100816,0.6643465285832721,0.38461538461538464,1,10
100822,0.9178663475624435,0.3225806451612903,1,10
100833,0.09478836436955078,0.0625,0.25,10
100836,1,0.6666666666666666,1,10
100841,0,0,0,10
100842,0.5352543167750637,0.25,1,10
100845,0.2746417884214161,0.13043478260869565,0.5,10
100846,0.07336392209936005,0.06666666666666667,0.14285714285714285,10
100859,0,0,0,10
100866,0.640469595039523,0.25,1,10
100873,0,0,0,10
100878,0.4717125056851344,0.3,1,10
100911,0,0,0,10
100921,0.18238589776004135,0.14285714285714285,0.25,10
100929,0,0,0,10
100933,-0,0,0,0
100938,0.6316243658611127,0.375,1,10
100949,0.20323893375270077,0.2,0.14285714285714285,10
100961,0.3378862576543198,0.25,0.3333333333333333,10
100963,0.4074153667635756,0.25,0.5,10
100969,0.11004588314904007,0.02564102564102564,0.3333333333333333,10
100982,0.24890832702259458,0.04081632653061224,0.5,10
100983,0.9363792118010483,0.5625,1,10
100998,0.4323181322709947,0.1875,1,10
100999,0.37185395737611554,0.1875,1,10
101000,0,0,0,10
101004,0.9363792118010483,0.6923076923076923,1,10
101010,0,0,0,10
101012,0,0,0,10
101013,0.2934556883974402,0.16666666666666666,1,10
101014,0.3621108234757072,0.1875,1,10
101015,-0,0,0,0
101016,0,0,0,1
101020,-0,0,0,0
101026,0,0,0,10
101029,0,0,0,10
101032,0,0,0,10
101043,0.6816604510406281,0.4375,1,10
101044,0,0,0,10
101047,0.2997945043398921,0.1875,0.5,10
101052,0,0,0,10
101060,0.6881780193257718,0.38461538461538464,1,10
101063,0,0,0,10
101069,0,0,0,10
101087,0.1396181455537491,0.14285714285714285,0.14285714285714285,10
101092,0.06943122193677725,0.0625,0.125,10
101105,0.6464018466408363,0.17142857142857143,1,10
101109,0.92663607790064,0.5625,1,10
101114,-0,0,0,0
101116,0,0,0,10
101135,0,0,0,10
101172,0.5290789788843674,0.13793103448275862,1,10
101176,0.22882786096735666,0.13333333333333333,0.25,10
101182,0.06625422345438903,0.045454545454545456,0.1111111111111111,10
101188,0.9768562593544076,0.625,1,10
101194,0,0,0,10
101201,0,0,0,10
101208,0,0,0,10
101209,0,0,0,10
101211,0,0,0,10
101223,0.866947989864271,0.5,1,10
101225,0,0,0,10
101229,0,0,0,10
101230,0.22009176629808014,0.06666666666666667,1,1
101241,0,0,0,10
101248,0.2357541930550393,0.08333333333333333,1,10
101269,0.4915261823075979,0.3125,0.5,10
101272,0,0,0,10
101276,0.44534847005695666,0.1875,1,10
101281,0.06943122193677725,0.0625,0.125,8
101288,0,0,0,10
101305,0.2731381260017305,0.375,0.25,10
101306,0.51071640124967,0.26666666666666666,1,10
101329,0,0,0,10
101331,0.20262084573140976,0.15384615384615385,0.5,10
101333,0.4875305524756449,0.3333333333333333,1,10
101343,0.11670823791325032,0.1111111111111111,0.25,7
101346,0.857673669302587,0.4375,1,10
101353,0,0,0,10
101392,0.07336392209936005,0.0625,0.14285714285714285,10
101394,0.8408436653657579,0.4666666666666667,1,10
101398,0.3570764765963919,0.1875,1,10
101400,0.32458397444423615,0.25,0.25,10
101401,0,0,0,10
101402,0,0,0,10
101403,0.1884441521277154,0.125,0.3333333333333333,10
101404,0,0,0,10
101405,0,0,0,8
101406,0,0,0,10
101407,0.8773649372714659,0.5,1,10
101413,0.09478836436955078,0.07142857142857142,0.25,10
101420,0.30701473034246535,0.1875,0.5,10
101422,0,0,0,10
101424,0.31433892407338576,0.13333333333333333,1,10
101440,0,0,0,10
101442,0,0,0,10
101457,0,0,0,10
101458,0,0,0,10
101461,0,0,0,10
101467,0.8842812967720378,0.5625,1,10
101470,-0,0,0,0
101475,0.24655055544758617,0.07142857142857142,0.25,10
101492,0.41410316128303337,0.25,0.5,10
101495,0.1073508639320094,0.08333333333333333,0.25,10
101496,0.6595200335766678,0.375,1,10
101501,0.7058075148678526,0.375,1,10
101504,0.11004588314904007,0.07142857142857142,0.3333333333333333,10
101523,0.7510916729774053,0.5,1,10
101524,0.8857316381822387,0.5,1,10
101527,0.7436041517241594,0.20588235294117646,1,10
101529,0.7857612278370889,0.6363636363636364,1,8
101540,-0,0,0,0
101545,0.8115558478722846,0.5,1,10
101568,0,0,0,10
101587,0.14627393396255614,0.15384615384615385,0.3333333333333333,10
101611,1,0.625,1,10
101621,0,0,0,8
101622,0,0,0,10
101625,0.11191711357408828,0,0,10
101635,0.4346298575932762,0.3125,0.3333333333333333,10
101636,-0,0,0,0
101643,0,0,0,10
101644,0.3921578479840863,0.15384615384615385,0.5,10
101646,0.22009176629808014,0.07142857142857142,1,10
101647,0,0,0,10
101655,0.31646181538412904,0.10256410256410256,0.3333333333333333,10
101656,0.3822360008387525,0.3125,0.25,10
101657,0.50584797799981,0.42857142857142855,0.3333333333333333,10
101658,0.35571312846729725,0.25,0.5,10
101662,1,0.625,1,10
101667,0.06943122193677725,0.03125,0.125,10
101675,0.2300510610426737,0.0625,1,10
101681,0.933745776545611,0.6428571428571429,1,10
101683,0.767655432888763,0.2222222222222222,1,10
101684,0.8415908474314975,0.5,1,10
101692,1,0.625,1,10
101703,0.9305687780632227,0.23684210526315788,1,10
101704,0.1929333881434987,0.07692307692307693,0.2,10
101711,0,0,0,10
101713,0.9421111095506693,0.625,1,10
101717,0,0,0,10
101719,0.7890450135057799,0.5625,1,10
101725,1,0.625,1,10
101727,0.84860265890399,0.5333333333333333,1,10
101732,0.9216017310213247,0.24324324324324326,1,10
101736,0.31204907722178066,0.09375,0.5,10
101742,0.35895421017163465,0.125,1,10
101758,0.3052348839397011,0.125,1,10
101759,0.13305201013572895,0.13333333333333333,0.125,10
101761,0.47842151728792726,0.26666666666666666,1,10
101764,0.7123736502858727,0.5,1,10
101766,0,0,0,10
101770,0,0,0,2
101771,0,0,0,1
101773,0,0,0,10
101781,0.29090940880133687,0.14285714285714285,1,10
101782,0,0,0,10
101784,0.35920382144435087,0,0,7
101790,0.16354138662029633,0.15384615384615385,0.2,10
101791,-0,0,0,0
101793,0.8687949224876581,0.8,1,10
101804,0.5976705561508093,0.375,1,10
101805,0.9490848368915717,0.5625,1,10
101810,1,1,1,10
101812,0.7155506487682609,0.46153846153846156,1,10
101817,1,1,1,10
101821,0.6179367886094942,0.4,1,10
101823,0.26180807422707547,0.1875,0.3333333333333333,10
101831,-0,0,0,0
101839,0,0,0,10
101841,0,0,0,1
101842,0.7598850099631943,0.4375,1,10
101845,0.08009687781155747,0.0625,0.16666666666666666,10
101851,0.7158528240576217,0.6,0.3333333333333333,10
101856,0.6343524338792674,0.4666666666666667,1,10
101858,0.02120692939965057,0,0,10
101859,0,0,0,10
101867,0.8603818544462509,0.5,1,10
101868,0,0,0,10
101882,0.7751482523375255,0.6666666666666666,1,4
101884,0.14606834984270645,0.2,0.25,10
101899,0.3301376494471202,0.13333333333333333,1,4
101904,0.22009176629808014,0.0625,1,1
101905,0.5486641162327787,0.42857142857142855,0.5,10
101914,0.9567083294488864,0.625,1,10
101915,0.26742619438551957,0.0625,1,10
101917,0.4680258505411214,0.2857142857142857,1,10
101926,0.8051753114592887,0.4375,1,10
101927,0.5637884576902256,0.26666666666666666,1,10
101933,0,0,0,10
101939,1,0.625,1,10
101940,0.5698664345004878,0.23076923076923078,1,10
101942,-0,0,0,0
101955,0.660817004047085,0.375,1,10
101962,0.8000460734455755,0.46153846153846156,1,10
101968,-0,0,0,0
101969,0.41338034030572435,0.5,0.3333333333333333,10
101976,0.6993983530064639,0.6,1,10
101979,0.664550862590272,0.75,1,10
101981,0.6380039365826193,0.4,1,10
101983,0.9216017310213247,0.5625,1,10
101989,0.552562894251131,0.3333333333333333,1,10
101991,0.45650001423154074,0.125,1,10
101993,0,0,0,1
101996,0.7183424120903081,0.4375,1,10
101999,-0,0,0,0
102012,1,1,1,10
102014,0.45650001423154074,0.16666666666666666,1,10
102015,0,0,0,10
102020,0.43822918213205725,0.4444444444444444,0.5,10
102022,0.08436357146110426,0.07692307692307693,0.125,10
102026,0.2240055615151755,0.125,0.5,10
102029,0.1994180451961522,0.13333333333333333,0.3333333333333333,10
102032,0.08090973693930592,0.07142857142857142,0.1,10
102033,0.42883980903376634,0.36363636363636365,0.5,10
102036,0,0,0,10
102037,-0,0,0,0
102040,0.5239294981581574,0.3125,1,10
102046,1,0.6666666666666666,1,10
102047,0,0,0,10
102060,0.9093183643170806,1,1,10
102069,0,0,0,10
102074,0.7506372960520508,0.4666666666666667,1,10
102077,0.9363792118010483,0.6428571428571429,1,10
102080,0.6388731259906067,0.3125,1,10
102081,-0,0,0,0
102085,0.6334468165144638,0.6666666666666666,0.5,10
102096,0.16421958630632802,0.125,0.25,10
102103,0.800693766409882,0.7,1,10
102104,0.2272234270063059,0.06666666666666667,0.25,10
102106,0.3680351637959668,0.125,1,10
102108,0.6156597083120647,0.4444444444444444,1,10
102113,0,0,0,6
102116,0.22009176629808014,0.0625,1,10
102126,0.22009176629808014,0.07142857142857142,1,10
102135,-0,0,0,0
102137,0,0,0,3
102143,-0,0,0,0
102145,-0,0,0,0
102148,0,0,0,3
102150,0.9058516050475467,0.6923076923076923,1,10
102156,0,0,0,10
102159,0.6134284280864849,0.5,1,10
102164,0.7790889382842405,0.375,1,10
102173,0.489938890671454,0.25,1,10
102176,0.24630238874072996,0.25,0.5,10
102177,-0,0,0,0
102185,0.3734870761500326,0.3125,0.25,10
102191,0.31879392588472627,0.1875,0.5,9
102192,0.11360070423970328,0.06666666666666667,0.125,10
102200,0.21260923656925967,0.14285714285714285,1,10
102201,0.6396697826619641,0.3125,1,10
102203,-0,0,0,0
102215,-0,0,0,0
102221,0.11358538324453456,0.125,0.1111111111111111,10
102222,0,0,0,10
102224,0.800693766409882,0.4375,1,10
102226,0.24890832702259458,0.125,0.5,10
102229,0.5196575323691327,0.2727272727272727,1,10
102230,0.45218773092690273,0.2727272727272727,1,10
102234,0.489938890671454,0.5,1,10
102238,0,0,0,10
102240,0.5905760489948395,0.3333333333333333,1,10
102242,-0,0,0,0
102246,0.03565289691690277,0,0,10
102252,0.1347578087129495,0.09090909090909091,0.14285714285714285,10
102253,0,0,0,10
102258,0,0,0,10
102260,0.35895421017163465,0.15384615384615385,1,10
102262,0,0,0,10
102263,0.7116179486056782,0.4,1,10
102265,0,0,0,1
102275,0.308383057192095,0.4166666666666667,0.25,10
102280,0.6937613565160448,0.2608695652173913,1,10
102281,0.7857917743916611,0.5,1,10
102283,-0,0,0,0
102287,0,0,0,10
102292,0.4825387500873842,0.375,0.3333333333333333,10
102294,0,0,0,10
102296,0.6084707922400721,0.36363636363636365,1,10
102297,0.6489315753318465,0.3333333333333333,1,10
102299,0,0,0,10
102304,0.29740901205864334,0.09090909090909091,1,10
102305,0.29740901205864334,0.08333333333333333,1,10
102307,0.6785038377365555,0.5,1,10
102308,0.3403963511666563,0.1111111111111111,1,10
102324,0,0,0,10
102325,0.7821808872216572,0.4,1,10
102326,0.8369256770986023,0.5,1,10
102328,0,0,0,10
102331,1,0.6666666666666666,1,10
102333,-0,0,0,0
102334,0.279901702223461,0.0625,1,10
102343,0.5375847613405781,0.1875,1,10
102344,1,0.7142857142857143,1,10
102345,0.727329844310522,0.375,1,10
102350,0.11248476194813903,0.0625,0.5,10
102354,-0,0,0,0
102358,0.4648227634645506,0.2727272727272727,1,10
102359,0.6499585627060159,0.4,1,10
102360,0.8579809428223729,0.5,1,10
102361,0.2379016308486397,0.1875,0.16666666666666666,10
102362,0.09478836436955078,0.0625,0.25,10
102369,0.6448244864271547,0.5,1,10
102375,0.35895421017163465,0.16666666666666666,1,10
102376,0,0,0,10
102386,-0,0,0,0
102393,0.9805201056238131,1,1,10
102395,0,0,0,10
102401,0,0,0,10
102402,0.2958603580505538,0.1111111111111111,1,10
102414,0.15328404170525867,0.2222222222222222,0.3333333333333333,10
102418,0,0,0,3
102419,0.6265528782685561,0.4375,1,10
102433,0,0,0,10
102435,0.8611375561264454,0.5625,1,10
102436,0.4556051495874604,1,0.2,10
102441,0.5029165480782185,0.4,1,10
102446,0.8959590319849099,0.8888888888888888,1,10
102448,0.3301376494471202,0.125,1,10
102451,0.2300510610426737,0.0625,1,10
102465,0.29740901205864334,0.07142857142857142,1,10
102469,0.5136240535264184,0.23076923076923078,1,10
102471,0.7582378528772369,0.6666666666666666,1,10
102477,0.8900917305098635,0.6,1,10
102482,-0,0,0,0
102484,0.5829485244140089,0.625,0.5,10
102487,-0,0,0,0
102488,0,0,0,10
102490,1,1,1,10
102492,-0,0,0,0
102507,0.6172839611614817,0.5,1,10
102519,0,0,0,10
102520,-0,0,0,0
102531,0.22009176629808014,0.0625,1,10
102538,0.3546717849523194,0.2,1,2
102543,1,0.625,1,10
102558,0.6364741801035538,0.375,1,10
102560,-0,0,0,0
102561,0,0,0,2
102562,0.22009176629808014,0.0625,1,10
102569,0.7315449642824574,0.5384615384615384,1,10
102570,0,0,0,10
102571,0.5216414792035848,0.1875,1,10
102580,0.07336392209936005,0.06666666666666667,0.14285714285714285,10
102587,0,0,0,10
102589,0,0,0,10
102591,0.09173721265128025,0.06666666666666667,0.16666666666666666,10
102601,0.8920547382848751,0.9,1,10
102605,0.35895421017163465,0.13333333333333333,1,10
102607,0.3381686774636725,0.25,0.5,10
102610,0.42724449526787633,0.3125,0.5,10
102625,0,0,0,10
102628,0,0,0,10
102631,0,0,0,10
102634,-0,0,0,0
102643,0.22009176629808014,0.0625,1,10
102654,0.20483424751859086,0.05263157894736842,0.3333333333333333,10
102660,0.22082856303278728,0.075,0.2,10
102662,0.20483424751859086,0.125,0.3333333333333333,10
102665,0.06625422345438903,0.0625,0.1111111111111111,10
102674,0.1884441521277154,0.125,0.3333333333333333,10
102684,0.31204907722178066,0.23076923076923078,0.5,6
102685,0.24890832702259458,0.125,0.5,10
102686,0.7235363715646619,0.8,1,10
102688,0,0,0,10
102689,0.6086182388744238,0.3125,1,10
102690,0.6788558799922776,0.38461538461538464,1,10
102692,0,0,0,2
102693,0,0,0,10
102697,0,0,0,10
102699,0.15850703974098104,0.125,0.2,10
102701,0.20827328063201606,0.1875,0.16666666666666666,10
102703,0,0,0,10
102705,0,0,0,10
102706,0.5631102580041938,0.3125,1,10
102710,0,0,0,10
102712,0.7885497208855956,0.4375,1,10
102713,0.5541432109622957,0.26666666666666666,1,10
102721,0,0,0,10
102723,0,0,0,10
102724,0.07336392209936005,0.0625,0.14285714285714285,10
102728,0,0,0,10
102729,0,0,0,10
102732,0,0,0,10
102736,0,0,0,10
102740,0.22044053267486038,0.3333333333333333,0.14285714285714285,10
102742,0.8000460734455755,0.6,1,10
102746,0,0,0,3
102751,-0,0,0,0
102753,0.5266128295913879,0.5,0.5,10
102755,0.26187874575569087,0.1875,0.5,10
102756,0.6851198693323689,0.7272727272727273,0.5,10
102758,-0,0,0,0
102765,0.789651367602328,0.4666666666666667,1,10
102767,0.553731377871312,0.375,1,10
102771,0.37832397911867593,0.2,0.5,10
102774,0.5407153339336951,0.5,1,10
102776,0.9200326865267714,0.5625,1,10
102777,0.949085677042478,0.9,1,10
102793,0.5325693733088176,0.4444444444444444,1,10
102796,0.29003354192483605,0.25,0.25,10
102812,0.8701249883466592,0.5333333333333333,1,10
102815,0.26758011768212336,0.125,1,10
102819,0.503150297935451,0.2,1,10
102823,0.5599332595218056,0.3125,1,10
102833,0,0,0,10
102834,0.42049964660493067,0.35714285714285715,0.5,10
102847,1,0.7142857142857143,1,10
102851,0,0,0,10
102854,0.3060115778056325,0.2,0.3333333333333333,10
102858,0.13698471029831175,0.125,0.14285714285714285,10
102859,0.9102464554748231,0.5625,1,10
102865,0.06625422345438903,0.0625,0.1111111111111111,10
102874,0.7948833326720564,0.5333333333333333,1,10
102877,0.9510907186004267,0.6428571428571429,1,10
102882,0,0,0,5
102885,0.2837125544970318,0.06060606060606061,1,10
102895,0,0,0,10
102898,-0,0,0,0
102899,0.8165901947515998,0.5,1,10
102904,0.7885497208855956,0.5384615384615384,1,10
102905,1,0.625,1,10
102908,0.4963932973953009,0.375,0.3333333333333333,10
102914,0,0,0,10
102921,0,0,0,10
102924,0,0,0,10
102930,0.6772733739526907,0.375,1,10
102937,0.3684548891580317,0.13333333333333333,1,4
102942,0.447029639070373,0.25,1,10
102952,0.933745776545611,0.6923076923076923,1,10
102956,0.857673669302587,0.4375,1,10
102971,0.07730350643290392,0.0625,0.1,10
102972,0.36792125721353275,0.1875,1,10
102978,1,0.625,1,10
102979,0.7530215460689473,0.5555555555555556,1,5
102980,0.8651923663606461,0.34782608695652173,1,10
102982,0,0,0,10
102986,0.09478836436955078,0.0625,0.25,10
102989,0.09478836436955078,0.0625,0.25,10
102991,0.11698494741675877,0.1111111111111111,0.16666666666666666,10
102992,0,0,0,5
102993,0,0,0,10
102995,0,0,0,10
102996,0,0,0,10
102999,0.41764962119026383,0.1875,1,10
103005,0,0,0,10
103013,0.5626475208496899,0.4666666666666667,0.3333333333333333,10
103015,0.5123555329197821,0.4,0.5,10
103017,0.27282351819770073,0.1875,0.3333333333333333,10
103021,0,0,0,10
103025,0.31833954895937183,0.1875,0.5,10
103029,1,0.6666666666666666,1,10
103031,0,0,0,10
103034,0.3321737110889728,0.25,0.3333333333333333,10
103044,0,0,0,10
103049,0,0,0,9
103050,0,0,0,10
103053,0.32776097292662437,0.25,0.25,10
103054,0.1982726747057622,0.09090909090909091,1,10
103059,0.5321923362337085,0.25,1,10
103068,0,0,0,10
103089,0.5043226643764179,0.4,1,10
103090,0.3570764765963919,0.1875,1,10
103094,-0,0,0,0
103099,-0,0,0,0
103102,-0,0,0,0
103106,0.12808708965342477,0.0625,0.25,10
103111,0,0,0,10
103112,0.1388624438735545,0.07142857142857142,0.5,10
103113,0,0,0,10
103120,1,0.6666666666666666,1,10
103130,0.14588900179744113,0.2,0.14285714285714285,10
103138,0.4443070175133393,0.23809523809523808,0.3333333333333333,10
103142,1,0.625,1,10
103147,-0,0,0,0
103148,-0,0,0,0
103153,-0,0,0,0
103154,0,0,0,5
103155,0.3179563688323755,0.25,0.5,10
103184,0.33198435734354803,0.14285714285714285,1,10
103190,0,0,0,10
103201,0.4888292218249754,0.25,1,10
103203,0,0,0,10
103205,0.20511666732794356,0.18181818181818182,0.5,10
103206,0.20927226976888424,0.125,0.3333333333333333,10
103219,1,0.8333333333333334,1,10
103233,0,0,0,10
103234,0,0,0,10
103236,0.06625422345438903,0.0625,0.1111111111111111,10
103242,0.4690000933206747,0.21428571428571427,1,10
103244,0.524648928407747,0.2857142857142857,1,10
103247,0.1952690126921057,0.125,0.5,10
103248,0.6442227883107534,0.5384615384615384,0.5,10
103249,0.6489315753318465,0.3125,1,10
103254,0,0,0,10
103255,0,0,0,10
103259,-0,0,0,0
103263,0.4530643748551538,0.25,1,10
103306,0,0,0,10
103307,0,0,0,10
103311,0.3874365156088697,0.18181818181818182,1,10
103315,0.07839826897867533,0.025,0.16666666666666666,10
103331,0.3301376494471202,0.125,1,10
103371,0.5215784827120726,0.375,0.5,10
103372,0.07336392209936005,0.07692307692307693,0.14285714285714285,10
103376,0.4000232483092519,0.1875,1,10
103381,0,0,0,10
103393,0,0,0,10
103395,-0,0,0,0
103397,0.6282812906925691,0.15,1,10
103401,0.22009176629808014,0.03571428571428571,1,1
103404,0,0,0,10
103406,0.09478836436955078,0.0625,0.25,10
103407,0.26845503571754253,0.08571428571428572,0.3333333333333333,10
103410,0.4554327452915171,0.2857142857142857,1,10
103417,-0,0,0,0
103418,-0,0,0,0
103421,0.04241385879930114,0.06666666666666667,0.1,10
103428,0.053939824626203954,0.0625,0.1,10
103429,0,0,0,10
103430,0.05226551265245022,0.0625,0.16666666666666666,10
103431,0,0,0,10
103434,0,0,0,10
103442,0.11004588314904007,0.0625,0.3333333333333333,10
103443,0,0,0,10
103447,0.7196548917423647,0.375,1,10
103448,0,0,0,10
103450,0.7510916729774053,0.6666666666666666,1,10
103460,0.4755134108426828,0.08571428571428572,1,7
103461,0.417387424060141,0.23076923076923078,1,10
103465,0.30673474805689827,0.13333333333333333,1,10
103470,0.27547201582192754,0.07142857142857142,1,10
103480,0.1467278441987201,0.02702702702702703,1,10
103481,0,0,0,10
103490,0.2560956285453115,0.2222222222222222,0.5,10
103492,0.4312130497279778,0.3125,0.3333333333333333,10
103494,0.2934556883974402,0.11764705882352941,1,10
103500,0.7749315318280786,0.4375,1,10
103505,0,0,0,10
103523,0.4440973278132556,0.1875,1,10
103539,0,0,0,10
103549,0,0,0,10
103567,-0,0,0,0
103570,0,0,0,10
103577,0.07336392209936005,0.0625,0.14285714285714285,10
103582,0.2357541930550393,0.1,1,10
103588,0.11004588314904007,0.06666666666666667,0.3333333333333333,10
103589,0.11004588314904007,0.06666666666666667,0.3333333333333333,10
103595,0.07336392209936005,0.0625,0.14285714285714285,10
103600,0,0,0,10
103608,0.14514605925250643,0.09090909090909091,0.5,10
103612,0,0,0,10
103614,0,0,0,10
103615,0.17506039908830096,0.18181818181818182,0.2,10
103618,0,0,0,5
103620,0,0,0,10
103621,0.11004588314904007,0.0625,0.3333333333333333,10
103623,0,0,0,10
103624,0.1177322080053865,0.06666666666666667,0.5,10
103628,0,0,0,10
103632,0.22082856303278728,0.2,0.2,10
103648,0.2578753740644927,0.1875,0.3333333333333333,10
103653,0.48533041909127933,0.6666666666666666,0.25,10
103666,0,0,0,10
103677,0,0,0,10
103679,0.1388624438735545,0.025,0.5,10
103683,0,0,0,10
103684,0.15336737402844913,0.1,1,10
103696,0.07336392209936005,0.0625,0.14285714285714285,10
103700,0.5344281285215616,0.35714285714285715,1,10
103701,0,0,0,10
103705,0.09448730548047111,0.16666666666666666,0.1111111111111111,10
103706,0.23504554941448536,0.1111111111111111,1,10
103709,0.0636207881989517,0.0625,0.1,10
103710,0.07839826897867533,0.06666666666666667,0.16666666666666666,10
103711,0,0,0,10
103712,0.06243697865825647,0.0625,0.2,10
103714,0.06943122193677725,0.0625,0.125,10
103715,0,0,0,10
103717,0.6488353750151826,0.5,1,10
103722,0,0,0,10
103727,0.7019727018777484,0.5,1,10
103728,0.3149608464566687,0.1875,1,10
103747,0.3431215558595395,0.36363636363636365,0.5,10
103749,0.0636207881989517,0.0625,0.1,10
103754,0,0,0,10
103755,0,0,0,10
103769,0.06943122193677725,0.0625,0.125,10
103771,0.2998138188876298,0.2,1,10
103774,0.1695341841559524,0.2,0.5,10
103778,0,0,0,10
103783,0.3932783996463063,0.21428571428571427,1,10
103794,0.15139734109601002,0.125,0.2,10
103796,0.23517478039115222,0.25,0.25,10
103799,0,0,0,10
103801,0.31082564503837423,0.21428571428571427,0.5,10
103803,0,0,0,10
103806,0.1668079615767874,0.13333333333333333,0.3333333333333333,10
103809,0,0,0,10
103816,0,0,0,10
103821,0.1931594100070998,0.25,0.2,10
103822,0,0,0,10
103824,0.0636207881989517,0.0625,0.1,10
103826,0.34369669139214537,0.1875,0.5,10
103829,0.8572048559638626,0.5,1,10
103832,0,0,0,10
103842,0.7917063341896682,0.5,1,10
103843,0,0,0,10
103847,0.658979398485006,0.375,1,10
103848,1,0.625,1,10
103851,0.46270962158308354,0.10810810810810811,1,10
103857,0.3233539836254301,0.25,0.3333333333333333,10
103860,0.09478836436955078,0.06666666666666667,0.25,10
103870,0.17366667134799177,0.030303030303030304,0.3333333333333333,10
103875,0.08623628983735337,0.0625,0.16666666666666666,10
103878,0.2984900352767555,0.125,1,10
103880,0.2984900352767555,0.125,1,10
103881,0.41320541532308547,0.2631578947368421,0.3333333333333333,10
103884,0.5266128295913879,0.375,0.5,10
103889,0,0,0,10
103892,0.2832325164972662,0.1875,0.3333333333333333,10
103902,0.6575684939154073,0.45454545454545453,1,10
103904,0.08514311764162098,0.023809523809523808,0.2,10
103909,0.09478836436955078,0.0625,0.25,10
103910,0.2336508082431053,0.125,0.5,10
103912,0,0,0,10
103915,0.12808708965342477,0.09090909090909091,0.25,8
103923,0.12987501165334073,0.125,0.1111111111111111,10
103925,0,0,0,10
103941,0.8580685481773537,0.5333333333333333,1,10
103944,0.42271261202948995,0.2,1,5
103952,0.5017289690294563,0.3125,1,10
103962,0,0,0,10
103970,0.08514311764162098,0.09090909090909091,0.2,10
103976,-0,0,0,0
103983,0.2874476364692017,0.25,0.16666666666666666,10
103984,0.25967457165153096,0.1875,0.5,10
103987,0.24890832702259458,0.125,0.5,3
104003,0.06625422345438903,0.06666666666666667,0.1111111111111111,10
104014,0.09478836436955078,0.06666666666666667,0.25,10
104016,0.6489315753318465,0.3125,1,10
104024,0,0,0,10
104028,0,0,0,2
104034,0.1467278441987201,0.027777777777777776,1,10
104039,0.11004588314904007,0.0625,0.3333333333333333,10
104040,0.06943122193677725,0.02857142857142857,0.125,10
104047,1,0.6666666666666666,1,10
104050,0,0,0,10
104051,0.38113435412201996,0.2,1,10
104054,0.7510916729774053,0.2857142857142857,1,10
104069,0.9537125187088151,0.3333333333333333,1,10
104078,0.7968272611437784,0.4666666666666667,1,10
104084,0.5201260947073776,0.2857142857142857,1,10
104087,0,0,0,10
104092,0.35436836969378327,0.2857142857142857,0.3333333333333333,10
104097,0.26742619438551957,0.0625,1,10
104102,0.4440973278132556,0.075,1,10
104114,0,0,0,10
104116,0,0,0,10
104117,0.07336392209936005,0.0625,0.14285714285714285,10
104138,0,0,0,10
104141,0,0,0,10
104150,0.45532425925768355,0.3125,0.5,10
104151,0.15850703974098104,0.05714285714285714,0.2,10
104152,0,0,0,10
104153,0.2710884709729799,0.1875,0.3333333333333333,10
104156,0.2877217525130495,0.25,0.25,10
104157,0.8572048559638626,0.5,1,10
104161,1,0.6666666666666666,1,10
104172,0,0,0,6
104175,0,0,0,10
104176,0,0,0,10
104182,0.35895421017163465,0.125,1,10
104185,0.299586732626449,0.23076923076923078,1,10
104186,0.2024832320725062,0.125,0.5,10
104188,0.7474845692754816,0.4375,1,10
104192,0.24630238874072996,0.25,0.5,10
104195,0.22009176629808014,0.0625,1,10
104197,0,0,0,10
104202,0,0,0,10
104204,0,0,0,10
104212,0,0,0,10
104225,0.5271341073823443,0.6666666666666666,1,10
104231,0,0,0,1
104235,-0,0,0,0
104238,0,0,0,4
104248,0.3052348839397011,0.13333333333333333,1,10
104254,0.0636207881989517,0.0625,0.1,10
104255,0,0,0,10
104256,0.2934556883974402,0.125,1,10
104261,0.42462970286692514,0.2,1,10
104265,0.7221793559191777,0.225,0.5,10
104285,0.5019077374288707,0.375,1,10
104293,0.6968404678259544,0.375,1,10
104295,0,0,0,10
104300,0.3063365306564336,0.36363636363636365,0.2,10
104311,0.14201905717762703,0.125,0.16666666666666666,10
104313,0.4412851793128928,0.25,1,10
104318,0,0,0,10
104322,0.46158906992086357,0.3125,0.5,10
104326,-0,0,0,0
104329,0.6489315753318465,0.38461538461538464,1,5
104334,1,0.625,1,10
104335,0,0,0,10
104343,0.8140240160860562,0.4375,1,10
104345,0.8701249883466592,0.20512820512820512,1,10
104351,0.7799082337019198,0.5625,0.5,10
104352,0.5009883901072308,0.25,1,10
104369,0,0,0,10
104375,0,0,0,10
104376,0,0,0,10
104380,0.5208608031906568,0.3333333333333333,1,4
104385,0.7702043899253145,0.4375,1,10
104397,0,0,0,10
104399,0,0,0,10
104401,0,0,0,10
104404,0.7568663274087005,0.6,1,10
104406,0.47293279348325756,0.36363636363636365,1,10
104413,0,0,0,2
104432,0.8611375561264454,0.75,1,10
104436,0,0,0,10
104438,0.4885468020156227,0.25,1,10
104442,0,0,0,5
104446,0,0,0,10
104448,0.6334982227809455,0.7142857142857143,0.5,10
104454,0,0,0,10
104459,0.14876390584057267,0.13333333333333333,0.2,10
104460,0,0,0,10
104461,0.5637884576902256,0.0975609756097561,1,10
104462,1,1,1,10
104464,0.3398414932237254,0.26666666666666666,0.3333333333333333,10
104465,0.07839826897867533,0.03125,0.16666666666666666,10
104470,0,0,0,10
104473,0.15139734109601002,0.125,0.2,10
104477,0.2984900352767555,0.05,1,10
104485,0.9316277775573522,0.2702702702702703,1,10
104490,0,0,0,4
104493,-0,0,0,0
104494,-0,0,0,0
104495,0,0,0,10
104505,-0,0,0,0
104506,-0,0,0,0
104508,0,0,0,1
104512,0,0,0,10
104513,0,0,0,10
104515,0,0,0,9
104530,-0,0,0,0
104542,-0,0,0,0
104545,0,0,0,1
104556,0,0,0,1
104557,0.22009176629808014,0.0625,1,1
104559,0,0,0,2
104560,0.15716946203669288,0.1,1,1
104566,-0,0,0,0
104571,1,0.625,1,10
104577,0,0,0,8
104579,0,0,0,9
104585,0.22009176629808014,0.0625,1,10
104591,0.42959551071396096,0.3333333333333333,0.3333333333333333,10
104592,-0,0,0,0
104600,0.8549633681356527,0.2777777777777778,1,10
104604,0,0,0,10
104607,0,0,0,4
104610,0,0,0,10
104620,0,0,0,7
104623,0,0,0,10
104627,0,0,0,10
104628,0,0,0,1
104632,0,0,0,6
104636,0,0,0,10
104637,0,0,0,4
104641,0,0,0,10
104656,0.1584091525685025,0.125,0.25,10
104657,0.32730659600126993,0.21428571428571427,0.5,10
104658,0,0,0,10
104667,0.1356854453911663,0.14285714285714285,0.125,10
104675,0,0,0,1
104681,0.7385158985806739,0.7272727272727273,0.5,10
104682,0.31833954895937183,0.1875,0.5,10
104683,0.29740901205864334,0.07142857142857142,1,10
104701,0,0,0,10
104702,0.22009176629808014,0.09090909090909091,1,10
104703,0.38121301394452073,0.2857142857142857,1,10
104709,0,0,0,7
104711,0,0,0,10
104716,-0,0,0,0
104717,0,0,0,10
104724,-0,0,0,0
104725,-0,0,0,0
104726,0.6835432521410663,0.4375,1,10
104729,0.8114908477519551,0.5,1,10
104730,0.8190747899629893,0.6153846153846154,1,10
104733,0.4595027459687517,0.3,1,10
104736,0,0,0,10
104749,0,0,0,10
104753,0,0,0,10
104760,0.4638092602715122,0.21428571428571427,1,10
104764,0.788554066778107,0.5,1,10
104766,0.92663607790064,0.5625,1,10
104772,0.7281359151335686,0.5,1,10
104773,0.3063365306564336,0.25,0.2,10
104776,0.3830900190455522,0.5,0.2,10
104782,0.34369669139214537,0.1875,0.5,10
104783,0,0,0,1
104786,0,0,0,10
104788,0.1884441521277154,0.125,0.3333333333333333,10
104789,0.28088150105118154,0.21428571428571427,0.5,10
104790,0,0,0,1
104791,0.6996664230165877,0.18421052631578946,1,10
104793,0.3110795869444057,0.1875,0.5,10
104799,0.6901935063354874,0.4,1,10
104805,0.4291411337886065,0.25,1,10
104834,0.4341754806679218,0.25,1,10
104836,0.2941924851321473,0.25,0.2,10
104845,0.31691619230948354,0.25,0.25,10
104858,0.5498005816393611,0.1875,1,3
104860,1,0.625,1,10
104861,0.9537125187088151,0.6666666666666666,1,10
104865,0.20483424751859086,0.125,0.3333333333333333,10
104871,0,0,0,10
104875,0.27267015568947806,0.25,0.14285714285714285,10
104876,0,0,0,10
104881,0.22009176629808014,0.0625,1,10
104885,0.7721596254947202,0.4375,1,10
104886,0.10345457402608846,0.1,0.2,10
104893,0,0,0,4
104894,0.08514311764162098,0.0625,0.2,10
104899,0.31707418618435657,0.2857142857142857,0.5,10
104903,0,0,0,10
104911,0.09478836436955078,0.08333333333333333,0.25,10
104918,0.09478836436955078,0.045454545454545456,0.25,10
104925,0.3976722328631673,0.25,0.5,10
104929,0.24719347973735914,0.25,0.2,10
104930,0.24890832702259458,0.125,0.5,10
104939,0.7183627972686238,0.375,1,10
104940,0.16354138662029633,0.125,0.2,10
104946,0,0,0,10
104947,0.08194584134522671,0.1,0.16666666666666666,10
104948,0.9768562593544076,0.625,1,10
104953,0,0,0,10
104961,0,0,0,10
104968,0,0,0,10
104973,0.07336392209936005,0,0,10
104984,0,0,0,10
105001,0.3668007055513128,0.26666666666666666,0.5,10
105009,0,0,0,8
105012,0.35895421017163465,0.13333333333333333,1,10
105018,0,0,0,10
105019,0.08514311764162098,0.047619047619047616,0.2,10
105023,0,0,0,10
105029,0,0,0,10
105038,0.3301376494471202,0.125,1,10
105042,0,0,0,10
105044,0,0,0,9
105048,-0,0,0,0
105050,0.24966402870278917,0.21428571428571427,0.3333333333333333,10
105056,0.2816575879096918,0.2,0.5,10
105058,0.11004588314904007,0.07692307692307693,0.3333333333333333,10
105065,0.35106842466815336,0.35714285714285715,0.16666666666666666,10
105071,-0,0,0,0
105084,0.5002875276852252,0.36363636363636365,1,10
105088,0.33405144466421555,0.1875,0.5,10
105090,0.1388624438735545,0.06666666666666667,0.5,10
105106,0,0,0,10
105108,0.06943122193677725,0.0625,0.125,10
105114,0.3714891073940902,0.09375,1,10
105116,0.2629929692100511,0.1875,0.25,10
105118,0.9464004029551654,0.625,1,10
105120,0.6131179442737165,0.5714285714285714,1,10
105130,0,0,0,10
105131,0,0,0,10
105133,0,0,0,10
105138,0.08514311764162098,0.07142857142857142,0.2,10
105142,0.6301653161143503,0.4,1,4
105159,0.07336392209936005,0.09090909090909091,0.14285714285714285,10
105164,0.31879392588472627,0.1875,0.5,10
105170,0.0636207881989517,0.029411764705882353,0.1,10
105171,0,0,0,10
105181,0.5009732673492617,0.25,1,10
105192,0.0728781195196487,0.0625,0.1111111111111111,10
105194,-0,0,0,0
105195,0,0,0,10
105205,0,0,0,10
105210,1,0.625,1,10
105211,-0,0,0,0
105238,0.8603818544462509,0.21621621621621623,1,10
105239,0.39356081945565896,0.25,0.5,10
105246,0.2583297509898471,0.1875,0.25,10
105261,1,1,1,10
105283,0.4066392799050654,0.3125,0.3333333333333333,10
105293,0.3125291152215463,0.25,0.5,10
105294,1,0.2857142857142857,1,10
105297,0.4096161815539304,0.2,1,10
105303,0,0,0,10
105314,0.78180487222265,0.4666666666666667,1,10
105317,0.3005260969186081,0.25,0.2,10
105322,0.6928695627682528,0.375,1,10
105325,1,1,1,10
105329,0,0,0,10
105336,0.12301630188213636,0.125,0.2,10
105337,-0,0,0,0
105349,0.9755453593002132,0.25,1,10
105354,0.8533973163653935,0.7142857142857143,1,10
105355,0.03159612145651692,0,0,10
105356,0.03159612145651692,0,0,10
105363,0.7711850326349617,0.42857142857142855,1,10
105376,-0,0,0,0
105379,0.18764419468809046,0.07692307692307693,0.5,10
105383,0,0,0,10
105385,0,0,0,10
105389,0.3636237070689246,0.25,0.5,10
105394,0,0,0,10
105402,0.36885567213865283,0.07692307692307693,1,10
105408,0.5426782540125368,0.4,1,10
105416,0,0,0,10
105420,0.6363267294448245,0.25,1,10
105425,0,0,0,1
105428,0.4011248950259844,0.3125,0.25,10
105436,0,0,0,4
105437,0.1982726747057622,0.0625,1,10
105442,0.6812060741152737,0.4666666666666667,1,10
105445,0,0,0,6
105450,0.023143740645592423,0,0,10
105458,0.2984900352767555,0.125,1,10
105462,0.18764419468809046,0.09090909090909091,0.5,10
105471,0.35895421017163465,0.125,1,4
105473,0.3052348839397011,0.047619047619047616,1,10
105479,0.9303689568821905,0.391304347826087,1,10
105483,0.5637884576902256,0.14285714285714285,1,4
105485,0.727329844310522,0.375,1,10
105487,0,0,0,1
105499,1,0.625,1,10
105502,0.7027284035579429,0.4666666666666667,1,10
105504,-0,0,0,0
105511,-0,0,0,0
105522,0.39940634762943217,0.3125,0.25,10
105524,0.279901702223461,0.0625,1,2
105528,0.3562071871080222,1,0.16666666666666666,10
105536,0.4072714386022689,0.5,0.5,10
105542,0.933745776545611,0.5625,1,10
105543,0.43447685454500645,0.1875,1,10
105559,0,0,0,10
105571,0,0,0,10
105574,1,0.6666666666666666,1,10
105578,0.4441718626302019,0.25,1,10
105582,-0,0,0,0
105583,0.6178314643845652,0.375,1,10
105584,0.7756799401354039,0.6666666666666666,1,10
105586,0.1388624438735545,0.03125,0.5,10
105594,0.6149518506608846,0.375,1,10
105595,0.14876390584057267,0.05405405405405406,0.2,10
105598,0.6442227883107534,0.20588235294117646,0.5,10
105609,0.4690000933206747,0.1875,1,7
105627,0.5528957440478057,0.7142857142857143,0.5,10
105632,0.5426733272972645,0.5555555555555556,1,10
105647,0,0,0,2
105649,0.4915261823075979,0.125,0.5,10
105654,0.9065215932880603,0.625,1,10
105665,0.5056427642465516,0.375,0.5,10
105671,0.3557772116892464,0.08108108108108109,1,10
105674,0.6718090637849978,0.45454545454545453,1,10
105701,0.5105046529689328,0.12903225806451613,1,10
105703,0.0636207881989517,0.06666666666666667,0.1,10
105710,0.21726071285222984,0.125,0.5,10
105715,0.07336392209936005,0.06666666666666667,0.14285714285714285,10
105719,0.26742619438551957,0.07142857142857142,1,1
105721,0.4011248950259844,0.125,0.25,10
105722,0.5988751049740154,0.3125,1,10
105723,0.6861294264988879,0.375,1,10
105727,0.6199462085736674,0.2857142857142857,1,10
105728,0.8358912271816661,0.75,1,10
105731,0,0,0,10
105737,0.15457433957839825,0.125,0.2,10
105738,0.07839826897867533,0.0625,0.16666666666666666,10
105740,0.5348441690519455,0.4,1,10
105745,-0,0,0,0
105747,0.2575262820077602,0.1875,0.3333333333333333,10
105758,0.1388624438735545,0.06666666666666667,0.5,10
105765,0,0,0,10
105769,0.2837125544970318,0.13333333333333333,1,10
105773,0,0,0,10
105774,0.33774013217775467,0.10256410256410256,0.5,10
105781,0,0,0,10
105782,0.8701249883466592,0.5,1,10
105783,0.4220949603708207,0.2857142857142857,0.5,10
105787,0.09257496258236969,0.0625,0.5,10
105795,0,0,0,10
105798,0.07336392209936005,0.06666666666666667,0.14285714285714285,10
105800,0,0,0,10
105802,0,0,0,10
105805,0,0,0,10
105820,0.6301653161143503,0.26666666666666666,1,10
105822,-0,0,0,0
105824,0.06943122193677725,0.0625,0.125,10
105827,0.09478836436955078,0.0625,0.25,10
105833,0,0,0,10
105850,0.06943122193677725,0.045454545454545456,0.125,10
105855,0.11004588314904007,0.06666666666666667,0.3333333333333333,10
105857,0,0,0,10
105858,0,0,0,10
105859,0,0,0,10
105861,0.08514311764162098,0.06666666666666667,0.2,10
105867,0.44168491303869717,0.1875,1,10
105877,0.1388624438735545,0.0625,0.5,10
105878,0.4099509148465344,0.26666666666666666,0.5,10
105891,0.2742654694553681,0.07692307692307693,0.3333333333333333,10
105894,0,0,0,10
105899,0.2837125544970318,0.15384615384615385,1,10
105900,0.35895421017163465,0.2,1,10
105903,0,0,0,10
105905,0.32195053918879885,0.25,0.25,10
105910,0,0,0,10
105914,0.09478836436955078,0.07142857142857142,0.25,10
105923,0.06943122193677725,0.03333333333333333,0.125,10
105925,0,0,0,10
105944,0.2298401750281299,0.1111111111111111,1,10
105964,0.06943122193677725,0.04,0.125,10
105966,0.2336508082431053,0.125,0.5,10
105974,0.24890832702259458,0.125,0.5,10
105975,0,0,0,10
105977,0.07336392209936005,0.0625,0.14285714285714285,10
105990,0.06625422345438903,0.0625,0.1111111111111111,10
105997,0,0,0,10
106000,0.4361533373077281,0.18181818181818182,1,10
106018,0.601478309969242,0.5,1,10
106019,0.08514311764162098,0.0625,0.2,10
106023,0.8984942046855467,0.7777777777777778,1,10
106026,-0,0,0,0
106028,0.7136686080525688,0.35,1,10
106035,0,0,0,10
106036,0,0,0,10
106042,0,0,0,10
106046,0,0,0,10
106048,0.22009176629808014,0.06666666666666667,1,10
106050,0,0,0,10
106052,0,0,0,10
106054,0,0,0,10
106061,0,0,0,10
106067,0,0,0,10
106069,0,0,0,10
106080,0.29930333095084405,0.13333333333333333,1,10
106084,0.2336508082431053,0.125,0.5,10
106089,0,0,0,10
106090,0,0,0,10
106093,0.31833954895937183,0.1875,0.5,10
106097,0,0,0,10
106103,0.5744100400547356,0.3333333333333333,1,10
106107,0.17366667134799177,0.125,0.3333333333333333,10
106109,0,0,0,10
106112,0.2520649403266671,0.1875,0.3333333333333333,10
106113,0.5739723394665964,0.125,1,10
106114,0.7289130805032855,0.625,1,10
106116,0.15139734109601002,0.125,0.2,10
106117,0.0636207881989517,0.07142857142857142,0.1,10
106118,0.32412959751888165,0.25,0.3333333333333333,10
106123,0.7039180890341347,0.5,1,10
106127,0.570503285786198,0.4375,0.5,10
106130,-0,0,0,0
106135,0.6812060741152737,0.28,1,10
106137,0.1427951440361373,0.125,0.14285714285714285,10
106141,0.09478836436955078,0.02564102564102564,0.25,10
106146,0,0,0,10
106148,0,0,0,10
106152,0.1122721418777878,0.125,0.3333333333333333,10
106156,0.4252084336260237,0.08333333333333333,1,10
106157,0.06943122193677725,0.0625,0.125,10
106161,0,0,0,10
106166,0.22009176629808014,0.0625,1,10
106169,0,0,0,10
106172,0,0,0,10
106173,0,0,0,10
106179,0,0,0,10
106182,0,0,0,10
106183,0,0,0,10
106185,0.4866706255184209,0.25,1,10
106187,0.07336392209936005,0.0625,0.14285714285714285,10
106190,0.3347092591719316,0.2857142857142857,0.3333333333333333,10
106191,0.7713767478340385,0.32,1,10
106205,0.8983422658236841,0.625,1,10
106207,0.22009176629808014,0.0625,1,10
106218,0.7503359712972107,0.4375,1,10
106221,0,0,0,10
106235,0.06943122193677725,0.0625,0.125,10
106243,0.4477345226129469,0.3125,0.5,10
106276,0.914856882358379,0.8181818181818182,1,10
106287,0,0,0,10
106288,-0,0,0,0
106294,0.19112795652600473,0.05128205128205128,0.5,10
106296,0,0,0,10
106298,0,0,0,1
106300,0.5698664345004878,0.25,1,3
106302,0,0,0,10
106308,0.5074846245760625,0.6,1,10
106311,0.9197207891481876,1,1,10
106318,0.5631102580041938,0.3125,1,10
106319,0.7393325031956456,0.225,1,10
106327,0.8525616864755696,0.20454545454545456,1,10
106332,0.2934556883974402,0.125,1,10
106340,0.5684579545875155,0.14285714285714285,0.5,10
106345,0.42883980903376634,0.3076923076923077,0.5,10
106350,0,0,0,3
106354,0,0,0,10
106355,0,0,0,10
106358,0.09478836436955078,0.02857142857142857,0.25,10
106362,0.6648392244465007,0.38461538461538464,1,10
106367,0.09478836436955078,0.0625,0.25,7
106375,0.14465249243306438,0.2,0.16666666666666666,10
106377,0,0,0,10
106378,0,0,0,10
106382,0,0,0,10
106387,0.3149739922545288,0.18181818181818182,1,10
106389,0.14465249243306438,0.08695652173913043,0.16666666666666666,10
106393,0.2895229882348574,0.15384615384615385,1,10
106404,0.16354138662029633,0.125,0.2,10
106406,0.3009227163652773,0.1875,1,10
106433,0.6190305915201614,0.375,1,10
106434,0.38818246147833363,0.13333333333333333,1,10
106439,0.8563136313271654,0.6153846153846154,1,10
106443,0.5637884576902256,0.11428571428571428,1,4
106445,0.7849818707050382,0.4375,1,10
106451,0,0,0,10
106452,0.49828993591603105,0.25,1,10
106457,0.20511666732794356,0.125,0.5,10
106458,0.39873915876395294,0.2,1,10
106459,0,0,0,5
106460,0.5375999779250833,0.4444444444444444,1,10
106462,0.6823655209338156,0.4666666666666667,1,10
106465,0.5546943123419679,0.3333333333333333,1,10
106470,0,0,0,9
106472,0.08514311764162098,0.0625,0.2,10
106480,0.08514311764162098,0.0625,0.2,10
106487,0.653146695303782,0.375,1,10
106488,0.420217226795578,0.3125,0.3333333333333333,10
106493,0.0636207881989517,0.0625,0.1,10
106495,0.1610425878239398,0.125,0.25,10
106503,0.07839826897867533,0.0625,0.16666666666666666,10
106506,0.06625422345438903,0.0625,0.1111111111111111,10
106507,-0,0,0,0
106508,0,0,0,10
106510,0.8383093062696512,0.2631578947368421,1,10
106513,0.7612740507878117,0.375,1,6
106517,0.7975167679274937,0.6153846153846154,1,10
106520,0,0,0,10
106525,0.11004588314904007,0.038461538461538464,0.3333333333333333,10
106526,0.54739836229935,0.25,1,10
106534,0.45650001423154074,0.125,1,10
106536,0.08562385971917216,0.125,0.1,10
106537,1,0.625,1,10
106546,0.49910637925339735,0.2,1,10
106547,0,0,0,10
106560,0.8820678949848568,0.5625,1,10
106561,-0,0,0,0
106573,0.800693766409882,0.4375,1,10
106574,0.5009732673492617,0.25,1,10
106579,0.1467278441987201,0.07692307692307693,1,10
106582,0,0,0,10
106583,-0,0,0,0
106584,0,0,0,10
106585,0,0,0,10
106587,0,0,0,7
106589,0,0,0,10
106597,0,0,0,10
106609,-0,0,0,0
106612,0.5917430276315934,0.26666666666666666,1,10
106621,0.24890832702259458,0.14285714285714285,0.5,10
106631,0.0636207881989517,0.0625,0.1,10
106637,0.06943122193677725,0.06666666666666667,0.125,10
106644,0,0,0,10
106646,0.22009176629808014,0.06666666666666667,1,10
106653,0,0,0,10
106654,0.503606702604699,0.25,1,10
106656,0,0,0,10
106661,0.22009176629808014,0.06666666666666667,1,10
106667,0.4319964223378389,0.3125,0.3333333333333333,10
106668,0.2614432242450501,0.0967741935483871,0.3333333333333333,10
106670,0.6617260407800375,0.3333333333333333,1,10
106672,0.20829077523965428,0.15384615384615385,0.25,10
106688,0.3321737110889728,0.25,0.3333333333333333,10
106690,0.13305201013572895,0.05,0.125,10
106691,0,0,0,10
106692,0,0,0,10
106694,0,0,0,10
106700,0.2475310813521633,0.375,0.16666666666666666,10
106706,-0,0,0,0
106715,0.08514311764162098,0.02631578947368421,0.2,10
106739,0,0,0,10
106756,0,0,0,10
106761,0,0,0,10
106775,-0,0,0,0
106781,0.06943122193677725,0.025,0.125,10
106785,0,0,0,10
106789,0,0,0,10
106795,-0,0,0,0
106801,-0,0,0,0
106808,0.20683985223084844,0.1875,0.2,10
106813,0,0,0,10
106816,0,0,0,10
106818,0.06625422345438903,0.0625,0.1111111111111111,10
106831,0,0,0,10
106832,0,0,0,10
106839,0.3603442994733421,0.4,0.5,10
106840,0,0,0,10
106841,0,0,0,10
106842,0.2928421337977433,0.2,1,10
106847,0.0636207881989517,0.0625,0.1,10
106856,0.4735717030454861,0.3125,0.5,10
106857,-0,0,0,0
106865,0,0,0,10
106874,0.7721596254947202,0.4375,1,10
106878,0,0,0,10
106881,-0,0,0,0
106885,-0,0,0,0
106890,0,0,0,1
106899,0,0,0,10
106902,0,0,0,10
106906,0.3291286601936645,0.05405405405405406,1,10
106907,-0,0,0,0
106916,0.5637884576902256,0.25,1,4
106926,0,0,0,6
106937,0,0,0,3
106938,0,0,0,6
106942,0,0,0,3
106955,-0,0,0,0
106956,-0,0,0,0
106960,0.17189017085234806,0.18181818181818182,0.2,10
106964,0.4163824138054737,0.3333333333333333,0.3333333333333333,10
106967,1,0.625,1,10
106970,0.6241151942084618,0.23684210526315788,0.5,10
106977,0.22009176629808014,0.0625,1,10
106986,0,0,0,10
106995,1,0.2857142857142857,1,10
106999,0.9537125187088151,0.625,1,10
107014,0,0,0,4
107015,0.35895421017163465,0.125,1,10
107020,0.5833416105149333,1,0.3333333333333333,10
107022,0.5599332595218056,0.3125,1,10
107026,0,0,0,10
107030,0,0,0,10
107039,0.23810832444078323,0.1875,0.25,10
107040,0,0,0,10
107041,0,0,0,10
107042,0,0,0,10
107045,0.378002100396839,1,0.125,10
107048,0.8796171333733009,0.2962962962962963,1,10
107053,0,0,0,10
107054,0,0,0,10
107056,0.14782949091545258,0.125,0.16666666666666666,10
107060,0,0,0,10
107061,0.8036377128140482,0.6153846153846154,1,10
107065,0,0,0,10
107071,0,0,0,10
107077,0.1982726747057622,0.0625,1,10
107081,0.6530488081313034,0.375,1,10
107082,1,0.625,1,10
107090,0,0,0,10
107095,0.43735247915031,0.1875,1,10
107099,0.35895421017163465,0.125,1,10
107106,0.8444032919122354,0.8,1,10
107110,0.7806789870618771,0.5,1,10
107129,0.22979561007468535,0.1875,0.2,10
107145,0.7219549320833372,0.175,1,10
107148,0,0,0,10
107149,0,0,0,10
107151,0,0,0,10
107152,0.08514311764162098,0.0625,0.2,10
107153,0,0,0,10
107161,0.6603286924231215,0.375,1,10
107165,0,0,0,10
107167,0,0,0,10
107172,0,0,0,2
107187,0.08514311764162098,0.0625,0.2,10
107192,0,0,0,4
107195,0,0,0,10
107205,0,0,0,10
107211,0,0,0,10
107219,0.07839826897867533,0.06666666666666667,0.16666666666666666,10
107222,0,0,0,10
107227,0,0,0,10
107231,1,0.625,1,10
107232,0.22119341301481263,0.1875,0.16666666666666666,10
107238,0.5840317379077687,0.42857142857142855,1,10
107260,0,0,0,10
107263,0,0,0,10
107265,0,0,0,2
107266,0.08514311764162098,0.0625,0.2,10
107267,0,0,0,10
107270,0.326879152783963,0.36363636363636365,0.3333333333333333,10
107271,0,0,0,10
107290,0,0,0,10
107296,0,0,0,10
107314,0.45650001423154074,0.125,1,10
107323,0,0,0,10
107326,0.6332196796270028,0.1282051282051282,1,10
107330,0.22009176629808014,0.0625,1,10
107338,0.6971916943458012,0.4375,1,10
107345,0,0,0,10
107350,0,0,0,10
107358,0.06943122193677725,0.09090909090909091,0.125,10
107359,0.1899554781668293,0.125,0.3333333333333333,10
107365,0,0,0,10
107370,0.5996943318813953,0.375,1,10
107385,0,0,0,10
107390,0,0,0,10
107391,0.17366667134799177,0.125,0.3333333333333333,10
107416,0,0,0,10
107435,0,0,0,10
107437,0,0,0,10
107474,0,0,0,10
107489,0,0,0,10
107490,0,0,0,10
107499,0.662991591198965,0.4166666666666667,1,10
107510,0.6581162266078739,0.3333333333333333,1,10
107541,0.24926098697416302,0.0625,1,10
107548,0,0,0,10
107549,0.16815228646891084,0.125,0.25,10
107555,0.7596000546511977,0.37037037037037035,1,10
107558,-0,0,0,0
107564,0.4675528554456613,0.1875,1,10
107571,0,0,0,10
107579,0.0636207881989517,0.07142857142857142,0.1,10
107591,0.4298313337784634,0.2,0.2,10
107592,1,0.625,1,10
107602,1,0.625,1,10
107614,0,0,0,10
107616,0.22009176629808014,0.08333333333333333,1,10
107625,0,0,0,10
107627,0.7631925784528221,0.175,1,10
107632,0,0,0,10
107638,0,0,0,10
107648,0.5316855913547206,0.15384615384615385,1,10
107654,0,0,0,10
107662,0.22009176629808014,0.0625,1,1
107667,0.6255980354186202,0.5454545454545454,1,10
107668,0.14782949091545258,0.13333333333333333,0.16666666666666666,10
107674,0.22009176629808014,0.0625,1,10
107679,0.11687310552101379,0.02631578947368421,0.25,10
107682,0,0,0,3
107683,0,0,0,10
107684,0.31488013066763093,0.125,1,10
107686,0,0,0,10
107688,0.18340980524840012,0.125,0.3333333333333333,10
107692,0,0,0,10
107716,0,0,0,10
107717,0.35895421017163465,0.125,1,2
107724,0.17630010660342912,0.18181818181818182,0.3333333333333333,10
107733,0.10862618464590855,0.14285714285714285,0.16666666666666666,10
107736,0,0,0,10
107739,0,0,0,10
107741,0,0,0,10
107748,0,0,0,10
107750,0,0,0,1
107752,0.48897527775571964,0.25,1,10
107753,1,0.625,1,10
107757,1,0.625,1,10
107759,1,0.7142857142857143,1,10
107764,0.7975167679274937,0.5333333333333333,1,10
107774,0.5314124697687972,0.2727272727272727,1,10
107778,0.38852647257634365,0.25,0.5,10
107789,0.268392904549786,0.13333333333333333,1,10
107790,0.15139734109601002,0.125,0.2,10
107793,0.07336392209936005,0.07142857142857142,0.14285714285714285,10
107795,0.20308081759019506,0.2857142857142857,0.5,10
107803,1,0.38461538461538464,1,10
107805,0.06943122193677725,0.0625,0.125,10
107809,0,0,0,6
107813,0,0,0,10
107816,0.8403661482374356,0.625,1,10
107826,0,0,0,10
107830,0,0,0,10
107833,0,0,0,10
107838,0.2855902880722746,0.05128205128205128,1,10
107851,0.06625422345438903,0.03333333333333333,0.1111111111111111,10
107854,0.0636207881989517,0.0625,0.1,10
107857,0,0,0,10
107859,0.6804477200307443,0.375,1,10
107860,0.20511666732794356,0.125,0.5,10
107863,0,0,0,10
107869,0.3052348839397011,0.038461538461538464,1,10
107874,0.22009176629808014,0.0625,1,10
107880,0.09525913246106908,0.1,0.16666666666666666,10
107882,-0,0,0,0
107883,0,0,0,10
107890,0,0,0,10
107891,0,0,0,10
107894,0,0,0,10
107898,0,0,0,1
107900,0.06625422345438903,0.06666666666666667,0.1111111111111111,10
107907,0.03668196104968002,0,0,10
107908,0,0,0,10
107910,0,0,0,10
107912,0.44953993212429644,0.1111111111111111,1,10
107913,0.16815228646891084,0.06666666666666667,0.25,10
107929,0.641481311339006,0.5,0.5,10
107939,0,0,0,10
107943,0.6851198693323689,0.5,0.5,10
107971,0,0,0,10
107973,0.17318663334822612,0.125,0.25,10
108001,-0,0,0,0
108003,0.9305687780632227,0.5625,1,10
108004,0.9484752201405338,0.5263157894736842,1,10
108010,0.6039094289265273,0.25,1,10
108023,0.2569630464830691,0.1875,0.5,10
108028,0,0,0,10
108029,-0,0,0,0
108033,0.3326629546828495,0.5,0.25,10
108038,0.16978690241900246,0.18181818181818182,0.2,10
108042,0.4361533373077281,0.125,1,2
108043,0,0,0,10
108045,0,0,0,10
108046,0.5997524414021516,0.2,0.5,10
108048,0.22009176629808014,0.09090909090909091,1,10
108053,0.20829366581033176,0.16666666666666666,0.5,10
108054,0.08397733795705717,0.0625,0.16666666666666666,10
108062,0,0,0,10
108068,0.1884441521277154,0.125,0.3333333333333333,10
108070,0.7682269253321374,0.4375,1,10
108072,0.338049541999999,0.125,1,10
108074,0.4923322531306446,0.1935483870967742,0.5,10
108075,0,0,0,10
108077,0.5352543167750637,0.3076923076923077,1,10
108083,0.16453180213583168,0.13333333333333333,0.25,10
108088,0.06646866534384419,0.0625,0.16666666666666666,10
108090,0.3491674885454865,0.21428571428571427,0.5,10
108091,0.06943122193677725,0.0625,0.125,10
108093,0.08623628983735337,0.07692307692307693,0.16666666666666666,10
108100,0.22009176629808014,0.025,1,4
108101,0,0,0,3
108141,0.35895421017163465,0.0625,1,10
108148,0.0636207881989517,0.0625,0.1,10
108149,0.1222340873029917,0.125,0.125,10
108154,0.23871318183709045,0.125,0.5,10
108156,0.07336392209936005,0.045454545454545456,0.14285714285714285,10
108157,0.2777045025687933,0.25,0.16666666666666666,10
108158,0.2745478892647208,0.1875,0.5,10
108162,-0,0,0,0
108176,0.07668368701422457,0,0,10
108181,0,0,0,10
108202,0,0,0,10
108215,0.1758519817957967,0.14285714285714285,0.2,10
108231,0,0,0,10
108234,0.42464985963805363,0.375,0.25,10
108237,0.9093618486635721,0.375,1,10
108240,0.36249399002998095,0.14285714285714285,1,1
108241,0.14067773575044246,0.16666666666666666,0.14285714285714285,10
108251,0.7799082337019198,0.6923076923076923,0.5,10
108264,0.5724470680094733,0.13513513513513514,1,10
108269,-0,0,0,0
108272,0,0,0,10
108273,0,0,0,10
108277,0,0,0,6
108279,0.9216017310213247,0.5625,1,10
108285,0.20483424751859086,0.07142857142857142,0.3333333333333333,10
108289,1,0.6666666666666666,1,10
108290,0.8144294483315054,0.5384615384615384,1,10
108292,0.8532721558012798,0.6,0.5,10
108294,0,0,0,2
108304,1,0.7692307692307693,1,10
108308,1,0.625,1,10
108313,0.5637884576902256,0.25,1,10
108314,0.30330220076399533,0.16666666666666666,1,10
108328,-0,0,0,0
108331,0.22009176629808014,0.02631578947368421,1,10
108341,0,0,0,10
108366,0,0,0,10
108404,1,0.7142857142857143,1,10
108406,0.36792125721353275,0.1875,1,10
108407,0.8318477135310891,0.5,1,10
108412,0.42887461596749427,0.3125,0.5,10
108416,0.18764419468809046,0.07142857142857142,0.5,2
108423,0.7191184989488184,0.4375,1,10
108426,0.16815228646891084,0.14285714285714285,0.25,10
108436,0.5905289425745078,0.12903225806451613,1,10
108442,0.7411902110103872,0.4375,1,10
108446,0.10723796140986701,0.1111111111111111,0.1,10
108460,0.21971341864077765,0.05,0.5,10
108463,0.4690000933206747,0.1875,1,10
108464,0,0,0,10
108470,0.3301376494471202,0.125,1,10
108485,0.4690000933206747,0.0967741935483871,1,3
108493,0,0,0,10
108501,0,0,0,10
108506,-0,0,0,0
108513,0.4440973278132556,0.3,1,5
108525,-0,0,0,0
108527,-0,0,0,0
108529,-0,0,0,0
108532,-0,0,0,0
108534,-0,0,0,0
108537,-0,0,0,0
108539,-0,0,0,0
108543,0.6913454341311477,0.375,1,10
108544,0.15911440935700208,0.13333333333333333,0.16666666666666666,10
108551,0.38363315291837646,0.21428571428571427,1,7
108556,0.4977962688668735,0.375,1,10
108560,0.6391088824734692,0.3333333333333333,1,10
108561,0.647753165401,0.25,1,10
108566,0.7019727018777484,0.375,1,10
108570,0,0,0,10
108571,0,0,0,10
108575,0.09478836436955078,0.06666666666666667,0.25,10
108581,0,0,0,10
108583,0,0,0,10
108604,0,0,0,10
108612,0.06625422345438903,0.0625,0.1111111111111111,10
108620,0,0,0,10
108621,0,0,0,10
108623,0,0,0,1
108624,-0,0,0,0
108625,-0,0,0,0
108628,-0,0,0,0
108631,-0,0,0,0
108634,0,0,0,10
108645,0.605263859616695,0.3125,1,10
108657,0.6201543156208374,0.25,1,4
108661,0,0,0,10
108662,0,0,0,10
108666,0,0,0,10
108700,0,0,0,10
108702,0.92663607790064,0.5625,1,10
108714,-0,0,0,0
108715,0,0,0,10
108716,0,0,0,10
108719,0,0,0,10
108728,0.790378833727545,0.4666666666666667,1,10
108731,0,0,0,10
108737,-0,0,0,0
108741,0,0,0,10
108743,0.22009176629808014,0.06666666666666667,1,10
108747,0,0,0,10
108759,0,0,0,10
108762,-0,0,0,0
108764,0.6879759678093756,0.375,1,10
108765,0.06625422345438903,0.0625,0.1111111111111111,10
108769,0,0,0,10
108772,0.22009176629808014,0.06666666666666667,1,10
108773,0,0,0,1
108776,0,0,0,10
108783,-0,0,0,0
108784,0,0,0,10
108787,0,0,0,9
108794,-0,0,0,0
108807,0,0,0,3
108812,0,0,0,3
108821,-0,0,0,0
108832,0.8643145546088337,0.5,1,10
108835,0.2514632262898275,0.10810810810810811,0.14285714285714285,10
108840,0.20388091053963514,0.1875,0.2,10
108845,0,0,0,10
108848,0.30806560271330813,0.3333333333333333,0.5,10
108851,1,1,1,6
108854,1,0.8333333333333334,1,10
108859,0.6429235234036079,0.4375,0.5,10
108864,0.5637884576902256,0.25,1,10
108867,0.8611375561264454,0.5625,1,10
108868,0.8643145546088337,0.5,1,10
108877,0.3683756341388872,0.3333333333333333,0.3333333333333333,10
108880,0.7663968770040297,0.375,1,10
108882,0.5163134845149011,0.1875,1,4
108883,0.05968602240696155,0.0625,0.1111111111111111,10
108886,0,0,0,10
108902,0.08514311764162098,0.025,0.2,10
108914,0.17828412959034637,0.06666666666666667,1,10
108915,0.7215194105726963,0.4375,1,10
108916,0,0,0,10
108917,0.3154909520426466,0.1111111111111111,1,10
108921,0.3499667779514209,0.1875,1,10
108928,0.6025064803817581,0.3333333333333333,1,10
108929,0.12944646636742288,0.125,0.25,10
108934,0,0,0,10
108939,0.09478836436955078,0.038461538461538464,0.25,10
108944,0,0,0,10
108945,0,0,0,10
108947,0.42427840936187455,0.25,1,10
108952,0,0,0,10
108953,0.0636207881989517,0.0625,0.1,10
108963,-0,0,0,0
108964,0,0,0,10
108966,0.5806020001118017,0.375,0.5,10
108969,0.06943122193677725,0.03125,0.125,10
108983,0.45374257454118544,0.13043478260869565,1,10
108984,0.800693766409882,0.4666666666666667,1,10
108985,0.7175867104101135,0.3157894736842105,1,10
108995,0.7909506325094736,0.4375,1,10
109002,0.5698664345004878,0.1875,1,10
109020,0.38334277998463445,0.2222222222222222,1,10
109027,0,0,0,2
109035,0,0,0,10
109043,0.5904580702958326,0.4166666666666667,1,10
109046,0,0,0,10
109049,0.4856012060449878,0.3076923076923077,1,10
109069,0.427362894899152,0.3333333333333333,0.5,10
109075,0.39425270953183084,0.16666666666666666,1,10
109087,0.38148029915855786,0.2,0.5,10
109103,0.7015099647232445,0.5,0.5,10
109104,0.12275962787098349,0,0,10
109107,0.6255148638380114,0.3333333333333333,1,7
109109,0.40986231418563485,0.4,1,10
109115,-0,0,0,0
109117,0,0,0,10
109119,0.3570764765963919,0.16666666666666666,1,10
109120,0,0,0,10
109123,0.29343678345195273,0.1875,0.5,10
109124,0.22009176629808014,0.0625,1,10
109127,0.6173363491126534,0.4166666666666667,1,10
109134,0.07839826897867533,0.06666666666666667,0.16666666666666666,10
109142,0.6500332220485789,0.4375,0.5,10
109151,1,0.6666666666666666,1,10
109156,1,0.2702702702702703,1,10
109159,0.8127346672231845,0.5384615384615384,1,10
109164,0.1396181455537491,0.125,0.14285714285714285,10
109165,0.1884441521277154,0.125,0.3333333333333333,10
109166,0.7614732800774204,0.4375,1,10
109173,0.3236685753595891,0.06666666666666667,1,10
109179,0.5214416428834202,0.17647058823529413,0.5,10
109182,0,0,0,6
109188,-0,0,0,0
109191,0.06625422345438903,0.0625,0.1111111111111111,10
109196,0,0,0,2
109199,0.07839826897867533,0.038461538461538464,0.16666666666666666,10
109202,0.2816575879096918,0.1875,0.5,10
109204,0.42566281055137817,0.3125,0.3333333333333333,10
109207,0.2895229882348574,0.125,1,10
109211,0,0,0,10
109212,0,0,0,10
109216,0.914856882358379,0.6,1,10
109221,0,0,0,1
109224,0,0,0,10
109228,-0,0,0,0
109229,0.07336392209936005,0.0625,0.14285714285714285,10
109232,0,0,0,10
109238,0.32149616226344435,0.25,0.3333333333333333,10
109240,0.34369669139214537,0.2,0.5,10
109241,0.914856882358379,0.5625,1,10
109242,0.6090519215431118,0.3333333333333333,1,10
109243,0.4361533373077281,0.15384615384615385,1,2
109252,0,0,0,10
109260,0.29886852007208875,0.125,1,10
109262,0,0,0,10
109276,-0,0,0,0
109277,0,0,0,10
109286,0.22110514335134204,0.15384615384615385,0.125,10
109295,0,0,0,10
109298,0.08514311764162098,0.08333333333333333,0.2,10
109304,0.29659339675602525,0.25,0.2,10
109307,0.30610519970358585,0.3,0.3333333333333333,10
109310,0,0,0,10
109311,0.35940858709698914,0.25,0.3333333333333333,10
109320,0,0,0,10
109324,-0,0,0,0
109330,0,0,0,10
109332,-0,0,0,0
109347,-0,0,0,0
109356,0.22009176629808014,0.0625,1,10
109359,0.14201905717762703,0.125,0.16666666666666666,10
109370,0.0636207881989517,0.0625,0.1,10
109371,0,0,0,10
109373,0.08514311764162098,0.043478260869565216,0.2,10
109379,0,0,0,10
109381,0.768582321528256,0.5833333333333334,1,10
109384,0.9496719893335548,1,1,10
109388,0.16815228646891084,0.125,0.25,10
109394,0.2240055615151755,0.125,0.5,10
109396,0.6245450711124516,0.3125,1,10
109397,0,0,0,10
109398,0,0,0,10
109400,0,0,0,10
109407,-0,0,0,0
109412,-0,0,0,0
109418,0.4595326231006953,0.25,1,10
109430,0.9216017310213247,0.6428571428571429,1,10
109438,0.4317198317965996,0.2777777777777778,0.3333333333333333,10
109443,0.12931259994454702,0.13333333333333333,0.2,10
109446,0.18340980524840012,0.125,0.3333333333333333,10
109451,0.5326208815196265,0.11764705882352941,1,10
109452,0.4491316746925709,0.1111111111111111,0.5,10
109454,0.39763391022884753,0.2,1,10
109456,0.08514311764162098,0.0625,0.2,10
109464,0,0,0,10
109466,0.21222636597291455,0.125,0.5,10
109470,0,0,0,10
109471,0.5958595188912911,0.3125,1,10
109474,0.6809047493604334,0.375,1,10
109475,0,0,0,10
109486,0.1388624438735545,0.02857142857142857,0.5,10
109490,0.2614432242450501,0.07692307692307693,0.3333333333333333,10
109492,0.2570898793051383,0.3333333333333333,0.25,10
109493,0.9363792118010483,0.225,1,10
109499,0.09478836436955078,0.0625,0.25,10
109507,0,0,0,10
109512,0.07336392209936005,0.02631578947368421,0.14285714285714285,10
109518,0,0,0,10
109528,0.20829366581033176,0.125,0.5,10
109531,0.7775500257642896,0.5384615384615384,1,10
109543,0.0636207881989517,0.0625,0.1,10
109544,0,0,0,10
109547,0,0,0,10
109548,0,0,0,10
109549,0,0,0,10
109553,0.4990267326507382,0.15789473684210525,0.3333333333333333,10
109554,0.21222636597291455,0.125,0.5,10
109564,0,0,0,10
109569,0.09478836436955078,0.0625,0.25,10
109571,0.793584067764911,0.1794871794871795,1,10
109574,0,0,0,2
109575,0,0,0,1
109577,0,0,0,10
109579,0,0,0,10
109580,0.046287481291184845,0.0625,0.125,10
109583,0,0,0,10
109585,0,0,0,10
109588,0.78180487222265,0.1794871794871795,1,10
109595,0.2575389154724167,0.07142857142857142,1,10
109604,0,0,0,10
109607,0.07839826897867533,0.0625,0.16666666666666666,10
109610,0.1388624438735545,0.06666666666666667,0.5,10
109614,-0,0,0,0
109615,0,0,0,4
109625,0,0,0,10
109629,0,0,0,10
109630,0,0,0,10
109632,0.8304198973631919,0.8,1,10
109633,-0,0,0,0
109634,0.5548989126424902,0.3125,1,10
109639,0,0,0,10
109644,0,0,0,10
109645,0.16354138662029633,0.18181818181818182,0.2,9
109649,0.10828075925487264,0.1,0.2,10
109651,0,0,0,10
109655,0,0,0,10
109657,0.5637884576902256,0.4,1,10
109658,0.8356354535816801,0.625,1,10
109659,0.6951116003271834,0.45454545454545453,1,10
109670,0.6424956338731981,0.4,1,10
109680,0.8441515559274271,0.8,1,10
109685,0,0,0,10
109687,0.5637884576902256,0.3076923076923077,1,10
109689,-0,0,0,0
109691,0,0,0,10
109692,0,0,0,3
109708,0,0,0,1
109715,-0,0,0,0
109718,-0,0,0,0
109722,-0,0,0,0
109731,0.14876390584057267,0.14285714285714285,0.2,10
109732,-0,0,0,0
109734,0.8701249883466592,0.5,1,10
109739,0.4225051418507037,0.2,1,10
109750,-0,0,0,0
109751,0.564890104406958,0.35294117647058826,0.5,10
109760,0,0,0,10
109770,0.20483424751859086,0.125,0.3333333333333333,10
109773,0.14943426003604438,0.125,0.3333333333333333,10
109782,0.4690000933206747,0.1875,1,10
109796,0,0,0,10
109797,0.4334877371639459,0.4,1,10
109805,0,0,0,3
109808,0,0,0,10
109810,-0,0,0,0
109811,0,0,0,10
109814,1,0.625,1,10
109816,0.2876263497141272,0.1,0.5,10
109821,0.21222636597291455,0.125,0.5,10
109841,0,0,0,10
109842,0,0,0,10
109843,0,0,0,10
109846,0,0,0,10
109851,0,0,0,10
109853,0,0,0,10
109859,0,0,0,10
109862,0,0,0,10
109863,0.0636207881989517,0.043478260869565216,0.1,10
109866,0,0,0,10
109867,0.06814824486916873,0.0625,0.1,10
109882,0.05073392086327236,0,0,10
109883,0.1388624438735545,0.0625,0.5,10
109884,0.07839826897867533,0.021739130434782608,0.16666666666666666,10
109886,0,0,0,10
109888,0.04803505593834116,0.06666666666666667,0.1,10
109894,0.09478836436955078,0.0625,0.25,10
109899,0,0,0,10
109900,0,0,0,10
109903,0,0,0,10
109914,0.6434035614033736,0.375,1,10
109922,0.09478836436955078,0.0625,0.25,10
109928,0,0,0,10
109935,0.16933929492839028,0.2727272727272727,0.14285714285714285,10
109940,0.5357086937004183,0.1388888888888889,1,10
109951,0.30495225413002947,0.14285714285714285,1,10
109953,0.3052348839397011,0.125,1,10
109967,0.0636207881989517,0.029411764705882353,0.1,10
109969,0.28596727063820676,0.2,0.3333333333333333,10
109973,0,0,0,10
109991,0.1388624438735545,0.0625,0.5,10
109999,0.17191280514492113,0.15384615384615385,0.5,10
110016,0,0,0,10
110020,0,0,0,9
110024,0,0,0,10
110031,0.07839826897867533,0.03125,0.16666666666666666,10
110034,0.09478836436955078,0.0625,0.25,10
110039,0.32730659600126993,0.1875,0.5,10
110047,0.5263304097820353,0.3125,1,10
110048,0.15139734109601002,0.18181818181818182,0.2,10
110054,0.08436357146110426,0.0625,0.125,10
110057,0,0,0,10
110060,0,0,0,10
110064,0.37040398304192346,0.4,1,10
110069,0.5321408435198608,0.26666666666666666,1,10
110075,0.06625422345438903,0.0625,0.1111111111111111,10
110078,0,0,0,10
110081,0.43735247915031,0.2,1,10
110082,0.19518900079066107,0.125,0.3333333333333333,10
110093,0.35895421017163465,0.125,1,10
110098,0,0,0,10
110099,0.7515397977850378,0.5,1,10
110115,0.18340980524840012,0.125,0.3333333333333333,10
110128,0,0,0,10
110133,0.22009176629808014,0.06666666666666667,1,10
110135,0,0,0,10
110137,0.5152880109744814,0.15384615384615385,0.5,10
110139,-0,0,0,0
110147,0.09525913246106908,0.0625,0.16666666666666666,10
110156,0.09478836436955078,0.030303030303030304,0.25,10
110158,0.22009176629808014,0.07142857142857142,1,10
110164,0,0,0,10
110168,0.26180807422707547,0.2,0.3333333333333333,10
110170,0,0,0,10
110188,0.4690000933206747,0.1875,1,10
110192,0.06943122193677725,0.0625,0.125,10
110193,0,0,0,10
110208,0.22009176629808014,0.0625,1,10
110209,0.5196575323691327,0.1875,1,10
110210,0.2866919347890071,0.1875,0.5,10
110213,0,0,0,10
110217,0.16421958630632802,0.125,0.25,10
110232,-0,0,0,0
110237,-0,0,0,0
110242,0,0,0,2
110244,-0,0,0,0
110253,0.755533416278847,0.5,1,10
110258,0,0,0,10
110264,0.9669850519151654,1,1,10
110273,0,0,0,10
110281,0.11004588314904007,0.043478260869565216,0.3333333333333333,10
110282,0,0,0,10
110284,0,0,0,10
110288,-0,0,0,0
110289,0.800693766409882,0.4375,1,10
110291,0.5767477919740396,0.25,1,10
110303,0.5579592577029059,0.3333333333333333,1,10
110305,1,1,1,10
110307,0,0,0,10
110308,1,1,1,10
110314,0,0,0,10
110324,0.7125523635307983,0.5,1,10
110335,0.14782949091545258,0.18181818181818182,0.16666666666666666,10
110336,0.09478836436955078,0.06666666666666667,0.25,10
110340,0,0,0,10
110345,0.9415695295595564,0.6,1,10
110346,0.37923771560128977,0.3125,0.25,10
110350,0.22009176629808014,0.07692307692307693,1,10
110354,1,0.3125,1,10
110355,0.6452164595630407,0.38461538461538464,1,10
110364,0,0,0,10
110367,0.54739836229935,0.25,1,10
110369,0.9825594806633607,0.6666666666666666,1,10
110375,0.7138097836082222,0.3125,1,10
110384,0,0,0,10
110385,0.7647259933313354,0.75,1,10
110393,0,0,0,10
110396,0,0,0,10
110401,0.2745478892647208,0.1875,0.5,10
110403,0.45650001423154074,0.14285714285714285,1,2
110404,0.5637884576902256,0.26666666666666666,1,10
110411,0.46299204139243616,0.3125,0.5,10
110412,0.6500332220485789,0.4666666666666667,0.5,10
110414,0.6710479134113747,0.38461538461538464,1,10
110416,0.3062386434839551,0.26666666666666666,0.25,10
110418,0,0,0,10
110425,0,0,0,10
110433,0.14465249243306438,0.125,0.16666666666666666,10
110434,0,0,0,10
110443,0,0,0,10
110447,0,0,0,10
110468,0.3052348839397011,0.125,1,10
110484,0.4569970750177365,0.2857142857142857,1,10
110488,0.23504554941448536,0.1111111111111111,1,10
110499,0,0,0,10
110507,0,0,0,10
110509,0.1584091525685025,0.125,0.25,10
110515,0.3052348839397011,0.09090909090909091,1,10
110521,0.27235727895053036,0.08695652173913043,1,10
110522,0.06625422345438903,0.0625,0.1111111111111111,10
110527,0.1388624438735545,0.1,0.5,9
110539,0.35314377643380906,0.1875,1,10
110550,0.7799082337019198,0.6923076923076923,0.5,10
110556,0,0,0,10
110568,0,0,0,10
110579,0.27215072888274483,0.07142857142857142,1,10
110583,0.24926098697416302,0.0625,1,10
110585,0.8512360941594272,0.2,1,10
110592,0.08514311764162098,0.0625,0.2,10
110596,0,0,0,10
110600,0.08514311764162098,0.0625,0.2,10
110602,0,0,0,10
110603,0,0,0,10
110607,0.8236998933965708,0.5,1,10
110609,0.22009176629808014,0.0625,1,10
110614,0.31488013066763093,0.125,1,10
110618,0.22009176629808014,0.0625,1,2
110623,0.07839826897867533,0.043478260869565216,0.16666666666666666,10
110634,0.1388624438735545,0.06666666666666667,0.5,10
110660,0.3846327888273884,0.3333333333333333,1,10
110664,0.6694612922309052,0.375,1,10
110666,0.552688952605752,0.4,1,10
110676,0.11004588314904007,0.0625,0.3333333333333333,10
110679,0.4013680689709358,0.1875,1,10
110680,0,0,0,10
110687,0.4847119890255185,0.26666666666666666,1,10
110692,0.14870450602932167,0.0625,0.3333333333333333,10
110694,0.9502477611198407,0.625,1,10
110695,0.24926098697416302,0.09090909090909091,1,10
110698,0.05226551265245022,0.06666666666666667,0.16666666666666666,10
110699,0.38209795081722714,0.07317073170731707,1,10
110701,0,0,0,10
110719,-0,0,0,0
110722,0.8630152897016881,0.5625,1,10
110726,0.4170606134915054,0.25,0.5,10
110729,0.5252954021029013,0.21428571428571427,1,10
110738,0.11505351121173782,0.07692307692307693,0.2,10
110744,0.39449523438077905,0.3125,0.3333333333333333,10
110747,0.32833216257223347,0.18181818181818182,1,10
110748,0.8115558478722846,0.5,1,10
110749,0.11004588314904007,0.0625,0.3333333333333333,10
110771,0.92663607790064,0.5625,1,10
110776,0.6710694787292656,0.3125,1,10
110783,0.39425270953183084,0.16666666666666666,1,10
110784,0.5,1,0.3333333333333333,10
110785,0.8993195683207924,0.9090909090909091,1,10
110789,0.4349768833818852,0.2,1,10
110790,0.8611375561264454,0.5625,1,10
110796,0.5216414792035848,0.1875,1,10
110802,0.9363792118010483,0.5625,1,10
110808,0,0,0,10
110811,-0,0,0,0
110815,0.03668196104968002,0,0,10
110825,1,0.37037037037037035,1,10
110826,0,0,0,10
110831,0.31488013066763093,0.125,1,10
110832,0.4422195942380129,0.3076923076923077,1,10
110834,0.6794478199836815,0.38461538461538464,1,10
110835,0.9363792118010483,0.5625,1,10
110844,0.9217868789962073,1,1,10
110845,-0,0,0,0
110848,0.48649183542828267,0.16129032258064516,0.5,10
110849,0.09588662117285177,0,0,10
110850,0.8996972507513683,0.6,1,10
110852,0.31598177738436345,0.2857142857142857,0.25,10
110853,0.420027879946489,0.14285714285714285,1,10
110858,0.5549574327308812,0.3333333333333333,1,10
110859,0.18764419468809046,0.0625,0.5,10
110861,0.14369764576912414,0.14285714285714285,0.25,10
110873,0,0,0,2
110876,0,0,0,10
110877,0.6787622294601761,1,0.5,10
110879,0.34340284320443354,0.25,1,10
110882,0.4690000933206747,0.21428571428571427,1,10
110884,0.424926013816671,0.1875,1,10
110891,-0,0,0,0
110894,0.5423640154200348,0.25,1,10
110895,0.4554618729165872,0.1,1,10
110902,0,0,0,10
110909,0,0,0,10
110910,0.4692787260227565,0.3333333333333333,1,10
110913,0.06943122193677725,0.034482758620689655,0.125,10
110923,0.3049572419772798,0.13333333333333333,1,10
110929,-0,0,0,0
110930,0,0,0,10
110939,0,0,0,10
110941,0,0,0,10
110949,0.11004588314904007,0.0625,0.3333333333333333,10
110952,0,0,0,10
110956,0.12619330036452459,0.125,0.2,10
110960,0,0,0,10
110963,0,0,0,10
110972,0,0,0,10
110983,0,0,0,10
110987,0,0,0,10
110991,0,0,0,10
110996,0.1388624438735545,0.0625,0.5,10
111001,0,0,0,10
111007,0.3439261989517367,0.125,1,10
111008,0,0,0,10
111011,0,0,0,10
111018,0.3600558568883671,0.25,0.5,10
111020,0,0,0,3
111022,0.12700087135372382,0.14285714285714285,0.25,10
111025,0,0,0,10
111028,0.30673474805689827,0.125,1,10
111032,0,0,0,10
111033,0,0,0,10
111034,0,0,0,10
111035,0,0,0,10
111036,0,0,0,10
111037,0,0,0,10
111048,0,0,0,10
111050,0.16354138662029633,0.125,0.2,10
111052,0.22009176629808014,0.0625,1,10
111054,0.25284102718517737,0.1875,0.3333333333333333,10
111057,0,0,0,10
111058,0,0,0,10
111061,0.1597902876145489,0.125,0.25,10
111066,0.9537125187088151,0.625,1,10
111067,0,0,0,10
111068,0,0,0,10
111073,0.34701127251255487,0.125,1,10
111076,0,0,0,10
111078,-0,0,0,0
111079,-0,0,0,0
111088,0,0,0,10
111093,0,0,0,10
111096,0.1388624438735545,0.0625,0.5,10
111097,0,0,0,1
111098,0.08514311764162098,0.07142857142857142,0.2,10
111101,0.08514311764162098,0.0625,0.2,10
111103,0,0,0,10
111106,0.07668368701422457,0.06666666666666667,0.14285714285714285,10
111107,0.3151625504769836,0.07894736842105263,0.5,10
111109,0,0,0,10
111113,0.6722390270733755,0.375,1,10
111122,0,0,0,10
111124,0,0,0,10
111126,0.20483424751859086,0.125,0.3333333333333333,10
111130,0.19518900079066107,0.05128205128205128,0.3333333333333333,10
111136,0,0,0,10
111139,0,0,0,10
111141,0.2793513090485312,0.25,0.3333333333333333,10
111144,0.056762078427747324,0.0625,0.2,10
111145,0.1388624438735545,0.02702702702702703,0.5,10
111151,0,0,0,10
111160,0,0,0,3
111162,0.1427951440361373,0.14285714285714285,0.14285714285714285,10
111163,0,0,0,10
111167,0.08914206479517318,0.08333333333333333,0.14285714285714285,10
111169,0,0,0,10
111176,0,0,0,10
111184,0,0,0,10
111186,0.20483424751859086,0.125,0.3333333333333333,10
111191,0.28979361057996816,0.25,0.3333333333333333,10
111192,0.3188100596486479,0.23076923076923078,0.5,10
111195,0.11248476194813903,0.0625,0.5,10
111198,0,0,0,10
111213,0,0,0,10
111214,0,0,0,10
111216,0.3408761400364785,0.25,0.3333333333333333,9
111218,0.26873745552689526,0.15,0.5,10
111235,0.07839826897867533,0.0625,0.16666666666666666,10
111237,0.09045647020469931,0.1111111111111111,0.16666666666666666,10
111251,0,0,0,10
111267,0,0,0,10
111268,0,0,0,10
111273,-0,0,0,0
111275,0,0,0,10
111282,0.36817821687162394,0,0,10
111285,0,0,0,10
111286,0,0,0,10
111287,0.07336392209936005,0.0625,0.14285714285714285,10
111289,0,0,0,10
111295,0,0,0,10
111297,0.835780413693672,0.5333333333333333,1,10
111299,0.21840743681816419,0.5,0.16666666666666666,10
111306,0,0,0,10
111307,0.356647931310474,0.07317073170731707,1,10
111320,0.18340980524840012,0.125,0.3333333333333333,10
111324,0,0,0,10
111334,0.20609534341008892,0.15384615384615385,0.5,10
111338,0.09257496258236969,0.02702702702702703,0.5,10
111343,0.06625422345438903,0.06666666666666667,0.1111111111111111,10
111346,0,0,0,10
111351,0,0,0,10
111354,0,0,0,10
111356,0.0660908915685874,0.0625,0.14285714285714285,10
111364,0,0,0,10
111380,0.09478836436955078,0.0625,0.25,10
111382,0,0,0,10
111386,0,0,0,10
111387,0.06943122193677725,0.03225806451612903,0.125,10
111393,0.46785915648013915,0.375,0.3333333333333333,10
111397,0.07130579383380554,0,0,8
111399,0,0,0,10
111400,-0,0,0,0
111407,0.08878855502583598,0.07692307692307693,0.16666666666666666,10
111409,0,0,0,10
111413,0.15031332214283932,0.16666666666666666,0.3333333333333333,10
111415,0.4447551423209717,0.25,1,10
111416,0,0,0,10
111422,0.1884441521277154,0.06451612903225806,0.3333333333333333,10
111424,0.325061438500447,0.13333333333333333,0.5,10
111426,0.05919237001722398,0.0625,0.16666666666666666,10
111429,0.45650001423154074,0.125,1,10
111437,0.31488013066763093,0.125,1,10
111447,0.8659476009588057,0.5333333333333333,1,10
111450,0.9349369997364463,0.625,1,10
111451,0.04416948230292602,0.024390243902439025,0.1111111111111111,10
111455,0,0,0,7
111456,0,0,0,10
111461,0.521322390311717,0.1891891891891892,1,10
111464,0,0,0,10
111467,0.23398357086640229,0.25,0.2,10
111471,1,0.6666666666666666,1,10
111478,0.3196336599818528,0.2222222222222222,1,10
111490,0.914856882358379,0.5625,1,10
111492,0,0,0,10
111503,0.1610425878239398,0.14285714285714285,0.25,10
111509,0.07336392209936005,0.0625,0.14285714285714285,10
111514,0.5023756245102127,0.1875,1,10
111528,0.7945084078531822,0.375,1,10
111532,0,0,0,10
111535,0,0,0,10
111542,0.06625422345438903,0.0625,0.1111111111111111,10
111545,0,0,0,10
111547,0,0,0,10
111549,0.11004588314904007,0.0625,0.3333333333333333,10
111552,0.388244052766991,0.1875,1,10
111557,0.11004588314904007,0.0625,0.3333333333333333,10
111558,0,0,0,10
111562,0.3308744461818273,0.25,0.3333333333333333,10
111564,0.4920062203073636,0.25,1,10
111577,0.1388624438735545,0.0625,0.5,10
111580,0.0636207881989517,0.0625,0.1,10
111582,0,0,0,10
111588,0.056762078427747324,0.0625,0.2,10
111598,0.3326092325996136,0.25,0.5,10
111603,0.11004588314904007,0.0625,0.3333333333333333,10
111604,0.06943122193677725,0.0625,0.125,10
111615,0.4412851793128928,0.25,1,10
111616,0.07075576072108061,0.1111111111111111,0.1111111111111111,10
111622,0,0,0,10
111625,0.2336508082431053,0.125,0.5,10
111628,0,0,0,10
111629,0.8900056095648077,0.5625,1,10
111631,0.7623951966213213,0.4375,1,10
111633,0.1388624438735545,0.05,0.5,10
111634,0.39376351437055535,0.26666666666666666,0.5,10
111639,0,0,0,10
111655,-0,0,0,0
111662,-0,0,0,0
111664,0.7353797772725617,0.4375,1,10
111673,0,0,0,10
111677,0.835780413693672,0.5333333333333333,1,10
111682,0.24573132854020638,0.1875,0.3333333333333333,10
111683,0,0,0,10
111686,0.5487973376826973,0.1875,1,10
111688,0.7515692420003792,0.5384615384615384,1,10
111689,0.8701249883466592,0.5333333333333333,1,10
111690,0.6185503720564074,0.4444444444444444,1,10
111691,0.35895421017163465,0.125,1,2
111695,0.2996649302239864,0.1875,0.5,10
111697,0.21643353787186348,0.125,0.5,10
111709,0.6408089257735509,0.375,1,10
111711,0.9100698716340228,0.8888888888888888,1,10
111721,-0,0,0,0
111722,0.21555949807992394,0.2857142857142857,0.2,10
111733,0.7673319525104525,0.5833333333333334,1,10
111738,0.34507659156401055,0.125,1,10
111739,0.4487294900778422,0.3125,0.3333333333333333,9
111759,0.07336392209936005,0.047619047619047616,0.14285714285714285,10
111762,0.6775170330669437,0.4375,1,10
111766,0.3030616450015669,0.25,0.25,10
111767,0.7065443116025597,0.32,0.5,10
111773,0,0,0,10
111778,0,0,0,10
111780,0,0,0,10
111782,0.23047380976071705,0.21428571428571427,0.25,10
111787,0.3195496275649209,0.125,0.3333333333333333,10
111788,0.4819367425138076,0.2727272727272727,1,5
111797,0,0,0,10
111814,0.20904936749052636,0.11538461538461539,0.14285714285714285,10
111819,0.22009176629808014,0.0625,1,10
111820,0.07336392209936005,0.0625,0.14285714285714285,10
111828,0.2126918984263706,0.1,0.5,10
111833,0,0,0,10
111834,0.800693766409882,0.4375,1,10
111836,0.06943122193677725,0.043478260869565216,0.125,10
111839,0,0,0,10
111841,0.9052116356304492,0.2647058823529412,1,10
111842,0.11004588314904007,0.07692307692307693,0.3333333333333333,10
111846,-0,0,0,0
111847,0,0,0,10
111849,0.1388624438735545,0.0625,0.5,10
111854,0,0,0,10
111864,0.42333070005078094,0.25,1,10
111867,0,0,0,10
111870,0,0,0,3
111876,0.2575389154724167,0.07142857142857142,1,10
111887,0.16958010263680803,0.2,0.3333333333333333,10
111890,0.11004588314904007,0.0625,0.3333333333333333,10
111891,-0,0,0,0
111893,0.03668196104968002,0,0,10
111894,0,0,0,10
111908,0.09478836436955078,0.0625,0.25,10
111913,0,0,0,1
111914,0.5645252544249326,0.375,0.5,10
111920,0,0,0,10
111922,-0,0,0,0
111923,0,0,0,10
111924,0.13886244387355454,0.05714285714285714,0.5,10
111926,0,0,0,10
111932,0.22009176629808014,0.0625,1,10
111936,0,0,0,8
111950,0,0,0,10
111960,0,0,0,10
111961,0.5077181160122074,0.11428571428571428,1,10
111966,0.6235744328990729,0.45454545454545453,1,10
111968,-0,0,0,0
111971,0,0,0,10
111976,-0,0,0,0
111979,0,0,0,10
111985,0.7016660917998309,0.6666666666666666,1,10
111989,-0,0,0,0
111995,0,0,0,10
112013,0.09907759915099076,0.0625,0.25,10
112014,0.4780944026820895,0.1875,1,10
112019,0.6618313225363274,0.375,1,10
112020,-0,0,0,0
112023,0.4573192213135142,0.14285714285714285,1,10
112024,0,0,0,10
112025,0.2758471541718662,0.1875,0.5,10
112030,0.32662592711430266,0.25,1,10
112040,0,0,0,10
112042,0.0636207881989517,0.02631578947368421,0.1,10
112050,0.28634598975246917,0.125,1,10
112056,0,0,0,10
112058,0.9860433320650158,1,1,9
112063,1,0.625,1,10
112068,0,0,0,10
112070,0.16872714292220853,0.0625,0.5,10
112072,0.24787451257311421,0.1875,0.25,10
112075,0.7670273914429263,0.4375,1,10
112078,0.22009176629808014,0.0625,1,10
112080,0.5337225282363589,0.375,0.5,10
112086,0,0,0,10
112096,0.31833954895937183,0.1875,0.5,10
112100,0,0,0,10
112102,0.7909506325094736,0.4375,1,10
112104,0,0,0,10
112107,0.19518900079066107,0.14285714285714285,0.3333333333333333,10
112110,0.2832325164972662,0.1875,0.3333333333333333,10
112116,0,0,0,10
112118,0.09684208768602304,0.07692307692307693,0.25,10
112127,0,0,0,10
112131,0.22009176629808014,0.06666666666666667,1,10
112133,0.4291411337886065,0.13333333333333333,1,10
112135,0,0,0,10
112138,0,0,0,10
112141,0,0,0,10
112144,0.27140446031769916,0.23076923076923078,0.5,10
112148,0,0,0,10
112151,-0,0,0,0
112152,0.12866904361572443,0.125,0.16666666666666666,10
112155,0,0,0,10
112179,0,0,0,10
112180,0,0,0,10
112182,0,0,0,10
112185,0,0,0,10
112198,0.19518900079066107,0.125,0.3333333333333333,10
112199,0.11004588314904007,0.041666666666666664,0.3333333333333333,10
112205,0,0,0,10
112210,0.2895229882348574,0.13333333333333333,1,10
112215,0.3746661058764784,0.10714285714285714,1,10
112217,0.4696581745272433,0.1875,1,10
112223,0.2685529228900211,0.1875,0.3333333333333333,10
112227,0.16815228646891084,0.125,0.25,10
112230,0.2399208948023808,0.1875,0.3333333333333333,10
112253,0.1799314820111718,0.058823529411764705,0.25,10
112257,0.5887238769318153,0.4166666666666667,1,10
112259,0.2300510610426737,0.07692307692307693,1,2
112264,0,0,0,10
112272,-0,0,0,0
112279,0.45650001423154074,0.2,1,10
112284,0.07495345472190745,0.07142857142857142,0.14285714285714285,10
112291,0.420217226795578,0.15625,0.3333333333333333,10
112292,0.6300426811446145,0.3125,1,10
112295,0,0,0,10
112297,0,0,0,10
112303,0.4735717030454861,0.3125,0.5,10
112306,0.22009176629808014,0.0625,1,10
112309,0,0,0,10
112312,0,0,0,10
112328,1,0.2702702702702703,1,10
112334,0.7312625444731047,0.1891891891891892,1,10
112337,1,0.625,1,10
112371,0.7394380922514555,0.75,1,10
112373,0,0,0,10
112377,-0,0,0,0
112381,0.3301376494471202,0.125,1,10
112385,0.29205213505621097,0.1875,0.3333333333333333,10
112386,0,0,0,10
112388,0,0,0,10
112400,0.056762078427747324,0.07142857142857142,0.2,10
112403,0,0,0,10
112408,0.4690000933206747,0.1875,1,10
112411,0.7569021067152308,0.4375,1,10
112418,0.420027879946489,0.13333333333333333,1,10
112419,0,0,0,10
112420,0,0,0,10
112428,0,0,0,10
112429,0,0,0,10
112430,0,0,0,3
112431,0,0,0,10
112433,0.08514311764162098,0.0625,0.2,10
112436,0.22009176629808014,0.0625,1,10
112437,0,0,0,10
112438,-0,0,0,0
112440,0.8000460734455755,0.4,1,10
112442,0.22009176629808014,0.0625,1,10
112464,0,0,0,10
112474,0.18340980524840012,0.13333333333333333,0.3333333333333333,10
112481,0,0,0,10
112482,0,0,0,8
112485,0,0,0,10
112487,0,0,0,10
112489,0.06625422345438903,0.07142857142857142,0.1111111111111111,10
112490,0,0,0,10
112494,0,0,0,10
112495,0,0,0,10
112499,0.8255857570917466,0.75,1,10
112500,0,0,0,10
112503,0,0,0,10
112509,0,0,0,10
112512,0,0,0,10
112513,0,0,0,10
112519,0,0,0,10
112520,0,0,0,10
112522,-0,0,0,0
112535,0,0,0,10
112540,0,0,0,10
112544,0,0,0,10
112547,0,0,0,10
112558,0,0,0,10
112559,0.388204326280566,0.09523809523809523,1,10
112565,0.06625422345438903,0.02564102564102564,0.1111111111111111,10
112566,0.39749351961824175,0.3125,0.3333333333333333,10
112574,0.1610425878239398,0.125,0.25,10
112576,0.46724535763533925,0.6666666666666666,0.3333333333333333,10
112578,0,0,0,10
112579,0.17630010660342912,0.13333333333333333,0.3333333333333333,10
112585,0,0,0,10
112588,0,0,0,10
112591,0,0,0,10
112597,0,0,0,10
112605,0.08514311764162098,0.0625,0.2,10
112606,0.13674568711037746,0.1,0.1111111111111111,10
112607,0,0,0,10
112610,-0,0,0,0
112614,0.07839826897867533,0.07142857142857142,0.16666666666666666,10
112618,0.2895229882348574,0.13333333333333333,1,10
112620,0.1388624438735545,0.0625,0.5,10
112623,0,0,0,10
112629,0.34685330469621795,0.12121212121212122,0.3333333333333333,10
112630,0,0,0,10
112631,0,0,0,10
112632,0,0,0,10
112634,0.07336392209936005,0.0625,0.14285714285714285,10
112635,0,0,0,10
112636,0,0,0,10
112641,0,0,0,10
112643,0,0,0,10
112653,0,0,0,10
112654,0,0,0,10
112660,0,0,0,10
112662,0.12463049348708151,0.07692307692307693,0.3333333333333333,10
112665,0.08514311764162098,0.1,0.2,6
112669,0,0,0,10
112671,0,0,0,10
112672,-0,0,0,0
112675,0.22009176629808014,0.0625,1,10
112677,0.22009176629808014,0.025,1,10
112678,0,0,0,10
112680,0,0,0,10
112682,0,0,0,10
112689,0,0,0,10
112699,0,0,0,10
112706,0.11004588314904007,0.0625,0.3333333333333333,10
112709,0.3052348839397011,0.125,1,10
112712,0.1388624438735545,0.0625,0.5,10
112714,0.22009176629808014,0.08333333333333333,1,10
112716,0,0,0,10
112718,0,0,0,10
112728,0,0,0,10
112730,0,0,0,10
112731,0.26742619438551957,0.08333333333333333,1,10
112733,0,0,0,10
112740,0.866947989864271,0.5714285714285714,1,10
112742,0,0,0,10
112744,0,0,0,10
112745,0,0,0,10
112746,0,0,0,10
112748,0,0,0,10
112752,0,0,0,10
112754,0.6300426811446145,0.3125,1,10
112757,0,0,0,10
112766,0,0,0,2
112770,0,0,0,10
112774,0,0,0,10
112776,0,0,0,10
112777,0,0,0,10
112780,0,0,0,10
112782,0,0,0,10
112788,0.0636207881989517,0.0625,0.1,10
112797,0,0,0,10
112802,0,0,0,10
112803,0,0,0,10
112813,0,0,0,10
112818,0.2357541930550393,0.0625,1,10
112825,0,0,0,10
112839,0,0,0,10
112843,0.8899541168509598,0.5625,1,10
112846,0.09478836436955078,0.030303030303030304,0.25,10
112847,0,0,0,10
112856,0.07336392209936005,0.0625,0.14285714285714285,10
112858,0,0,0,10
112865,0,0,0,10
112870,0.11004588314904007,0.1,0.3333333333333333,3
112875,0,0,0,10
112879,0.6274092458891771,0.3125,1,10
112881,0,0,0,10
112884,0,0,0,3
112897,0,0,0,10
112898,0.5009732673492617,0.25,1,10
112911,0,0,0,10
112916,0,0,0,10
112918,0,0,0,10
112924,0.11004588314904007,0.0625,0.3333333333333333,10
112926,0,0,0,10
112929,0,0,0,10
112932,0.18991938084196824,0.13333333333333333,0.5,10
112934,0.1388624438735545,0.030303030303030304,0.5,10
112935,0,0,0,10
112938,0.11243018208286118,0.07692307692307693,0.3333333333333333,10
112943,0,0,0,10
112957,0,0,0,10
112961,0,0,0,1
112963,0,0,0,4
112969,0,0,0,9
112971,0,0,0,10
112972,0,0,0,10
112973,0.04890928139957336,0.0625,0.14285714285714285,10
112974,0,0,0,10
112979,0.14874433492765377,0.08333333333333333,0.5,10
112980,0,0,0,10
112982,0,0,0,10
112990,0.3031595321740454,0.25,0.2,10
112994,0,0,0,10
112996,0.0636207881989517,0.0625,0.1,10
113003,0,0,0,10
113009,0.07336392209936005,0.07692307692307693,0.14285714285714285,10
113012,0.4291411337886065,0.10256410256410256,1,10
113020,0.07839826897867533,0.0625,0.16666666666666666,10
113021,0,0,0,10
113027,0,0,0,10
113037,-0,0,0,0
113038,0.3714891073940902,0.1875,1,10
113042,0,0,0,10
113046,0,0,0,10
113053,0,0,0,10
113057,0,0,0,10
113058,0,0,0,10
113061,0,0,0,10
113065,0,0,0,10
113079,0,0,0,1
113081,0,0,0,1
113082,0,0,0,10
113086,0,0,0,5
113087,0,0,0,3
113093,0,0,0,10
113104,0.07336392209936005,0.02702702702702703,0.14285714285714285,10
113106,0.48603233239900767,0.25,1,10
113107,0.05168462573864535,0.06666666666666667,0.1111111111111111,10
113114,0.07336392209936005,0.0625,0.14285714285714285,10
113115,0,0,0,10
113116,0.7506372960520508,0.4666666666666667,1,10
113121,0.35388057316851623,0.2857142857142857,0.5,10
113125,0,0,0,2
113131,0,0,0,3
113134,0,0,0,6
113139,0.09478836436955078,0.0625,0.25,10
113144,-0,0,0,0
113152,0,0,0,10
113162,0,0,0,10
113165,0,0,0,10
113167,0.29655073104721996,0.21428571428571427,1,10
113168,0,0,0,10
113173,0,0,0,10
113180,0,0,0,10
113181,0.048585413013099134,0.0625,0.1111111111111111,10
113182,0,0,0,10
113198,0,0,0,10
113200,0,0,0,10
113203,0,0,0,10
113208,0,0,0,10
113212,0,0,0,10
113214,0,0,0,10
113217,0,0,0,10
113218,0.0636207881989517,0.06666666666666667,0.1,10
113224,0,0,0,10
113226,0,0,0,10
113230,0,0,0,10
113233,0,0,0,10
113236,0,0,0,10
113240,0,0,0,10
113241,0,0,0,10
113243,0.14778659226136612,0.18181818181818182,0.16666666666666666,10
113247,-0,0,0,0
113251,0,0,0,10
113257,0.486471450249967,0.375,0.3333333333333333,10
113259,0,0,0,4
113264,0.16421958630632802,0.05555555555555555,0.25,10
113269,0,0,0,10
113273,0,0,0,10
113274,0,0,0,10
113278,0,0,0,10
113282,0,0,0,10
113288,0,0,0,10
113296,0,0,0,10
113311,0.09676403950167096,0.07692307692307693,0.5,10
113319,0,0,0,10
113321,0.29343678345195273,0.07692307692307693,0.5,10
113326,0,0,0,10
113328,0,0,0,10
113329,0,0,0,10
113330,0,0,0,10
113331,0,0,0,10
113334,-0,0,0,0
113343,0.5603313768289384,0.45454545454545453,0.5,10
113345,0,0,0,10
113353,-0,0,0,0
113366,0,0,0,10
113370,0.14874433492765377,0.0625,0.5,10
113371,0,0,0,10
113376,0,0,0,10
113379,0.2575389154724167,0.09090909090909091,1,10
113381,0.18764419468809046,0.0625,0.5,10
113382,0,0,0,10
113385,0,0,0,10
113386,0,0,0,10
113393,0.0676892029442097,0.0625,0.25,10
113400,0,0,0,10
113404,0,0,0,10
113411,0.2816575879096918,0.09090909090909091,0.5,10
113412,-0,0,0,0
113416,0,0,0,10
113417,0,0,0,10
113420,0,0,0,10
113422,0,0,0,10
113428,0,0,0,10
113430,0,0,0,10
113442,0,0,0,10
113445,0.5698664345004878,0.1875,1,10
113448,1,0.625,1,10
113450,0.24890832702259458,0.125,0.5,10
113453,0.21114212060575094,0.25,0.25,10
113459,0.5770981305075848,0.45454545454545453,1,10
113461,0.30673474805689827,0.125,1,10
113462,0,0,0,10
113473,-0,0,0,0
113475,0.08514311764162098,0.0625,0.2,10
113477,0.11004588314904007,0.0625,0.3333333333333333,10
113494,0.24261785528500338,0.1875,0.25,10
113502,0,0,0,10
113504,0.45449827622138,0.25,1,10
113505,0.5009732673492617,0.25,1,10
113509,0.0636207881989517,0.02702702702702703,0.1,10
113510,0.5677211578528083,0.3125,1,10
113517,0,0,0,10
113522,0,0,0,10
113527,0,0,0,10
113528,0.17169261031494448,0.07142857142857142,1,10
113529,0.08514311764162098,0.0625,0.2,10
113539,0,0,0,10
113545,0.3732689537968544,0.25,0.5,10
113546,-0,0,0,0
113551,0.35314377643380906,0.1875,1,10
113561,0.06625422345438903,0.07142857142857142,0.1111111111111111,10
113563,0.14876390584057267,0.125,0.2,10
113564,0,0,0,10
113570,0.1909399737242492,0.05128205128205128,0.16666666666666666,10
113574,0,0,0,10
113576,0.026698959270519157,0,0,10
113577,0,0,0,10
113592,0,0,0,7
113594,0.18340980524840012,0.125,0.3333333333333333,10
113600,0.12987501165334073,0.125,0.1111111111111111,10
113608,0.07336392209936005,0.0625,0.14285714285714285,10
113612,0.13516034740642266,0.125,0.2,10
113616,0,0,0,10
113619,0.0636207881989517,0.02631578947368421,0.1,10
113627,0,0,0,10
113628,0,0,0,10
113640,0,0,0,10
113641,0.1388624438735545,0.0625,0.5,10
113651,0,0,0,10
113655,0.08514311764162098,0.0625,0.2,10
113658,0.9305687780632227,0.5625,1,10
113660,0.5391870169376466,0.3125,1,10
113664,0,0,0,10
113665,0,0,0,10
113675,0.1799314820111718,0.125,0.25,10
113676,0.22110514335134204,0.1875,0.3333333333333333,10
113678,0,0,0,10
113679,0.2920778875020903,0.1,0.3333333333333333,10
113680,0,0,0,10
113682,0,0,0,10
113686,-0,0,0,0
113687,0,0,0,10
113688,0,0,0,10
113690,0,0,0,10
113698,0,0,0,10
113699,0.24890832702259458,0.125,0.5,10
113702,0,0,0,10
113717,-0,0,0,0
113724,1,0.625,1,10
113726,0,0,0,10
113733,0.2934556883974402,0.13333333333333333,1,10
113734,0,0,0,10
113744,0.7011404294055333,0.6666666666666666,1,10
113745,0,0,0,10
113751,0,0,0,10
113760,0,0,0,10
113763,0.43339986677447023,0.25,1,10
113764,0.9216017310213247,0.23076923076923078,1,10
113773,0.28088150105118154,0.08333333333333333,0.5,10
113776,0.6172839611614817,0.3125,1,10
113786,0,0,0,10
113788,0.09478836436955078,0.0625,0.25,10
113793,0.07839826897867533,0.0625,0.16666666666666666,10
113801,0.1669349140823134,0.14285714285714285,0.16666666666666666,10
113810,0,0,0,10
113820,0,0,0,10
113828,0.3683756341388872,0.25,0.3333333333333333,10
113829,0.22009176629808014,0.0625,1,10
113831,0,0,0,10
113838,0,0,0,10
113849,0,0,0,10
113850,0,0,0,10
113853,0.6203974344166847,0.3125,1,10
113854,0.22009176629808014,0.0625,1,10
113857,0.11004588314904007,0.03571428571428571,0.3333333333333333,10
113863,0.2895229882348574,0.16666666666666666,1,10
113864,0.14501300499131864,0.1111111111111111,0.5,10
113870,0.20483424751859086,0.13333333333333333,0.3333333333333333,10
113878,0.07839826897867533,0.0625,0.16666666666666666,10
113881,0.06943122193677725,0.025,0.125,10
113883,0.22009176629808014,0.0625,1,10
113884,0.11004588314904007,0.0625,0.3333333333333333,10
113888,0,0,0,10
113892,0.1388624438735545,0.0625,0.5,10
113896,0,0,0,10
113915,0.5595550833787397,0.1282051282051282,1,10
113921,1,1,1,10
113922,0.1529568984821733,0.125,0.14285714285714285,10
113928,0,0,0,10
113931,0.6772067280241673,0.4666666666666667,1,10
113935,0,0,0,10
113937,0.40350157154648025,0.1875,1,10
113955,0.35895421017163465,0.16666666666666666,1,10
113956,0.26203184745697894,0.05555555555555555,0.5,10
113959,0,0,0,10
113960,0.25369348563159444,0.14285714285714285,0.5,10
113965,-0,0,0,0
113978,-0,0,0,0
113980,-0,0,0,0
113983,0.22009176629808014,0.0625,1,5
113996,0.06768971444980863,0.0625,0.1111111111111111,10
113998,0,0,0,3
114000,0.14201905717762703,0.125,0.16666666666666666,10
114002,0.06625422345438903,0.041666666666666664,0.1111111111111111,10
114020,0,0,0,10
114023,0,0,0,10
114033,0.522968679575385,0.21428571428571427,1,10
114035,0,0,0,10
114038,0.07839826897867533,0.0625,0.16666666666666666,10
114041,0.22009176629808014,0.07692307692307693,1,3
114048,0,0,0,10
114051,0.09478836436955078,0.0625,0.25,10
114053,0,0,0,10
114065,0.1982726747057622,0.0625,1,10
114083,0.07336392209936005,0.0625,0.14285714285714285,10
114084,0.35895421017163465,0.125,1,10
114088,0,0,0,10
114095,0.7846170207230129,0.4375,1,10
114098,1,1,1,6
114100,0.22526925534077305,0.1875,0.2,10
114107,0,0,0,1
114123,0.3965453494115244,0.14285714285714285,1,10
114130,-0,0,0,0
114138,0,0,0,10
114139,0,0,0,1
114140,0,0,0,6
114143,0.1250961297920603,0.0625,0.5,10
114146,0,0,0,10
114150,0,0,0,10
114151,0.5256702793757745,0.3333333333333333,1,10
114152,0.9674679834891694,1,1,10
114153,0.45650001423154074,0.14285714285714285,1,3
114172,0,0,0,10
114173,0,0,0,10
114175,0,0,0,8
114182,0.16815228646891084,0.15384615384615385,0.25,10
114184,0.20312464685153944,0.07894736842105263,0.3333333333333333,10
114186,0.9091099481035072,0.4,1,10
114196,0,0,0,10
114202,0.6410457898283652,0.5,0.3333333333333333,10
114208,0.8848364951460377,0.36363636363636365,1,10
114229,0.1884441521277154,0.13333333333333333,0.3333333333333333,10
114230,0,0,0,10
114239,0.5184650094568696,0.3,0.5,10
114241,0.2024832320725062,0.125,0.5,10
114243,0.250585414538015,0.25,0.14285714285714285,10
114246,0,0,0,10
114249,0.5631102580041938,0.3125,1,10
114260,0,0,0,10
114269,0.26180807422707547,0.2,0.3333333333333333,10
114271,0,0,0,10
114272,0,0,0,10
114274,0,0,0,10
114276,0.7259325747192054,0.5625,1,10
114280,0.1436715886895903,0,0,10
114281,0.7945084078531822,0.5,1,10
114286,0,0,0,1
114289,0,0,0,10
114292,0,0,0,10
114298,0.6874708847784536,0.4375,1,10
114304,0.7004306433619247,0.625,1,10
114305,0.15176219107803537,0.13333333333333333,0.16666666666666666,10
114309,0.605503837526605,0.2857142857142857,1,10
114312,0.28088150105118154,0.1875,0.5,10
114316,0.22009176629808014,0.0625,1,10
114317,0,0,0,10
114321,0.6271665677137862,0.375,1,10
114322,0.07839826897867533,0.06666666666666667,0.16666666666666666,10
114324,0,0,0,10
114333,0.5600305932318571,0.3125,1,10
114357,0.7099550502920832,0.4,1,10
114358,0.06943122193677725,0.06666666666666667,0.125,10
114364,0.4705561169627617,0.22727272727272727,0.5,10
114395,0.45732200097127595,0.3076923076923077,1,10
114407,0,0,0,10
114421,-0,0,0,0
114427,-0,0,0,0
114450,0.5875532910708158,0.25,1,10
114465,0.24422365840349722,0.125,0.5,10
114466,0.37185395737611554,0.1875,1,10
114468,0.13305201013572895,0.125,0.125,10
114472,0.33000003578821674,0.07692307692307693,1,10
114476,0.21408371436984164,0.08108108108108109,0.16666666666666666,10
114485,0.09478836436955078,0.06666666666666667,0.25,10
114486,0.6485555090237797,0.375,1,10
114489,0.06625422345438903,0.047619047619047616,0.1111111111111111,10
114504,0.5129861293403476,0.25,1,2
114507,0.6163668470816234,0.175,0.5,10
114508,0.8701249883466592,0.8,1,10
114509,0.4517111969459372,0.23076923076923078,1,10
114513,-0,0,0,0
114516,0,0,0,1
114522,0.8857316381822387,0.8,1,10
114551,0.06625422345438903,0.0625,0.1111111111111111,10
114553,0.08514311764162098,0.0625,0.2,10
114555,0.1388624438735545,0.0625,0.5,10
114559,0,0,0,3
114563,0.39494630294121164,0.1875,1,10
114566,0.4419626147081341,0.2222222222222222,1,10
114571,-0,0,0,0
114574,0,0,0,1
114575,-0,0,0,0
114578,0.4252084336260237,0.1875,1,10
114588,0.6947614626552364,0.4666666666666667,1,10
114589,0.5596643073295069,0.3,1,10
114594,0.38634741424626085,0.3125,0.25,10
114597,0.0991363373528811,0.0625,0.3333333333333333,10
114598,0.1453844457692427,0.125,0.14285714285714285,10
114599,0.3484884828604278,0.2,0.5,10
114601,0.5271064966405455,0.26666666666666666,1,10
114607,-0,0,0,0
114614,0.6325414799409711,0.3125,1,6
114620,0.38334277998463445,0.2222222222222222,1,10
114625,0,0,0,10
114633,0.1441324524030455,0.13333333333333333,0.25,10
114648,0.6489315753318465,0.125,1,10
114650,0.9390070228073616,0.5625,1,10
114654,1,0.625,1,10
114664,0,0,0,10
114678,0.6305735060547477,0.3333333333333333,1,10
114680,0.06625422345438903,0.02702702702702703,0.1111111111111111,10
114689,0,0,0,1
114700,0,0,0,4
114701,0.22009176629808014,0.0625,1,10
114705,-0,0,0,0
114720,0.4294318059180082,0.26666666666666666,1,10
114727,0.057313656277404236,0.07142857142857142,0.1,10
114733,0.20829366581033176,0.125,0.5,10
114739,0.9047830903445313,0.5625,1,10
114741,0.3233688044978225,0.125,1,2
114745,0.6090519215431118,0.3125,1,6
114752,0.5599332595218056,0.3125,1,10
114756,1,0.2564102564102564,1,10
114759,0.29740901205864334,0.07142857142857142,1,10
114760,0,0,0,10
114766,0.06625422345438903,0.0625,0.1111111111111111,10
114767,0,0,0,10
114776,-0,0,0,0
114784,0.9052116356304492,0.5625,1,10
114792,0.5682668868901724,0.36363636363636365,0.2,10
114793,0,0,0,10
114796,0,0,0,3
114799,0.23996197183135234,0.2857142857142857,0.25,10
114802,0,0,0,10
114814,0,0,0,10
114815,0,0,0,10
114819,0,0,0,10
114822,0.6640100887180657,0.18421052631578946,1,10
114826,0.1388624438735545,0.0625,0.5,10
114829,0,0,0,10
114836,0,0,0,10
114838,0,0,0,10
114840,0,0,0,10
114856,0,0,0,10
114860,0,0,0,1
114863,0.1842778004295072,0.16666666666666666,0.3333333333333333,10
114868,0,0,0,10
114871,0,0,0,10
114878,0,0,0,4
114900,0,0,0,10
114905,0,0,0,10
114907,0.21726071285222984,0.125,0.5,10
114908,0,0,0,10
114913,0,0,0,10
114916,0,0,0,10
114917,0,0,0,10
114918,0.2340592065643127,0.1875,0.5,10
114919,0,0,0,10
114924,0.658180781680049,0.4375,0.5,10
114927,0.41939799988819815,0.25,1,10
114928,0.7473980342366936,0.5625,1,10
114934,0.36398855705094996,0.21428571428571427,1,10
114939,0,0,0,10
114941,0,0,0,10
114944,0.23690530871965637,0.23076923076923078,0.2,10
114947,-0,0,0,0
114948,-0,0,0,0
114954,0.16708474092484848,0.08333333333333333,0.2,10
114956,0,0,0,10
114963,0.3684548891580317,0.125,1,8
114969,0.5917692928565477,0.2,0.3333333333333333,10
114973,0,0,0,10
114983,-0,0,0,0
114993,0.3141427378152049,0.07692307692307693,1,10
114997,0.7787031651948697,0.24242424242424243,1,10
114998,0.7682269253321374,0.4375,1,10
115007,0.36995731885538535,0.4166666666666667,0.2,10
115010,0,0,0,10
115012,0.3917034710587319,0.11428571428571428,0.5,10
115019,0.466277471763641,0.25,1,10
115022,0,0,0,10
115024,0.30308203017988256,0.21428571428571427,0.5,10
115025,0.4361533373077281,0.15384615384615385,1,10
115029,0,0,0,10
115034,0.1388624438735545,0.0625,0.5,10
115040,0.07336392209936005,0.0625,0.14285714285714285,10
115042,0,0,0,10
115050,0.41257709725198666,0.17142857142857143,0.5,10
115055,0,0,0,4
115056,-0,0,0,0
115064,0.4451010873575096,0.3125,0.5,10
115070,0.5306806689154828,0.13513513513513514,1,10
115078,0.92663607790064,0.5625,1,10
115079,0.7889672245867932,0.23076923076923078,1,10
115091,0,0,0,10
115094,0.4393885407921626,0.1282051282051282,0.5,10
115097,0.26742619438551957,0.07142857142857142,1,10
115100,0.39375843764607193,0.13636363636363635,1,10
115111,0.6499585627060159,0.4,1,10
115117,0.6131471927654584,0.5,1,10
115119,1,0.2564102564102564,1,10
115121,1,0.25,1,10
115128,0,0,0,10
115134,0.4068184404332924,0.25,1,10
115141,-0,0,0,0
115144,0,0,0,10
115145,-0,0,0,0
115152,0.34323912424252423,0.16666666666666666,1,10
115153,0.16593888468172974,0.058823529411764705,0.5,10
115154,0,0,0,10
115155,0,0,0,10
115164,0.6793879715827479,0.17142857142857143,1,10
115171,0,0,0,10
115177,0.3272503892359564,0.25,0.3333333333333333,10
115179,-0,0,0,0
115184,-0,0,0,0
115185,0.45374257454118544,0.07692307692307693,1,10
115188,0.09478836436955078,0.0625,0.25,10
115189,0.023062928964042207,0,0,10
115190,0.08623628983735337,0.06666666666666667,0.16666666666666666,10
115193,0,0,0,10
115194,0,0,0,4
115196,0,0,0,10
115199,0.8200685179888281,0.2,1,10
115208,0.1396181455537491,0.125,0.14285714285714285,10
115219,0,0,0,7
115227,0.10593922760598519,0.07142857142857142,0.16666666666666666,10
115239,0.5347292187903202,0.1282051282051282,1,10
115240,0,0,0,10
115247,0.3611676119588158,0.09375,1,10
115248,0.8521705090845474,0.5,1,10
115249,0.7309989523023463,0.21052631578947367,0.5,10
115255,0.7892929555584944,0.4666666666666667,1,10
115268,0,0,0,10
115269,0.11004588314904007,0.07692307692307693,0.3333333333333333,10
115270,-0,0,0,0
115274,0.6563033086078546,0.4375,1,10
115280,-0,0,0,0
115282,0.7065836017263628,0.375,1,10
115289,-0,0,0,0
115292,0.4073174795910971,0.25,0.5,10
115297,0.2984900352767555,0.14285714285714285,1,10
115298,1,0.625,1,10
115302,0,0,0,10
115306,0.36018420099044063,0.13333333333333333,0.5,10
115315,-0,0,0,0
115319,0.92663607790064,0.5625,1,10
115320,0.7155506487682609,0.42857142857142855,1,10
115326,0.3882047626431879,0.3125,0.25,10
115332,0.2583297509898471,0.1875,0.25,10
115339,0.3642088538827673,0.16666666666666666,0.5,10
115340,0.46002283320678117,0.3,1,10
115342,0.44768932210481877,0.2222222222222222,1,10
115346,0.6564190965850926,0.375,1,10
115363,1,0.625,1,10
115365,0.35895421017163465,0.125,1,10
115506,0,0,0,10
115527,0.3965453494115244,0.125,1,10
115528,0.9363792118010483,0.5625,1,10
115529,0.4715874533271084,0.5,1,10
115530,0.2357541930550393,0.034482758620689655,1,10
115539,-0,0,0,0
115542,0.3063365306564336,0.25,0.2,10
115550,0,0,0,10
115554,0.7891528400196762,0.24390243902439024,1,10
115563,0.3958014755126475,0.3125,0.5,10
115569,0.36358468272477795,0.3076923076923077,0.5,10
115570,0.4645750595547064,0.625,0.3333333333333333,10
115574,0.6448244864271547,0.5,1,3
115579,0.7105909741653426,0.5,1,10
115580,1,0.7142857142857143,1,10
115581,0.824936733218368,0.5714285714285714,1,10
115586,0.13305201013572895,0.125,0.125,10
115608,0,0,0,10
115609,0.6165069278606929,0.4444444444444444,1,10
115610,0.43185029686127374,0.1282051282051282,0.5,10
115614,0.5544692437855766,0.15,0.5,10
115632,0.5565211389359331,0.25,1,10
115633,0.32685423758230164,0.07692307692307693,1,10
115634,0,0,0,10
115636,-0,0,0,0
115644,0.24655055544758617,0.1875,0.25,10
115647,0,0,0,10
115653,-0,0,0,0
115654,0.16354138662029633,0.125,0.2,10
115664,0.7508691783654043,0.4,1,10
115674,0.3301376494471202,0.125,1,10
115677,0.8643145546088337,0.6153846153846154,1,10
115680,0.8364586133797035,0.5333333333333333,1,10
115681,0.2750465585642125,0.125,1,10
115684,0.4726359767725268,0.23076923076923078,1,10
115685,0.9052116356304492,0.5625,1,10
115686,1,0.625,1,10
115692,-0,0,0,0
115696,0.9921086444723336,0.625,1,10
115706,0.793584067764911,0.4666666666666667,1,10
115707,0.2578753740644927,0.1875,0.3333333333333333,10
115709,0.57516290839731,0.25,1,10
115711,0.8503449055347546,1,1,7
115714,0,0,0,10
115718,0.24703059344735182,0.1875,0.3333333333333333,10
115726,1,0.625,1,10
115733,0,0,0,5
115736,0,0,0,10
115738,0.48107765189751833,0.2,1,10
115745,0.5711601909662336,0.375,1,10
115747,0.499830437883566,0.17857142857142858,1,10
115749,0.07839826897867533,0.0625,0.16666666666666666,10
115753,0.5620315878307343,0.4,0.5,10
115763,0.5632706182178141,0.18181818181818182,1,7
115780,0.04890928139957336,0.029411764705882353,0.14285714285714285,10
115782,0,0,0,10
115785,0.29740901205864334,0.07142857142857142,1,10
115786,0,0,0,10
115787,0.7849818707050382,0.4666666666666667,1,10
115794,0.9363792118010483,0.23076923076923078,1,10
115809,0.6735780087837114,0.5,1,10
115816,0.7198057652225512,0.5384615384615384,0.3333333333333333,10
115826,0.45650001423154074,0.14285714285714285,1,10
115831,0.48915828037309345,0.25,1,10
115834,0.15562940904682993,0.15384615384615385,0.5,10
115838,0.49214383396626715,0.08108108108108109,1,10
115843,1,0.7142857142857143,1,10
115845,0.5774250016294136,0.3684210526315789,0.3333333333333333,10
115848,0.18340980524840012,0.07407407407407407,0.3333333333333333,10
115851,-0,0,0,0
115854,0,0,0,2
115858,0.4690000933206747,0.1875,1,3
115871,0.4819869961407344,0.2777777777777778,0.5,10
115878,0.5388856921828065,0.26666666666666666,1,10
115888,0.7695261902392829,0.4375,1,10
115890,0.67175898907361,0.375,1,10
115900,0.5423640154200348,0.25,1,10
115908,0.7790889382842405,0.46153846153846156,1,6
115928,-0,0,0,0
115952,0.02614067782100553,0,0,10
127276,0,0,0,10
128542,0,0,0,10
130378,0,0,0,10
