experiment,method,rep_index,sample_ms
p1d_structural_exact_entity,commerce_native,0,0.193373
p1d_structural_exact_entity,commerce_native,1,0.09401999999999999
p1d_structural_exact_entity,commerce_native,2,0.154822
p1d_structural_exact_entity,commerce_native,3,0.08292200000000001
p1d_structural_exact_entity,commerce_native,4,0.151536
p1d_structural_exact_entity,commerce_native,5,0.09391999999999999
p1d_structural_exact_entity,commerce_native,6,0.097889
p1d_structural_exact_entity,commerce_native,7,0.239734
p1d_structural_exact_entity,commerce_native,8,0.087359
p1d_structural_exact_entity,commerce_native,9,0.467315
p1d_structural_exact_entity,commerce_native,10,0.08867799999999999
p1d_structural_exact_entity,commerce_native,11,0.329528
p1d_structural_exact_entity,commerce_native,12,0.068773
p1d_structural_exact_entity,commerce_native,13,0.082678
p1d_structural_exact_entity,commerce_native,14,0.168406
p1d_structural_exact_entity,commerce_native,15,0.159671
p1d_structural_exact_entity,commerce_native,16,0.188695
p1d_structural_exact_entity,commerce_native,17,0.040954000000000004
p1d_structural_exact_entity,commerce_native,18,0.270869
p1d_structural_exact_entity,commerce_native,19,0.102328
p1d_structural_exact_entity,commerce_native,20,0.134464
p1d_structural_exact_entity,commerce_native,21,0.10008
p1d_structural_exact_entity,commerce_native,22,0.1031
p1d_structural_exact_entity,commerce_native,23,0.080319
p1d_structural_exact_entity,commerce_native,24,0.11740199999999999
p1d_structural_exact_entity,commerce_native,25,0.080816
p1d_structural_exact_entity,commerce_native,26,0.099453
p1d_structural_exact_entity,commerce_native,27,0.167811
p1d_structural_exact_entity,commerce_native,28,0.117578
p1d_structural_exact_entity,commerce_native,29,0.13905499999999998
p1d_structural_exact_entity,tantivy_standalone,0,0.126492
p1d_structural_exact_entity,tantivy_standalone,1,1.5288599999999999
p1d_structural_exact_entity,tantivy_standalone,2,0.15656799999999998
p1d_structural_exact_entity,tantivy_standalone,3,12.519292
p1d_structural_exact_entity,tantivy_standalone,4,0.291572
p1d_structural_exact_entity,tantivy_standalone,5,0.391132
p1d_structural_exact_entity,tantivy_standalone,6,0.674316
p1d_structural_exact_entity,tantivy_standalone,7,2.164623
p1d_structural_exact_entity,tantivy_standalone,8,0.107685
p1d_structural_exact_entity,tantivy_standalone,9,0.075832
p1d_structural_exact_entity,tantivy_standalone,10,0.115602
p1d_structural_exact_entity,tantivy_standalone,11,0.10018099999999999
p1d_structural_exact_entity,tantivy_standalone,12,0.115889
p1d_structural_exact_entity,tantivy_standalone,13,0.170613
p1d_structural_exact_entity,tantivy_standalone,14,0.089699
p1d_structural_exact_entity,tantivy_standalone,15,0.326225
p1d_structural_exact_entity,tantivy_standalone,16,0.108273
p1d_structural_exact_entity,tantivy_standalone,17,0.226661
p1d_structural_exact_entity,tantivy_standalone,18,13.106428
p1d_structural_exact_entity,tantivy_standalone,19,0.532096
p1d_structural_exact_entity,tantivy_standalone,20,0.248175
p1d_structural_exact_entity,tantivy_standalone,21,1.445635
p1d_structural_exact_entity,tantivy_standalone,22,0.109987
p1d_structural_exact_entity,tantivy_standalone,23,0.126993
p1d_structural_exact_entity,tantivy_standalone,24,2.323838
p1d_structural_exact_entity,tantivy_standalone,25,0.186076
p1d_structural_exact_entity,tantivy_standalone,26,0.5011749999999999
p1d_structural_exact_entity,tantivy_standalone,27,0.129577
p1d_structural_exact_entity,tantivy_standalone,28,0.12249700000000001
p1d_structural_exact_entity,tantivy_standalone,29,0.072575
p1d_structural_exact_entity,solr,0,1.912061
p1d_structural_exact_entity,solr,1,1.75614
p1d_structural_exact_entity,solr,2,2.60749
p1d_structural_exact_entity,solr,3,4.2147950000000005
p1d_structural_exact_entity,solr,4,2.68269
p1d_structural_exact_entity,solr,5,3.087991
p1d_structural_exact_entity,solr,6,2.4166209999999997
p1d_structural_exact_entity,solr,7,1.945779
p1d_structural_exact_entity,solr,8,2.0120139999999997
p1d_structural_exact_entity,solr,9,2.14129
p1d_structural_exact_entity,solr,10,3.262703
p1d_structural_exact_entity,solr,11,2.79898
p1d_structural_exact_entity,solr,12,1.711786
p1d_structural_exact_entity,solr,13,2.33253
p1d_structural_exact_entity,solr,14,1.701728
p1d_structural_exact_entity,solr,15,5.205315000000001
p1d_structural_exact_entity,solr,16,2.7482990000000003
p1d_structural_exact_entity,solr,17,2.274425
p1d_structural_exact_entity,solr,18,1.7204519999999999
p1d_structural_exact_entity,solr,19,3.222579
p1d_structural_exact_entity,solr,20,2.848734
p1d_structural_exact_entity,solr,21,2.637035
p1d_structural_exact_entity,solr,22,2.304292
p1d_structural_exact_entity,solr,23,2.028089
p1d_structural_exact_entity,solr,24,1.8469529999999998
p1d_structural_exact_entity,solr,25,1.9207670000000001
p1d_structural_exact_entity,solr,26,1.6945020000000002
p1d_structural_exact_entity,solr,27,1.535446
p1d_structural_exact_entity,solr,28,2.348248
p1d_structural_exact_entity,solr,29,1.682952
p1d_selective_multi_attribute_structural,commerce_native,0,0.012461
p1d_selective_multi_attribute_structural,commerce_native,1,0.011652
p1d_selective_multi_attribute_structural,commerce_native,2,0.009130000000000001
p1d_selective_multi_attribute_structural,commerce_native,3,0.012799999999999999
p1d_selective_multi_attribute_structural,commerce_native,4,0.014531
p1d_selective_multi_attribute_structural,commerce_native,5,0.011816
p1d_selective_multi_attribute_structural,commerce_native,6,0.011241
p1d_selective_multi_attribute_structural,commerce_native,7,0.011412
p1d_selective_multi_attribute_structural,commerce_native,8,0.018886
p1d_selective_multi_attribute_structural,commerce_native,9,0.026366
p1d_selective_multi_attribute_structural,commerce_native,10,0.013042
p1d_selective_multi_attribute_structural,commerce_native,11,0.013059
p1d_selective_multi_attribute_structural,commerce_native,12,0.009226999999999999
p1d_selective_multi_attribute_structural,commerce_native,13,0.016687
p1d_selective_multi_attribute_structural,commerce_native,14,0.012436
p1d_selective_multi_attribute_structural,commerce_native,15,0.011466
p1d_selective_multi_attribute_structural,commerce_native,16,0.016239
p1d_selective_multi_attribute_structural,commerce_native,17,0.013972
p1d_selective_multi_attribute_structural,commerce_native,18,0.013117
p1d_selective_multi_attribute_structural,commerce_native,19,0.012594
p1d_selective_multi_attribute_structural,commerce_native,20,0.019364999999999997
p1d_selective_multi_attribute_structural,commerce_native,21,0.010968
p1d_selective_multi_attribute_structural,commerce_native,22,0.008919999999999999
p1d_selective_multi_attribute_structural,commerce_native,23,0.011803000000000001
p1d_selective_multi_attribute_structural,commerce_native,24,0.012176
p1d_selective_multi_attribute_structural,commerce_native,25,0.011011
p1d_selective_multi_attribute_structural,commerce_native,26,0.061181
p1d_selective_multi_attribute_structural,commerce_native,27,0.01133
p1d_selective_multi_attribute_structural,commerce_native,28,0.011831000000000001
p1d_selective_multi_attribute_structural,commerce_native,29,0.009782
p1d_selective_multi_attribute_structural,tantivy_standalone,0,0.50111
p1d_selective_multi_attribute_structural,tantivy_standalone,1,0.39775
p1d_selective_multi_attribute_structural,tantivy_standalone,2,0.320173
p1d_selective_multi_attribute_structural,tantivy_standalone,3,0.5222169999999999
p1d_selective_multi_attribute_structural,tantivy_standalone,4,1.7806689999999998
p1d_selective_multi_attribute_structural,tantivy_standalone,5,0.794792
p1d_selective_multi_attribute_structural,tantivy_standalone,6,0.31885600000000003
p1d_selective_multi_attribute_structural,tantivy_standalone,7,0.38390199999999997
p1d_selective_multi_attribute_structural,tantivy_standalone,8,0.377822
p1d_selective_multi_attribute_structural,tantivy_standalone,9,0.307786
p1d_selective_multi_attribute_structural,tantivy_standalone,10,1.20451
p1d_selective_multi_attribute_structural,tantivy_standalone,11,0.908383
p1d_selective_multi_attribute_structural,tantivy_standalone,12,0.33678100000000005
p1d_selective_multi_attribute_structural,tantivy_standalone,13,0.470595
p1d_selective_multi_attribute_structural,tantivy_standalone,14,0.295917
p1d_selective_multi_attribute_structural,tantivy_standalone,15,1.507556
p1d_selective_multi_attribute_structural,tantivy_standalone,16,1.2045210000000002
p1d_selective_multi_attribute_structural,tantivy_standalone,17,1.448148
p1d_selective_multi_attribute_structural,tantivy_standalone,18,1.383736
p1d_selective_multi_attribute_structural,tantivy_standalone,19,0.372608
p1d_selective_multi_attribute_structural,tantivy_standalone,20,0.361493
p1d_selective_multi_attribute_structural,tantivy_standalone,21,0.41884499999999997
p1d_selective_multi_attribute_structural,tantivy_standalone,22,0.26104999999999995
p1d_selective_multi_attribute_structural,tantivy_standalone,23,1.181063
p1d_selective_multi_attribute_structural,tantivy_standalone,24,0.392116
p1d_selective_multi_attribute_structural,tantivy_standalone,25,0.65967
p1d_selective_multi_attribute_structural,tantivy_standalone,26,0.340272
p1d_selective_multi_attribute_structural,tantivy_standalone,27,0.292663
p1d_selective_multi_attribute_structural,tantivy_standalone,28,0.351483
p1d_selective_multi_attribute_structural,tantivy_standalone,29,0.812619
p1d_selective_multi_attribute_structural,solr,0,4.302156
p1d_selective_multi_attribute_structural,solr,1,2.097403
p1d_selective_multi_attribute_structural,solr,2,1.704714
p1d_selective_multi_attribute_structural,solr,3,1.807192
p1d_selective_multi_attribute_structural,solr,4,1.921033
p1d_selective_multi_attribute_structural,solr,5,1.590633
p1d_selective_multi_attribute_structural,solr,6,1.9022489999999999
p1d_selective_multi_attribute_structural,solr,7,1.598433
p1d_selective_multi_attribute_structural,solr,8,2.0902220000000002
p1d_selective_multi_attribute_structural,solr,9,1.584203
p1d_selective_multi_attribute_structural,solr,10,1.7237179999999999
p1d_selective_multi_attribute_structural,solr,11,1.7436669999999999
p1d_selective_multi_attribute_structural,solr,12,1.272312
p1d_selective_multi_attribute_structural,solr,13,2.073593
p1d_selective_multi_attribute_structural,solr,14,2.13277
p1d_selective_multi_attribute_structural,solr,15,1.4459989999999998
p1d_selective_multi_attribute_structural,solr,16,2.2545669999999998
p1d_selective_multi_attribute_structural,solr,17,1.631748
p1d_selective_multi_attribute_structural,solr,18,1.573517
p1d_selective_multi_attribute_structural,solr,19,1.790765
p1d_selective_multi_attribute_structural,solr,20,2.008436
p1d_selective_multi_attribute_structural,solr,21,1.712159
p1d_selective_multi_attribute_structural,solr,22,1.743288
p1d_selective_multi_attribute_structural,solr,23,1.5057099999999999
p1d_selective_multi_attribute_structural,solr,24,1.481649
p1d_selective_multi_attribute_structural,solr,25,1.5514089999999998
p1d_selective_multi_attribute_structural,solr,26,1.4603579999999998
p1d_selective_multi_attribute_structural,solr,27,1.589329
p1d_selective_multi_attribute_structural,solr,28,2.75947
p1d_selective_multi_attribute_structural,solr,29,2.185294
p1d_variant_scoped_structural,commerce_native,0,0.072695
p1d_variant_scoped_structural,commerce_native,1,0.011512
p1d_variant_scoped_structural,commerce_native,2,0.013571
p1d_variant_scoped_structural,commerce_native,3,0.0079
p1d_variant_scoped_structural,commerce_native,4,0.004923
p1d_variant_scoped_structural,commerce_native,5,0.161188
p1d_variant_scoped_structural,commerce_native,6,0.017269
p1d_variant_scoped_structural,commerce_native,7,0.069066
p1d_variant_scoped_structural,commerce_native,8,0.011239
p1d_variant_scoped_structural,commerce_native,9,0.147297
p1d_variant_scoped_structural,commerce_native,10,0.015858
p1d_variant_scoped_structural,commerce_native,11,0.013932
p1d_variant_scoped_structural,commerce_native,12,0.010341
p1d_variant_scoped_structural,commerce_native,13,0.263192
p1d_variant_scoped_structural,commerce_native,14,0.017655999999999998
p1d_variant_scoped_structural,commerce_native,15,0.015106999999999999
p1d_variant_scoped_structural,commerce_native,16,0.016066
p1d_variant_scoped_structural,commerce_native,17,0.021027
p1d_variant_scoped_structural,commerce_native,18,0.018063
p1d_variant_scoped_structural,commerce_native,19,0.161867
p1d_variant_scoped_structural,commerce_native,20,0.014842
p1d_variant_scoped_structural,commerce_native,21,0.011249
p1d_variant_scoped_structural,commerce_native,22,0.008616
p1d_variant_scoped_structural,commerce_native,23,0.006280999999999999
p1d_variant_scoped_structural,commerce_native,24,0.011991
p1d_variant_scoped_structural,commerce_native,25,0.013098
p1d_variant_scoped_structural,commerce_native,26,0.016784999999999998
p1d_variant_scoped_structural,commerce_native,27,0.016342
p1d_variant_scoped_structural,commerce_native,28,0.010005
p1d_variant_scoped_structural,commerce_native,29,0.012436
p1d_variant_scoped_structural,tantivy_standalone,0,1.990323
p1d_variant_scoped_structural,tantivy_standalone,1,2.6638819999999996
p1d_variant_scoped_structural,tantivy_standalone,2,1.433996
p1d_variant_scoped_structural,tantivy_standalone,3,4.000966
p1d_variant_scoped_structural,tantivy_standalone,4,0.8401850000000001
p1d_variant_scoped_structural,tantivy_standalone,5,0.47610699999999995
p1d_variant_scoped_structural,tantivy_standalone,6,0.180646
p1d_variant_scoped_structural,tantivy_standalone,7,2.701864
p1d_variant_scoped_structural,tantivy_standalone,8,1.496054
p1d_variant_scoped_structural,tantivy_standalone,9,1.0239019999999999
p1d_variant_scoped_structural,tantivy_standalone,10,6.383252
p1d_variant_scoped_structural,tantivy_standalone,11,8.111163
p1d_variant_scoped_structural,tantivy_standalone,12,4.246538
p1d_variant_scoped_structural,tantivy_standalone,13,3.561379
p1d_variant_scoped_structural,tantivy_standalone,14,0.183179
p1d_variant_scoped_structural,tantivy_standalone,15,0.592862
p1d_variant_scoped_structural,tantivy_standalone,16,6.583384000000001
p1d_variant_scoped_structural,tantivy_standalone,17,0.9127350000000001
p1d_variant_scoped_structural,tantivy_standalone,18,0.820876
p1d_variant_scoped_structural,tantivy_standalone,19,0.207587
p1d_variant_scoped_structural,tantivy_standalone,20,0.298576
p1d_variant_scoped_structural,tantivy_standalone,21,2.7741749999999996
p1d_variant_scoped_structural,tantivy_standalone,22,0.9813669999999999
p1d_variant_scoped_structural,tantivy_standalone,23,0.6392150000000001
p1d_variant_scoped_structural,tantivy_standalone,24,0.563302
p1d_variant_scoped_structural,tantivy_standalone,25,0.44621299999999997
p1d_variant_scoped_structural,tantivy_standalone,26,0.188403
p1d_variant_scoped_structural,tantivy_standalone,27,0.21176999999999999
p1d_variant_scoped_structural,tantivy_standalone,28,1.5216699999999999
p1d_variant_scoped_structural,tantivy_standalone,29,0.318862
p1d_variant_scoped_structural,solr,0,1.549021
p1d_variant_scoped_structural,solr,1,1.4872830000000001
p1d_variant_scoped_structural,solr,2,1.77958
p1d_variant_scoped_structural,solr,3,1.544404
p1d_variant_scoped_structural,solr,4,1.6201729999999999
p1d_variant_scoped_structural,solr,5,1.427637
p1d_variant_scoped_structural,solr,6,1.471355
p1d_variant_scoped_structural,solr,7,1.624395
p1d_variant_scoped_structural,solr,8,1.362492
p1d_variant_scoped_structural,solr,9,1.538314
p1d_variant_scoped_structural,solr,10,2.470155
p1d_variant_scoped_structural,solr,11,2.7839929999999997
p1d_variant_scoped_structural,solr,12,2.117809
p1d_variant_scoped_structural,solr,13,2.1013479999999998
p1d_variant_scoped_structural,solr,14,2.01103
p1d_variant_scoped_structural,solr,15,2.119321
p1d_variant_scoped_structural,solr,16,1.684056
p1d_variant_scoped_structural,solr,17,2.178477
p1d_variant_scoped_structural,solr,18,1.748246
p1d_variant_scoped_structural,solr,19,1.3815609999999998
p1d_variant_scoped_structural,solr,20,1.6147500000000001
p1d_variant_scoped_structural,solr,21,1.516328
p1d_variant_scoped_structural,solr,22,1.811878
p1d_variant_scoped_structural,solr,23,3.243557
p1d_variant_scoped_structural,solr,24,1.755449
p1d_variant_scoped_structural,solr,25,1.3523610000000001
p1d_variant_scoped_structural,solr,26,1.253357
p1d_variant_scoped_structural,solr,27,1.431256
p1d_variant_scoped_structural,solr,28,1.381002
p1d_variant_scoped_structural,solr,29,1.394215
p1d_range_plus_structural,commerce_native,0,1219.302471
p1d_range_plus_structural,commerce_native,1,1204.7028090000001
p1d_range_plus_structural,commerce_native,2,1180.705523
p1d_range_plus_structural,commerce_native,3,1195.038936
p1d_range_plus_structural,commerce_native,4,1237.234939
p1d_range_plus_structural,commerce_native,5,1239.9940199999999
p1d_range_plus_structural,commerce_native,6,1263.946418
p1d_range_plus_structural,commerce_native,7,1237.29427
p1d_range_plus_structural,commerce_native,8,1185.148111
p1d_range_plus_structural,commerce_native,9,1181.299139
p1d_range_plus_structural,commerce_native,10,1196.386795
p1d_range_plus_structural,commerce_native,11,1238.353991
p1d_range_plus_structural,commerce_native,12,1243.182852
p1d_range_plus_structural,commerce_native,13,1251.187571
p1d_range_plus_structural,commerce_native,14,1205.960205
p1d_range_plus_structural,commerce_native,15,1219.45462
p1d_range_plus_structural,commerce_native,16,1217.107959
p1d_range_plus_structural,commerce_native,17,1197.243726
p1d_range_plus_structural,commerce_native,18,976.0875
p1d_range_plus_structural,commerce_native,19,841.2801460000001
p1d_range_plus_structural,commerce_native,20,863.912642
p1d_range_plus_structural,commerce_native,21,871.477155
p1d_range_plus_structural,commerce_native,22,873.1642499999999
p1d_range_plus_structural,commerce_native,23,864.5494110000001
p1d_range_plus_structural,commerce_native,24,856.25699
p1d_range_plus_structural,commerce_native,25,841.891688
p1d_range_plus_structural,commerce_native,26,874.332775
p1d_range_plus_structural,commerce_native,27,864.920359
p1d_range_plus_structural,commerce_native,28,852.422237
p1d_range_plus_structural,commerce_native,29,856.528319
p1d_range_plus_structural,tantivy_standalone,0,2.744603
p1d_range_plus_structural,tantivy_standalone,1,4.028121
p1d_range_plus_structural,tantivy_standalone,2,2.5807189999999998
p1d_range_plus_structural,tantivy_standalone,3,4.044143
p1d_range_plus_structural,tantivy_standalone,4,2.772882
p1d_range_plus_structural,tantivy_standalone,5,4.050005
p1d_range_plus_structural,tantivy_standalone,6,4.0019979999999995
p1d_range_plus_structural,tantivy_standalone,7,4.0595040000000004
p1d_range_plus_structural,tantivy_standalone,8,2.549613
p1d_range_plus_structural,tantivy_standalone,9,3.889809
p1d_range_plus_structural,tantivy_standalone,10,3.157009
p1d_range_plus_structural,tantivy_standalone,11,3.97797
p1d_range_plus_structural,tantivy_standalone,12,2.907719
p1d_range_plus_structural,tantivy_standalone,13,3.975429
p1d_range_plus_structural,tantivy_standalone,14,2.365201
p1d_range_plus_structural,tantivy_standalone,15,4.165394
p1d_range_plus_structural,tantivy_standalone,16,2.6208139999999998
p1d_range_plus_structural,tantivy_standalone,17,2.6069940000000003
p1d_range_plus_structural,tantivy_standalone,18,2.6861580000000003
p1d_range_plus_structural,tantivy_standalone,19,4.426698
p1d_range_plus_structural,tantivy_standalone,20,2.5689100000000002
p1d_range_plus_structural,tantivy_standalone,21,3.859621
p1d_range_plus_structural,tantivy_standalone,22,4.008856
p1d_range_plus_structural,tantivy_standalone,23,4.163435
p1d_range_plus_structural,tantivy_standalone,24,2.612531
p1d_range_plus_structural,tantivy_standalone,25,3.740736
p1d_range_plus_structural,tantivy_standalone,26,3.9899050000000003
p1d_range_plus_structural,tantivy_standalone,27,2.635647
p1d_range_plus_structural,tantivy_standalone,28,2.599666
p1d_range_plus_structural,tantivy_standalone,29,2.63673
p1d_range_plus_structural,solr,0,2.4592479999999997
p1d_range_plus_structural,solr,1,3.197767
p1d_range_plus_structural,solr,2,3.259138
p1d_range_plus_structural,solr,3,3.33503
p1d_range_plus_structural,solr,4,3.111112
p1d_range_plus_structural,solr,5,2.626169
p1d_range_plus_structural,solr,6,3.359486
p1d_range_plus_structural,solr,7,1.7909840000000001
p1d_range_plus_structural,solr,8,3.407803
p1d_range_plus_structural,solr,9,3.977573
p1d_range_plus_structural,solr,10,2.983212
p1d_range_plus_structural,solr,11,3.0856220000000003
p1d_range_plus_structural,solr,12,3.4237640000000003
p1d_range_plus_structural,solr,13,3.001041
p1d_range_plus_structural,solr,14,3.215239
p1d_range_plus_structural,solr,15,2.2606509999999997
p1d_range_plus_structural,solr,16,3.312101
p1d_range_plus_structural,solr,17,3.770026
p1d_range_plus_structural,solr,18,2.289235
p1d_range_plus_structural,solr,19,14.502988
p1d_range_plus_structural,solr,20,2.668104
p1d_range_plus_structural,solr,21,3.378516
p1d_range_plus_structural,solr,22,3.180876
p1d_range_plus_structural,solr,23,3.252471
p1d_range_plus_structural,solr,24,3.06264
p1d_range_plus_structural,solr,25,2.956037
p1d_range_plus_structural,solr,26,2.872898
p1d_range_plus_structural,solr,27,1.58235
p1d_range_plus_structural,solr,28,2.76889
p1d_range_plus_structural,solr,29,3.213775
p1d_structural_plus_lexical_residual,commerce_native,0,12.097617999999999
p1d_structural_plus_lexical_residual,commerce_native,1,7.2123159999999995
p1d_structural_plus_lexical_residual,commerce_native,2,0.253008
p1d_structural_plus_lexical_residual,commerce_native,3,0.36761900000000003
p1d_structural_plus_lexical_residual,commerce_native,4,0.42498600000000003
p1d_structural_plus_lexical_residual,commerce_native,5,28.300046
p1d_structural_plus_lexical_residual,commerce_native,6,27.673486
p1d_structural_plus_lexical_residual,commerce_native,7,11.733541
p1d_structural_plus_lexical_residual,commerce_native,8,7.484961
p1d_structural_plus_lexical_residual,commerce_native,9,0.40683199999999997
p1d_structural_plus_lexical_residual,commerce_native,10,9.445001999999999
p1d_structural_plus_lexical_residual,commerce_native,11,34.225813
p1d_structural_plus_lexical_residual,commerce_native,12,28.761452
p1d_structural_plus_lexical_residual,commerce_native,13,4.222709
p1d_structural_plus_lexical_residual,commerce_native,14,7.398176
p1d_structural_plus_lexical_residual,commerce_native,15,0.34245899999999996
p1d_structural_plus_lexical_residual,commerce_native,16,0.536803
p1d_structural_plus_lexical_residual,commerce_native,17,2.961975
p1d_structural_plus_lexical_residual,commerce_native,18,35.032568
p1d_structural_plus_lexical_residual,commerce_native,19,29.410987
p1d_structural_plus_lexical_residual,commerce_native,20,2.276391
p1d_structural_plus_lexical_residual,commerce_native,21,7.006205
p1d_structural_plus_lexical_residual,commerce_native,22,5.27781
p1d_structural_plus_lexical_residual,commerce_native,23,0.433081
p1d_structural_plus_lexical_residual,commerce_native,24,6.714635
p1d_structural_plus_lexical_residual,commerce_native,25,28.303392
p1d_structural_plus_lexical_residual,commerce_native,26,28.244635
p1d_structural_plus_lexical_residual,commerce_native,27,7.080325
p1d_structural_plus_lexical_residual,commerce_native,28,8.221038
p1d_structural_plus_lexical_residual,commerce_native,29,0.278565
p1d_structural_plus_lexical_residual,tantivy_standalone,0,8.858426000000001
p1d_structural_plus_lexical_residual,tantivy_standalone,1,6.738109
p1d_structural_plus_lexical_residual,tantivy_standalone,2,24.997322999999998
p1d_structural_plus_lexical_residual,tantivy_standalone,3,3.7859030000000002
p1d_structural_plus_lexical_residual,tantivy_standalone,4,2.4051799999999997
p1d_structural_plus_lexical_residual,tantivy_standalone,5,46.311453
p1d_structural_plus_lexical_residual,tantivy_standalone,6,13.421051
p1d_structural_plus_lexical_residual,tantivy_standalone,7,6.634603
p1d_structural_plus_lexical_residual,tantivy_standalone,8,24.634717000000002
p1d_structural_plus_lexical_residual,tantivy_standalone,9,7.641714
p1d_structural_plus_lexical_residual,tantivy_standalone,10,3.020606
p1d_structural_plus_lexical_residual,tantivy_standalone,11,8.490815000000001
p1d_structural_plus_lexical_residual,tantivy_standalone,12,37.70868
p1d_structural_plus_lexical_residual,tantivy_standalone,13,5.867299
p1d_structural_plus_lexical_residual,tantivy_standalone,14,14.369153
p1d_structural_plus_lexical_residual,tantivy_standalone,15,14.162462000000001
p1d_structural_plus_lexical_residual,tantivy_standalone,16,3.263318
p1d_structural_plus_lexical_residual,tantivy_standalone,17,2.464812
p1d_structural_plus_lexical_residual,tantivy_standalone,18,34.312566000000004
p1d_structural_plus_lexical_residual,tantivy_standalone,19,12.899725
p1d_structural_plus_lexical_residual,tantivy_standalone,20,13.09237
p1d_structural_plus_lexical_residual,tantivy_standalone,21,6.539133
p1d_structural_plus_lexical_residual,tantivy_standalone,22,7.412288
p1d_structural_plus_lexical_residual,tantivy_standalone,23,3.564393
p1d_structural_plus_lexical_residual,tantivy_standalone,24,47.246451
p1d_structural_plus_lexical_residual,tantivy_standalone,25,46.013673999999995
p1d_structural_plus_lexical_residual,tantivy_standalone,26,13.063811999999999
p1d_structural_plus_lexical_residual,tantivy_standalone,27,13.3573
p1d_structural_plus_lexical_residual,tantivy_standalone,28,26.042222
p1d_structural_plus_lexical_residual,tantivy_standalone,29,4.340555
p1d_structural_plus_lexical_residual,solr,0,2.427842
p1d_structural_plus_lexical_residual,solr,1,2.6828809999999996
p1d_structural_plus_lexical_residual,solr,2,2.688433
p1d_structural_plus_lexical_residual,solr,3,2.44434
p1d_structural_plus_lexical_residual,solr,4,1.949082
p1d_structural_plus_lexical_residual,solr,5,2.506789
p1d_structural_plus_lexical_residual,solr,6,2.71189
p1d_structural_plus_lexical_residual,solr,7,1.537431
p1d_structural_plus_lexical_residual,solr,8,2.719363
p1d_structural_plus_lexical_residual,solr,9,2.683523
p1d_structural_plus_lexical_residual,solr,10,2.090424
p1d_structural_plus_lexical_residual,solr,11,2.583175
p1d_structural_plus_lexical_residual,solr,12,2.7755129999999997
p1d_structural_plus_lexical_residual,solr,13,2.7862400000000003
p1d_structural_plus_lexical_residual,solr,14,2.994769
p1d_structural_plus_lexical_residual,solr,15,3.580906
p1d_structural_plus_lexical_residual,solr,16,2.14357
p1d_structural_plus_lexical_residual,solr,17,2.3155799999999997
p1d_structural_plus_lexical_residual,solr,18,2.082947
p1d_structural_plus_lexical_residual,solr,19,2.759389
p1d_structural_plus_lexical_residual,solr,20,2.239984
p1d_structural_plus_lexical_residual,solr,21,2.185574
p1d_structural_plus_lexical_residual,solr,22,2.468682
p1d_structural_plus_lexical_residual,solr,23,1.497544
p1d_structural_plus_lexical_residual,solr,24,1.658041
p1d_structural_plus_lexical_residual,solr,25,2.363162
p1d_structural_plus_lexical_residual,solr,26,2.450752
p1d_structural_plus_lexical_residual,solr,27,1.3657759999999999
p1d_structural_plus_lexical_residual,solr,28,2.605684
p1d_structural_plus_lexical_residual,solr,29,2.645852
p1d_structural_plus_semantic_residual,commerce_native,0,11.241773
p1d_structural_plus_semantic_residual,commerce_native,1,0.473323
p1d_structural_plus_semantic_residual,commerce_native,2,3.492835
p1d_structural_plus_semantic_residual,commerce_native,3,15.157005
p1d_structural_plus_semantic_residual,commerce_native,4,9.080375
p1d_structural_plus_semantic_residual,commerce_native,5,12.665740999999999
p1d_structural_plus_semantic_residual,commerce_native,6,5.84481
p1d_structural_plus_semantic_residual,commerce_native,7,11.376604
p1d_structural_plus_semantic_residual,commerce_native,8,0.467908
p1d_structural_plus_semantic_residual,commerce_native,9,2.459587
p1d_structural_plus_semantic_residual,commerce_native,10,2.719732
p1d_structural_plus_semantic_residual,commerce_native,11,12.070545000000001
p1d_structural_plus_semantic_residual,commerce_native,12,5.0842659999999995
p1d_structural_plus_semantic_residual,commerce_native,13,13.513651999999999
p1d_structural_plus_semantic_residual,commerce_native,14,2.51899
p1d_structural_plus_semantic_residual,commerce_native,15,3.43595
p1d_structural_plus_semantic_residual,commerce_native,16,2.6943319999999997
p1d_structural_plus_semantic_residual,commerce_native,17,2.2608810000000004
p1d_structural_plus_semantic_residual,commerce_native,18,11.040009
p1d_structural_plus_semantic_residual,commerce_native,19,12.190577
p1d_structural_plus_semantic_residual,commerce_native,20,4.674012
p1d_structural_plus_semantic_residual,commerce_native,21,0.440462
p1d_structural_plus_semantic_residual,commerce_native,22,5.391573999999999
p1d_structural_plus_semantic_residual,commerce_native,23,14.832678
p1d_structural_plus_semantic_residual,commerce_native,24,2.579024
p1d_structural_plus_semantic_residual,commerce_native,25,5.03489
p1d_structural_plus_semantic_residual,commerce_native,26,6.144138000000001
p1d_structural_plus_semantic_residual,commerce_native,27,2.5598219999999996
p1d_structural_plus_semantic_residual,commerce_native,28,0.355988
p1d_structural_plus_semantic_residual,commerce_native,29,3.437548
p1d_structural_plus_semantic_residual,tantivy_standalone,0,8.408565999999999
p1d_structural_plus_semantic_residual,tantivy_standalone,1,1.5394569999999999
p1d_structural_plus_semantic_residual,tantivy_standalone,2,10.989427
p1d_structural_plus_semantic_residual,tantivy_standalone,3,1.662484
p1d_structural_plus_semantic_residual,tantivy_standalone,4,1.6274469999999999
p1d_structural_plus_semantic_residual,tantivy_standalone,5,36.379656000000004
p1d_structural_plus_semantic_residual,tantivy_standalone,6,8.477704000000001
p1d_structural_plus_semantic_residual,tantivy_standalone,7,1.4426910000000002
p1d_structural_plus_semantic_residual,tantivy_standalone,8,11.26422
p1d_structural_plus_semantic_residual,tantivy_standalone,9,1.136541
p1d_structural_plus_semantic_residual,tantivy_standalone,10,1.18264
p1d_structural_plus_semantic_residual,tantivy_standalone,11,2.1806159999999997
p1d_structural_plus_semantic_residual,tantivy_standalone,12,13.702357
p1d_structural_plus_semantic_residual,tantivy_standalone,13,9.102693
p1d_structural_plus_semantic_residual,tantivy_standalone,14,1.398568
p1d_structural_plus_semantic_residual,tantivy_standalone,15,4.830519
p1d_structural_plus_semantic_residual,tantivy_standalone,16,1.0473270000000001
p1d_structural_plus_semantic_residual,tantivy_standalone,17,1.2683449999999998
p1d_structural_plus_semantic_residual,tantivy_standalone,18,1.6125639999999999
p1d_structural_plus_semantic_residual,tantivy_standalone,19,8.587776999999999
p1d_structural_plus_semantic_residual,tantivy_standalone,20,1.979321
p1d_structural_plus_semantic_residual,tantivy_standalone,21,1.881249
p1d_structural_plus_semantic_residual,tantivy_standalone,22,1.1360999999999999
p1d_structural_plus_semantic_residual,tantivy_standalone,23,1.414214
p1d_structural_plus_semantic_residual,tantivy_standalone,24,11.306236
p1d_structural_plus_semantic_residual,tantivy_standalone,25,37.104388
p1d_structural_plus_semantic_residual,tantivy_standalone,26,8.470237000000001
p1d_structural_plus_semantic_residual,tantivy_standalone,27,1.444162
p1d_structural_plus_semantic_residual,tantivy_standalone,28,10.922863999999999
p1d_structural_plus_semantic_residual,tantivy_standalone,29,1.577614
p1d_structural_plus_semantic_residual,solr,0,2.118108
p1d_structural_plus_semantic_residual,solr,1,2.168391
p1d_structural_plus_semantic_residual,solr,2,1.9814749999999999
p1d_structural_plus_semantic_residual,solr,3,2.024741
p1d_structural_plus_semantic_residual,solr,4,3.8908240000000003
p1d_structural_plus_semantic_residual,solr,5,2.944353
p1d_structural_plus_semantic_residual,solr,6,2.537854
p1d_structural_plus_semantic_residual,solr,7,1.309302
p1d_structural_plus_semantic_residual,solr,8,1.730509
p1d_structural_plus_semantic_residual,solr,9,1.759975
p1d_structural_plus_semantic_residual,solr,10,1.298187
p1d_structural_plus_semantic_residual,solr,11,1.3673279999999999
p1d_structural_plus_semantic_residual,solr,12,2.012144
p1d_structural_plus_semantic_residual,solr,13,2.4999789999999997
p1d_structural_plus_semantic_residual,solr,14,2.176519
p1d_structural_plus_semantic_residual,solr,15,1.569216
p1d_structural_plus_semantic_residual,solr,16,1.190422
p1d_structural_plus_semantic_residual,solr,17,1.2910300000000001
p1d_structural_plus_semantic_residual,solr,18,1.02846
p1d_structural_plus_semantic_residual,solr,19,2.393335
p1d_structural_plus_semantic_residual,solr,20,2.2085809999999997
p1d_structural_plus_semantic_residual,solr,21,2.480163
p1d_structural_plus_semantic_residual,solr,22,1.9744670000000002
p1d_structural_plus_semantic_residual,solr,23,1.1804700000000001
p1d_structural_plus_semantic_residual,solr,24,1.886673
p1d_structural_plus_semantic_residual,solr,25,2.375962
p1d_structural_plus_semantic_residual,solr,26,2.036259
p1d_structural_plus_semantic_residual,solr,27,0.994831
p1d_structural_plus_semantic_residual,solr,28,1.250391
p1d_structural_plus_semantic_residual,solr,29,1.736645
p1d_lexical_first,commerce_native,0,7.221954
p1d_lexical_first,commerce_native,1,5.439757
p1d_lexical_first,commerce_native,2,1.7671830000000002
p1d_lexical_first,commerce_native,3,28.233235999999998
p1d_lexical_first,commerce_native,4,6.264113
p1d_lexical_first,commerce_native,5,2.028281
p1d_lexical_first,commerce_native,6,0.9369740000000001
p1d_lexical_first,commerce_native,7,6.851972
p1d_lexical_first,commerce_native,8,5.1826
p1d_lexical_first,commerce_native,9,29.428671
p1d_lexical_first,commerce_native,10,5.398436
p1d_lexical_first,commerce_native,11,9.226647
p1d_lexical_first,commerce_native,12,4.454208
p1d_lexical_first,commerce_native,13,5.879912999999999
p1d_lexical_first,commerce_native,14,5.723814
p1d_lexical_first,commerce_native,15,1.911968
p1d_lexical_first,commerce_native,16,3.830846
p1d_lexical_first,commerce_native,17,8.85763
p1d_lexical_first,commerce_native,18,9.325159
p1d_lexical_first,commerce_native,19,2.320506
p1d_lexical_first,commerce_native,20,5.512816
p1d_lexical_first,commerce_native,21,5.4773119999999995
p1d_lexical_first,commerce_native,22,0.216619
p1d_lexical_first,commerce_native,23,28.062405
p1d_lexical_first,commerce_native,24,5.026109
p1d_lexical_first,commerce_native,25,4.88839
p1d_lexical_first,commerce_native,26,1.154422
p1d_lexical_first,commerce_native,27,5.570683
p1d_lexical_first,commerce_native,28,5.060816999999999
p1d_lexical_first,commerce_native,29,1.7795969999999999
p1d_lexical_first,tantivy_standalone,0,4.357474
p1d_lexical_first,tantivy_standalone,1,11.419238
p1d_lexical_first,tantivy_standalone,2,0.39046600000000004
p1d_lexical_first,tantivy_standalone,3,10.105406
p1d_lexical_first,tantivy_standalone,4,3.843656
p1d_lexical_first,tantivy_standalone,5,8.11312
p1d_lexical_first,tantivy_standalone,6,11.556674
p1d_lexical_first,tantivy_standalone,7,11.497162
p1d_lexical_first,tantivy_standalone,8,0.33827599999999997
p1d_lexical_first,tantivy_standalone,9,0.9343170000000001
p1d_lexical_first,tantivy_standalone,10,44.16075
p1d_lexical_first,tantivy_standalone,11,11.939383
p1d_lexical_first,tantivy_standalone,12,10.098485
p1d_lexical_first,tantivy_standalone,13,10.990753000000002
p1d_lexical_first,tantivy_standalone,14,7.088381
p1d_lexical_first,tantivy_standalone,15,4.8636
p1d_lexical_first,tantivy_standalone,16,43.834082
p1d_lexical_first,tantivy_standalone,17,3.683851
p1d_lexical_first,tantivy_standalone,18,16.138815
p1d_lexical_first,tantivy_standalone,19,11.802259000000001
p1d_lexical_first,tantivy_standalone,20,7.805752
p1d_lexical_first,tantivy_standalone,21,12.090854
p1d_lexical_first,tantivy_standalone,22,0.84809
p1d_lexical_first,tantivy_standalone,23,21.443828
p1d_lexical_first,tantivy_standalone,24,2.121299
p1d_lexical_first,tantivy_standalone,25,7.9324010000000005
p1d_lexical_first,tantivy_standalone,26,12.100527
p1d_lexical_first,tantivy_standalone,27,7.048418
p1d_lexical_first,tantivy_standalone,28,0.34160199999999996
p1d_lexical_first,tantivy_standalone,29,48.144218
p1d_lexical_first,solr,0,1.784624
p1d_lexical_first,solr,1,2.135854
p1d_lexical_first,solr,2,2.240549
p1d_lexical_first,solr,3,2.27583
p1d_lexical_first,solr,4,1.9698390000000001
p1d_lexical_first,solr,5,1.6878060000000001
p1d_lexical_first,solr,6,2.180286
p1d_lexical_first,solr,7,1.7364439999999999
p1d_lexical_first,solr,8,1.837509
p1d_lexical_first,solr,9,2.476845
p1d_lexical_first,solr,10,2.4994259999999997
p1d_lexical_first,solr,11,2.112227
p1d_lexical_first,solr,12,2.206875
p1d_lexical_first,solr,13,2.0190249999999996
p1d_lexical_first,solr,14,2.24921
p1d_lexical_first,solr,15,1.915449
p1d_lexical_first,solr,16,1.463314
p1d_lexical_first,solr,17,2.5079770000000003
p1d_lexical_first,solr,18,1.659747
p1d_lexical_first,solr,19,2.278248
p1d_lexical_first,solr,20,2.260937
p1d_lexical_first,solr,21,2.346569
p1d_lexical_first,solr,22,2.101165
p1d_lexical_first,solr,23,1.2365080000000002
p1d_lexical_first,solr,24,2.420291
p1d_lexical_first,solr,25,2.387985
p1d_lexical_first,solr,26,2.222762
p1d_lexical_first,solr,27,1.746372
p1d_lexical_first,solr,28,1.933684
p1d_lexical_first,solr,29,2.31799
p1d_ambiguous_punt,commerce_native,0,12.330017999999999
p1d_ambiguous_punt,commerce_native,1,7.078398
p1d_ambiguous_punt,commerce_native,2,4.697172999999999
p1d_ambiguous_punt,commerce_native,3,4.832076
p1d_ambiguous_punt,commerce_native,4,2.3109469999999996
p1d_ambiguous_punt,commerce_native,5,16.346321
p1d_ambiguous_punt,commerce_native,6,5.379866
p1d_ambiguous_punt,commerce_native,7,11.808157999999999
p1d_ambiguous_punt,commerce_native,8,8.176673000000001
p1d_ambiguous_punt,commerce_native,9,15.227457999999999
p1d_ambiguous_punt,commerce_native,10,3.617813
p1d_ambiguous_punt,commerce_native,11,13.136057
p1d_ambiguous_punt,commerce_native,12,1.322472
p1d_ambiguous_punt,commerce_native,13,7.663893
p1d_ambiguous_punt,commerce_native,14,2.9659590000000002
p1d_ambiguous_punt,commerce_native,15,4.8898980000000005
p1d_ambiguous_punt,commerce_native,16,3.745673
p1d_ambiguous_punt,commerce_native,17,3.660789
p1d_ambiguous_punt,commerce_native,18,13.210313
p1d_ambiguous_punt,commerce_native,19,16.355498
p1d_ambiguous_punt,commerce_native,20,4.129428
p1d_ambiguous_punt,commerce_native,21,6.828692
p1d_ambiguous_punt,commerce_native,22,18.575694
p1d_ambiguous_punt,commerce_native,23,5.069659
p1d_ambiguous_punt,commerce_native,24,3.491958
p1d_ambiguous_punt,commerce_native,25,1.395969
p1d_ambiguous_punt,commerce_native,26,5.831739
p1d_ambiguous_punt,commerce_native,27,3.0072330000000003
p1d_ambiguous_punt,commerce_native,28,6.81935
p1d_ambiguous_punt,commerce_native,29,4.521275
p1d_ambiguous_punt,tantivy_standalone,0,11.147389
p1d_ambiguous_punt,tantivy_standalone,1,21.444169
p1d_ambiguous_punt,tantivy_standalone,2,27.360418
p1d_ambiguous_punt,tantivy_standalone,3,9.043025
p1d_ambiguous_punt,tantivy_standalone,4,28.85423
p1d_ambiguous_punt,tantivy_standalone,5,17.279639
p1d_ambiguous_punt,tantivy_standalone,6,19.048048
p1d_ambiguous_punt,tantivy_standalone,7,22.719920000000002
p1d_ambiguous_punt,tantivy_standalone,8,26.830538
p1d_ambiguous_punt,tantivy_standalone,9,6.9463099999999995
p1d_ambiguous_punt,tantivy_standalone,10,5.16927
p1d_ambiguous_punt,tantivy_standalone,11,9.735852999999999
p1d_ambiguous_punt,tantivy_standalone,12,18.516861
p1d_ambiguous_punt,tantivy_standalone,13,8.582904000000001
p1d_ambiguous_punt,tantivy_standalone,14,19.514951
p1d_ambiguous_punt,tantivy_standalone,15,34.121473
p1d_ambiguous_punt,tantivy_standalone,16,5.150872
p1d_ambiguous_punt,tantivy_standalone,17,28.802319
p1d_ambiguous_punt,tantivy_standalone,18,5.882382000000001
p1d_ambiguous_punt,tantivy_standalone,19,20.430005
p1d_ambiguous_punt,tantivy_standalone,20,22.681941000000002
p1d_ambiguous_punt,tantivy_standalone,21,22.004822
p1d_ambiguous_punt,tantivy_standalone,22,7.199756
p1d_ambiguous_punt,tantivy_standalone,23,4.037324
p1d_ambiguous_punt,tantivy_standalone,24,13.603179
p1d_ambiguous_punt,tantivy_standalone,25,16.850752
p1d_ambiguous_punt,tantivy_standalone,26,18.86707
p1d_ambiguous_punt,tantivy_standalone,27,18.745826
p1d_ambiguous_punt,tantivy_standalone,28,26.311698
p1d_ambiguous_punt,tantivy_standalone,29,38.344235
p1d_ambiguous_punt,solr,0,2.203808
p1d_ambiguous_punt,solr,1,2.037227
p1d_ambiguous_punt,solr,2,2.057005
p1d_ambiguous_punt,solr,3,1.743989
p1d_ambiguous_punt,solr,4,2.359913
p1d_ambiguous_punt,solr,5,1.954828
p1d_ambiguous_punt,solr,6,1.838635
p1d_ambiguous_punt,solr,7,1.073623
p1d_ambiguous_punt,solr,8,2.122421
p1d_ambiguous_punt,solr,9,2.013684
p1d_ambiguous_punt,solr,10,1.7091210000000001
p1d_ambiguous_punt,solr,11,1.970127
p1d_ambiguous_punt,solr,12,1.759377
p1d_ambiguous_punt,solr,13,1.8040960000000001
p1d_ambiguous_punt,solr,14,1.995618
p1d_ambiguous_punt,solr,15,2.033479
p1d_ambiguous_punt,solr,16,1.6703029999999999
p1d_ambiguous_punt,solr,17,1.946991
p1d_ambiguous_punt,solr,18,0.983415
p1d_ambiguous_punt,solr,19,2.108102
p1d_ambiguous_punt,solr,20,1.900308
p1d_ambiguous_punt,solr,21,2.0638940000000003
p1d_ambiguous_punt,solr,22,2.226295
p1d_ambiguous_punt,solr,23,1.316759
p1d_ambiguous_punt,solr,24,1.562247
p1d_ambiguous_punt,solr,25,1.905945
p1d_ambiguous_punt,solr,26,1.78191
p1d_ambiguous_punt,solr,27,0.957379
p1d_ambiguous_punt,solr,28,2.041196
p1d_ambiguous_punt,solr,29,1.913057
p1d_long_tail_noisy,commerce_native,0,3.939717
p1d_long_tail_noisy,commerce_native,1,6.777075
p1d_long_tail_noisy,commerce_native,2,2.2137659999999997
p1d_long_tail_noisy,commerce_native,3,2.280841
p1d_long_tail_noisy,commerce_native,4,0.356689
p1d_long_tail_noisy,commerce_native,5,3.450109
p1d_long_tail_noisy,commerce_native,6,9.659685
p1d_long_tail_noisy,commerce_native,7,3.39814
p1d_long_tail_noisy,commerce_native,8,6.418964
p1d_long_tail_noisy,commerce_native,9,0.629412
p1d_long_tail_noisy,commerce_native,10,2.138811
p1d_long_tail_noisy,commerce_native,11,6.444087000000001
p1d_long_tail_noisy,commerce_native,12,6.873571999999999
p1d_long_tail_noisy,commerce_native,13,2.041887
p1d_long_tail_noisy,commerce_native,14,4.503550000000001
p1d_long_tail_noisy,commerce_native,15,2.230171
p1d_long_tail_noisy,commerce_native,16,4.1671700000000005
p1d_long_tail_noisy,commerce_native,17,5.040216999999999
p1d_long_tail_noisy,commerce_native,18,6.679039
p1d_long_tail_noisy,commerce_native,19,3.473967
p1d_long_tail_noisy,commerce_native,20,3.769156
p1d_long_tail_noisy,commerce_native,21,6.3977189999999995
p1d_long_tail_noisy,commerce_native,22,9.548912
p1d_long_tail_noisy,commerce_native,23,2.286522
p1d_long_tail_noisy,commerce_native,24,2.578077
p1d_long_tail_noisy,commerce_native,25,7.116544
p1d_long_tail_noisy,commerce_native,26,9.434886
p1d_long_tail_noisy,commerce_native,27,4.4525820000000005
p1d_long_tail_noisy,commerce_native,28,6.163023999999999
p1d_long_tail_noisy,commerce_native,29,2.0927710000000004
p1d_long_tail_noisy,tantivy_standalone,0,2.4156899999999997
p1d_long_tail_noisy,tantivy_standalone,1,5.3656429999999995
p1d_long_tail_noisy,tantivy_standalone,2,9.722106
p1d_long_tail_noisy,tantivy_standalone,3,9.320235
p1d_long_tail_noisy,tantivy_standalone,4,3.7282040000000003
p1d_long_tail_noisy,tantivy_standalone,5,8.110190999999999
p1d_long_tail_noisy,tantivy_standalone,6,0.431515
p1d_long_tail_noisy,tantivy_standalone,7,4.378856000000001
p1d_long_tail_noisy,tantivy_standalone,8,9.752391
p1d_long_tail_noisy,tantivy_standalone,9,3.943352
p1d_long_tail_noisy,tantivy_standalone,10,4.337941
p1d_long_tail_noisy,tantivy_standalone,11,0.401639
p1d_long_tail_noisy,tantivy_standalone,12,11.98547
p1d_long_tail_noisy,tantivy_standalone,13,2.498779
p1d_long_tail_noisy,tantivy_standalone,14,3.303297
p1d_long_tail_noisy,tantivy_standalone,15,7.318438
p1d_long_tail_noisy,tantivy_standalone,16,4.219011
p1d_long_tail_noisy,tantivy_standalone,17,3.657481
p1d_long_tail_noisy,tantivy_standalone,18,5.704363
p1d_long_tail_noisy,tantivy_standalone,19,0.43291
p1d_long_tail_noisy,tantivy_standalone,20,3.447308
p1d_long_tail_noisy,tantivy_standalone,21,4.359962
p1d_long_tail_noisy,tantivy_standalone,22,3.956648
p1d_long_tail_noisy,tantivy_standalone,23,5.591235
p1d_long_tail_noisy,tantivy_standalone,24,1.429047
p1d_long_tail_noisy,tantivy_standalone,25,7.798107
p1d_long_tail_noisy,tantivy_standalone,26,0.427192
p1d_long_tail_noisy,tantivy_standalone,27,3.442956
p1d_long_tail_noisy,tantivy_standalone,28,9.58675
p1d_long_tail_noisy,tantivy_standalone,29,0.739388
p1d_long_tail_noisy,solr,0,1.139377
p1d_long_tail_noisy,solr,1,1.7465359999999999
p1d_long_tail_noisy,solr,2,1.933334
p1d_long_tail_noisy,solr,3,1.929833
p1d_long_tail_noisy,solr,4,1.7620330000000002
p1d_long_tail_noisy,solr,5,1.522912
p1d_long_tail_noisy,solr,6,1.8394819999999998
p1d_long_tail_noisy,solr,7,1.043223
p1d_long_tail_noisy,solr,8,1.613966
p1d_long_tail_noisy,solr,9,1.860312
p1d_long_tail_noisy,solr,10,1.123446
p1d_long_tail_noisy,solr,11,0.952319
p1d_long_tail_noisy,solr,12,1.7358580000000001
p1d_long_tail_noisy,solr,13,1.781941
p1d_long_tail_noisy,solr,14,1.651254
p1d_long_tail_noisy,solr,15,1.564465
p1d_long_tail_noisy,solr,16,1.210628
p1d_long_tail_noisy,solr,17,1.8538109999999999
p1d_long_tail_noisy,solr,18,1.113884
p1d_long_tail_noisy,solr,19,2.0000579999999997
p1d_long_tail_noisy,solr,20,1.20483
p1d_long_tail_noisy,solr,21,2.1156360000000003
p1d_long_tail_noisy,solr,22,1.742613
p1d_long_tail_noisy,solr,23,2.143222
p1d_long_tail_noisy,solr,24,1.492799
p1d_long_tail_noisy,solr,25,1.753339
p1d_long_tail_noisy,solr,26,1.710816
p1d_long_tail_noisy,solr,27,0.870176
p1d_long_tail_noisy,solr,28,1.27008
p1d_long_tail_noisy,solr,29,1.836481
p1d_structural_exact_entity,commerce_native,0,0.020449000000000002
p1d_structural_exact_entity,commerce_native,1,0.01361
p1d_structural_exact_entity,commerce_native,2,0.013514
p1d_structural_exact_entity,commerce_native,3,0.013201
p1d_structural_exact_entity,commerce_native,4,0.012142
p1d_structural_exact_entity,commerce_native,5,0.00931
p1d_structural_exact_entity,commerce_native,6,0.011604
p1d_structural_exact_entity,commerce_native,7,0.021359999999999997
p1d_structural_exact_entity,commerce_native,8,0.011672
p1d_structural_exact_entity,commerce_native,9,0.023176
p1d_structural_exact_entity,commerce_native,10,0.008674000000000001
p1d_structural_exact_entity,commerce_native,11,0.017955
p1d_structural_exact_entity,commerce_native,12,0.004364
p1d_structural_exact_entity,commerce_native,13,0.011229000000000001
p1d_structural_exact_entity,commerce_native,14,0.015659
p1d_structural_exact_entity,commerce_native,15,0.013997
p1d_structural_exact_entity,commerce_native,16,0.013672
p1d_structural_exact_entity,commerce_native,17,0.005091
p1d_structural_exact_entity,commerce_native,18,0.017984
p1d_structural_exact_entity,commerce_native,19,0.011103
p1d_structural_exact_entity,commerce_native,20,0.012990999999999999
p1d_structural_exact_entity,commerce_native,21,0.013744
p1d_structural_exact_entity,commerce_native,22,0.009347999999999999
p1d_structural_exact_entity,commerce_native,23,0.009677999999999999
p1d_structural_exact_entity,commerce_native,24,0.0077800000000000005
p1d_structural_exact_entity,commerce_native,25,0.005664000000000001
p1d_structural_exact_entity,commerce_native,26,0.013455
p1d_structural_exact_entity,commerce_native,27,0.024415
p1d_structural_exact_entity,commerce_native,28,0.012748
p1d_structural_exact_entity,commerce_native,29,0.012456
p1d_structural_exact_entity,tantivy_standalone,0,0.086819
p1d_structural_exact_entity,tantivy_standalone,1,1.4106450000000001
p1d_structural_exact_entity,tantivy_standalone,2,0.088295
p1d_structural_exact_entity,tantivy_standalone,3,12.089464
p1d_structural_exact_entity,tantivy_standalone,4,0.26507400000000003
p1d_structural_exact_entity,tantivy_standalone,5,0.287089
p1d_structural_exact_entity,tantivy_standalone,6,0.443311
p1d_structural_exact_entity,tantivy_standalone,7,1.3919030000000001
p1d_structural_exact_entity,tantivy_standalone,8,0.088507
p1d_structural_exact_entity,tantivy_standalone,9,0.060414999999999996
p1d_structural_exact_entity,tantivy_standalone,10,0.07329400000000001
p1d_structural_exact_entity,tantivy_standalone,11,0.096153
p1d_structural_exact_entity,tantivy_standalone,12,0.085846
p1d_structural_exact_entity,tantivy_standalone,13,0.13142
p1d_structural_exact_entity,tantivy_standalone,14,0.07296799999999999
p1d_structural_exact_entity,tantivy_standalone,15,0.304073
p1d_structural_exact_entity,tantivy_standalone,16,0.073972
p1d_structural_exact_entity,tantivy_standalone,17,0.21851600000000002
p1d_structural_exact_entity,tantivy_standalone,18,13.012625
p1d_structural_exact_entity,tantivy_standalone,19,0.506939
p1d_structural_exact_entity,tantivy_standalone,20,0.12528
p1d_structural_exact_entity,tantivy_standalone,21,1.415596
p1d_structural_exact_entity,tantivy_standalone,22,0.08336800000000001
p1d_structural_exact_entity,tantivy_standalone,23,0.09361699999999999
p1d_structural_exact_entity,tantivy_standalone,24,2.063907
p1d_structural_exact_entity,tantivy_standalone,25,0.15308
p1d_structural_exact_entity,tantivy_standalone,26,0.347714
p1d_structural_exact_entity,tantivy_standalone,27,0.171669
p1d_structural_exact_entity,tantivy_standalone,28,0.107352
p1d_structural_exact_entity,tantivy_standalone,29,0.0696
p1d_structural_exact_entity,solr,0,0.958052
p1d_structural_exact_entity,solr,1,1.049563
p1d_structural_exact_entity,solr,2,0.91336
p1d_structural_exact_entity,solr,3,1.71832
p1d_structural_exact_entity,solr,4,1.196493
p1d_structural_exact_entity,solr,5,0.936983
p1d_structural_exact_entity,solr,6,1.0137049999999999
p1d_structural_exact_entity,solr,7,0.942531
p1d_structural_exact_entity,solr,8,0.975776
p1d_structural_exact_entity,solr,9,1.0344119999999999
p1d_structural_exact_entity,solr,10,0.825131
p1d_structural_exact_entity,solr,11,0.875332
p1d_structural_exact_entity,solr,12,0.8890779999999999
p1d_structural_exact_entity,solr,13,0.967611
p1d_structural_exact_entity,solr,14,1.0707769999999999
p1d_structural_exact_entity,solr,15,0.998019
p1d_structural_exact_entity,solr,16,0.7686729999999999
p1d_structural_exact_entity,solr,17,1.061414
p1d_structural_exact_entity,solr,18,1.304548
p1d_structural_exact_entity,solr,19,1.895171
p1d_structural_exact_entity,solr,20,1.00535
p1d_structural_exact_entity,solr,21,1.173461
p1d_structural_exact_entity,solr,22,0.933667
p1d_structural_exact_entity,solr,23,0.8733770000000001
p1d_structural_exact_entity,solr,24,0.84274
p1d_structural_exact_entity,solr,25,0.936056
p1d_structural_exact_entity,solr,26,1.008567
p1d_structural_exact_entity,solr,27,1.349559
p1d_structural_exact_entity,solr,28,0.961851
p1d_structural_exact_entity,solr,29,1.255977
p1d_selective_multi_attribute_structural,commerce_native,0,0.011552999999999999
p1d_selective_multi_attribute_structural,commerce_native,1,0.008985
p1d_selective_multi_attribute_structural,commerce_native,2,0.009869
p1d_selective_multi_attribute_structural,commerce_native,3,0.010956
p1d_selective_multi_attribute_structural,commerce_native,4,0.023467000000000002
p1d_selective_multi_attribute_structural,commerce_native,5,0.011115
p1d_selective_multi_attribute_structural,commerce_native,6,0.011566
p1d_selective_multi_attribute_structural,commerce_native,7,0.009694000000000001
p1d_selective_multi_attribute_structural,commerce_native,8,0.008457999999999999
p1d_selective_multi_attribute_structural,commerce_native,9,0.026466999999999997
p1d_selective_multi_attribute_structural,commerce_native,10,0.011752
p1d_selective_multi_attribute_structural,commerce_native,11,0.011536
p1d_selective_multi_attribute_structural,commerce_native,12,0.009822000000000001
p1d_selective_multi_attribute_structural,commerce_native,13,0.015569999999999999
p1d_selective_multi_attribute_structural,commerce_native,14,0.010761000000000001
p1d_selective_multi_attribute_structural,commerce_native,15,0.01439
p1d_selective_multi_attribute_structural,commerce_native,16,0.014851999999999999
p1d_selective_multi_attribute_structural,commerce_native,17,0.020487
p1d_selective_multi_attribute_structural,commerce_native,18,0.011497
p1d_selective_multi_attribute_structural,commerce_native,19,0.010777
p1d_selective_multi_attribute_structural,commerce_native,20,0.018205
p1d_selective_multi_attribute_structural,commerce_native,21,0.010043
p1d_selective_multi_attribute_structural,commerce_native,22,0.008506
p1d_selective_multi_attribute_structural,commerce_native,23,0.011617
p1d_selective_multi_attribute_structural,commerce_native,24,0.010168
p1d_selective_multi_attribute_structural,commerce_native,25,0.01095
p1d_selective_multi_attribute_structural,commerce_native,26,0.012012
p1d_selective_multi_attribute_structural,commerce_native,27,0.014439
p1d_selective_multi_attribute_structural,commerce_native,28,0.009673999999999999
p1d_selective_multi_attribute_structural,commerce_native,29,0.013201
p1d_selective_multi_attribute_structural,tantivy_standalone,0,0.415204
p1d_selective_multi_attribute_structural,tantivy_standalone,1,0.373915
p1d_selective_multi_attribute_structural,tantivy_standalone,2,0.243082
p1d_selective_multi_attribute_structural,tantivy_standalone,3,0.42873199999999995
p1d_selective_multi_attribute_structural,tantivy_standalone,4,1.627092
p1d_selective_multi_attribute_structural,tantivy_standalone,5,0.68485
p1d_selective_multi_attribute_structural,tantivy_standalone,6,0.25419800000000004
p1d_selective_multi_attribute_structural,tantivy_standalone,7,0.302187
p1d_selective_multi_attribute_structural,tantivy_standalone,8,0.30300900000000003
p1d_selective_multi_attribute_structural,tantivy_standalone,9,0.288159
p1d_selective_multi_attribute_structural,tantivy_standalone,10,1.195062
p1d_selective_multi_attribute_structural,tantivy_standalone,11,0.804434
p1d_selective_multi_attribute_structural,tantivy_standalone,12,0.290195
p1d_selective_multi_attribute_structural,tantivy_standalone,13,0.389336
p1d_selective_multi_attribute_structural,tantivy_standalone,14,0.231723
p1d_selective_multi_attribute_structural,tantivy_standalone,15,1.514714
p1d_selective_multi_attribute_structural,tantivy_standalone,16,1.240061
p1d_selective_multi_attribute_structural,tantivy_standalone,17,1.551291
p1d_selective_multi_attribute_structural,tantivy_standalone,18,1.240812
p1d_selective_multi_attribute_structural,tantivy_standalone,19,0.30073099999999997
p1d_selective_multi_attribute_structural,tantivy_standalone,20,0.361126
p1d_selective_multi_attribute_structural,tantivy_standalone,21,0.410551
p1d_selective_multi_attribute_structural,tantivy_standalone,22,0.257467
p1d_selective_multi_attribute_structural,tantivy_standalone,23,1.207502
p1d_selective_multi_attribute_structural,tantivy_standalone,24,0.480111
p1d_selective_multi_attribute_structural,tantivy_standalone,25,0.583654
p1d_selective_multi_attribute_structural,tantivy_standalone,26,0.327071
p1d_selective_multi_attribute_structural,tantivy_standalone,27,0.293517
p1d_selective_multi_attribute_structural,tantivy_standalone,28,0.259103
p1d_selective_multi_attribute_structural,tantivy_standalone,29,0.788553
p1d_selective_multi_attribute_structural,solr,0,0.8513499999999999
p1d_selective_multi_attribute_structural,solr,1,0.771111
p1d_selective_multi_attribute_structural,solr,2,1.0028920000000001
p1d_selective_multi_attribute_structural,solr,3,0.806803
p1d_selective_multi_attribute_structural,solr,4,0.8899729999999999
p1d_selective_multi_attribute_structural,solr,5,0.899643
p1d_selective_multi_attribute_structural,solr,6,0.882977
p1d_selective_multi_attribute_structural,solr,7,0.847851
p1d_selective_multi_attribute_structural,solr,8,0.812069
p1d_selective_multi_attribute_structural,solr,9,0.8339909999999999
p1d_selective_multi_attribute_structural,solr,10,0.912196
p1d_selective_multi_attribute_structural,solr,11,1.075221
p1d_selective_multi_attribute_structural,solr,12,0.786123
p1d_selective_multi_attribute_structural,solr,13,0.738302
p1d_selective_multi_attribute_structural,solr,14,1.85476
p1d_selective_multi_attribute_structural,solr,15,3.726054
p1d_selective_multi_attribute_structural,solr,16,0.9371079999999999
p1d_selective_multi_attribute_structural,solr,17,0.977458
p1d_selective_multi_attribute_structural,solr,18,0.8865729999999999
p1d_selective_multi_attribute_structural,solr,19,0.987991
p1d_selective_multi_attribute_structural,solr,20,0.944477
p1d_selective_multi_attribute_structural,solr,21,1.002733
p1d_selective_multi_attribute_structural,solr,22,0.964563
p1d_selective_multi_attribute_structural,solr,23,0.814808
p1d_selective_multi_attribute_structural,solr,24,0.954751
p1d_selective_multi_attribute_structural,solr,25,1.021957
p1d_selective_multi_attribute_structural,solr,26,0.9745100000000001
p1d_selective_multi_attribute_structural,solr,27,0.9004920000000001
p1d_selective_multi_attribute_structural,solr,28,1.021749
p1d_selective_multi_attribute_structural,solr,29,0.911832
p1d_variant_scoped_structural,commerce_native,0,0.015236
p1d_variant_scoped_structural,commerce_native,1,0.01399
p1d_variant_scoped_structural,commerce_native,2,0.015632
p1d_variant_scoped_structural,commerce_native,3,0.006654
p1d_variant_scoped_structural,commerce_native,4,0.004934
p1d_variant_scoped_structural,commerce_native,5,0.028736
p1d_variant_scoped_structural,commerce_native,6,0.017109
p1d_variant_scoped_structural,commerce_native,7,0.015259
p1d_variant_scoped_structural,commerce_native,8,0.012208
p1d_variant_scoped_structural,commerce_native,9,0.02164
p1d_variant_scoped_structural,commerce_native,10,0.016011
p1d_variant_scoped_structural,commerce_native,11,0.017393000000000002
p1d_variant_scoped_structural,commerce_native,12,0.012289999999999999
p1d_variant_scoped_structural,commerce_native,13,0.030845
p1d_variant_scoped_structural,commerce_native,14,0.020782
p1d_variant_scoped_structural,commerce_native,15,0.015498
p1d_variant_scoped_structural,commerce_native,16,0.016572999999999997
p1d_variant_scoped_structural,commerce_native,17,0.019608
p1d_variant_scoped_structural,commerce_native,18,0.011787
p1d_variant_scoped_structural,commerce_native,19,0.02341
p1d_variant_scoped_structural,commerce_native,20,0.013791999999999999
p1d_variant_scoped_structural,commerce_native,21,0.011654000000000001
p1d_variant_scoped_structural,commerce_native,22,0.010903000000000001
p1d_variant_scoped_structural,commerce_native,23,0.006216
p1d_variant_scoped_structural,commerce_native,24,0.011881000000000001
p1d_variant_scoped_structural,commerce_native,25,0.012093
p1d_variant_scoped_structural,commerce_native,26,0.016835
p1d_variant_scoped_structural,commerce_native,27,0.024297000000000003
p1d_variant_scoped_structural,commerce_native,28,0.017362000000000002
p1d_variant_scoped_structural,commerce_native,29,0.01723
p1d_variant_scoped_structural,tantivy_standalone,0,1.903961
p1d_variant_scoped_structural,tantivy_standalone,1,2.410201
p1d_variant_scoped_structural,tantivy_standalone,2,1.433704
p1d_variant_scoped_structural,tantivy_standalone,3,3.601536
p1d_variant_scoped_structural,tantivy_standalone,4,0.784833
p1d_variant_scoped_structural,tantivy_standalone,5,0.420849
p1d_variant_scoped_structural,tantivy_standalone,6,0.173685
p1d_variant_scoped_structural,tantivy_standalone,7,2.396442
p1d_variant_scoped_structural,tantivy_standalone,8,1.327666
p1d_variant_scoped_structural,tantivy_standalone,9,0.8058190000000001
p1d_variant_scoped_structural,tantivy_standalone,10,5.733109
p1d_variant_scoped_structural,tantivy_standalone,11,5.52206
p1d_variant_scoped_structural,tantivy_standalone,12,4.438363
p1d_variant_scoped_structural,tantivy_standalone,13,3.2592879999999997
p1d_variant_scoped_structural,tantivy_standalone,14,0.156883
p1d_variant_scoped_structural,tantivy_standalone,15,0.35877000000000003
p1d_variant_scoped_structural,tantivy_standalone,16,5.81738
p1d_variant_scoped_structural,tantivy_standalone,17,0.761092
p1d_variant_scoped_structural,tantivy_standalone,18,0.514985
p1d_variant_scoped_structural,tantivy_standalone,19,0.159091
p1d_variant_scoped_structural,tantivy_standalone,20,0.157253
p1d_variant_scoped_structural,tantivy_standalone,21,2.434832
p1d_variant_scoped_structural,tantivy_standalone,22,0.785164
p1d_variant_scoped_structural,tantivy_standalone,23,0.459312
p1d_variant_scoped_structural,tantivy_standalone,24,0.49613399999999996
p1d_variant_scoped_structural,tantivy_standalone,25,0.394886
p1d_variant_scoped_structural,tantivy_standalone,26,0.157338
p1d_variant_scoped_structural,tantivy_standalone,27,0.202478
p1d_variant_scoped_structural,tantivy_standalone,28,2.028247
p1d_variant_scoped_structural,tantivy_standalone,29,0.37270499999999995
p1d_variant_scoped_structural,solr,0,0.844762
p1d_variant_scoped_structural,solr,1,0.735822
p1d_variant_scoped_structural,solr,2,0.843164
p1d_variant_scoped_structural,solr,3,0.846381
p1d_variant_scoped_structural,solr,4,0.790183
p1d_variant_scoped_structural,solr,5,0.91004
p1d_variant_scoped_structural,solr,6,0.760029
p1d_variant_scoped_structural,solr,7,0.734208
p1d_variant_scoped_structural,solr,8,0.782583
p1d_variant_scoped_structural,solr,9,0.752891
p1d_variant_scoped_structural,solr,10,1.3610689999999999
p1d_variant_scoped_structural,solr,11,1.3192220000000001
p1d_variant_scoped_structural,solr,12,1.069711
p1d_variant_scoped_structural,solr,13,1.145793
p1d_variant_scoped_structural,solr,14,0.979375
p1d_variant_scoped_structural,solr,15,0.8002140000000001
p1d_variant_scoped_structural,solr,16,0.741739
p1d_variant_scoped_structural,solr,17,1.190715
p1d_variant_scoped_structural,solr,18,0.8176019999999999
p1d_variant_scoped_structural,solr,19,0.8793
p1d_variant_scoped_structural,solr,20,0.709119
p1d_variant_scoped_structural,solr,21,0.834021
p1d_variant_scoped_structural,solr,22,0.857065
p1d_variant_scoped_structural,solr,23,0.861243
p1d_variant_scoped_structural,solr,24,0.8399800000000001
p1d_variant_scoped_structural,solr,25,0.852102
p1d_variant_scoped_structural,solr,26,0.831043
p1d_variant_scoped_structural,solr,27,0.8676349999999999
p1d_variant_scoped_structural,solr,28,1.078378
p1d_variant_scoped_structural,solr,29,1.484782
p1d_range_plus_structural,commerce_native,0,37.304517000000004
p1d_range_plus_structural,commerce_native,1,45.592372
p1d_range_plus_structural,commerce_native,2,37.184787
p1d_range_plus_structural,commerce_native,3,44.439786000000005
p1d_range_plus_structural,commerce_native,4,39.394282000000004
p1d_range_plus_structural,commerce_native,5,46.549988
p1d_range_plus_structural,commerce_native,6,37.190017
p1d_range_plus_structural,commerce_native,7,44.296213
p1d_range_plus_structural,commerce_native,8,37.464433
p1d_range_plus_structural,commerce_native,9,44.492123
p1d_range_plus_structural,commerce_native,10,36.844483
p1d_range_plus_structural,commerce_native,11,44.491506
p1d_range_plus_structural,commerce_native,12,38.379548
p1d_range_plus_structural,commerce_native,13,46.57674299999999
p1d_range_plus_structural,commerce_native,14,38.189783999999996
p1d_range_plus_structural,commerce_native,15,44.457543
p1d_range_plus_structural,commerce_native,16,38.160853
p1d_range_plus_structural,commerce_native,17,45.360524
p1d_range_plus_structural,commerce_native,18,37.49749
p1d_range_plus_structural,commerce_native,19,45.142562999999996
p1d_range_plus_structural,commerce_native,20,40.417958
p1d_range_plus_structural,commerce_native,21,51.120791
p1d_range_plus_structural,commerce_native,22,44.553878
p1d_range_plus_structural,commerce_native,23,46.402806999999996
p1d_range_plus_structural,commerce_native,24,40.495137
p1d_range_plus_structural,commerce_native,25,48.388905
p1d_range_plus_structural,commerce_native,26,38.258725
p1d_range_plus_structural,commerce_native,27,45.127755
p1d_range_plus_structural,commerce_native,28,38.632661999999996
p1d_range_plus_structural,commerce_native,29,45.271376000000004
p1d_range_plus_structural,tantivy_standalone,0,2.4045020000000004
p1d_range_plus_structural,tantivy_standalone,1,3.7537339999999997
p1d_range_plus_structural,tantivy_standalone,2,2.444413
p1d_range_plus_structural,tantivy_standalone,3,3.741606
p1d_range_plus_structural,tantivy_standalone,4,2.389005
p1d_range_plus_structural,tantivy_standalone,5,3.767462
p1d_range_plus_structural,tantivy_standalone,6,3.651077
p1d_range_plus_structural,tantivy_standalone,7,3.652867
p1d_range_plus_structural,tantivy_standalone,8,2.4908040000000002
p1d_range_plus_structural,tantivy_standalone,9,3.433558
p1d_range_plus_structural,tantivy_standalone,10,2.376411
p1d_range_plus_structural,tantivy_standalone,11,3.654049
p1d_range_plus_structural,tantivy_standalone,12,2.447724
p1d_range_plus_structural,tantivy_standalone,13,3.638279
p1d_range_plus_structural,tantivy_standalone,14,2.16206
p1d_range_plus_structural,tantivy_standalone,15,3.732952
p1d_range_plus_structural,tantivy_standalone,16,2.374631
p1d_range_plus_structural,tantivy_standalone,17,2.546107
p1d_range_plus_structural,tantivy_standalone,18,2.429806
p1d_range_plus_structural,tantivy_standalone,19,3.652321
p1d_range_plus_structural,tantivy_standalone,20,2.46833
p1d_range_plus_structural,tantivy_standalone,21,3.4577229999999997
p1d_range_plus_structural,tantivy_standalone,22,3.8418229999999998
p1d_range_plus_structural,tantivy_standalone,23,4.145544999999999
p1d_range_plus_structural,tantivy_standalone,24,2.44314
p1d_range_plus_structural,tantivy_standalone,25,3.475679
p1d_range_plus_structural,tantivy_standalone,26,3.848695
p1d_range_plus_structural,tantivy_standalone,27,2.363324
p1d_range_plus_structural,tantivy_standalone,28,2.368864
p1d_range_plus_structural,tantivy_standalone,29,2.810732
p1d_range_plus_structural,solr,0,1.446604
p1d_range_plus_structural,solr,1,2.0491960000000002
p1d_range_plus_structural,solr,2,2.091123
p1d_range_plus_structural,solr,3,1.990562
p1d_range_plus_structural,solr,4,2.051331
p1d_range_plus_structural,solr,5,1.5786140000000002
p1d_range_plus_structural,solr,6,1.9751040000000002
p1d_range_plus_structural,solr,7,1.038461
p1d_range_plus_structural,solr,8,1.948605
p1d_range_plus_structural,solr,9,2.054951
p1d_range_plus_structural,solr,10,1.3684910000000001
p1d_range_plus_structural,solr,11,1.894429
p1d_range_plus_structural,solr,12,1.92011
p1d_range_plus_structural,solr,13,1.347152
p1d_range_plus_structural,solr,14,1.874208
p1d_range_plus_structural,solr,15,1.423157
p1d_range_plus_structural,solr,16,1.842252
p1d_range_plus_structural,solr,17,2.029634
p1d_range_plus_structural,solr,18,1.298154
p1d_range_plus_structural,solr,19,2.173368
p1d_range_plus_structural,solr,20,1.635657
p1d_range_plus_structural,solr,21,2.127504
p1d_range_plus_structural,solr,22,2.143536
p1d_range_plus_structural,solr,23,1.109152
p1d_range_plus_structural,solr,24,2.243339
p1d_range_plus_structural,solr,25,2.249997
p1d_range_plus_structural,solr,26,1.929004
p1d_range_plus_structural,solr,27,1.245133
p1d_range_plus_structural,solr,28,1.9322160000000002
p1d_range_plus_structural,solr,29,1.9751870000000002
p1d_structural_plus_lexical_residual,commerce_native,0,10.368789999999999
p1d_structural_plus_lexical_residual,commerce_native,1,7.276522
p1d_structural_plus_lexical_residual,commerce_native,2,0.273464
p1d_structural_plus_lexical_residual,commerce_native,3,0.33883399999999997
p1d_structural_plus_lexical_residual,commerce_native,4,0.489912
p1d_structural_plus_lexical_residual,commerce_native,5,30.104648
p1d_structural_plus_lexical_residual,commerce_native,6,29.721236
p1d_structural_plus_lexical_residual,commerce_native,7,10.213592
p1d_structural_plus_lexical_residual,commerce_native,8,7.045462
p1d_structural_plus_lexical_residual,commerce_native,9,0.326978
p1d_structural_plus_lexical_residual,commerce_native,10,6.773852000000001
p1d_structural_plus_lexical_residual,commerce_native,11,33.93095
p1d_structural_plus_lexical_residual,commerce_native,12,28.115778000000002
p1d_structural_plus_lexical_residual,commerce_native,13,3.766517
p1d_structural_plus_lexical_residual,commerce_native,14,6.967531
p1d_structural_plus_lexical_residual,commerce_native,15,0.300454
p1d_structural_plus_lexical_residual,commerce_native,16,0.574275
p1d_structural_plus_lexical_residual,commerce_native,17,2.872575
p1d_structural_plus_lexical_residual,commerce_native,18,34.262881
p1d_structural_plus_lexical_residual,commerce_native,19,27.765043
p1d_structural_plus_lexical_residual,commerce_native,20,2.207564
p1d_structural_plus_lexical_residual,commerce_native,21,7.172941000000001
p1d_structural_plus_lexical_residual,commerce_native,22,6.0043
p1d_structural_plus_lexical_residual,commerce_native,23,0.434525
p1d_structural_plus_lexical_residual,commerce_native,24,6.776016
p1d_structural_plus_lexical_residual,commerce_native,25,30.602427000000002
p1d_structural_plus_lexical_residual,commerce_native,26,30.57048
p1d_structural_plus_lexical_residual,commerce_native,27,7.733762
p1d_structural_plus_lexical_residual,commerce_native,28,7.3695640000000004
p1d_structural_plus_lexical_residual,commerce_native,29,0.376006
p1d_structural_plus_lexical_residual,tantivy_standalone,0,5.627458
p1d_structural_plus_lexical_residual,tantivy_standalone,1,6.6461760000000005
p1d_structural_plus_lexical_residual,tantivy_standalone,2,24.734779
p1d_structural_plus_lexical_residual,tantivy_standalone,3,3.682958
p1d_structural_plus_lexical_residual,tantivy_standalone,4,2.746077
p1d_structural_plus_lexical_residual,tantivy_standalone,5,49.052222
p1d_structural_plus_lexical_residual,tantivy_standalone,6,13.488507
p1d_structural_plus_lexical_residual,tantivy_standalone,7,6.586387
p1d_structural_plus_lexical_residual,tantivy_standalone,8,25.604589
p1d_structural_plus_lexical_residual,tantivy_standalone,9,7.033128
p1d_structural_plus_lexical_residual,tantivy_standalone,10,2.874304
p1d_structural_plus_lexical_residual,tantivy_standalone,11,7.946273000000001
p1d_structural_plus_lexical_residual,tantivy_standalone,12,36.354026
p1d_structural_plus_lexical_residual,tantivy_standalone,13,3.867033
p1d_structural_plus_lexical_residual,tantivy_standalone,14,13.282719
p1d_structural_plus_lexical_residual,tantivy_standalone,15,14.216568
p1d_structural_plus_lexical_residual,tantivy_standalone,16,2.850029
p1d_structural_plus_lexical_residual,tantivy_standalone,17,2.018601
p1d_structural_plus_lexical_residual,tantivy_standalone,18,35.100059
p1d_structural_plus_lexical_residual,tantivy_standalone,19,13.267146
p1d_structural_plus_lexical_residual,tantivy_standalone,20,13.024546999999998
p1d_structural_plus_lexical_residual,tantivy_standalone,21,6.410321
p1d_structural_plus_lexical_residual,tantivy_standalone,22,7.385396
p1d_structural_plus_lexical_residual,tantivy_standalone,23,3.694821
p1d_structural_plus_lexical_residual,tantivy_standalone,24,51.390978
p1d_structural_plus_lexical_residual,tantivy_standalone,25,50.500649
p1d_structural_plus_lexical_residual,tantivy_standalone,26,14.70217
p1d_structural_plus_lexical_residual,tantivy_standalone,27,14.972806
p1d_structural_plus_lexical_residual,tantivy_standalone,28,29.241914
p1d_structural_plus_lexical_residual,tantivy_standalone,29,5.78998
p1d_structural_plus_lexical_residual,solr,0,1.480046
p1d_structural_plus_lexical_residual,solr,1,1.942314
p1d_structural_plus_lexical_residual,solr,2,2.100314
p1d_structural_plus_lexical_residual,solr,3,1.480307
p1d_structural_plus_lexical_residual,solr,4,1.514057
p1d_structural_plus_lexical_residual,solr,5,2.052786
p1d_structural_plus_lexical_residual,solr,6,1.988489
p1d_structural_plus_lexical_residual,solr,7,1.014528
p1d_structural_plus_lexical_residual,solr,8,1.891253
p1d_structural_plus_lexical_residual,solr,9,1.990477
p1d_structural_plus_lexical_residual,solr,10,1.44855
p1d_structural_plus_lexical_residual,solr,11,1.443564
p1d_structural_plus_lexical_residual,solr,12,1.9589009999999998
p1d_structural_plus_lexical_residual,solr,13,1.8598160000000001
p1d_structural_plus_lexical_residual,solr,14,1.965975
p1d_structural_plus_lexical_residual,solr,15,1.787065
p1d_structural_plus_lexical_residual,solr,16,1.112458
p1d_structural_plus_lexical_residual,solr,17,1.7289160000000001
p1d_structural_plus_lexical_residual,solr,18,0.9944750000000001
p1d_structural_plus_lexical_residual,solr,19,1.965433
p1d_structural_plus_lexical_residual,solr,20,1.808027
p1d_structural_plus_lexical_residual,solr,21,1.89873
p1d_structural_plus_lexical_residual,solr,22,1.8840729999999999
p1d_structural_plus_lexical_residual,solr,23,1.153439
p1d_structural_plus_lexical_residual,solr,24,2.066449
p1d_structural_plus_lexical_residual,solr,25,2.95745
p1d_structural_plus_lexical_residual,solr,26,2.0525360000000004
p1d_structural_plus_lexical_residual,solr,27,1.0376809999999999
p1d_structural_plus_lexical_residual,solr,28,1.8250009999999999
p1d_structural_plus_lexical_residual,solr,29,1.9963170000000001
p1d_structural_plus_semantic_residual,commerce_native,0,10.894055999999999
p1d_structural_plus_semantic_residual,commerce_native,1,0.393547
p1d_structural_plus_semantic_residual,commerce_native,2,3.44839
p1d_structural_plus_semantic_residual,commerce_native,3,15.088147
p1d_structural_plus_semantic_residual,commerce_native,4,9.007885
p1d_structural_plus_semantic_residual,commerce_native,5,13.153895
p1d_structural_plus_semantic_residual,commerce_native,6,6.135406000000001
p1d_structural_plus_semantic_residual,commerce_native,7,11.79471
p1d_structural_plus_semantic_residual,commerce_native,8,0.43445700000000004
p1d_structural_plus_semantic_residual,commerce_native,9,2.5066640000000002
p1d_structural_plus_semantic_residual,commerce_native,10,2.890337
p1d_structural_plus_semantic_residual,commerce_native,11,12.284971
p1d_structural_plus_semantic_residual,commerce_native,12,5.123467
p1d_structural_plus_semantic_residual,commerce_native,13,12.15482
p1d_structural_plus_semantic_residual,commerce_native,14,2.615202
p1d_structural_plus_semantic_residual,commerce_native,15,3.6489059999999998
p1d_structural_plus_semantic_residual,commerce_native,16,2.9355610000000003
p1d_structural_plus_semantic_residual,commerce_native,17,2.536956
p1d_structural_plus_semantic_residual,commerce_native,18,11.773769
p1d_structural_plus_semantic_residual,commerce_native,19,12.246533000000001
p1d_structural_plus_semantic_residual,commerce_native,20,3.3092400000000004
p1d_structural_plus_semantic_residual,commerce_native,21,0.339454
p1d_structural_plus_semantic_residual,commerce_native,22,4.956895
p1d_structural_plus_semantic_residual,commerce_native,23,14.670852
p1d_structural_plus_semantic_residual,commerce_native,24,2.897485
p1d_structural_plus_semantic_residual,commerce_native,25,5.014189
p1d_structural_plus_semantic_residual,commerce_native,26,6.538984
p1d_structural_plus_semantic_residual,commerce_native,27,2.837511
p1d_structural_plus_semantic_residual,commerce_native,28,0.415692
p1d_structural_plus_semantic_residual,commerce_native,29,3.5740849999999997
p1d_structural_plus_semantic_residual,tantivy_standalone,0,6.471361
p1d_structural_plus_semantic_residual,tantivy_standalone,1,1.288059
p1d_structural_plus_semantic_residual,tantivy_standalone,2,10.215129999999998
p1d_structural_plus_semantic_residual,tantivy_standalone,3,1.442569
p1d_structural_plus_semantic_residual,tantivy_standalone,4,1.613227
p1d_structural_plus_semantic_residual,tantivy_standalone,5,36.287049
p1d_structural_plus_semantic_residual,tantivy_standalone,6,8.656946
p1d_structural_plus_semantic_residual,tantivy_standalone,7,1.4016149999999998
p1d_structural_plus_semantic_residual,tantivy_standalone,8,11.040965
p1d_structural_plus_semantic_residual,tantivy_standalone,9,1.225255
p1d_structural_plus_semantic_residual,tantivy_standalone,10,1.285493
p1d_structural_plus_semantic_residual,tantivy_standalone,11,2.271884
p1d_structural_plus_semantic_residual,tantivy_standalone,12,11.272088
p1d_structural_plus_semantic_residual,tantivy_standalone,13,8.875971
p1d_structural_plus_semantic_residual,tantivy_standalone,14,1.303734
p1d_structural_plus_semantic_residual,tantivy_standalone,15,4.553965
p1d_structural_plus_semantic_residual,tantivy_standalone,16,1.023682
p1d_structural_plus_semantic_residual,tantivy_standalone,17,1.253221
p1d_structural_plus_semantic_residual,tantivy_standalone,18,1.657629
p1d_structural_plus_semantic_residual,tantivy_standalone,19,7.6104709999999995
p1d_structural_plus_semantic_residual,tantivy_standalone,20,1.244663
p1d_structural_plus_semantic_residual,tantivy_standalone,21,1.190749
p1d_structural_plus_semantic_residual,tantivy_standalone,22,1.2024839999999999
p1d_structural_plus_semantic_residual,tantivy_standalone,23,1.354395
p1d_structural_plus_semantic_residual,tantivy_standalone,24,13.058458
p1d_structural_plus_semantic_residual,tantivy_standalone,25,36.232596
p1d_structural_plus_semantic_residual,tantivy_standalone,26,8.993941
p1d_structural_plus_semantic_residual,tantivy_standalone,27,1.597319
p1d_structural_plus_semantic_residual,tantivy_standalone,28,10.587043000000001
p1d_structural_plus_semantic_residual,tantivy_standalone,29,1.5492940000000002
p1d_structural_plus_semantic_residual,solr,0,1.861342
p1d_structural_plus_semantic_residual,solr,1,1.597198
p1d_structural_plus_semantic_residual,solr,2,1.609043
p1d_structural_plus_semantic_residual,solr,3,1.997811
p1d_structural_plus_semantic_residual,solr,4,1.836257
p1d_structural_plus_semantic_residual,solr,5,2.093286
p1d_structural_plus_semantic_residual,solr,6,2.081665
p1d_structural_plus_semantic_residual,solr,7,1.179856
p1d_structural_plus_semantic_residual,solr,8,1.835427
p1d_structural_plus_semantic_residual,solr,9,2.1312879999999996
p1d_structural_plus_semantic_residual,solr,10,1.565173
p1d_structural_plus_semantic_residual,solr,11,1.85367
p1d_structural_plus_semantic_residual,solr,12,2.108277
p1d_structural_plus_semantic_residual,solr,13,1.849173
p1d_structural_plus_semantic_residual,solr,14,2.048127
p1d_structural_plus_semantic_residual,solr,15,1.553464
p1d_structural_plus_semantic_residual,solr,16,1.3883400000000001
p1d_structural_plus_semantic_residual,solr,17,1.683034
p1d_structural_plus_semantic_residual,solr,18,1.048708
p1d_structural_plus_semantic_residual,solr,19,1.89465
p1d_structural_plus_semantic_residual,solr,20,2.330324
p1d_structural_plus_semantic_residual,solr,21,1.562609
p1d_structural_plus_semantic_residual,solr,22,1.519777
p1d_structural_plus_semantic_residual,solr,23,0.9801219999999999
p1d_structural_plus_semantic_residual,solr,24,2.235042
p1d_structural_plus_semantic_residual,solr,25,2.1835620000000002
p1d_structural_plus_semantic_residual,solr,26,2.1161119999999998
p1d_structural_plus_semantic_residual,solr,27,1.245907
p1d_structural_plus_semantic_residual,solr,28,1.533509
p1d_structural_plus_semantic_residual,solr,29,2.092904
p1d_lexical_first,commerce_native,0,7.448994
p1d_lexical_first,commerce_native,1,5.800598
p1d_lexical_first,commerce_native,2,2.146871
p1d_lexical_first,commerce_native,3,30.144187
p1d_lexical_first,commerce_native,4,6.475377
p1d_lexical_first,commerce_native,5,2.9853549999999998
p1d_lexical_first,commerce_native,6,1.419193
p1d_lexical_first,commerce_native,7,12.032748
p1d_lexical_first,commerce_native,8,8.821532
p1d_lexical_first,commerce_native,9,43.252796000000004
p1d_lexical_first,commerce_native,10,5.070315
p1d_lexical_first,commerce_native,11,9.163914
p1d_lexical_first,commerce_native,12,4.269347
p1d_lexical_first,commerce_native,13,5.805966
p1d_lexical_first,commerce_native,14,5.3603879999999995
p1d_lexical_first,commerce_native,15,1.9803009999999999
p1d_lexical_first,commerce_native,16,3.9224539999999997
p1d_lexical_first,commerce_native,17,9.223514
p1d_lexical_first,commerce_native,18,9.210073
p1d_lexical_first,commerce_native,19,2.243163
p1d_lexical_first,commerce_native,20,6.527738
p1d_lexical_first,commerce_native,21,5.171358
p1d_lexical_first,commerce_native,22,0.202453
p1d_lexical_first,commerce_native,23,28.279353
p1d_lexical_first,commerce_native,24,5.078619000000001
p1d_lexical_first,commerce_native,25,4.305321
p1d_lexical_first,commerce_native,26,1.2810860000000002
p1d_lexical_first,commerce_native,27,5.421691999999999
p1d_lexical_first,commerce_native,28,4.804196
p1d_lexical_first,commerce_native,29,1.951726
p1d_lexical_first,tantivy_standalone,0,4.484074000000001
p1d_lexical_first,tantivy_standalone,1,12.246729
p1d_lexical_first,tantivy_standalone,2,0.382133
p1d_lexical_first,tantivy_standalone,3,11.313668
p1d_lexical_first,tantivy_standalone,4,4.273855
p1d_lexical_first,tantivy_standalone,5,8.336517
p1d_lexical_first,tantivy_standalone,6,21.048038000000002
p1d_lexical_first,tantivy_standalone,7,21.314626999999998
p1d_lexical_first,tantivy_standalone,8,0.49062400000000006
p1d_lexical_first,tantivy_standalone,9,1.208883
p1d_lexical_first,tantivy_standalone,10,45.097866
p1d_lexical_first,tantivy_standalone,11,11.292844
p1d_lexical_first,tantivy_standalone,12,9.495745
p1d_lexical_first,tantivy_standalone,13,10.618181000000002
p1d_lexical_first,tantivy_standalone,14,7.067301
p1d_lexical_first,tantivy_standalone,15,4.569938
p1d_lexical_first,tantivy_standalone,16,44.210366
p1d_lexical_first,tantivy_standalone,17,3.862558
p1d_lexical_first,tantivy_standalone,18,15.942293999999999
p1d_lexical_first,tantivy_standalone,19,11.374846
p1d_lexical_first,tantivy_standalone,20,6.869559
p1d_lexical_first,tantivy_standalone,21,11.221482
p1d_lexical_first,tantivy_standalone,22,0.8881
p1d_lexical_first,tantivy_standalone,23,23.016398
p1d_lexical_first,tantivy_standalone,24,2.052794
p1d_lexical_first,tantivy_standalone,25,8.581628
p1d_lexical_first,tantivy_standalone,26,11.149028999999999
p1d_lexical_first,tantivy_standalone,27,6.910297
p1d_lexical_first,tantivy_standalone,28,0.330393
p1d_lexical_first,tantivy_standalone,29,51.621595
p1d_lexical_first,solr,0,1.891939
p1d_lexical_first,solr,1,2.0796069999999998
p1d_lexical_first,solr,2,1.926239
p1d_lexical_first,solr,3,2.1223549999999998
p1d_lexical_first,solr,4,2.121838
p1d_lexical_first,solr,5,2.221466
p1d_lexical_first,solr,6,2.042412
p1d_lexical_first,solr,7,1.137362
p1d_lexical_first,solr,8,1.9746400000000002
p1d_lexical_first,solr,9,2.257582
p1d_lexical_first,solr,10,1.863651
p1d_lexical_first,solr,11,1.944859
p1d_lexical_first,solr,12,1.855342
p1d_lexical_first,solr,13,2.0431350000000004
p1d_lexical_first,solr,14,1.879324
p1d_lexical_first,solr,15,1.569806
p1d_lexical_first,solr,16,1.6431429999999998
p1d_lexical_first,solr,17,2.360323
p1d_lexical_first,solr,18,1.398189
p1d_lexical_first,solr,19,2.197348
p1d_lexical_first,solr,20,2.065572
p1d_lexical_first,solr,21,1.749873
p1d_lexical_first,solr,22,1.65438
p1d_lexical_first,solr,23,0.971616
p1d_lexical_first,solr,24,2.270082
p1d_lexical_first,solr,25,2.214657
p1d_lexical_first,solr,26,1.648029
p1d_lexical_first,solr,27,1.193223
p1d_lexical_first,solr,28,1.500413
p1d_lexical_first,solr,29,2.0448329999999997
p1d_ambiguous_punt,commerce_native,0,14.271848
p1d_ambiguous_punt,commerce_native,1,7.500761
p1d_ambiguous_punt,commerce_native,2,5.479483999999999
p1d_ambiguous_punt,commerce_native,3,5.9630730000000005
p1d_ambiguous_punt,commerce_native,4,2.258607
p1d_ambiguous_punt,commerce_native,5,16.067754
p1d_ambiguous_punt,commerce_native,6,5.3552
p1d_ambiguous_punt,commerce_native,7,19.127436
p1d_ambiguous_punt,commerce_native,8,7.020231
p1d_ambiguous_punt,commerce_native,9,15.419645
p1d_ambiguous_punt,commerce_native,10,3.537279
p1d_ambiguous_punt,commerce_native,11,12.690999
p1d_ambiguous_punt,commerce_native,12,1.222513
p1d_ambiguous_punt,commerce_native,13,7.0326379999999995
p1d_ambiguous_punt,commerce_native,14,3.0144
p1d_ambiguous_punt,commerce_native,15,4.91701
p1d_ambiguous_punt,commerce_native,16,5.54768
p1d_ambiguous_punt,commerce_native,17,3.551602
p1d_ambiguous_punt,commerce_native,18,13.231648999999999
p1d_ambiguous_punt,commerce_native,19,16.824549
p1d_ambiguous_punt,commerce_native,20,3.796713
p1d_ambiguous_punt,commerce_native,21,6.979073
p1d_ambiguous_punt,commerce_native,22,18.845424
p1d_ambiguous_punt,commerce_native,23,4.965174
p1d_ambiguous_punt,commerce_native,24,3.506197
p1d_ambiguous_punt,commerce_native,25,1.415819
p1d_ambiguous_punt,commerce_native,26,5.714454
p1d_ambiguous_punt,commerce_native,27,2.942198
p1d_ambiguous_punt,commerce_native,28,9.98085
p1d_ambiguous_punt,commerce_native,29,4.434272
p1d_ambiguous_punt,tantivy_standalone,0,10.993367000000001
p1d_ambiguous_punt,tantivy_standalone,1,22.893044
p1d_ambiguous_punt,tantivy_standalone,2,31.555688999999997
p1d_ambiguous_punt,tantivy_standalone,3,8.615588
p1d_ambiguous_punt,tantivy_standalone,4,28.983232
p1d_ambiguous_punt,tantivy_standalone,5,17.046100000000003
p1d_ambiguous_punt,tantivy_standalone,6,20.258884000000002
p1d_ambiguous_punt,tantivy_standalone,7,20.492169
p1d_ambiguous_punt,tantivy_standalone,8,26.444028000000003
p1d_ambiguous_punt,tantivy_standalone,9,7.100297
p1d_ambiguous_punt,tantivy_standalone,10,4.832585
p1d_ambiguous_punt,tantivy_standalone,11,9.134421999999999
p1d_ambiguous_punt,tantivy_standalone,12,18.671407000000002
p1d_ambiguous_punt,tantivy_standalone,13,8.247001000000001
p1d_ambiguous_punt,tantivy_standalone,14,19.004997999999997
p1d_ambiguous_punt,tantivy_standalone,15,34.620533
p1d_ambiguous_punt,tantivy_standalone,16,4.940366
p1d_ambiguous_punt,tantivy_standalone,17,29.165598
p1d_ambiguous_punt,tantivy_standalone,18,6.007267000000001
p1d_ambiguous_punt,tantivy_standalone,19,19.486169
p1d_ambiguous_punt,tantivy_standalone,20,20.778261
p1d_ambiguous_punt,tantivy_standalone,21,20.855953
p1d_ambiguous_punt,tantivy_standalone,22,6.8962390000000005
p1d_ambiguous_punt,tantivy_standalone,23,3.848735
p1d_ambiguous_punt,tantivy_standalone,24,13.858272
p1d_ambiguous_punt,tantivy_standalone,25,16.800298
p1d_ambiguous_punt,tantivy_standalone,26,19.535534000000002
p1d_ambiguous_punt,tantivy_standalone,27,19.368121
p1d_ambiguous_punt,tantivy_standalone,28,33.585439
p1d_ambiguous_punt,tantivy_standalone,29,38.755077
p1d_ambiguous_punt,solr,0,1.883284
p1d_ambiguous_punt,solr,1,2.297349
p1d_ambiguous_punt,solr,2,2.3257120000000002
p1d_ambiguous_punt,solr,3,1.9735299999999998
p1d_ambiguous_punt,solr,4,2.184489
p1d_ambiguous_punt,solr,5,2.094363
p1d_ambiguous_punt,solr,6,2.351148
p1d_ambiguous_punt,solr,7,1.666889
p1d_ambiguous_punt,solr,8,1.911187
p1d_ambiguous_punt,solr,9,2.086737
p1d_ambiguous_punt,solr,10,1.83813
p1d_ambiguous_punt,solr,11,1.69824
p1d_ambiguous_punt,solr,12,1.6470099999999999
p1d_ambiguous_punt,solr,13,1.698698
p1d_ambiguous_punt,solr,14,2.069503
p1d_ambiguous_punt,solr,15,1.8235000000000001
p1d_ambiguous_punt,solr,16,1.682577
p1d_ambiguous_punt,solr,17,1.8230220000000001
p1d_ambiguous_punt,solr,18,1.275944
p1d_ambiguous_punt,solr,19,1.943809
p1d_ambiguous_punt,solr,20,1.5572439999999999
p1d_ambiguous_punt,solr,21,1.7647
p1d_ambiguous_punt,solr,22,1.7930059999999999
p1d_ambiguous_punt,solr,23,0.953506
p1d_ambiguous_punt,solr,24,1.2748169999999999
p1d_ambiguous_punt,solr,25,1.791745
p1d_ambiguous_punt,solr,26,1.847718
p1d_ambiguous_punt,solr,27,0.963828
p1d_ambiguous_punt,solr,28,1.792101
p1d_ambiguous_punt,solr,29,1.933756
p1d_long_tail_noisy,commerce_native,0,3.77465
p1d_long_tail_noisy,commerce_native,1,6.487388
p1d_long_tail_noisy,commerce_native,2,2.427643
p1d_long_tail_noisy,commerce_native,3,2.515672
p1d_long_tail_noisy,commerce_native,4,0.338587
p1d_long_tail_noisy,commerce_native,5,3.391944
p1d_long_tail_noisy,commerce_native,6,9.549389999999999
p1d_long_tail_noisy,commerce_native,7,3.512807
p1d_long_tail_noisy,commerce_native,8,6.120683
p1d_long_tail_noisy,commerce_native,9,0.596537
p1d_long_tail_noisy,commerce_native,10,2.552576
p1d_long_tail_noisy,commerce_native,11,10.129351999999999
p1d_long_tail_noisy,commerce_native,12,8.439331
p1d_long_tail_noisy,commerce_native,13,2.311555
p1d_long_tail_noisy,commerce_native,14,4.3392800000000005
p1d_long_tail_noisy,commerce_native,15,2.222623
p1d_long_tail_noisy,commerce_native,16,4.012978
p1d_long_tail_noisy,commerce_native,17,4.719283
p1d_long_tail_noisy,commerce_native,18,7.035096
p1d_long_tail_noisy,commerce_native,19,3.380102
p1d_long_tail_noisy,commerce_native,20,3.710489
p1d_long_tail_noisy,commerce_native,21,6.456219
p1d_long_tail_noisy,commerce_native,22,9.482268
p1d_long_tail_noisy,commerce_native,23,2.375682
p1d_long_tail_noisy,commerce_native,24,2.614997
p1d_long_tail_noisy,commerce_native,25,7.537351
p1d_long_tail_noisy,commerce_native,26,10.267736
p1d_long_tail_noisy,commerce_native,27,4.455431
p1d_long_tail_noisy,commerce_native,28,6.2668740000000005
p1d_long_tail_noisy,commerce_native,29,2.412299
p1d_long_tail_noisy,tantivy_standalone,0,2.368874
p1d_long_tail_noisy,tantivy_standalone,1,4.598709
p1d_long_tail_noisy,tantivy_standalone,2,9.523627999999999
p1d_long_tail_noisy,tantivy_standalone,3,8.879015
p1d_long_tail_noisy,tantivy_standalone,4,3.424729
p1d_long_tail_noisy,tantivy_standalone,5,8.313334000000001
p1d_long_tail_noisy,tantivy_standalone,6,0.424738
p1d_long_tail_noisy,tantivy_standalone,7,4.392012
p1d_long_tail_noisy,tantivy_standalone,8,9.593748
p1d_long_tail_noisy,tantivy_standalone,9,4.362405
p1d_long_tail_noisy,tantivy_standalone,10,4.335147
p1d_long_tail_noisy,tantivy_standalone,11,0.447241
p1d_long_tail_noisy,tantivy_standalone,12,18.284893999999998
p1d_long_tail_noisy,tantivy_standalone,13,2.358087
p1d_long_tail_noisy,tantivy_standalone,14,5.924836999999999
p1d_long_tail_noisy,tantivy_standalone,15,6.933614
p1d_long_tail_noisy,tantivy_standalone,16,4.068629
p1d_long_tail_noisy,tantivy_standalone,17,3.330263
p1d_long_tail_noisy,tantivy_standalone,18,5.760177
p1d_long_tail_noisy,tantivy_standalone,19,0.425323
p1d_long_tail_noisy,tantivy_standalone,20,3.2856009999999998
p1d_long_tail_noisy,tantivy_standalone,21,4.125437
p1d_long_tail_noisy,tantivy_standalone,22,3.821728
p1d_long_tail_noisy,tantivy_standalone,23,5.68888
p1d_long_tail_noisy,tantivy_standalone,24,2.055818
p1d_long_tail_noisy,tantivy_standalone,25,8.188207
p1d_long_tail_noisy,tantivy_standalone,26,0.445669
p1d_long_tail_noisy,tantivy_standalone,27,4.707624
p1d_long_tail_noisy,tantivy_standalone,28,9.426728
p1d_long_tail_noisy,tantivy_standalone,29,0.801071
p1d_long_tail_noisy,solr,0,1.171532
p1d_long_tail_noisy,solr,1,1.4000679999999999
p1d_long_tail_noisy,solr,2,1.819961
p1d_long_tail_noisy,solr,3,1.598252
p1d_long_tail_noisy,solr,4,1.426402
p1d_long_tail_noisy,solr,5,1.458371
p1d_long_tail_noisy,solr,6,2.075245
p1d_long_tail_noisy,solr,7,1.211813
p1d_long_tail_noisy,solr,8,1.4955770000000002
p1d_long_tail_noisy,solr,9,1.906248
p1d_long_tail_noisy,solr,10,1.3911769999999999
p1d_long_tail_noisy,solr,11,1.461889
p1d_long_tail_noisy,solr,12,2.186617
p1d_long_tail_noisy,solr,13,2.179004
p1d_long_tail_noisy,solr,14,1.887232
p1d_long_tail_noisy,solr,15,1.625175
p1d_long_tail_noisy,solr,16,1.224797
p1d_long_tail_noisy,solr,17,1.680319
p1d_long_tail_noisy,solr,18,0.8884500000000001
p1d_long_tail_noisy,solr,19,1.925797
p1d_long_tail_noisy,solr,20,1.0434070000000002
p1d_long_tail_noisy,solr,21,1.390366
p1d_long_tail_noisy,solr,22,1.8103069999999999
p1d_long_tail_noisy,solr,23,1.060591
p1d_long_tail_noisy,solr,24,1.658938
p1d_long_tail_noisy,solr,25,2.124413
p1d_long_tail_noisy,solr,26,2.276694
p1d_long_tail_noisy,solr,27,1.198923
p1d_long_tail_noisy,solr,28,1.540179
p1d_long_tail_noisy,solr,29,1.934011
p1d_structural_exact_entity,commerce_native,0,0.023468
p1d_structural_exact_entity,commerce_native,1,0.012353
p1d_structural_exact_entity,commerce_native,2,0.012959
p1d_structural_exact_entity,commerce_native,3,0.010803
p1d_structural_exact_entity,commerce_native,4,0.014232
p1d_structural_exact_entity,commerce_native,5,0.00886
p1d_structural_exact_entity,commerce_native,6,0.018493
p1d_structural_exact_entity,commerce_native,7,0.018872
p1d_structural_exact_entity,commerce_native,8,0.011704
p1d_structural_exact_entity,commerce_native,9,0.023351999999999998
p1d_structural_exact_entity,commerce_native,10,0.009432999999999999
p1d_structural_exact_entity,commerce_native,11,0.022437
p1d_structural_exact_entity,commerce_native,12,0.004549999999999999
p1d_structural_exact_entity,commerce_native,13,0.012125
p1d_structural_exact_entity,commerce_native,14,0.016521
p1d_structural_exact_entity,commerce_native,15,0.013715
p1d_structural_exact_entity,commerce_native,16,0.013809
p1d_structural_exact_entity,commerce_native,17,0.0053040000000000006
p1d_structural_exact_entity,commerce_native,18,0.016401000000000002
p1d_structural_exact_entity,commerce_native,19,0.009683
p1d_structural_exact_entity,commerce_native,20,0.009648
p1d_structural_exact_entity,commerce_native,21,0.012607
p1d_structural_exact_entity,commerce_native,22,0.009048
p1d_structural_exact_entity,commerce_native,23,0.01415
p1d_structural_exact_entity,commerce_native,24,0.010753
p1d_structural_exact_entity,commerce_native,25,0.006803
p1d_structural_exact_entity,commerce_native,26,0.014029000000000002
p1d_structural_exact_entity,commerce_native,27,0.019333
p1d_structural_exact_entity,commerce_native,28,0.013149000000000001
p1d_structural_exact_entity,commerce_native,29,0.022566
p1d_structural_exact_entity,tantivy_standalone,0,0.090599
p1d_structural_exact_entity,tantivy_standalone,1,1.4731880000000002
p1d_structural_exact_entity,tantivy_standalone,2,0.086685
p1d_structural_exact_entity,tantivy_standalone,3,12.188048
p1d_structural_exact_entity,tantivy_standalone,4,0.25867799999999996
p1d_structural_exact_entity,tantivy_standalone,5,0.223657
p1d_structural_exact_entity,tantivy_standalone,6,0.436986
p1d_structural_exact_entity,tantivy_standalone,7,1.5329359999999999
p1d_structural_exact_entity,tantivy_standalone,8,0.084825
p1d_structural_exact_entity,tantivy_standalone,9,0.061023999999999995
p1d_structural_exact_entity,tantivy_standalone,10,0.075605
p1d_structural_exact_entity,tantivy_standalone,11,0.09990299999999999
p1d_structural_exact_entity,tantivy_standalone,12,0.08056200000000001
p1d_structural_exact_entity,tantivy_standalone,13,0.13320300000000002
p1d_structural_exact_entity,tantivy_standalone,14,0.077294
p1d_structural_exact_entity,tantivy_standalone,15,0.287696
p1d_structural_exact_entity,tantivy_standalone,16,0.072991
p1d_structural_exact_entity,tantivy_standalone,17,0.235539
p1d_structural_exact_entity,tantivy_standalone,18,12.693698
p1d_structural_exact_entity,tantivy_standalone,19,0.49675100000000005
p1d_structural_exact_entity,tantivy_standalone,20,0.114799
p1d_structural_exact_entity,tantivy_standalone,21,1.431258
p1d_structural_exact_entity,tantivy_standalone,22,0.080362
p1d_structural_exact_entity,tantivy_standalone,23,0.15364999999999998
p1d_structural_exact_entity,tantivy_standalone,24,2.3509529999999996
p1d_structural_exact_entity,tantivy_standalone,25,0.154306
p1d_structural_exact_entity,tantivy_standalone,26,0.371075
p1d_structural_exact_entity,tantivy_standalone,27,0.103262
p1d_structural_exact_entity,tantivy_standalone,28,0.10030800000000001
p1d_structural_exact_entity,tantivy_standalone,29,0.080774
p1d_structural_exact_entity,solr,0,0.84205
p1d_structural_exact_entity,solr,1,0.8648100000000001
p1d_structural_exact_entity,solr,2,0.729582
p1d_structural_exact_entity,solr,3,0.9601419999999999
p1d_structural_exact_entity,solr,4,0.851289
p1d_structural_exact_entity,solr,5,0.816663
p1d_structural_exact_entity,solr,6,0.752564
p1d_structural_exact_entity,solr,7,0.723757
p1d_structural_exact_entity,solr,8,0.878694
p1d_structural_exact_entity,solr,9,0.788963
p1d_structural_exact_entity,solr,10,0.736923
p1d_structural_exact_entity,solr,11,0.707527
p1d_structural_exact_entity,solr,12,0.6975469999999999
p1d_structural_exact_entity,solr,13,0.708945
p1d_structural_exact_entity,solr,14,0.757679
p1d_structural_exact_entity,solr,15,0.792725
p1d_structural_exact_entity,solr,16,0.6867000000000001
p1d_structural_exact_entity,solr,17,0.74688
p1d_structural_exact_entity,solr,18,1.165123
p1d_structural_exact_entity,solr,19,1.3854710000000001
p1d_structural_exact_entity,solr,20,0.789684
p1d_structural_exact_entity,solr,21,0.945291
p1d_structural_exact_entity,solr,22,0.717439
p1d_structural_exact_entity,solr,23,0.844095
p1d_structural_exact_entity,solr,24,0.874431
p1d_structural_exact_entity,solr,25,0.8651340000000001
p1d_structural_exact_entity,solr,26,1.140016
p1d_structural_exact_entity,solr,27,0.829511
p1d_structural_exact_entity,solr,28,0.800491
p1d_structural_exact_entity,solr,29,0.784967
p1d_variant_scoped_structural,commerce_native,0,0.015999
p1d_variant_scoped_structural,commerce_native,1,0.026184
p1d_variant_scoped_structural,commerce_native,2,0.019076000000000003
p1d_variant_scoped_structural,commerce_native,3,0.013185
p1d_variant_scoped_structural,commerce_native,4,0.013601
p1d_variant_scoped_structural,commerce_native,5,0.017591000000000002
p1d_variant_scoped_structural,commerce_native,6,0.005227
p1d_variant_scoped_structural,commerce_native,7,0.015157
p1d_variant_scoped_structural,commerce_native,8,0.011274000000000001
p1d_variant_scoped_structural,commerce_native,9,0.013826
p1d_variant_scoped_structural,commerce_native,10,0.015746000000000003
p1d_variant_scoped_structural,commerce_native,11,0.022104000000000002
p1d_variant_scoped_structural,commerce_native,12,0.014875000000000001
p1d_variant_scoped_structural,commerce_native,13,0.027441999999999998
p1d_variant_scoped_structural,commerce_native,14,0.01323
p1d_variant_scoped_structural,commerce_native,15,0.021518
p1d_variant_scoped_structural,commerce_native,16,0.005908999999999999
p1d_variant_scoped_structural,commerce_native,17,0.003885
p1d_variant_scoped_structural,commerce_native,18,0.021489
p1d_variant_scoped_structural,commerce_native,19,0.01648
p1d_variant_scoped_structural,commerce_native,20,0.017616
p1d_variant_scoped_structural,commerce_native,21,0.010465
p1d_variant_scoped_structural,commerce_native,22,0.010954
p1d_variant_scoped_structural,commerce_native,23,0.011732000000000001
p1d_variant_scoped_structural,commerce_native,24,0.017232
p1d_variant_scoped_structural,commerce_native,25,0.016004
p1d_variant_scoped_structural,commerce_native,26,0.011297999999999999
p1d_variant_scoped_structural,commerce_native,27,0.013380999999999999
p1d_variant_scoped_structural,commerce_native,28,0.009297
p1d_variant_scoped_structural,commerce_native,29,0.019326
p1d_variant_scoped_structural,tantivy_standalone,0,1.9419520000000001
p1d_variant_scoped_structural,tantivy_standalone,1,0.780509
p1d_variant_scoped_structural,tantivy_standalone,2,0.900966
p1d_variant_scoped_structural,tantivy_standalone,3,5.891751
p1d_variant_scoped_structural,tantivy_standalone,4,0.5180830000000001
p1d_variant_scoped_structural,tantivy_standalone,5,0.18398899999999999
p1d_variant_scoped_structural,tantivy_standalone,6,0.215243
p1d_variant_scoped_structural,tantivy_standalone,7,0.8110860000000001
p1d_variant_scoped_structural,tantivy_standalone,8,0.820163
p1d_variant_scoped_structural,tantivy_standalone,9,0.297027
p1d_variant_scoped_structural,tantivy_standalone,10,0.776646
p1d_variant_scoped_structural,tantivy_standalone,11,0.386863
p1d_variant_scoped_structural,tantivy_standalone,12,0.453855
p1d_variant_scoped_structural,tantivy_standalone,13,3.203918
p1d_variant_scoped_structural,tantivy_standalone,14,0.14767
p1d_variant_scoped_structural,tantivy_standalone,15,1.364654
p1d_variant_scoped_structural,tantivy_standalone,16,0.9885250000000001
p1d_variant_scoped_structural,tantivy_standalone,17,0.376089
p1d_variant_scoped_structural,tantivy_standalone,18,3.822737
p1d_variant_scoped_structural,tantivy_standalone,19,0.18739399999999998
p1d_variant_scoped_structural,tantivy_standalone,20,0.151102
p1d_variant_scoped_structural,tantivy_standalone,21,0.7476050000000001
p1d_variant_scoped_structural,tantivy_standalone,22,0.286343
p1d_variant_scoped_structural,tantivy_standalone,23,6.136996
p1d_variant_scoped_structural,tantivy_standalone,24,0.550308
p1d_variant_scoped_structural,tantivy_standalone,25,0.120091
p1d_variant_scoped_structural,tantivy_standalone,26,0.16400700000000001
p1d_variant_scoped_structural,tantivy_standalone,27,0.17022700000000002
p1d_variant_scoped_structural,tantivy_standalone,28,0.847996
p1d_variant_scoped_structural,tantivy_standalone,29,3.581383
p1d_variant_scoped_structural,solr,0,1.105826
p1d_variant_scoped_structural,solr,1,0.882707
p1d_variant_scoped_structural,solr,2,0.869086
p1d_variant_scoped_structural,solr,3,0.943419
p1d_variant_scoped_structural,solr,4,0.8744449999999999
p1d_variant_scoped_structural,solr,5,0.758352
p1d_variant_scoped_structural,solr,6,0.74975
p1d_variant_scoped_structural,solr,7,1.072065
p1d_variant_scoped_structural,solr,8,1.2789469999999998
p1d_variant_scoped_structural,solr,9,0.752954
p1d_variant_scoped_structural,solr,10,1.82851
p1d_variant_scoped_structural,solr,11,0.8892410000000001
p1d_variant_scoped_structural,solr,12,0.863775
p1d_variant_scoped_structural,solr,13,0.989022
p1d_variant_scoped_structural,solr,14,0.997962
p1d_variant_scoped_structural,solr,15,0.807935
p1d_variant_scoped_structural,solr,16,0.80325
p1d_variant_scoped_structural,solr,17,1.1860410000000001
p1d_variant_scoped_structural,solr,18,0.7227600000000001
p1d_variant_scoped_structural,solr,19,0.826577
p1d_variant_scoped_structural,solr,20,0.849567
p1d_variant_scoped_structural,solr,21,0.7870480000000001
p1d_variant_scoped_structural,solr,22,0.726317
p1d_variant_scoped_structural,solr,23,0.820499
p1d_variant_scoped_structural,solr,24,0.824324
p1d_variant_scoped_structural,solr,25,0.788269
p1d_variant_scoped_structural,solr,26,0.727704
p1d_variant_scoped_structural,solr,27,0.823395
p1d_variant_scoped_structural,solr,28,0.8444849999999999
p1d_variant_scoped_structural,solr,29,0.8375229999999999
p1d_range_plus_structural,commerce_native,0,36.676229
p1d_range_plus_structural,commerce_native,1,42.937237
p1d_range_plus_structural,commerce_native,2,37.360326
p1d_range_plus_structural,commerce_native,3,44.284954
p1d_range_plus_structural,commerce_native,4,36.945431
p1d_range_plus_structural,commerce_native,5,45.901864
p1d_range_plus_structural,commerce_native,6,37.214542
p1d_range_plus_structural,commerce_native,7,43.721923000000004
p1d_range_plus_structural,commerce_native,8,46.210907000000006
p1d_range_plus_structural,commerce_native,9,42.717167
p1d_range_plus_structural,commerce_native,10,52.778802999999996
p1d_range_plus_structural,commerce_native,11,283.146247
p1d_range_plus_structural,commerce_native,12,39.441089999999996
p1d_range_plus_structural,commerce_native,13,44.194724
p1d_range_plus_structural,commerce_native,14,35.741936
p1d_range_plus_structural,commerce_native,15,43.033335
p1d_range_plus_structural,commerce_native,16,36.084527
p1d_range_plus_structural,commerce_native,17,43.174062
p1d_range_plus_structural,commerce_native,18,35.768798999999994
p1d_range_plus_structural,commerce_native,19,43.010281
p1d_range_plus_structural,commerce_native,20,62.973895
p1d_range_plus_structural,commerce_native,21,47.748594
p1d_range_plus_structural,commerce_native,22,45.75168
p1d_range_plus_structural,commerce_native,23,44.801315
p1d_range_plus_structural,commerce_native,24,36.924776
p1d_range_plus_structural,commerce_native,25,44.220778
p1d_range_plus_structural,commerce_native,26,37.77042
p1d_range_plus_structural,commerce_native,27,43.051803
p1d_range_plus_structural,commerce_native,28,36.844461
p1d_range_plus_structural,commerce_native,29,44.181045000000005
p1d_range_plus_structural,tantivy_standalone,0,2.342152
p1d_range_plus_structural,tantivy_standalone,1,3.810432
p1d_range_plus_structural,tantivy_standalone,2,2.418633
p1d_range_plus_structural,tantivy_standalone,3,3.648066
p1d_range_plus_structural,tantivy_standalone,4,2.3848409999999998
p1d_range_plus_structural,tantivy_standalone,5,5.653987
p1d_range_plus_structural,tantivy_standalone,6,3.643924
p1d_range_plus_structural,tantivy_standalone,7,3.973481
p1d_range_plus_structural,tantivy_standalone,8,2.3592790000000003
p1d_range_plus_structural,tantivy_standalone,9,3.418975
p1d_range_plus_structural,tantivy_standalone,10,2.3708790000000004
p1d_range_plus_structural,tantivy_standalone,11,3.6008009999999997
p1d_range_plus_structural,tantivy_standalone,12,2.409441
p1d_range_plus_structural,tantivy_standalone,13,3.7350790000000003
p1d_range_plus_structural,tantivy_standalone,14,2.259369
p1d_range_plus_structural,tantivy_standalone,15,3.623508
p1d_range_plus_structural,tantivy_standalone,16,2.401483
p1d_range_plus_structural,tantivy_standalone,17,2.344459
p1d_range_plus_structural,tantivy_standalone,18,2.348189
p1d_range_plus_structural,tantivy_standalone,19,4.741362
p1d_range_plus_structural,tantivy_standalone,20,2.578729
p1d_range_plus_structural,tantivy_standalone,21,3.439069
p1d_range_plus_structural,tantivy_standalone,22,3.7991349999999997
p1d_range_plus_structural,tantivy_standalone,23,3.766261
p1d_range_plus_structural,tantivy_standalone,24,3.222322
p1d_range_plus_structural,tantivy_standalone,25,3.758881
p1d_range_plus_structural,tantivy_standalone,26,3.594297
p1d_range_plus_structural,tantivy_standalone,27,2.4434690000000003
p1d_range_plus_structural,tantivy_standalone,28,2.4593990000000003
p1d_range_plus_structural,tantivy_standalone,29,2.439396
p1d_range_plus_structural,solr,0,1.437015
p1d_range_plus_structural,solr,1,1.789113
p1d_range_plus_structural,solr,2,1.838135
p1d_range_plus_structural,solr,3,2.070468
p1d_range_plus_structural,solr,4,1.816108
p1d_range_plus_structural,solr,5,1.5521960000000001
p1d_range_plus_structural,solr,6,1.8798549999999998
p1d_range_plus_structural,solr,7,1.057634
p1d_range_plus_structural,solr,8,1.642455
p1d_range_plus_structural,solr,9,1.8007330000000001
p1d_range_plus_structural,solr,10,0.9999399999999999
p1d_range_plus_structural,solr,11,1.890342
p1d_range_plus_structural,solr,12,2.0650209999999998
p1d_range_plus_structural,solr,13,1.465443
p1d_range_plus_structural,solr,14,1.749133
p1d_range_plus_structural,solr,15,1.366141
p1d_range_plus_structural,solr,16,1.8010739999999998
p1d_range_plus_structural,solr,17,1.77648
p1d_range_plus_structural,solr,18,1.02577
p1d_range_plus_structural,solr,19,1.819301
p1d_range_plus_structural,solr,20,1.612193
p1d_range_plus_structural,solr,21,2.295121
p1d_range_plus_structural,solr,22,1.9632180000000001
p1d_range_plus_structural,solr,23,1.046184
p1d_range_plus_structural,solr,24,1.9922989999999998
p1d_range_plus_structural,solr,25,1.864343
p1d_range_plus_structural,solr,26,1.7220849999999999
p1d_range_plus_structural,solr,27,1.3391819999999999
p1d_range_plus_structural,solr,28,1.814945
p1d_range_plus_structural,solr,29,1.828589
p1d_structural_plus_lexical_residual,commerce_native,0,11.18201
p1d_structural_plus_lexical_residual,commerce_native,1,7.860796
p1d_structural_plus_lexical_residual,commerce_native,2,0.278173
p1d_structural_plus_lexical_residual,commerce_native,3,3.8361039999999997
p1d_structural_plus_lexical_residual,commerce_native,4,0.406362
p1d_structural_plus_lexical_residual,commerce_native,5,31.048866
p1d_structural_plus_lexical_residual,commerce_native,6,31.02787
p1d_structural_plus_lexical_residual,commerce_native,7,11.422886
p1d_structural_plus_lexical_residual,commerce_native,8,8.406053
p1d_structural_plus_lexical_residual,commerce_native,9,0.42077
p1d_structural_plus_lexical_residual,commerce_native,10,7.573192000000001
p1d_structural_plus_lexical_residual,commerce_native,11,36.033826999999995
p1d_structural_plus_lexical_residual,commerce_native,12,29.622505
p1d_structural_plus_lexical_residual,commerce_native,13,4.709602
p1d_structural_plus_lexical_residual,commerce_native,14,8.115644
p1d_structural_plus_lexical_residual,commerce_native,15,0.36966800000000005
p1d_structural_plus_lexical_residual,commerce_native,16,0.609046
p1d_structural_plus_lexical_residual,commerce_native,17,3.565149
p1d_structural_plus_lexical_residual,commerce_native,18,36.188095000000004
p1d_structural_plus_lexical_residual,commerce_native,19,29.373407
p1d_structural_plus_lexical_residual,commerce_native,20,2.5075119999999997
p1d_structural_plus_lexical_residual,commerce_native,21,8.236968000000001
p1d_structural_plus_lexical_residual,commerce_native,22,6.28059
p1d_structural_plus_lexical_residual,commerce_native,23,3.909272
p1d_structural_plus_lexical_residual,commerce_native,24,7.294691
p1d_structural_plus_lexical_residual,commerce_native,25,29.406034000000002
p1d_structural_plus_lexical_residual,commerce_native,26,30.192631000000002
p1d_structural_plus_lexical_residual,commerce_native,27,7.8168820000000006
p1d_structural_plus_lexical_residual,commerce_native,28,7.753197
p1d_structural_plus_lexical_residual,commerce_native,29,0.335158
p1d_structural_plus_lexical_residual,tantivy_standalone,0,5.514664
p1d_structural_plus_lexical_residual,tantivy_standalone,1,7.426577999999999
p1d_structural_plus_lexical_residual,tantivy_standalone,2,24.836487
p1d_structural_plus_lexical_residual,tantivy_standalone,3,3.673893
p1d_structural_plus_lexical_residual,tantivy_standalone,4,2.1478119999999996
p1d_structural_plus_lexical_residual,tantivy_standalone,5,47.46469
p1d_structural_plus_lexical_residual,tantivy_standalone,6,13.955077999999999
p1d_structural_plus_lexical_residual,tantivy_standalone,7,7.0172680000000005
p1d_structural_plus_lexical_residual,tantivy_standalone,8,26.893581
p1d_structural_plus_lexical_residual,tantivy_standalone,9,8.010919999999999
p1d_structural_plus_lexical_residual,tantivy_standalone,10,3.242566
p1d_structural_plus_lexical_residual,tantivy_standalone,11,8.247497
p1d_structural_plus_lexical_residual,tantivy_standalone,12,37.3318
p1d_structural_plus_lexical_residual,tantivy_standalone,13,4.033498
p1d_structural_plus_lexical_residual,tantivy_standalone,14,16.18604
p1d_structural_plus_lexical_residual,tantivy_standalone,15,13.618457000000001
p1d_structural_plus_lexical_residual,tantivy_standalone,16,3.257171
p1d_structural_plus_lexical_residual,tantivy_standalone,17,2.02069
p1d_structural_plus_lexical_residual,tantivy_standalone,18,34.538436999999995
p1d_structural_plus_lexical_residual,tantivy_standalone,19,14.742398999999999
p1d_structural_plus_lexical_residual,tantivy_standalone,20,13.334566
p1d_structural_plus_lexical_residual,tantivy_standalone,21,6.758636999999999
p1d_structural_plus_lexical_residual,tantivy_standalone,22,6.9995769999999995
p1d_structural_plus_lexical_residual,tantivy_standalone,23,3.487783
p1d_structural_plus_lexical_residual,tantivy_standalone,24,47.83826
p1d_structural_plus_lexical_residual,tantivy_standalone,25,46.862624
p1d_structural_plus_lexical_residual,tantivy_standalone,26,13.28381
p1d_structural_plus_lexical_residual,tantivy_standalone,27,13.400465
p1d_structural_plus_lexical_residual,tantivy_standalone,28,26.812715
p1d_structural_plus_lexical_residual,tantivy_standalone,29,4.145363
p1d_structural_plus_lexical_residual,solr,0,1.407342
p1d_structural_plus_lexical_residual,solr,1,1.770555
p1d_structural_plus_lexical_residual,solr,2,1.7996320000000001
p1d_structural_plus_lexical_residual,solr,3,1.553679
p1d_structural_plus_lexical_residual,solr,4,1.11921
p1d_structural_plus_lexical_residual,solr,5,1.953901
p1d_structural_plus_lexical_residual,solr,6,1.7013289999999999
p1d_structural_plus_lexical_residual,solr,7,0.833571
p1d_structural_plus_lexical_residual,solr,8,1.8488529999999999
p1d_structural_plus_lexical_residual,solr,9,1.819005
p1d_structural_plus_lexical_residual,solr,10,1.267921
p1d_structural_plus_lexical_residual,solr,11,1.525525
p1d_structural_plus_lexical_residual,solr,12,1.889775
p1d_structural_plus_lexical_residual,solr,13,1.856058
p1d_structural_plus_lexical_residual,solr,14,1.953108
p1d_structural_plus_lexical_residual,solr,15,1.7691860000000001
p1d_structural_plus_lexical_residual,solr,16,1.2315589999999998
p1d_structural_plus_lexical_residual,solr,17,1.7216550000000002
p1d_structural_plus_lexical_residual,solr,18,1.01103
p1d_structural_plus_lexical_residual,solr,19,1.9688090000000003
p1d_structural_plus_lexical_residual,solr,20,1.9493
p1d_structural_plus_lexical_residual,solr,21,1.9758419999999999
p1d_structural_plus_lexical_residual,solr,22,1.875904
p1d_structural_plus_lexical_residual,solr,23,1.078393
p1d_structural_plus_lexical_residual,solr,24,2.086948
p1d_structural_plus_lexical_residual,solr,25,1.890031
p1d_structural_plus_lexical_residual,solr,26,2.068977
p1d_structural_plus_lexical_residual,solr,27,1.419001
p1d_structural_plus_lexical_residual,solr,28,1.934539
p1d_structural_plus_lexical_residual,solr,29,2.1102260000000004
p1d_structural_plus_semantic_residual,commerce_native,0,11.314443
p1d_structural_plus_semantic_residual,commerce_native,1,0.46321300000000004
p1d_structural_plus_semantic_residual,commerce_native,2,3.594723
p1d_structural_plus_semantic_residual,commerce_native,3,14.671752999999999
p1d_structural_plus_semantic_residual,commerce_native,4,9.669708
p1d_structural_plus_semantic_residual,commerce_native,5,12.432307
p1d_structural_plus_semantic_residual,commerce_native,6,6.1861690000000005
p1d_structural_plus_semantic_residual,commerce_native,7,11.857733
p1d_structural_plus_semantic_residual,commerce_native,8,0.389183
p1d_structural_plus_semantic_residual,commerce_native,9,2.498778
p1d_structural_plus_semantic_residual,commerce_native,10,3.5511369999999998
p1d_structural_plus_semantic_residual,commerce_native,11,12.08148
p1d_structural_plus_semantic_residual,commerce_native,12,4.799853
p1d_structural_plus_semantic_residual,commerce_native,13,11.883962
p1d_structural_plus_semantic_residual,commerce_native,14,2.514734
p1d_structural_plus_semantic_residual,commerce_native,15,3.915906
p1d_structural_plus_semantic_residual,commerce_native,16,3.647894
p1d_structural_plus_semantic_residual,commerce_native,17,3.1636509999999998
p1d_structural_plus_semantic_residual,commerce_native,18,12.949718
p1d_structural_plus_semantic_residual,commerce_native,19,12.131894
p1d_structural_plus_semantic_residual,commerce_native,20,3.361425
p1d_structural_plus_semantic_residual,commerce_native,21,0.427468
p1d_structural_plus_semantic_residual,commerce_native,22,5.379058
p1d_structural_plus_semantic_residual,commerce_native,23,14.44743
p1d_structural_plus_semantic_residual,commerce_native,24,2.818445
p1d_structural_plus_semantic_residual,commerce_native,25,5.020693
p1d_structural_plus_semantic_residual,commerce_native,26,6.987623
p1d_structural_plus_semantic_residual,commerce_native,27,2.607704
p1d_structural_plus_semantic_residual,commerce_native,28,0.348196
p1d_structural_plus_semantic_residual,commerce_native,29,3.636417
p1d_structural_plus_semantic_residual,tantivy_standalone,0,6.153265
p1d_structural_plus_semantic_residual,tantivy_standalone,1,1.286859
p1d_structural_plus_semantic_residual,tantivy_standalone,2,10.398546999999999
p1d_structural_plus_semantic_residual,tantivy_standalone,3,1.616759
p1d_structural_plus_semantic_residual,tantivy_standalone,4,1.437055
p1d_structural_plus_semantic_residual,tantivy_standalone,5,39.290276
p1d_structural_plus_semantic_residual,tantivy_standalone,6,7.587946
p1d_structural_plus_semantic_residual,tantivy_standalone,7,1.508873
p1d_structural_plus_semantic_residual,tantivy_standalone,8,10.540086
p1d_structural_plus_semantic_residual,tantivy_standalone,9,1.189894
p1d_structural_plus_semantic_residual,tantivy_standalone,10,1.155701
p1d_structural_plus_semantic_residual,tantivy_standalone,11,2.076928
p1d_structural_plus_semantic_residual,tantivy_standalone,12,11.402653
p1d_structural_plus_semantic_residual,tantivy_standalone,13,8.398344
p1d_structural_plus_semantic_residual,tantivy_standalone,14,1.294864
p1d_structural_plus_semantic_residual,tantivy_standalone,15,4.545775
p1d_structural_plus_semantic_residual,tantivy_standalone,16,1.52722
p1d_structural_plus_semantic_residual,tantivy_standalone,17,1.345253
p1d_structural_plus_semantic_residual,tantivy_standalone,18,1.733198
p1d_structural_plus_semantic_residual,tantivy_standalone,19,7.980788
p1d_structural_plus_semantic_residual,tantivy_standalone,20,1.338733
p1d_structural_plus_semantic_residual,tantivy_standalone,21,1.215394
p1d_structural_plus_semantic_residual,tantivy_standalone,22,1.147759
p1d_structural_plus_semantic_residual,tantivy_standalone,23,1.4425709999999998
p1d_structural_plus_semantic_residual,tantivy_standalone,24,10.600252
p1d_structural_plus_semantic_residual,tantivy_standalone,25,36.545225
p1d_structural_plus_semantic_residual,tantivy_standalone,26,7.974076
p1d_structural_plus_semantic_residual,tantivy_standalone,27,1.414506
p1d_structural_plus_semantic_residual,tantivy_standalone,28,10.74958
p1d_structural_plus_semantic_residual,tantivy_standalone,29,1.537321
p1d_structural_plus_semantic_residual,solr,0,1.49351
p1d_structural_plus_semantic_residual,solr,1,1.8175649999999999
p1d_structural_plus_semantic_residual,solr,2,1.6293790000000001
p1d_structural_plus_semantic_residual,solr,3,1.712181
p1d_structural_plus_semantic_residual,solr,4,1.9537259999999999
p1d_structural_plus_semantic_residual,solr,5,1.780466
p1d_structural_plus_semantic_residual,solr,6,1.723612
p1d_structural_plus_semantic_residual,solr,7,0.962287
p1d_structural_plus_semantic_residual,solr,8,2.1040859999999997
p1d_structural_plus_semantic_residual,solr,9,1.723659
p1d_structural_plus_semantic_residual,solr,10,1.298393
p1d_structural_plus_semantic_residual,solr,11,1.338886
p1d_structural_plus_semantic_residual,solr,12,1.6549209999999999
p1d_structural_plus_semantic_residual,solr,13,1.6856799999999998
p1d_structural_plus_semantic_residual,solr,14,1.836217
p1d_structural_plus_semantic_residual,solr,15,2.5486240000000002
p1d_structural_plus_semantic_residual,solr,16,1.235123
p1d_structural_plus_semantic_residual,solr,17,4.819179
p1d_structural_plus_semantic_residual,solr,18,1.234148
p1d_structural_plus_semantic_residual,solr,19,1.7545250000000001
p1d_structural_plus_semantic_residual,solr,20,1.614471
p1d_structural_plus_semantic_residual,solr,21,1.518679
p1d_structural_plus_semantic_residual,solr,22,1.571612
p1d_structural_plus_semantic_residual,solr,23,0.932084
p1d_structural_plus_semantic_residual,solr,24,1.688373
p1d_structural_plus_semantic_residual,solr,25,1.752658
p1d_structural_plus_semantic_residual,solr,26,1.759947
p1d_structural_plus_semantic_residual,solr,27,0.912288
p1d_structural_plus_semantic_residual,solr,28,1.329193
p1d_structural_plus_semantic_residual,solr,29,1.864166
p1d_lexical_first,commerce_native,0,6.5695429999999995
p1d_lexical_first,commerce_native,1,5.122777
p1d_lexical_first,commerce_native,2,1.6938579999999999
p1d_lexical_first,commerce_native,3,28.143724
p1d_lexical_first,commerce_native,4,6.293997
p1d_lexical_first,commerce_native,5,2.15585
p1d_lexical_first,commerce_native,6,1.0511439999999999
p1d_lexical_first,commerce_native,7,6.438149
p1d_lexical_first,commerce_native,8,4.779927
p1d_lexical_first,commerce_native,9,28.091912
p1d_lexical_first,commerce_native,10,5.057975
p1d_lexical_first,commerce_native,11,9.244403
p1d_lexical_first,commerce_native,12,4.273972
p1d_lexical_first,commerce_native,13,5.784858000000001
p1d_lexical_first,commerce_native,14,5.424862
p1d_lexical_first,commerce_native,15,1.744151
p1d_lexical_first,commerce_native,16,3.9552880000000004
p1d_lexical_first,commerce_native,17,8.892793
p1d_lexical_first,commerce_native,18,8.878400999999998
p1d_lexical_first,commerce_native,19,2.277835
p1d_lexical_first,commerce_native,20,4.936463000000001
p1d_lexical_first,commerce_native,21,4.973079
p1d_lexical_first,commerce_native,22,0.187308
p1d_lexical_first,commerce_native,23,27.866716999999998
p1d_lexical_first,commerce_native,24,4.848267
p1d_lexical_first,commerce_native,25,4.375408
p1d_lexical_first,commerce_native,26,1.161681
p1d_lexical_first,commerce_native,27,5.320804
p1d_lexical_first,commerce_native,28,5.042487
p1d_lexical_first,commerce_native,29,1.907949
p1d_lexical_first,tantivy_standalone,0,3.856819
p1d_lexical_first,tantivy_standalone,1,10.945476000000001
p1d_lexical_first,tantivy_standalone,2,0.329191
p1d_lexical_first,tantivy_standalone,3,10.096947
p1d_lexical_first,tantivy_standalone,4,3.486328
p1d_lexical_first,tantivy_standalone,5,7.849816000000001
p1d_lexical_first,tantivy_standalone,6,11.031355
p1d_lexical_first,tantivy_standalone,7,11.109243
p1d_lexical_first,tantivy_standalone,8,0.390029
p1d_lexical_first,tantivy_standalone,9,0.893559
p1d_lexical_first,tantivy_standalone,10,42.75616
p1d_lexical_first,tantivy_standalone,11,11.689385
p1d_lexical_first,tantivy_standalone,12,9.944581
p1d_lexical_first,tantivy_standalone,13,10.542468
p1d_lexical_first,tantivy_standalone,14,6.673503
p1d_lexical_first,tantivy_standalone,15,4.423462000000001
p1d_lexical_first,tantivy_standalone,16,42.858271
p1d_lexical_first,tantivy_standalone,17,3.3916910000000002
p1d_lexical_first,tantivy_standalone,18,16.112030999999998
p1d_lexical_first,tantivy_standalone,19,11.236324000000002
p1d_lexical_first,tantivy_standalone,20,6.771534
p1d_lexical_first,tantivy_standalone,21,10.998655
p1d_lexical_first,tantivy_standalone,22,0.816171
p1d_lexical_first,tantivy_standalone,23,22.298484000000002
p1d_lexical_first,tantivy_standalone,24,2.017042
p1d_lexical_first,tantivy_standalone,25,7.893638999999999
p1d_lexical_first,tantivy_standalone,26,11.034452
p1d_lexical_first,tantivy_standalone,27,6.8916450000000005
p1d_lexical_first,tantivy_standalone,28,0.43900599999999995
p1d_lexical_first,tantivy_standalone,29,47.997086
p1d_lexical_first,solr,0,1.098892
p1d_lexical_first,solr,1,1.616429
p1d_lexical_first,solr,2,1.491374
p1d_lexical_first,solr,3,1.5935560000000002
p1d_lexical_first,solr,4,1.45616
p1d_lexical_first,solr,5,1.710307
p1d_lexical_first,solr,6,1.617662
p1d_lexical_first,solr,7,0.834569
p1d_lexical_first,solr,8,1.7463579999999999
p1d_lexical_first,solr,9,1.568375
p1d_lexical_first,solr,10,1.730515
p1d_lexical_first,solr,11,1.687067
p1d_lexical_first,solr,12,1.58109
p1d_lexical_first,solr,13,1.59522
p1d_lexical_first,solr,14,1.767045
p1d_lexical_first,solr,15,1.39763
p1d_lexical_first,solr,16,1.075877
p1d_lexical_first,solr,17,1.792381
p1d_lexical_first,solr,18,0.947793
p1d_lexical_first,solr,19,1.767329
p1d_lexical_first,solr,20,1.555425
p1d_lexical_first,solr,21,1.502396
p1d_lexical_first,solr,22,1.192217
p1d_lexical_first,solr,23,0.8033060000000001
p1d_lexical_first,solr,24,1.947041
p1d_lexical_first,solr,25,1.6057039999999998
p1d_lexical_first,solr,26,1.5948360000000001
p1d_lexical_first,solr,27,1.0684259999999999
p1d_lexical_first,solr,28,2.083155
p1d_lexical_first,solr,29,1.99255
p1d_ambiguous_punt,commerce_native,0,11.562888000000001
p1d_ambiguous_punt,commerce_native,1,6.964549
p1d_ambiguous_punt,commerce_native,2,4.6370439999999995
p1d_ambiguous_punt,commerce_native,3,4.470394
p1d_ambiguous_punt,commerce_native,4,2.207516
p1d_ambiguous_punt,commerce_native,5,16.167918
p1d_ambiguous_punt,commerce_native,6,5.347261
p1d_ambiguous_punt,commerce_native,7,11.794898
p1d_ambiguous_punt,commerce_native,8,6.974434
p1d_ambiguous_punt,commerce_native,9,16.307787
p1d_ambiguous_punt,commerce_native,10,3.5879119999999998
p1d_ambiguous_punt,commerce_native,11,12.959505
p1d_ambiguous_punt,commerce_native,12,1.2019140000000001
p1d_ambiguous_punt,commerce_native,13,6.774857
p1d_ambiguous_punt,commerce_native,14,2.9494870000000004
p1d_ambiguous_punt,commerce_native,15,4.760128
p1d_ambiguous_punt,commerce_native,16,3.4771110000000003
p1d_ambiguous_punt,commerce_native,17,3.43709
p1d_ambiguous_punt,commerce_native,18,13.024726000000001
p1d_ambiguous_punt,commerce_native,19,16.177217000000002
p1d_ambiguous_punt,commerce_native,20,3.8986910000000004
p1d_ambiguous_punt,commerce_native,21,6.90668
p1d_ambiguous_punt,commerce_native,22,18.421243
p1d_ambiguous_punt,commerce_native,23,4.831505
p1d_ambiguous_punt,commerce_native,24,3.519396
p1d_ambiguous_punt,commerce_native,25,1.540348
p1d_ambiguous_punt,commerce_native,26,5.862173
p1d_ambiguous_punt,commerce_native,27,3.019991
p1d_ambiguous_punt,commerce_native,28,7.032504
p1d_ambiguous_punt,commerce_native,29,4.322627
p1d_ambiguous_punt,tantivy_standalone,0,11.433437
p1d_ambiguous_punt,tantivy_standalone,1,20.605475000000002
p1d_ambiguous_punt,tantivy_standalone,2,26.841654
p1d_ambiguous_punt,tantivy_standalone,3,8.297096
p1d_ambiguous_punt,tantivy_standalone,4,28.807132
p1d_ambiguous_punt,tantivy_standalone,5,16.744748
p1d_ambiguous_punt,tantivy_standalone,6,19.008592
p1d_ambiguous_punt,tantivy_standalone,7,20.525607
p1d_ambiguous_punt,tantivy_standalone,8,26.343805
p1d_ambiguous_punt,tantivy_standalone,9,6.961911000000001
p1d_ambiguous_punt,tantivy_standalone,10,4.947126
p1d_ambiguous_punt,tantivy_standalone,11,8.999718
p1d_ambiguous_punt,tantivy_standalone,12,18.222004
p1d_ambiguous_punt,tantivy_standalone,13,8.143076
p1d_ambiguous_punt,tantivy_standalone,14,18.459699
p1d_ambiguous_punt,tantivy_standalone,15,33.990306
p1d_ambiguous_punt,tantivy_standalone,16,4.591956000000001
p1d_ambiguous_punt,tantivy_standalone,17,30.060198
p1d_ambiguous_punt,tantivy_standalone,18,5.676169
p1d_ambiguous_punt,tantivy_standalone,19,19.177289000000002
p1d_ambiguous_punt,tantivy_standalone,20,18.459538000000002
p1d_ambiguous_punt,tantivy_standalone,21,20.582807000000003
p1d_ambiguous_punt,tantivy_standalone,22,6.9473970000000005
p1d_ambiguous_punt,tantivy_standalone,23,3.807534
p1d_ambiguous_punt,tantivy_standalone,24,13.905627
p1d_ambiguous_punt,tantivy_standalone,25,20.338963000000003
p1d_ambiguous_punt,tantivy_standalone,26,18.95189
p1d_ambiguous_punt,tantivy_standalone,27,18.870345
p1d_ambiguous_punt,tantivy_standalone,28,26.436408
p1d_ambiguous_punt,tantivy_standalone,29,39.162271
p1d_ambiguous_punt,solr,0,1.511015
p1d_ambiguous_punt,solr,1,1.560894
p1d_ambiguous_punt,solr,2,1.74111
p1d_ambiguous_punt,solr,3,1.573795
p1d_ambiguous_punt,solr,4,1.591173
p1d_ambiguous_punt,solr,5,1.514486
p1d_ambiguous_punt,solr,6,1.5535290000000002
p1d_ambiguous_punt,solr,7,0.916038
p1d_ambiguous_punt,solr,8,1.754801
p1d_ambiguous_punt,solr,9,1.7024810000000001
p1d_ambiguous_punt,solr,10,1.296381
p1d_ambiguous_punt,solr,11,1.304011
p1d_ambiguous_punt,solr,12,1.459238
p1d_ambiguous_punt,solr,13,1.510265
p1d_ambiguous_punt,solr,14,1.6622139999999999
p1d_ambiguous_punt,solr,15,1.761825
p1d_ambiguous_punt,solr,16,1.327319
p1d_ambiguous_punt,solr,17,1.899083
p1d_ambiguous_punt,solr,18,0.856482
p1d_ambiguous_punt,solr,19,1.703733
p1d_ambiguous_punt,solr,20,1.853442
p1d_ambiguous_punt,solr,21,1.678522
p1d_ambiguous_punt,solr,22,1.8845
p1d_ambiguous_punt,solr,23,1.115691
p1d_ambiguous_punt,solr,24,1.5382040000000001
p1d_ambiguous_punt,solr,25,1.787245
p1d_ambiguous_punt,solr,26,1.8076050000000001
p1d_ambiguous_punt,solr,27,1.013047
p1d_ambiguous_punt,solr,28,2.146237
p1d_ambiguous_punt,solr,29,1.636253
p1d_long_tail_noisy,commerce_native,0,3.682749
p1d_long_tail_noisy,commerce_native,1,6.138703
p1d_long_tail_noisy,commerce_native,2,2.179002
p1d_long_tail_noisy,commerce_native,3,2.084747
p1d_long_tail_noisy,commerce_native,4,0.307376
p1d_long_tail_noisy,commerce_native,5,3.172457
p1d_long_tail_noisy,commerce_native,6,9.097620000000001
p1d_long_tail_noisy,commerce_native,7,3.3379529999999997
p1d_long_tail_noisy,commerce_native,8,5.805163
p1d_long_tail_noisy,commerce_native,9,0.5697099999999999
p1d_long_tail_noisy,commerce_native,10,2.331774
p1d_long_tail_noisy,commerce_native,11,6.282763
p1d_long_tail_noisy,commerce_native,12,6.66116
p1d_long_tail_noisy,commerce_native,13,1.912336
p1d_long_tail_noisy,commerce_native,14,4.1559479999999995
p1d_long_tail_noisy,commerce_native,15,2.0476579999999998
p1d_long_tail_noisy,commerce_native,16,3.730498
p1d_long_tail_noisy,commerce_native,17,4.482343
p1d_long_tail_noisy,commerce_native,18,6.298201
p1d_long_tail_noisy,commerce_native,19,3.248278
p1d_long_tail_noisy,commerce_native,20,3.511332
p1d_long_tail_noisy,commerce_native,21,5.915406
p1d_long_tail_noisy,commerce_native,22,8.916433
p1d_long_tail_noisy,commerce_native,23,2.31154
p1d_long_tail_noisy,commerce_native,24,2.517175
p1d_long_tail_noisy,commerce_native,25,6.977391
p1d_long_tail_noisy,commerce_native,26,9.278971
p1d_long_tail_noisy,commerce_native,27,4.066519
p1d_long_tail_noisy,commerce_native,28,5.677211
p1d_long_tail_noisy,commerce_native,29,2.2211879999999997
p1d_long_tail_noisy,tantivy_standalone,0,2.477255
p1d_long_tail_noisy,tantivy_standalone,1,3.962552
p1d_long_tail_noisy,tantivy_standalone,2,9.164565
p1d_long_tail_noisy,tantivy_standalone,3,8.402037
p1d_long_tail_noisy,tantivy_standalone,4,3.334636
p1d_long_tail_noisy,tantivy_standalone,5,7.788657
p1d_long_tail_noisy,tantivy_standalone,6,0.360855
p1d_long_tail_noisy,tantivy_standalone,7,4.117106
p1d_long_tail_noisy,tantivy_standalone,8,9.032368
p1d_long_tail_noisy,tantivy_standalone,9,3.6619099999999998
p1d_long_tail_noisy,tantivy_standalone,10,4.130753
p1d_long_tail_noisy,tantivy_standalone,11,0.40145699999999995
p1d_long_tail_noisy,tantivy_standalone,12,11.89407
p1d_long_tail_noisy,tantivy_standalone,13,2.266713
p1d_long_tail_noisy,tantivy_standalone,14,3.056513
p1d_long_tail_noisy,tantivy_standalone,15,6.571815
p1d_long_tail_noisy,tantivy_standalone,16,3.963152
p1d_long_tail_noisy,tantivy_standalone,17,3.292574
p1d_long_tail_noisy,tantivy_standalone,18,5.744423
p1d_long_tail_noisy,tantivy_standalone,19,0.394291
p1d_long_tail_noisy,tantivy_standalone,20,3.00826
p1d_long_tail_noisy,tantivy_standalone,21,3.9219060000000003
p1d_long_tail_noisy,tantivy_standalone,22,3.594452
p1d_long_tail_noisy,tantivy_standalone,23,5.1834180000000005
p1d_long_tail_noisy,tantivy_standalone,24,1.477683
p1d_long_tail_noisy,tantivy_standalone,25,7.798043
p1d_long_tail_noisy,tantivy_standalone,26,0.406076
p1d_long_tail_noisy,tantivy_standalone,27,3.219983
p1d_long_tail_noisy,tantivy_standalone,28,9.289979
p1d_long_tail_noisy,tantivy_standalone,29,0.79508
p1d_long_tail_noisy,solr,0,0.846126
p1d_long_tail_noisy,solr,1,0.935108
p1d_long_tail_noisy,solr,2,1.657707
p1d_long_tail_noisy,solr,3,1.25949
p1d_long_tail_noisy,solr,4,1.1808159999999999
p1d_long_tail_noisy,solr,5,1.355268
p1d_long_tail_noisy,solr,6,1.3865500000000002
p1d_long_tail_noisy,solr,7,0.836292
p1d_long_tail_noisy,solr,8,1.132336
p1d_long_tail_noisy,solr,9,1.6663629999999998
p1d_long_tail_noisy,solr,10,1.120867
p1d_long_tail_noisy,solr,11,0.974478
p1d_long_tail_noisy,solr,12,1.23149
p1d_long_tail_noisy,solr,13,1.7072100000000001
p1d_long_tail_noisy,solr,14,1.5731950000000001
p1d_long_tail_noisy,solr,15,1.295041
p1d_long_tail_noisy,solr,16,0.928542
p1d_long_tail_noisy,solr,17,1.522513
p1d_long_tail_noisy,solr,18,0.866139
p1d_long_tail_noisy,solr,19,1.610176
p1d_long_tail_noisy,solr,20,0.886556
p1d_long_tail_noisy,solr,21,1.069956
p1d_long_tail_noisy,solr,22,1.5718130000000001
p1d_long_tail_noisy,solr,23,0.813183
p1d_long_tail_noisy,solr,24,1.118406
p1d_long_tail_noisy,solr,25,1.305312
p1d_long_tail_noisy,solr,26,1.2442659999999999
p1d_long_tail_noisy,solr,27,0.787632
p1d_long_tail_noisy,solr,28,0.862001
p1d_long_tail_noisy,solr,29,1.5161479999999998
p1d_structural_exact_entity,commerce_native,0,0.08886999999999999
p1d_structural_exact_entity,commerce_native,1,0.017505
p1d_structural_exact_entity,commerce_native,2,0.017045
p1d_structural_exact_entity,commerce_native,3,0.017172
p1d_structural_exact_entity,commerce_native,4,0.036314
p1d_structural_exact_entity,commerce_native,5,0.010151
p1d_structural_exact_entity,commerce_native,6,0.013275
p1d_structural_exact_entity,commerce_native,7,0.024119
p1d_structural_exact_entity,commerce_native,8,0.020954
p1d_structural_exact_entity,commerce_native,9,0.028663
p1d_structural_exact_entity,commerce_native,10,0.011342000000000001
p1d_structural_exact_entity,commerce_native,11,0.020890000000000002
p1d_structural_exact_entity,commerce_native,12,0.005575999999999999
p1d_structural_exact_entity,commerce_native,13,0.014343
p1d_structural_exact_entity,commerce_native,14,0.018274000000000002
p1d_structural_exact_entity,commerce_native,15,0.020367
p1d_structural_exact_entity,commerce_native,16,0.019717000000000002
p1d_structural_exact_entity,commerce_native,17,0.006587
p1d_structural_exact_entity,commerce_native,18,0.024775
p1d_structural_exact_entity,commerce_native,19,0.012582000000000001
p1d_structural_exact_entity,commerce_native,20,0.011603
p1d_structural_exact_entity,commerce_native,21,0.01821
p1d_structural_exact_entity,commerce_native,22,0.011136
p1d_structural_exact_entity,commerce_native,23,0.032602
p1d_structural_exact_entity,commerce_native,24,0.011153
p1d_structural_exact_entity,commerce_native,25,0.006986
p1d_structural_exact_entity,commerce_native,26,0.016293000000000002
p1d_structural_exact_entity,commerce_native,27,0.020849
p1d_structural_exact_entity,commerce_native,28,0.013720000000000001
p1d_structural_exact_entity,commerce_native,29,0.015386000000000002
p1d_structural_exact_entity,tantivy_standalone,0,0.105776
p1d_structural_exact_entity,tantivy_standalone,1,1.563895
p1d_structural_exact_entity,tantivy_standalone,2,0.11662099999999999
p1d_structural_exact_entity,tantivy_standalone,3,12.919039
p1d_structural_exact_entity,tantivy_standalone,4,0.35954200000000003
p1d_structural_exact_entity,tantivy_standalone,5,0.279931
p1d_structural_exact_entity,tantivy_standalone,6,0.48101900000000003
p1d_structural_exact_entity,tantivy_standalone,7,1.610768
p1d_structural_exact_entity,tantivy_standalone,8,0.11995299999999999
p1d_structural_exact_entity,tantivy_standalone,9,0.072509
p1d_structural_exact_entity,tantivy_standalone,10,0.110141
p1d_structural_exact_entity,tantivy_standalone,11,0.08562
p1d_structural_exact_entity,tantivy_standalone,12,0.088161
p1d_structural_exact_entity,tantivy_standalone,13,0.153745
p1d_structural_exact_entity,tantivy_standalone,14,0.08208800000000001
p1d_structural_exact_entity,tantivy_standalone,15,0.411441
p1d_structural_exact_entity,tantivy_standalone,16,0.094126
p1d_structural_exact_entity,tantivy_standalone,17,0.296039
p1d_structural_exact_entity,tantivy_standalone,18,15.191108
p1d_structural_exact_entity,tantivy_standalone,19,0.538512
p1d_structural_exact_entity,tantivy_standalone,20,0.15392
p1d_structural_exact_entity,tantivy_standalone,21,1.573998
p1d_structural_exact_entity,tantivy_standalone,22,0.09028
p1d_structural_exact_entity,tantivy_standalone,23,0.11512
p1d_structural_exact_entity,tantivy_standalone,24,2.346598
p1d_structural_exact_entity,tantivy_standalone,25,0.245649
p1d_structural_exact_entity,tantivy_standalone,26,0.39193700000000004
p1d_structural_exact_entity,tantivy_standalone,27,0.11704700000000001
p1d_structural_exact_entity,tantivy_standalone,28,0.119421
p1d_structural_exact_entity,tantivy_standalone,29,0.078819
p1d_structural_exact_entity,solr,0,0.966615
p1d_structural_exact_entity,solr,1,0.806048
p1d_structural_exact_entity,solr,2,0.74797
p1d_structural_exact_entity,solr,3,1.211262
p1d_structural_exact_entity,solr,4,1.045372
p1d_structural_exact_entity,solr,5,0.706971
p1d_structural_exact_entity,solr,6,0.724389
p1d_structural_exact_entity,solr,7,0.6380669999999999
p1d_structural_exact_entity,solr,8,0.823952
p1d_structural_exact_entity,solr,9,0.672963
p1d_structural_exact_entity,solr,10,0.698778
p1d_structural_exact_entity,solr,11,0.608115
p1d_structural_exact_entity,solr,12,0.580092
p1d_structural_exact_entity,solr,13,0.663455
p1d_structural_exact_entity,solr,14,0.740538
p1d_structural_exact_entity,solr,15,0.688796
p1d_structural_exact_entity,solr,16,0.771096
p1d_structural_exact_entity,solr,17,0.664899
p1d_structural_exact_entity,solr,18,0.629283
p1d_structural_exact_entity,solr,19,1.414173
p1d_structural_exact_entity,solr,20,0.839166
p1d_structural_exact_entity,solr,21,0.7864690000000001
p1d_structural_exact_entity,solr,22,0.766327
p1d_structural_exact_entity,solr,23,0.6381960000000001
p1d_structural_exact_entity,solr,24,0.680703
p1d_structural_exact_entity,solr,25,0.714365
p1d_structural_exact_entity,solr,26,0.712672
p1d_structural_exact_entity,solr,27,0.7692340000000001
p1d_structural_exact_entity,solr,28,0.680828
p1d_structural_exact_entity,solr,29,0.5932379999999999
p1d_variant_scoped_structural,commerce_native,0,0.015163000000000001
p1d_variant_scoped_structural,commerce_native,1,0.016423
p1d_variant_scoped_structural,commerce_native,2,0.029526
p1d_variant_scoped_structural,commerce_native,3,0.017362000000000002
p1d_variant_scoped_structural,commerce_native,4,0.016836
p1d_variant_scoped_structural,commerce_native,5,0.021066
p1d_variant_scoped_structural,commerce_native,6,0.006822
p1d_variant_scoped_structural,commerce_native,7,0.015396
p1d_variant_scoped_structural,commerce_native,8,0.010893
p1d_variant_scoped_structural,commerce_native,9,0.017193
p1d_variant_scoped_structural,commerce_native,10,0.016912999999999997
p1d_variant_scoped_structural,commerce_native,11,0.048674999999999996
p1d_variant_scoped_structural,commerce_native,12,0.036421999999999996
p1d_variant_scoped_structural,commerce_native,13,0.028178
p1d_variant_scoped_structural,commerce_native,14,0.014377
p1d_variant_scoped_structural,commerce_native,15,0.026471
p1d_variant_scoped_structural,commerce_native,16,0.0065899999999999995
p1d_variant_scoped_structural,commerce_native,17,0.005004
p1d_variant_scoped_structural,commerce_native,18,0.028996
p1d_variant_scoped_structural,commerce_native,19,0.019573
p1d_variant_scoped_structural,commerce_native,20,0.021074
p1d_variant_scoped_structural,commerce_native,21,0.012953
p1d_variant_scoped_structural,commerce_native,22,0.013113
p1d_variant_scoped_structural,commerce_native,23,0.013937999999999999
p1d_variant_scoped_structural,commerce_native,24,0.021082
p1d_variant_scoped_structural,commerce_native,25,0.019159000000000002
p1d_variant_scoped_structural,commerce_native,26,0.011692
p1d_variant_scoped_structural,commerce_native,27,0.020561
p1d_variant_scoped_structural,commerce_native,28,0.015677
p1d_variant_scoped_structural,commerce_native,29,0.022771
p1d_variant_scoped_structural,tantivy_standalone,0,1.9651489999999998
p1d_variant_scoped_structural,tantivy_standalone,1,0.879166
p1d_variant_scoped_structural,tantivy_standalone,2,1.113916
p1d_variant_scoped_structural,tantivy_standalone,3,6.740877
p1d_variant_scoped_structural,tantivy_standalone,4,0.605608
p1d_variant_scoped_structural,tantivy_standalone,5,0.244788
p1d_variant_scoped_structural,tantivy_standalone,6,0.220755
p1d_variant_scoped_structural,tantivy_standalone,7,0.963561
p1d_variant_scoped_structural,tantivy_standalone,8,0.833161
p1d_variant_scoped_structural,tantivy_standalone,9,0.270974
p1d_variant_scoped_structural,tantivy_standalone,10,0.7352110000000001
p1d_variant_scoped_structural,tantivy_standalone,11,0.5075729999999999
p1d_variant_scoped_structural,tantivy_standalone,12,0.376087
p1d_variant_scoped_structural,tantivy_standalone,13,3.544048
p1d_variant_scoped_structural,tantivy_standalone,14,0.147434
p1d_variant_scoped_structural,tantivy_standalone,15,1.344935
p1d_variant_scoped_structural,tantivy_standalone,16,0.844181
p1d_variant_scoped_structural,tantivy_standalone,17,0.445975
p1d_variant_scoped_structural,tantivy_standalone,18,4.27495
p1d_variant_scoped_structural,tantivy_standalone,19,0.186831
p1d_variant_scoped_structural,tantivy_standalone,20,0.179225
p1d_variant_scoped_structural,tantivy_standalone,21,0.84551
p1d_variant_scoped_structural,tantivy_standalone,22,0.330106
p1d_variant_scoped_structural,tantivy_standalone,23,5.617786
p1d_variant_scoped_structural,tantivy_standalone,24,0.594382
p1d_variant_scoped_structural,tantivy_standalone,25,0.139835
p1d_variant_scoped_structural,tantivy_standalone,26,0.216005
p1d_variant_scoped_structural,tantivy_standalone,27,0.23910199999999998
p1d_variant_scoped_structural,tantivy_standalone,28,1.215449
p1d_variant_scoped_structural,tantivy_standalone,29,3.9257169999999997
p1d_variant_scoped_structural,solr,0,0.797065
p1d_variant_scoped_structural,solr,1,0.742612
p1d_variant_scoped_structural,solr,2,1.203829
p1d_variant_scoped_structural,solr,3,1.366215
p1d_variant_scoped_structural,solr,4,1.206245
p1d_variant_scoped_structural,solr,5,1.113506
p1d_variant_scoped_structural,solr,6,0.810244
p1d_variant_scoped_structural,solr,7,0.9981359999999999
p1d_variant_scoped_structural,solr,8,0.928566
p1d_variant_scoped_structural,solr,9,0.733465
p1d_variant_scoped_structural,solr,10,0.6923819999999999
p1d_variant_scoped_structural,solr,11,0.9560080000000001
p1d_variant_scoped_structural,solr,12,0.794703
p1d_variant_scoped_structural,solr,13,0.729755
p1d_variant_scoped_structural,solr,14,0.775365
p1d_variant_scoped_structural,solr,15,0.901262
p1d_variant_scoped_structural,solr,16,0.689853
p1d_variant_scoped_structural,solr,17,1.687727
p1d_variant_scoped_structural,solr,18,1.155678
p1d_variant_scoped_structural,solr,19,1.138562
p1d_variant_scoped_structural,solr,20,0.7582679999999999
p1d_variant_scoped_structural,solr,21,0.8402149999999999
p1d_variant_scoped_structural,solr,22,0.898527
p1d_variant_scoped_structural,solr,23,0.943686
p1d_variant_scoped_structural,solr,24,0.9847949999999999
p1d_variant_scoped_structural,solr,25,0.97519
p1d_variant_scoped_structural,solr,26,0.851334
p1d_variant_scoped_structural,solr,27,0.6721560000000001
p1d_variant_scoped_structural,solr,28,0.86385
p1d_variant_scoped_structural,solr,29,0.7943880000000001
p1d_range_plus_structural,commerce_native,0,93.286919
p1d_range_plus_structural,commerce_native,1,42.79687
p1d_range_plus_structural,commerce_native,2,32.244645000000006
p1d_range_plus_structural,commerce_native,3,39.605925
p1d_range_plus_structural,commerce_native,4,33.585485999999996
p1d_range_plus_structural,commerce_native,5,41.70434
p1d_range_plus_structural,commerce_native,6,32.79531
p1d_range_plus_structural,commerce_native,7,42.920133
p1d_range_plus_structural,commerce_native,8,32.223428999999996
p1d_range_plus_structural,commerce_native,9,41.318263
p1d_range_plus_structural,commerce_native,10,32.279539
p1d_range_plus_structural,commerce_native,11,49.992341
p1d_range_plus_structural,commerce_native,12,53.802519
p1d_range_plus_structural,commerce_native,13,42.738863
p1d_range_plus_structural,commerce_native,14,32.774901
p1d_range_plus_structural,commerce_native,15,41.783726
p1d_range_plus_structural,commerce_native,16,32.05064
p1d_range_plus_structural,commerce_native,17,40.176088
p1d_range_plus_structural,commerce_native,18,32.202279
p1d_range_plus_structural,commerce_native,19,41.069784
p1d_range_plus_structural,commerce_native,20,32.186228
p1d_range_plus_structural,commerce_native,21,88.468544
p1d_range_plus_structural,commerce_native,22,96.41387
p1d_range_plus_structural,commerce_native,23,42.249021
p1d_range_plus_structural,commerce_native,24,33.885046
p1d_range_plus_structural,commerce_native,25,44.818743
p1d_range_plus_structural,commerce_native,26,33.201336
p1d_range_plus_structural,commerce_native,27,41.494873
p1d_range_plus_structural,commerce_native,28,32.032689000000005
p1d_range_plus_structural,commerce_native,29,44.418060000000004
p1d_range_plus_structural,tantivy_standalone,0,2.5285339999999996
p1d_range_plus_structural,tantivy_standalone,1,4.147900000000001
p1d_range_plus_structural,tantivy_standalone,2,2.8590999999999998
p1d_range_plus_structural,tantivy_standalone,3,4.182563
p1d_range_plus_structural,tantivy_standalone,4,3.078958
p1d_range_plus_structural,tantivy_standalone,5,3.929063
p1d_range_plus_structural,tantivy_standalone,6,4.197514
p1d_range_plus_structural,tantivy_standalone,7,4.2714859999999994
p1d_range_plus_structural,tantivy_standalone,8,2.652316
p1d_range_plus_structural,tantivy_standalone,9,3.719502
p1d_range_plus_structural,tantivy_standalone,10,3.0436349999999996
p1d_range_plus_structural,tantivy_standalone,11,3.886305
p1d_range_plus_structural,tantivy_standalone,12,2.6700090000000003
p1d_range_plus_structural,tantivy_standalone,13,4.499745
p1d_range_plus_structural,tantivy_standalone,14,2.544135
p1d_range_plus_structural,tantivy_standalone,15,3.9465689999999998
p1d_range_plus_structural,tantivy_standalone,16,2.7211570000000003
p1d_range_plus_structural,tantivy_standalone,17,2.549006
p1d_range_plus_structural,tantivy_standalone,18,2.581967
p1d_range_plus_structural,tantivy_standalone,19,4.629991
p1d_range_plus_structural,tantivy_standalone,20,2.562824
p1d_range_plus_structural,tantivy_standalone,21,3.6976999999999998
p1d_range_plus_structural,tantivy_standalone,22,4.3909769999999995
p1d_range_plus_structural,tantivy_standalone,23,4.241777000000001
p1d_range_plus_structural,tantivy_standalone,24,2.681909
p1d_range_plus_structural,tantivy_standalone,25,4.383514
p1d_range_plus_structural,tantivy_standalone,26,3.9104140000000003
p1d_range_plus_structural,tantivy_standalone,27,2.569915
p1d_range_plus_structural,tantivy_standalone,28,2.477835
p1d_range_plus_structural,tantivy_standalone,29,2.523545
p1d_range_plus_structural,solr,0,1.2882930000000001
p1d_range_plus_structural,solr,1,1.697313
p1d_range_plus_structural,solr,2,1.770492
p1d_range_plus_structural,solr,3,1.77813
p1d_range_plus_structural,solr,4,1.861834
p1d_range_plus_structural,solr,5,1.487349
p1d_range_plus_structural,solr,6,1.927942
p1d_range_plus_structural,solr,7,1.2718129999999999
p1d_range_plus_structural,solr,8,1.7316289999999999
p1d_range_plus_structural,solr,9,1.776605
p1d_range_plus_structural,solr,10,1.4256449999999998
p1d_range_plus_structural,solr,11,1.720171
p1d_range_plus_structural,solr,12,1.824059
p1d_range_plus_structural,solr,13,1.5867850000000001
p1d_range_plus_structural,solr,14,1.9872359999999998
p1d_range_plus_structural,solr,15,1.5309110000000001
p1d_range_plus_structural,solr,16,1.804192
p1d_range_plus_structural,solr,17,1.906128
p1d_range_plus_structural,solr,18,1.230856
p1d_range_plus_structural,solr,19,1.84964
p1d_range_plus_structural,solr,20,1.603351
p1d_range_plus_structural,solr,21,1.871059
p1d_range_plus_structural,solr,22,1.8474789999999999
p1d_range_plus_structural,solr,23,1.190627
p1d_range_plus_structural,solr,24,1.782182
p1d_range_plus_structural,solr,25,1.673178
p1d_range_plus_structural,solr,26,1.7213930000000002
p1d_range_plus_structural,solr,27,0.862997
p1d_range_plus_structural,solr,28,1.733392
p1d_range_plus_structural,solr,29,1.8427879999999999
p1d_structural_plus_lexical_residual,commerce_native,0,10.419805
p1d_structural_plus_lexical_residual,commerce_native,1,6.987339
p1d_structural_plus_lexical_residual,commerce_native,2,0.321408
p1d_structural_plus_lexical_residual,commerce_native,3,3.3780020000000004
p1d_structural_plus_lexical_residual,commerce_native,4,37.376664
p1d_structural_plus_lexical_residual,commerce_native,5,28.022824
p1d_structural_plus_lexical_residual,commerce_native,6,12.103697
p1d_structural_plus_lexical_residual,commerce_native,7,10.401858
p1d_structural_plus_lexical_residual,commerce_native,8,7.197203
p1d_structural_plus_lexical_residual,commerce_native,9,0.472154
p1d_structural_plus_lexical_residual,commerce_native,10,6.7610459999999994
p1d_structural_plus_lexical_residual,commerce_native,11,28.017126
p1d_structural_plus_lexical_residual,commerce_native,12,27.689529
p1d_structural_plus_lexical_residual,commerce_native,13,3.843558
p1d_structural_plus_lexical_residual,commerce_native,14,6.782993
p1d_structural_plus_lexical_residual,commerce_native,15,0.372761
p1d_structural_plus_lexical_residual,commerce_native,16,0.6514570000000001
p1d_structural_plus_lexical_residual,commerce_native,17,2.751405
p1d_structural_plus_lexical_residual,commerce_native,18,27.693484
p1d_structural_plus_lexical_residual,commerce_native,19,29.856274
p1d_structural_plus_lexical_residual,commerce_native,20,2.38495
p1d_structural_plus_lexical_residual,commerce_native,21,7.209092999999999
p1d_structural_plus_lexical_residual,commerce_native,22,5.548036
p1d_structural_plus_lexical_residual,commerce_native,23,3.652462
p1d_structural_plus_lexical_residual,commerce_native,24,6.8220659999999995
p1d_structural_plus_lexical_residual,commerce_native,25,29.870514
p1d_structural_plus_lexical_residual,commerce_native,26,13.209479
p1d_structural_plus_lexical_residual,commerce_native,27,7.410043
p1d_structural_plus_lexical_residual,commerce_native,28,7.77978
p1d_structural_plus_lexical_residual,commerce_native,29,0.279272
p1d_structural_plus_lexical_residual,tantivy_standalone,0,6.017787
p1d_structural_plus_lexical_residual,tantivy_standalone,1,6.463432
p1d_structural_plus_lexical_residual,tantivy_standalone,2,24.620732999999998
p1d_structural_plus_lexical_residual,tantivy_standalone,3,3.58935
p1d_structural_plus_lexical_residual,tantivy_standalone,4,2.1584730000000003
p1d_structural_plus_lexical_residual,tantivy_standalone,5,34.267655
p1d_structural_plus_lexical_residual,tantivy_standalone,6,29.102687
p1d_structural_plus_lexical_residual,tantivy_standalone,7,6.54557
p1d_structural_plus_lexical_residual,tantivy_standalone,8,24.60881
p1d_structural_plus_lexical_residual,tantivy_standalone,9,7.337331
p1d_structural_plus_lexical_residual,tantivy_standalone,10,3.154801
p1d_structural_plus_lexical_residual,tantivy_standalone,11,46.828055
p1d_structural_plus_lexical_residual,tantivy_standalone,12,13.146494
p1d_structural_plus_lexical_residual,tantivy_standalone,13,3.893395
p1d_structural_plus_lexical_residual,tantivy_standalone,14,13.332751
p1d_structural_plus_lexical_residual,tantivy_standalone,15,13.767718
p1d_structural_plus_lexical_residual,tantivy_standalone,16,3.0131
p1d_structural_plus_lexical_residual,tantivy_standalone,17,2.036265
p1d_structural_plus_lexical_residual,tantivy_standalone,18,34.315364
p1d_structural_plus_lexical_residual,tantivy_standalone,19,29.117472
p1d_structural_plus_lexical_residual,tantivy_standalone,20,13.949533
p1d_structural_plus_lexical_residual,tantivy_standalone,21,6.695303
p1d_structural_plus_lexical_residual,tantivy_standalone,22,7.832056000000001
p1d_structural_plus_lexical_residual,tantivy_standalone,23,3.746754
p1d_structural_plus_lexical_residual,tantivy_standalone,24,50.043515
p1d_structural_plus_lexical_residual,tantivy_standalone,25,35.571877
p1d_structural_plus_lexical_residual,tantivy_standalone,26,31.534699999999997
p1d_structural_plus_lexical_residual,tantivy_standalone,27,13.636013
p1d_structural_plus_lexical_residual,tantivy_standalone,28,26.565452
p1d_structural_plus_lexical_residual,tantivy_standalone,29,4.433429
p1d_structural_plus_lexical_residual,solr,0,1.4066939999999999
p1d_structural_plus_lexical_residual,solr,1,1.627358
p1d_structural_plus_lexical_residual,solr,2,1.7445819999999999
p1d_structural_plus_lexical_residual,solr,3,1.5214370000000002
p1d_structural_plus_lexical_residual,solr,4,1.5852979999999999
p1d_structural_plus_lexical_residual,solr,5,1.650105
p1d_structural_plus_lexical_residual,solr,6,1.574455
p1d_structural_plus_lexical_residual,solr,7,0.894267
p1d_structural_plus_lexical_residual,solr,8,1.348496
p1d_structural_plus_lexical_residual,solr,9,1.546876
p1d_structural_plus_lexical_residual,solr,10,1.298321
p1d_structural_plus_lexical_residual,solr,11,1.7524229999999998
p1d_structural_plus_lexical_residual,solr,12,1.693054
p1d_structural_plus_lexical_residual,solr,13,1.498203
p1d_structural_plus_lexical_residual,solr,14,1.679872
p1d_structural_plus_lexical_residual,solr,15,1.619021
p1d_structural_plus_lexical_residual,solr,16,1.0100230000000001
p1d_structural_plus_lexical_residual,solr,17,1.133608
p1d_structural_plus_lexical_residual,solr,18,0.813361
p1d_structural_plus_lexical_residual,solr,19,1.715058
p1d_structural_plus_lexical_residual,solr,20,1.9009649999999998
p1d_structural_plus_lexical_residual,solr,21,1.720141
p1d_structural_plus_lexical_residual,solr,22,1.7243339999999998
p1d_structural_plus_lexical_residual,solr,23,1.109349
p1d_structural_plus_lexical_residual,solr,24,1.5658239999999999
p1d_structural_plus_lexical_residual,solr,25,1.690012
p1d_structural_plus_lexical_residual,solr,26,1.66222
p1d_structural_plus_lexical_residual,solr,27,1.0661559999999999
p1d_structural_plus_lexical_residual,solr,28,1.594331
p1d_structural_plus_lexical_residual,solr,29,1.577205
p1d_structural_plus_semantic_residual,commerce_native,0,10.652050999999998
p1d_structural_plus_semantic_residual,commerce_native,1,0.369653
p1d_structural_plus_semantic_residual,commerce_native,2,3.547655
p1d_structural_plus_semantic_residual,commerce_native,3,14.212536
p1d_structural_plus_semantic_residual,commerce_native,4,9.121637
p1d_structural_plus_semantic_residual,commerce_native,5,11.716270000000002
p1d_structural_plus_semantic_residual,commerce_native,6,5.733763000000001
p1d_structural_plus_semantic_residual,commerce_native,7,10.506195
p1d_structural_plus_semantic_residual,commerce_native,8,0.425254
p1d_structural_plus_semantic_residual,commerce_native,9,2.190531
p1d_structural_plus_semantic_residual,commerce_native,10,2.610083
p1d_structural_plus_semantic_residual,commerce_native,11,11.135005999999999
p1d_structural_plus_semantic_residual,commerce_native,12,4.664316
p1d_structural_plus_semantic_residual,commerce_native,13,12.087199
p1d_structural_plus_semantic_residual,commerce_native,14,2.423142
p1d_structural_plus_semantic_residual,commerce_native,15,3.355515
p1d_structural_plus_semantic_residual,commerce_native,16,2.693196
p1d_structural_plus_semantic_residual,commerce_native,17,2.432581
p1d_structural_plus_semantic_residual,commerce_native,18,11.183598
p1d_structural_plus_semantic_residual,commerce_native,19,11.568545
p1d_structural_plus_semantic_residual,commerce_native,20,3.448592
p1d_structural_plus_semantic_residual,commerce_native,21,0.49205699999999997
p1d_structural_plus_semantic_residual,commerce_native,22,5.380739
p1d_structural_plus_semantic_residual,commerce_native,23,16.401611
p1d_structural_plus_semantic_residual,commerce_native,24,2.7459659999999997
p1d_structural_plus_semantic_residual,commerce_native,25,5.175579
p1d_structural_plus_semantic_residual,commerce_native,26,6.764152
p1d_structural_plus_semantic_residual,commerce_native,27,3.000945
p1d_structural_plus_semantic_residual,commerce_native,28,0.408912
p1d_structural_plus_semantic_residual,commerce_native,29,3.700659
p1d_structural_plus_semantic_residual,tantivy_standalone,0,6.2117830000000005
p1d_structural_plus_semantic_residual,tantivy_standalone,1,1.28274
p1d_structural_plus_semantic_residual,tantivy_standalone,2,10.646217
p1d_structural_plus_semantic_residual,tantivy_standalone,3,1.546883
p1d_structural_plus_semantic_residual,tantivy_standalone,4,1.4249690000000002
p1d_structural_plus_semantic_residual,tantivy_standalone,5,35.814532
p1d_structural_plus_semantic_residual,tantivy_standalone,6,8.04315
p1d_structural_plus_semantic_residual,tantivy_standalone,7,1.255484
p1d_structural_plus_semantic_residual,tantivy_standalone,8,10.754861
p1d_structural_plus_semantic_residual,tantivy_standalone,9,1.177303
p1d_structural_plus_semantic_residual,tantivy_standalone,10,1.000978
p1d_structural_plus_semantic_residual,tantivy_standalone,11,2.022678
p1d_structural_plus_semantic_residual,tantivy_standalone,12,11.242221
p1d_structural_plus_semantic_residual,tantivy_standalone,13,8.367512000000001
p1d_structural_plus_semantic_residual,tantivy_standalone,14,1.280381
p1d_structural_plus_semantic_residual,tantivy_standalone,15,4.552347
p1d_structural_plus_semantic_residual,tantivy_standalone,16,0.997169
p1d_structural_plus_semantic_residual,tantivy_standalone,17,1.289687
p1d_structural_plus_semantic_residual,tantivy_standalone,18,1.7081760000000001
p1d_structural_plus_semantic_residual,tantivy_standalone,19,9.40963
p1d_structural_plus_semantic_residual,tantivy_standalone,20,1.474874
p1d_structural_plus_semantic_residual,tantivy_standalone,21,1.311709
p1d_structural_plus_semantic_residual,tantivy_standalone,22,1.442811
p1d_structural_plus_semantic_residual,tantivy_standalone,23,1.6978360000000001
p1d_structural_plus_semantic_residual,tantivy_standalone,24,13.117372
p1d_structural_plus_semantic_residual,tantivy_standalone,25,38.775115
p1d_structural_plus_semantic_residual,tantivy_standalone,26,9.460105
p1d_structural_plus_semantic_residual,tantivy_standalone,27,1.567543
p1d_structural_plus_semantic_residual,tantivy_standalone,28,10.82872
p1d_structural_plus_semantic_residual,tantivy_standalone,29,1.819697
p1d_structural_plus_semantic_residual,solr,0,1.204644
p1d_structural_plus_semantic_residual,solr,1,1.2926009999999999
p1d_structural_plus_semantic_residual,solr,2,1.32856
p1d_structural_plus_semantic_residual,solr,3,1.4873550000000002
p1d_structural_plus_semantic_residual,solr,4,1.362196
p1d_structural_plus_semantic_residual,solr,5,1.675008
p1d_structural_plus_semantic_residual,solr,6,1.829754
p1d_structural_plus_semantic_residual,solr,7,0.90866
p1d_structural_plus_semantic_residual,solr,8,1.333022
p1d_structural_plus_semantic_residual,solr,9,1.598638
p1d_structural_plus_semantic_residual,solr,10,1.055301
p1d_structural_plus_semantic_residual,solr,11,0.9716450000000001
p1d_structural_plus_semantic_residual,solr,12,1.471414
p1d_structural_plus_semantic_residual,solr,13,1.643408
p1d_structural_plus_semantic_residual,solr,14,1.785844
p1d_structural_plus_semantic_residual,solr,15,1.25394
p1d_structural_plus_semantic_residual,solr,16,0.9446829999999999
p1d_structural_plus_semantic_residual,solr,17,1.1153929999999999
p1d_structural_plus_semantic_residual,solr,18,0.798986
p1d_structural_plus_semantic_residual,solr,19,1.653854
p1d_structural_plus_semantic_residual,solr,20,1.679239
p1d_structural_plus_semantic_residual,solr,21,1.324448
p1d_structural_plus_semantic_residual,solr,22,1.2193289999999999
p1d_structural_plus_semantic_residual,solr,23,0.8401599999999999
p1d_structural_plus_semantic_residual,solr,24,1.566065
p1d_structural_plus_semantic_residual,solr,25,1.778037
p1d_structural_plus_semantic_residual,solr,26,1.942175
p1d_structural_plus_semantic_residual,solr,27,1.014205
p1d_structural_plus_semantic_residual,solr,28,1.176316
p1d_structural_plus_semantic_residual,solr,29,1.578257
p1d_lexical_first,commerce_native,0,6.873549
p1d_lexical_first,commerce_native,1,5.1369679999999995
p1d_lexical_first,commerce_native,2,1.687055
p1d_lexical_first,commerce_native,3,27.816480000000002
p1d_lexical_first,commerce_native,4,6.279954
p1d_lexical_first,commerce_native,5,2.1560989999999998
p1d_lexical_first,commerce_native,6,0.936959
p1d_lexical_first,commerce_native,7,6.590908000000001
p1d_lexical_first,commerce_native,8,4.8281410000000005
p1d_lexical_first,commerce_native,9,27.34151
p1d_lexical_first,commerce_native,10,5.150653
p1d_lexical_first,commerce_native,11,8.987267000000001
p1d_lexical_first,commerce_native,12,4.251816000000001
p1d_lexical_first,commerce_native,13,5.529634000000001
p1d_lexical_first,commerce_native,14,5.320587
p1d_lexical_first,commerce_native,15,1.643997
p1d_lexical_first,commerce_native,16,3.695289
p1d_lexical_first,commerce_native,17,8.945263
p1d_lexical_first,commerce_native,18,8.897075000000001
p1d_lexical_first,commerce_native,19,2.2053429999999996
p1d_lexical_first,commerce_native,20,5.738946
p1d_lexical_first,commerce_native,21,6.148664
p1d_lexical_first,commerce_native,22,0.220413
p1d_lexical_first,commerce_native,23,28.437213
p1d_lexical_first,commerce_native,24,6.209574
p1d_lexical_first,commerce_native,25,4.324815
p1d_lexical_first,commerce_native,26,1.2302019999999998
p1d_lexical_first,commerce_native,27,5.361113
p1d_lexical_first,commerce_native,28,4.660379
p1d_lexical_first,commerce_native,29,1.646571
p1d_lexical_first,tantivy_standalone,0,4.187573
p1d_lexical_first,tantivy_standalone,1,11.954514
p1d_lexical_first,tantivy_standalone,2,0.37573100000000004
p1d_lexical_first,tantivy_standalone,3,9.967696
p1d_lexical_first,tantivy_standalone,4,3.66162
p1d_lexical_first,tantivy_standalone,5,7.991897
p1d_lexical_first,tantivy_standalone,6,11.595769
p1d_lexical_first,tantivy_standalone,7,10.916775
p1d_lexical_first,tantivy_standalone,8,0.32183199999999995
p1d_lexical_first,tantivy_standalone,9,0.846485
p1d_lexical_first,tantivy_standalone,10,43.185976000000004
p1d_lexical_first,tantivy_standalone,11,11.591761
p1d_lexical_first,tantivy_standalone,12,9.599768999999998
p1d_lexical_first,tantivy_standalone,13,10.939974999999999
p1d_lexical_first,tantivy_standalone,14,6.9403820000000005
p1d_lexical_first,tantivy_standalone,15,4.438599
p1d_lexical_first,tantivy_standalone,16,43.065039999999996
p1d_lexical_first,tantivy_standalone,17,4.038507
p1d_lexical_first,tantivy_standalone,18,16.039581000000002
p1d_lexical_first,tantivy_standalone,19,11.216967
p1d_lexical_first,tantivy_standalone,20,7.3835560000000005
p1d_lexical_first,tantivy_standalone,21,11.077356
p1d_lexical_first,tantivy_standalone,22,0.970863
p1d_lexical_first,tantivy_standalone,23,21.917417
p1d_lexical_first,tantivy_standalone,24,2.496772
p1d_lexical_first,tantivy_standalone,25,8.326220000000001
p1d_lexical_first,tantivy_standalone,26,11.152218
p1d_lexical_first,tantivy_standalone,27,6.981152
p1d_lexical_first,tantivy_standalone,28,0.348601
p1d_lexical_first,tantivy_standalone,29,46.494529
p1d_lexical_first,solr,0,1.3681050000000001
p1d_lexical_first,solr,1,1.484366
p1d_lexical_first,solr,2,1.415159
p1d_lexical_first,solr,3,1.476561
p1d_lexical_first,solr,4,1.25442
p1d_lexical_first,solr,5,1.4140570000000001
p1d_lexical_first,solr,6,1.510975
p1d_lexical_first,solr,7,0.7934129999999999
p1d_lexical_first,solr,8,1.603679
p1d_lexical_first,solr,9,1.643733
p1d_lexical_first,solr,10,1.545367
p1d_lexical_first,solr,11,1.647984
p1d_lexical_first,solr,12,1.517625
p1d_lexical_first,solr,13,1.359664
p1d_lexical_first,solr,14,1.735072
p1d_lexical_first,solr,15,1.143355
p1d_lexical_first,solr,16,1.002851
p1d_lexical_first,solr,17,1.669533
p1d_lexical_first,solr,18,0.882882
p1d_lexical_first,solr,19,1.7095879999999999
p1d_lexical_first,solr,20,24.805548
p1d_lexical_first,solr,21,6.635855
p1d_lexical_first,solr,22,1.698892
p1d_lexical_first,solr,23,1.2607
p1d_lexical_first,solr,24,1.756926
p1d_lexical_first,solr,25,1.677721
p1d_lexical_first,solr,26,1.603126
p1d_lexical_first,solr,27,0.8497319999999999
p1d_lexical_first,solr,28,1.442307
p1d_lexical_first,solr,29,1.8711579999999999
p1d_ambiguous_punt,commerce_native,0,11.855421999999999
p1d_ambiguous_punt,commerce_native,1,7.419696
p1d_ambiguous_punt,commerce_native,2,4.739319
p1d_ambiguous_punt,commerce_native,3,4.928134
p1d_ambiguous_punt,commerce_native,4,2.3636489999999997
p1d_ambiguous_punt,commerce_native,5,16.180309
p1d_ambiguous_punt,commerce_native,6,5.1869760000000005
p1d_ambiguous_punt,commerce_native,7,11.302302000000001
p1d_ambiguous_punt,commerce_native,8,7.4688039999999996
p1d_ambiguous_punt,commerce_native,9,16.513722
p1d_ambiguous_punt,commerce_native,10,3.796411
p1d_ambiguous_punt,commerce_native,11,13.050761
p1d_ambiguous_punt,commerce_native,12,1.126781
p1d_ambiguous_punt,commerce_native,13,7.462984
p1d_ambiguous_punt,commerce_native,14,3.182821
p1d_ambiguous_punt,commerce_native,15,4.733248
p1d_ambiguous_punt,commerce_native,16,3.5155030000000003
p1d_ambiguous_punt,commerce_native,17,3.947913
p1d_ambiguous_punt,commerce_native,18,14.085422
p1d_ambiguous_punt,commerce_native,19,18.750572000000002
p1d_ambiguous_punt,commerce_native,20,4.100048
p1d_ambiguous_punt,commerce_native,21,7.587279
p1d_ambiguous_punt,commerce_native,22,19.403548999999998
p1d_ambiguous_punt,commerce_native,23,4.96714
p1d_ambiguous_punt,commerce_native,24,3.718162
p1d_ambiguous_punt,commerce_native,25,1.454239
p1d_ambiguous_punt,commerce_native,26,6.15889
p1d_ambiguous_punt,commerce_native,27,3.35419
p1d_ambiguous_punt,commerce_native,28,7.176147
p1d_ambiguous_punt,commerce_native,29,4.310103
p1d_ambiguous_punt,tantivy_standalone,0,10.81954
p1d_ambiguous_punt,tantivy_standalone,1,20.534556
p1d_ambiguous_punt,tantivy_standalone,2,27.075355
p1d_ambiguous_punt,tantivy_standalone,3,9.2988
p1d_ambiguous_punt,tantivy_standalone,4,30.976321000000002
p1d_ambiguous_punt,tantivy_standalone,5,17.893186
p1d_ambiguous_punt,tantivy_standalone,6,21.078803999999998
p1d_ambiguous_punt,tantivy_standalone,7,21.168279000000002
p1d_ambiguous_punt,tantivy_standalone,8,27.050221
p1d_ambiguous_punt,tantivy_standalone,9,6.823553
p1d_ambiguous_punt,tantivy_standalone,10,4.936872999999999
p1d_ambiguous_punt,tantivy_standalone,11,9.274055
p1d_ambiguous_punt,tantivy_standalone,12,18.368005999999998
p1d_ambiguous_punt,tantivy_standalone,13,8.636634
p1d_ambiguous_punt,tantivy_standalone,14,19.215753
p1d_ambiguous_punt,tantivy_standalone,15,35.926308
p1d_ambiguous_punt,tantivy_standalone,16,5.0545599999999995
p1d_ambiguous_punt,tantivy_standalone,17,28.828211
p1d_ambiguous_punt,tantivy_standalone,18,6.509473
p1d_ambiguous_punt,tantivy_standalone,19,19.706779
p1d_ambiguous_punt,tantivy_standalone,20,18.927007999999997
p1d_ambiguous_punt,tantivy_standalone,21,21.113924
p1d_ambiguous_punt,tantivy_standalone,22,6.8483529999999995
p1d_ambiguous_punt,tantivy_standalone,23,3.868059
p1d_ambiguous_punt,tantivy_standalone,24,13.631162
p1d_ambiguous_punt,tantivy_standalone,25,17.753504
p1d_ambiguous_punt,tantivy_standalone,26,19.373072
p1d_ambiguous_punt,tantivy_standalone,27,19.182523
p1d_ambiguous_punt,tantivy_standalone,28,27.106025
p1d_ambiguous_punt,tantivy_standalone,29,38.411617
p1d_ambiguous_punt,solr,0,1.406825
p1d_ambiguous_punt,solr,1,1.6964180000000002
p1d_ambiguous_punt,solr,2,1.7906
p1d_ambiguous_punt,solr,3,2.0544320000000003
p1d_ambiguous_punt,solr,4,1.5422280000000002
p1d_ambiguous_punt,solr,5,1.699876
p1d_ambiguous_punt,solr,6,1.5357100000000001
p1d_ambiguous_punt,solr,7,0.7533559999999999
p1d_ambiguous_punt,solr,8,1.8099450000000001
p1d_ambiguous_punt,solr,9,1.719241
p1d_ambiguous_punt,solr,10,1.261851
p1d_ambiguous_punt,solr,11,1.188729
p1d_ambiguous_punt,solr,12,1.811745
p1d_ambiguous_punt,solr,13,1.6212710000000001
p1d_ambiguous_punt,solr,14,1.598338
p1d_ambiguous_punt,solr,15,1.638861
p1d_ambiguous_punt,solr,16,1.1578140000000001
p1d_ambiguous_punt,solr,17,1.517315
p1d_ambiguous_punt,solr,18,0.800127
p1d_ambiguous_punt,solr,19,1.793407
p1d_ambiguous_punt,solr,20,1.60273
p1d_ambiguous_punt,solr,21,1.665476
p1d_ambiguous_punt,solr,22,1.5448650000000002
p1d_ambiguous_punt,solr,23,0.780476
p1d_ambiguous_punt,solr,24,1.145667
p1d_ambiguous_punt,solr,25,1.649633
p1d_ambiguous_punt,solr,26,1.632318
p1d_ambiguous_punt,solr,27,0.945676
p1d_ambiguous_punt,solr,28,1.5118589999999998
p1d_ambiguous_punt,solr,29,1.836473
p1d_long_tail_noisy,commerce_native,0,3.3184970000000003
p1d_long_tail_noisy,commerce_native,1,6.870432999999999
p1d_long_tail_noisy,commerce_native,2,2.0316319999999997
p1d_long_tail_noisy,commerce_native,3,2.5741620000000003
p1d_long_tail_noisy,commerce_native,4,0.332668
p1d_long_tail_noisy,commerce_native,5,3.350389
p1d_long_tail_noisy,commerce_native,6,9.38432
p1d_long_tail_noisy,commerce_native,7,3.130315
p1d_long_tail_noisy,commerce_native,8,5.936983
p1d_long_tail_noisy,commerce_native,9,0.585784
p1d_long_tail_noisy,commerce_native,10,2.126275
p1d_long_tail_noisy,commerce_native,11,6.108675
p1d_long_tail_noisy,commerce_native,12,6.5512749999999995
p1d_long_tail_noisy,commerce_native,13,1.836935
p1d_long_tail_noisy,commerce_native,14,4.212871
p1d_long_tail_noisy,commerce_native,15,1.878109
p1d_long_tail_noisy,commerce_native,16,3.779009
p1d_long_tail_noisy,commerce_native,17,4.674720000000001
p1d_long_tail_noisy,commerce_native,18,6.268653
p1d_long_tail_noisy,commerce_native,19,3.348894
p1d_long_tail_noisy,commerce_native,20,3.493579
p1d_long_tail_noisy,commerce_native,21,7.660100000000001
p1d_long_tail_noisy,commerce_native,22,9.785613
p1d_long_tail_noisy,commerce_native,23,2.3909360000000004
p1d_long_tail_noisy,commerce_native,24,2.9691
p1d_long_tail_noisy,commerce_native,25,6.918024
p1d_long_tail_noisy,commerce_native,26,9.208381
p1d_long_tail_noisy,commerce_native,27,4.28818
p1d_long_tail_noisy,commerce_native,28,5.952706
p1d_long_tail_noisy,commerce_native,29,2.059106
p1d_long_tail_noisy,tantivy_standalone,0,2.4920760000000004
p1d_long_tail_noisy,tantivy_standalone,1,4.143533
p1d_long_tail_noisy,tantivy_standalone,2,9.494677999999999
p1d_long_tail_noisy,tantivy_standalone,3,10.044109
p1d_long_tail_noisy,tantivy_standalone,4,3.3337890000000003
p1d_long_tail_noisy,tantivy_standalone,5,7.726253
p1d_long_tail_noisy,tantivy_standalone,6,0.338441
p1d_long_tail_noisy,tantivy_standalone,7,4.342427000000001
p1d_long_tail_noisy,tantivy_standalone,8,9.382449
p1d_long_tail_noisy,tantivy_standalone,9,4.025403000000001
p1d_long_tail_noisy,tantivy_standalone,10,4.062864
p1d_long_tail_noisy,tantivy_standalone,11,0.41072899999999996
p1d_long_tail_noisy,tantivy_standalone,12,11.605041
p1d_long_tail_noisy,tantivy_standalone,13,2.3317300000000003
p1d_long_tail_noisy,tantivy_standalone,14,3.256263
p1d_long_tail_noisy,tantivy_standalone,15,6.940884
p1d_long_tail_noisy,tantivy_standalone,16,3.980761
p1d_long_tail_noisy,tantivy_standalone,17,3.3453340000000003
p1d_long_tail_noisy,tantivy_standalone,18,5.570377
p1d_long_tail_noisy,tantivy_standalone,19,0.43560400000000005
p1d_long_tail_noisy,tantivy_standalone,20,3.729714
p1d_long_tail_noisy,tantivy_standalone,21,4.228769000000001
p1d_long_tail_noisy,tantivy_standalone,22,3.906756
p1d_long_tail_noisy,tantivy_standalone,23,6.253777
p1d_long_tail_noisy,tantivy_standalone,24,1.4460009999999999
p1d_long_tail_noisy,tantivy_standalone,25,7.833889999999999
p1d_long_tail_noisy,tantivy_standalone,26,0.530627
p1d_long_tail_noisy,tantivy_standalone,27,3.333069
p1d_long_tail_noisy,tantivy_standalone,28,9.308933999999999
p1d_long_tail_noisy,tantivy_standalone,29,0.73598
p1d_long_tail_noisy,solr,0,0.812694
p1d_long_tail_noisy,solr,1,0.978282
p1d_long_tail_noisy,solr,2,1.4333930000000001
p1d_long_tail_noisy,solr,3,1.46392
p1d_long_tail_noisy,solr,4,0.9490259999999999
p1d_long_tail_noisy,solr,5,1.1195160000000002
p1d_long_tail_noisy,solr,6,1.1273730000000002
p1d_long_tail_noisy,solr,7,0.730043
p1d_long_tail_noisy,solr,8,0.8984000000000001
p1d_long_tail_noisy,solr,9,1.396822
p1d_long_tail_noisy,solr,10,1.004404
p1d_long_tail_noisy,solr,11,0.931017
p1d_long_tail_noisy,solr,12,1.142816
p1d_long_tail_noisy,solr,13,1.353051
p1d_long_tail_noisy,solr,14,1.308474
p1d_long_tail_noisy,solr,15,1.0497919999999998
p1d_long_tail_noisy,solr,16,0.862249
p1d_long_tail_noisy,solr,17,1.256648
p1d_long_tail_noisy,solr,18,0.9222870000000001
p1d_long_tail_noisy,solr,19,1.46951
p1d_long_tail_noisy,solr,20,0.883339
p1d_long_tail_noisy,solr,21,1.296041
p1d_long_tail_noisy,solr,22,1.630265
p1d_long_tail_noisy,solr,23,0.8645970000000001
p1d_long_tail_noisy,solr,24,0.908021
p1d_long_tail_noisy,solr,25,1.335018
p1d_long_tail_noisy,solr,26,1.2535610000000001
p1d_long_tail_noisy,solr,27,0.9164899999999999
p1d_long_tail_noisy,solr,28,0.958193
p1d_long_tail_noisy,solr,29,1.189781
p1d_structural_exact_entity,commerce_native,0,0.02995
p1d_structural_exact_entity,commerce_native,1,0.02643
p1d_structural_exact_entity,commerce_native,2,0.049107000000000005
p1d_structural_exact_entity,commerce_native,3,0.01761
p1d_structural_exact_entity,commerce_native,4,0.017496
p1d_structural_exact_entity,commerce_native,5,0.015083
p1d_structural_exact_entity,commerce_native,6,0.014918
p1d_structural_exact_entity,commerce_native,7,0.029734999999999998
p1d_structural_exact_entity,commerce_native,8,0.017957
p1d_structural_exact_entity,commerce_native,9,0.027713
p1d_structural_exact_entity,commerce_native,10,0.013112
p1d_structural_exact_entity,commerce_native,11,0.023191
p1d_structural_exact_entity,commerce_native,12,0.005246000000000001
p1d_structural_exact_entity,commerce_native,13,0.015074
p1d_structural_exact_entity,commerce_native,14,0.017394999999999997
p1d_structural_exact_entity,commerce_native,15,0.017085
p1d_structural_exact_entity,commerce_native,16,0.014492
p1d_structural_exact_entity,commerce_native,17,0.0058649999999999996
p1d_structural_exact_entity,commerce_native,18,0.018361
p1d_structural_exact_entity,commerce_native,19,0.013049
p1d_structural_exact_entity,commerce_native,20,0.012548
p1d_structural_exact_entity,commerce_native,21,0.015947000000000003
p1d_structural_exact_entity,commerce_native,22,0.01079
p1d_structural_exact_entity,commerce_native,23,0.010175
p1d_structural_exact_entity,commerce_native,24,0.007889
p1d_structural_exact_entity,commerce_native,25,0.006537
p1d_structural_exact_entity,commerce_native,26,0.014484
p1d_structural_exact_entity,commerce_native,27,0.023445999999999998
p1d_structural_exact_entity,commerce_native,28,0.012489
p1d_structural_exact_entity,commerce_native,29,0.013375
p1d_structural_exact_entity,tantivy_standalone,0,0.131251
p1d_structural_exact_entity,tantivy_standalone,1,1.787178
p1d_structural_exact_entity,tantivy_standalone,2,0.205595
p1d_structural_exact_entity,tantivy_standalone,3,12.105617
p1d_structural_exact_entity,tantivy_standalone,4,0.2863
p1d_structural_exact_entity,tantivy_standalone,5,0.420471
p1d_structural_exact_entity,tantivy_standalone,6,0.5757289999999999
p1d_structural_exact_entity,tantivy_standalone,7,1.651186
p1d_structural_exact_entity,tantivy_standalone,8,0.12074700000000001
p1d_structural_exact_entity,tantivy_standalone,9,0.06944499999999999
p1d_structural_exact_entity,tantivy_standalone,10,0.17799600000000002
p1d_structural_exact_entity,tantivy_standalone,11,0.101699
p1d_structural_exact_entity,tantivy_standalone,12,0.10925399999999999
p1d_structural_exact_entity,tantivy_standalone,13,0.163041
p1d_structural_exact_entity,tantivy_standalone,14,0.08320999999999999
p1d_structural_exact_entity,tantivy_standalone,15,0.41106299999999996
p1d_structural_exact_entity,tantivy_standalone,16,0.088582
p1d_structural_exact_entity,tantivy_standalone,17,0.271274
p1d_structural_exact_entity,tantivy_standalone,18,12.475352
p1d_structural_exact_entity,tantivy_standalone,19,0.5146839999999999
p1d_structural_exact_entity,tantivy_standalone,20,0.133444
p1d_structural_exact_entity,tantivy_standalone,21,1.512683
p1d_structural_exact_entity,tantivy_standalone,22,0.093406
p1d_structural_exact_entity,tantivy_standalone,23,0.095635
p1d_structural_exact_entity,tantivy_standalone,24,2.1039510000000003
p1d_structural_exact_entity,tantivy_standalone,25,0.18515099999999998
p1d_structural_exact_entity,tantivy_standalone,26,0.423779
p1d_structural_exact_entity,tantivy_standalone,27,0.11225199999999999
p1d_structural_exact_entity,tantivy_standalone,28,0.10575
p1d_structural_exact_entity,tantivy_standalone,29,0.079333
p1d_structural_exact_entity,solr,0,1.177381
p1d_structural_exact_entity,solr,1,1.612325
p1d_structural_exact_entity,solr,2,2.0711459999999997
p1d_structural_exact_entity,solr,3,1.9537970000000002
p1d_structural_exact_entity,solr,4,3.474119
p1d_structural_exact_entity,solr,5,3.287075
p1d_structural_exact_entity,solr,6,1.21381
p1d_structural_exact_entity,solr,7,1.059826
p1d_structural_exact_entity,solr,8,1.906826
p1d_structural_exact_entity,solr,9,1.267946
p1d_structural_exact_entity,solr,10,1.02189
p1d_structural_exact_entity,solr,11,1.750116
p1d_structural_exact_entity,solr,12,1.39025
p1d_structural_exact_entity,solr,13,1.594339
p1d_structural_exact_entity,solr,14,1.428622
p1d_structural_exact_entity,solr,15,1.087693
p1d_structural_exact_entity,solr,16,1.292378
p1d_structural_exact_entity,solr,17,1.3466120000000001
p1d_structural_exact_entity,solr,18,1.622444
p1d_structural_exact_entity,solr,19,2.0649840000000004
p1d_structural_exact_entity,solr,20,1.442754
p1d_structural_exact_entity,solr,21,1.414546
p1d_structural_exact_entity,solr,22,0.9133060000000001
p1d_structural_exact_entity,solr,23,0.806162
p1d_structural_exact_entity,solr,24,1.112306
p1d_structural_exact_entity,solr,25,1.109613
p1d_structural_exact_entity,solr,26,0.993339
p1d_structural_exact_entity,solr,27,1.036426
p1d_structural_exact_entity,solr,28,1.6588690000000001
p1d_structural_exact_entity,solr,29,0.856911
p1d_variant_scoped_structural,commerce_native,0,0.013226
p1d_variant_scoped_structural,commerce_native,1,0.010862
p1d_variant_scoped_structural,commerce_native,2,0.019809
p1d_variant_scoped_structural,commerce_native,3,0.012016
p1d_variant_scoped_structural,commerce_native,4,0.011131
p1d_variant_scoped_structural,commerce_native,5,0.015035
p1d_variant_scoped_structural,commerce_native,6,0.011004
p1d_variant_scoped_structural,commerce_native,7,0.0126
p1d_variant_scoped_structural,commerce_native,8,0.009039
p1d_variant_scoped_structural,commerce_native,9,0.012784
p1d_variant_scoped_structural,commerce_native,10,0.015834
p1d_variant_scoped_structural,commerce_native,11,0.023777999999999997
p1d_variant_scoped_structural,commerce_native,12,0.024522
p1d_variant_scoped_structural,commerce_native,13,0.022978
p1d_variant_scoped_structural,commerce_native,14,0.01554
p1d_variant_scoped_structural,commerce_native,15,0.020994
p1d_variant_scoped_structural,commerce_native,16,0.006937
p1d_variant_scoped_structural,commerce_native,17,0.004203
p1d_variant_scoped_structural,commerce_native,18,0.020916
p1d_variant_scoped_structural,commerce_native,19,0.01554
p1d_variant_scoped_structural,commerce_native,20,0.014322
p1d_variant_scoped_structural,commerce_native,21,0.012267
p1d_variant_scoped_structural,commerce_native,22,0.013597
p1d_variant_scoped_structural,commerce_native,23,0.013128
p1d_variant_scoped_structural,commerce_native,24,0.018247
p1d_variant_scoped_structural,commerce_native,25,0.017745999999999998
p1d_variant_scoped_structural,commerce_native,26,0.010382
p1d_variant_scoped_structural,commerce_native,27,0.014719
p1d_variant_scoped_structural,commerce_native,28,0.010612
p1d_variant_scoped_structural,commerce_native,29,0.019517999999999997
p1d_variant_scoped_structural,tantivy_standalone,0,1.948938
p1d_variant_scoped_structural,tantivy_standalone,1,0.814981
p1d_variant_scoped_structural,tantivy_standalone,2,0.855771
p1d_variant_scoped_structural,tantivy_standalone,3,5.878348
p1d_variant_scoped_structural,tantivy_standalone,4,0.49466099999999996
p1d_variant_scoped_structural,tantivy_standalone,5,0.158502
p1d_variant_scoped_structural,tantivy_standalone,6,0.216288
p1d_variant_scoped_structural,tantivy_standalone,7,0.8911709999999999
p1d_variant_scoped_structural,tantivy_standalone,8,0.860456
p1d_variant_scoped_structural,tantivy_standalone,9,0.334927
p1d_variant_scoped_structural,tantivy_standalone,10,0.839889
p1d_variant_scoped_structural,tantivy_standalone,11,0.435251
p1d_variant_scoped_structural,tantivy_standalone,12,0.40280699999999997
p1d_variant_scoped_structural,tantivy_standalone,13,3.2418310000000004
p1d_variant_scoped_structural,tantivy_standalone,14,0.15690600000000002
p1d_variant_scoped_structural,tantivy_standalone,15,1.470331
p1d_variant_scoped_structural,tantivy_standalone,16,0.91847
p1d_variant_scoped_structural,tantivy_standalone,17,0.625939
p1d_variant_scoped_structural,tantivy_standalone,18,3.86913
p1d_variant_scoped_structural,tantivy_standalone,19,0.216763
p1d_variant_scoped_structural,tantivy_standalone,20,0.202421
p1d_variant_scoped_structural,tantivy_standalone,21,0.8129949999999999
p1d_variant_scoped_structural,tantivy_standalone,22,0.34769
p1d_variant_scoped_structural,tantivy_standalone,23,5.644246000000001
p1d_variant_scoped_structural,tantivy_standalone,24,0.5443629999999999
p1d_variant_scoped_structural,tantivy_standalone,25,0.13250299999999998
p1d_variant_scoped_structural,tantivy_standalone,26,0.207763
p1d_variant_scoped_structural,tantivy_standalone,27,0.184816
p1d_variant_scoped_structural,tantivy_standalone,28,0.973881
p1d_variant_scoped_structural,tantivy_standalone,29,3.891095
p1d_variant_scoped_structural,solr,0,1.394552
p1d_variant_scoped_structural,solr,1,1.762661
p1d_variant_scoped_structural,solr,2,1.405241
p1d_variant_scoped_structural,solr,3,1.583585
p1d_variant_scoped_structural,solr,4,1.588624
p1d_variant_scoped_structural,solr,5,1.631872
p1d_variant_scoped_structural,solr,6,1.261264
p1d_variant_scoped_structural,solr,7,1.1357590000000002
p1d_variant_scoped_structural,solr,8,1.521385
p1d_variant_scoped_structural,solr,9,2.052096
p1d_variant_scoped_structural,solr,10,1.466267
p1d_variant_scoped_structural,solr,11,1.912586
p1d_variant_scoped_structural,solr,12,1.267328
p1d_variant_scoped_structural,solr,13,1.353052
p1d_variant_scoped_structural,solr,14,1.7503980000000001
p1d_variant_scoped_structural,solr,15,1.85616
p1d_variant_scoped_structural,solr,16,1.398475
p1d_variant_scoped_structural,solr,17,1.597064
p1d_variant_scoped_structural,solr,18,1.3882619999999999
p1d_variant_scoped_structural,solr,19,1.855172
p1d_variant_scoped_structural,solr,20,1.337048
p1d_variant_scoped_structural,solr,21,2.239547
p1d_variant_scoped_structural,solr,22,1.346371
p1d_variant_scoped_structural,solr,23,1.911354
p1d_variant_scoped_structural,solr,24,1.5993570000000001
p1d_variant_scoped_structural,solr,25,1.423436
p1d_variant_scoped_structural,solr,26,1.266903
p1d_variant_scoped_structural,solr,27,1.076202
p1d_variant_scoped_structural,solr,28,1.583631
p1d_variant_scoped_structural,solr,29,1.8040109999999998
p1d_range_plus_structural,commerce_native,0,29.62922
p1d_range_plus_structural,commerce_native,1,29.382722
p1d_range_plus_structural,commerce_native,2,30.999109999999998
p1d_range_plus_structural,commerce_native,3,29.671395999999998
p1d_range_plus_structural,commerce_native,4,30.346144
p1d_range_plus_structural,commerce_native,5,29.879314
p1d_range_plus_structural,commerce_native,6,30.567452
p1d_range_plus_structural,commerce_native,7,29.760615
p1d_range_plus_structural,commerce_native,8,29.895879
p1d_range_plus_structural,commerce_native,9,31.972645
p1d_range_plus_structural,commerce_native,10,30.086033
p1d_range_plus_structural,commerce_native,11,30.672835
p1d_range_plus_structural,commerce_native,12,29.751215000000002
p1d_range_plus_structural,commerce_native,13,29.588037
p1d_range_plus_structural,commerce_native,14,30.162494000000002
p1d_range_plus_structural,commerce_native,15,30.376277
p1d_range_plus_structural,commerce_native,16,31.889949
p1d_range_plus_structural,commerce_native,17,29.853046000000003
p1d_range_plus_structural,commerce_native,18,33.170199
p1d_range_plus_structural,commerce_native,19,30.661886
p1d_range_plus_structural,commerce_native,20,30.005838999999998
p1d_range_plus_structural,commerce_native,21,34.783236
p1d_range_plus_structural,commerce_native,22,29.868082
p1d_range_plus_structural,commerce_native,23,29.613127
p1d_range_plus_structural,commerce_native,24,29.700554
p1d_range_plus_structural,commerce_native,25,29.256235
p1d_range_plus_structural,commerce_native,26,29.100464
p1d_range_plus_structural,commerce_native,27,29.619590000000002
p1d_range_plus_structural,commerce_native,28,29.108280999999998
p1d_range_plus_structural,commerce_native,29,28.833866
p1d_range_plus_structural,tantivy_standalone,0,2.591599
p1d_range_plus_structural,tantivy_standalone,1,3.923749
p1d_range_plus_structural,tantivy_standalone,2,2.410154
p1d_range_plus_structural,tantivy_standalone,3,3.690776
p1d_range_plus_structural,tantivy_standalone,4,2.694166
p1d_range_plus_structural,tantivy_standalone,5,3.796436
p1d_range_plus_structural,tantivy_standalone,6,3.78438
p1d_range_plus_structural,tantivy_standalone,7,3.9101320000000004
p1d_range_plus_structural,tantivy_standalone,8,2.461967
p1d_range_plus_structural,tantivy_standalone,9,3.636886
p1d_range_plus_structural,tantivy_standalone,10,2.502657
p1d_range_plus_structural,tantivy_standalone,11,3.6962710000000003
p1d_range_plus_structural,tantivy_standalone,12,2.430142
p1d_range_plus_structural,tantivy_standalone,13,3.668554
p1d_range_plus_structural,tantivy_standalone,14,2.216859
p1d_range_plus_structural,tantivy_standalone,15,3.606636
p1d_range_plus_structural,tantivy_standalone,16,2.4995410000000002
p1d_range_plus_structural,tantivy_standalone,17,2.463657
p1d_range_plus_structural,tantivy_standalone,18,2.513459
p1d_range_plus_structural,tantivy_standalone,19,3.7056720000000003
p1d_range_plus_structural,tantivy_standalone,20,2.4780290000000003
p1d_range_plus_structural,tantivy_standalone,21,3.577279
p1d_range_plus_structural,tantivy_standalone,22,3.7028299999999996
p1d_range_plus_structural,tantivy_standalone,23,4.563584
p1d_range_plus_structural,tantivy_standalone,24,2.6299840000000003
p1d_range_plus_structural,tantivy_standalone,25,3.50497
p1d_range_plus_structural,tantivy_standalone,26,3.699714
p1d_range_plus_structural,tantivy_standalone,27,2.531818
p1d_range_plus_structural,tantivy_standalone,28,2.434171
p1d_range_plus_structural,tantivy_standalone,29,2.452735
p1d_range_plus_structural,solr,0,1.131465
p1d_range_plus_structural,solr,1,1.850244
p1d_range_plus_structural,solr,2,1.7869220000000001
p1d_range_plus_structural,solr,3,1.847398
p1d_range_plus_structural,solr,4,1.786451
p1d_range_plus_structural,solr,5,1.468927
p1d_range_plus_structural,solr,6,1.797893
p1d_range_plus_structural,solr,7,0.928695
p1d_range_plus_structural,solr,8,1.8934
p1d_range_plus_structural,solr,9,1.719738
p1d_range_plus_structural,solr,10,1.3019939999999999
p1d_range_plus_structural,solr,11,1.930373
p1d_range_plus_structural,solr,12,1.718506
p1d_range_plus_structural,solr,13,1.258521
p1d_range_plus_structural,solr,14,1.949894
p1d_range_plus_structural,solr,15,1.310875
p1d_range_plus_structural,solr,16,1.9793749999999999
p1d_range_plus_structural,solr,17,1.795752
p1d_range_plus_structural,solr,18,1.021589
p1d_range_plus_structural,solr,19,1.86568
p1d_range_plus_structural,solr,20,1.271824
p1d_range_plus_structural,solr,21,2.073062
p1d_range_plus_structural,solr,22,2.0561260000000003
p1d_range_plus_structural,solr,23,1.044552
p1d_range_plus_structural,solr,24,2.220066
p1d_range_plus_structural,solr,25,1.978698
p1d_range_plus_structural,solr,26,2.103395
p1d_range_plus_structural,solr,27,0.909384
p1d_range_plus_structural,solr,28,1.854303
p1d_range_plus_structural,solr,29,1.934504
p1d_structural_plus_lexical_residual,commerce_native,0,10.503589
p1d_structural_plus_lexical_residual,commerce_native,1,8.818038999999999
p1d_structural_plus_lexical_residual,commerce_native,2,0.309485
p1d_structural_plus_lexical_residual,commerce_native,3,3.575344
p1d_structural_plus_lexical_residual,commerce_native,4,37.267468
p1d_structural_plus_lexical_residual,commerce_native,5,29.443179
p1d_structural_plus_lexical_residual,commerce_native,6,12.903770999999999
p1d_structural_plus_lexical_residual,commerce_native,7,10.489306000000001
p1d_structural_plus_lexical_residual,commerce_native,8,7.2584670000000004
p1d_structural_plus_lexical_residual,commerce_native,9,0.40690000000000004
p1d_structural_plus_lexical_residual,commerce_native,10,7.086509
p1d_structural_plus_lexical_residual,commerce_native,11,30.325981
p1d_structural_plus_lexical_residual,commerce_native,12,28.865588000000002
p1d_structural_plus_lexical_residual,commerce_native,13,4.217939
p1d_structural_plus_lexical_residual,commerce_native,14,7.230643
p1d_structural_plus_lexical_residual,commerce_native,15,0.408016
p1d_structural_plus_lexical_residual,commerce_native,16,0.564071
p1d_structural_plus_lexical_residual,commerce_native,17,3.1358089999999996
p1d_structural_plus_lexical_residual,commerce_native,18,37.06325
p1d_structural_plus_lexical_residual,commerce_native,19,29.519948
p1d_structural_plus_lexical_residual,commerce_native,20,2.3221600000000002
p1d_structural_plus_lexical_residual,commerce_native,21,7.394058
p1d_structural_plus_lexical_residual,commerce_native,22,5.385260000000001
p1d_structural_plus_lexical_residual,commerce_native,23,3.559682
p1d_structural_plus_lexical_residual,commerce_native,24,6.776816
p1d_structural_plus_lexical_residual,commerce_native,25,29.005468999999998
p1d_structural_plus_lexical_residual,commerce_native,26,12.982628
p1d_structural_plus_lexical_residual,commerce_native,27,7.30225
p1d_structural_plus_lexical_residual,commerce_native,28,7.078289
p1d_structural_plus_lexical_residual,commerce_native,29,0.264322
p1d_structural_plus_lexical_residual,tantivy_standalone,0,5.693766999999999
p1d_structural_plus_lexical_residual,tantivy_standalone,1,6.893947
p1d_structural_plus_lexical_residual,tantivy_standalone,2,26.000525
p1d_structural_plus_lexical_residual,tantivy_standalone,3,3.52746
p1d_structural_plus_lexical_residual,tantivy_standalone,4,2.0973189999999997
p1d_structural_plus_lexical_residual,tantivy_standalone,5,34.353579
p1d_structural_plus_lexical_residual,tantivy_standalone,6,28.763793999999997
p1d_structural_plus_lexical_residual,tantivy_standalone,7,6.541924
p1d_structural_plus_lexical_residual,tantivy_standalone,8,25.204119000000002
p1d_structural_plus_lexical_residual,tantivy_standalone,9,6.844844
p1d_structural_plus_lexical_residual,tantivy_standalone,10,2.8696300000000003
p1d_structural_plus_lexical_residual,tantivy_standalone,11,48.822519
p1d_structural_plus_lexical_residual,tantivy_standalone,12,12.988919999999998
p1d_structural_plus_lexical_residual,tantivy_standalone,13,3.669552
p1d_structural_plus_lexical_residual,tantivy_standalone,14,13.763766
p1d_structural_plus_lexical_residual,tantivy_standalone,15,13.999826
p1d_structural_plus_lexical_residual,tantivy_standalone,16,3.214976
p1d_structural_plus_lexical_residual,tantivy_standalone,17,2.076703
p1d_structural_plus_lexical_residual,tantivy_standalone,18,36.364519
p1d_structural_plus_lexical_residual,tantivy_standalone,19,28.995082
p1d_structural_plus_lexical_residual,tantivy_standalone,20,13.303681
p1d_structural_plus_lexical_residual,tantivy_standalone,21,6.450321
p1d_structural_plus_lexical_residual,tantivy_standalone,22,6.938014
p1d_structural_plus_lexical_residual,tantivy_standalone,23,3.39606
p1d_structural_plus_lexical_residual,tantivy_standalone,24,49.203297
p1d_structural_plus_lexical_residual,tantivy_standalone,25,34.537675
p1d_structural_plus_lexical_residual,tantivy_standalone,26,28.607056
p1d_structural_plus_lexical_residual,tantivy_standalone,27,13.748826000000001
p1d_structural_plus_lexical_residual,tantivy_standalone,28,24.920337
p1d_structural_plus_lexical_residual,tantivy_standalone,29,3.9069739999999995
p1d_structural_plus_lexical_residual,solr,0,1.883321
p1d_structural_plus_lexical_residual,solr,1,2.510136
p1d_structural_plus_lexical_residual,solr,2,2.974355
p1d_structural_plus_lexical_residual,solr,3,1.569438
p1d_structural_plus_lexical_residual,solr,4,3.562379
p1d_structural_plus_lexical_residual,solr,5,3.119429
p1d_structural_plus_lexical_residual,solr,6,3.002402
p1d_structural_plus_lexical_residual,solr,7,1.003145
p1d_structural_plus_lexical_residual,solr,8,1.339282
p1d_structural_plus_lexical_residual,solr,9,2.8944840000000003
p1d_structural_plus_lexical_residual,solr,10,1.506665
p1d_structural_plus_lexical_residual,solr,11,2.028559
p1d_structural_plus_lexical_residual,solr,12,3.826289
p1d_structural_plus_lexical_residual,solr,13,3.185609
p1d_structural_plus_lexical_residual,solr,14,1.953055
p1d_structural_plus_lexical_residual,solr,15,40.80549
p1d_structural_plus_lexical_residual,solr,16,1.735117
p1d_structural_plus_lexical_residual,solr,17,3.226022
p1d_structural_plus_lexical_residual,solr,18,15.149068
p1d_structural_plus_lexical_residual,solr,19,3.634241
p1d_structural_plus_lexical_residual,solr,20,2.101893
p1d_structural_plus_lexical_residual,solr,21,2.045225
p1d_structural_plus_lexical_residual,solr,22,1.9833250000000002
p1d_structural_plus_lexical_residual,solr,23,1.6069840000000002
p1d_structural_plus_lexical_residual,solr,24,2.081734
p1d_structural_plus_lexical_residual,solr,25,2.049328
p1d_structural_plus_lexical_residual,solr,26,2.075187
p1d_structural_plus_lexical_residual,solr,27,1.154109
p1d_structural_plus_lexical_residual,solr,28,1.795114
p1d_structural_plus_lexical_residual,solr,29,2.118337
p1d_structural_plus_semantic_residual,commerce_native,0,11.004318000000001
p1d_structural_plus_semantic_residual,commerce_native,1,0.371517
p1d_structural_plus_semantic_residual,commerce_native,2,3.443022
p1d_structural_plus_semantic_residual,commerce_native,3,14.433014
p1d_structural_plus_semantic_residual,commerce_native,4,9.752462
p1d_structural_plus_semantic_residual,commerce_native,5,12.621103
p1d_structural_plus_semantic_residual,commerce_native,6,5.974503
p1d_structural_plus_semantic_residual,commerce_native,7,13.584275
p1d_structural_plus_semantic_residual,commerce_native,8,0.350452
p1d_structural_plus_semantic_residual,commerce_native,9,2.349268
p1d_structural_plus_semantic_residual,commerce_native,10,2.7699830000000003
p1d_structural_plus_semantic_residual,commerce_native,11,11.283028
p1d_structural_plus_semantic_residual,commerce_native,12,4.848119
p1d_structural_plus_semantic_residual,commerce_native,13,11.705052
p1d_structural_plus_semantic_residual,commerce_native,14,2.497571
p1d_structural_plus_semantic_residual,commerce_native,15,3.370178
p1d_structural_plus_semantic_residual,commerce_native,16,2.726365
p1d_structural_plus_semantic_residual,commerce_native,17,2.318203
p1d_structural_plus_semantic_residual,commerce_native,18,14.574959999999999
p1d_structural_plus_semantic_residual,commerce_native,19,13.652712
p1d_structural_plus_semantic_residual,commerce_native,20,3.35381
p1d_structural_plus_semantic_residual,commerce_native,21,0.36553399999999997
p1d_structural_plus_semantic_residual,commerce_native,22,5.055195
p1d_structural_plus_semantic_residual,commerce_native,23,14.421194
p1d_structural_plus_semantic_residual,commerce_native,24,2.513838
p1d_structural_plus_semantic_residual,commerce_native,25,5.003157
p1d_structural_plus_semantic_residual,commerce_native,26,6.380402
p1d_structural_plus_semantic_residual,commerce_native,27,3.3368130000000003
p1d_structural_plus_semantic_residual,commerce_native,28,0.458084
p1d_structural_plus_semantic_residual,commerce_native,29,4.267499999999999
p1d_structural_plus_semantic_residual,tantivy_standalone,0,5.947213
p1d_structural_plus_semantic_residual,tantivy_standalone,1,1.33322
p1d_structural_plus_semantic_residual,tantivy_standalone,2,10.179684
p1d_structural_plus_semantic_residual,tantivy_standalone,3,1.492552
p1d_structural_plus_semantic_residual,tantivy_standalone,4,1.468595
p1d_structural_plus_semantic_residual,tantivy_standalone,5,37.578854
p1d_structural_plus_semantic_residual,tantivy_standalone,6,7.830683999999999
p1d_structural_plus_semantic_residual,tantivy_standalone,7,1.383561
p1d_structural_plus_semantic_residual,tantivy_standalone,8,10.162856
p1d_structural_plus_semantic_residual,tantivy_standalone,9,1.162723
p1d_structural_plus_semantic_residual,tantivy_standalone,10,1.0230510000000002
p1d_structural_plus_semantic_residual,tantivy_standalone,11,2.118364
p1d_structural_plus_semantic_residual,tantivy_standalone,12,12.677734
p1d_structural_plus_semantic_residual,tantivy_standalone,13,7.891406
p1d_structural_plus_semantic_residual,tantivy_standalone,14,1.28564
p1d_structural_plus_semantic_residual,tantivy_standalone,15,4.361391
p1d_structural_plus_semantic_residual,tantivy_standalone,16,0.9697370000000001
p1d_structural_plus_semantic_residual,tantivy_standalone,17,1.25522
p1d_structural_plus_semantic_residual,tantivy_standalone,18,1.719336
p1d_structural_plus_semantic_residual,tantivy_standalone,19,7.722925
p1d_structural_plus_semantic_residual,tantivy_standalone,20,1.269191
p1d_structural_plus_semantic_residual,tantivy_standalone,21,1.2482019999999998
p1d_structural_plus_semantic_residual,tantivy_standalone,22,1.1228040000000001
p1d_structural_plus_semantic_residual,tantivy_standalone,23,1.3423260000000001
p1d_structural_plus_semantic_residual,tantivy_standalone,24,10.54967
p1d_structural_plus_semantic_residual,tantivy_standalone,25,38.854911
p1d_structural_plus_semantic_residual,tantivy_standalone,26,8.62201
p1d_structural_plus_semantic_residual,tantivy_standalone,27,1.612837
p1d_structural_plus_semantic_residual,tantivy_standalone,28,14.979712
p1d_structural_plus_semantic_residual,tantivy_standalone,29,3.168449
p1d_structural_plus_semantic_residual,solr,0,1.4765220000000001
p1d_structural_plus_semantic_residual,solr,1,1.682456
p1d_structural_plus_semantic_residual,solr,2,1.724071
p1d_structural_plus_semantic_residual,solr,3,1.623673
p1d_structural_plus_semantic_residual,solr,4,1.9673300000000002
p1d_structural_plus_semantic_residual,solr,5,2.061572
p1d_structural_plus_semantic_residual,solr,6,1.9344729999999999
p1d_structural_plus_semantic_residual,solr,7,1.174944
p1d_structural_plus_semantic_residual,solr,8,1.969663
p1d_structural_plus_semantic_residual,solr,9,1.704577
p1d_structural_plus_semantic_residual,solr,10,1.152014
p1d_structural_plus_semantic_residual,solr,11,1.021491
p1d_structural_plus_semantic_residual,solr,12,1.879214
p1d_structural_plus_semantic_residual,solr,13,1.799431
p1d_structural_plus_semantic_residual,solr,14,2.068868
p1d_structural_plus_semantic_residual,solr,15,1.45613
p1d_structural_plus_semantic_residual,solr,16,1.653077
p1d_structural_plus_semantic_residual,solr,17,1.2299229999999999
p1d_structural_plus_semantic_residual,solr,18,1.033506
p1d_structural_plus_semantic_residual,solr,19,1.987301
p1d_structural_plus_semantic_residual,solr,20,1.98702
p1d_structural_plus_semantic_residual,solr,21,1.534759
p1d_structural_plus_semantic_residual,solr,22,1.550661
p1d_structural_plus_semantic_residual,solr,23,0.874841
p1d_structural_plus_semantic_residual,solr,24,1.873963
p1d_structural_plus_semantic_residual,solr,25,2.3071849999999996
p1d_structural_plus_semantic_residual,solr,26,2.09507
p1d_structural_plus_semantic_residual,solr,27,1.0998990000000002
p1d_structural_plus_semantic_residual,solr,28,1.537037
p1d_structural_plus_semantic_residual,solr,29,2.332411
p1d_lexical_first,commerce_native,0,4.811463
p1d_lexical_first,commerce_native,1,3.418812
p1d_lexical_first,commerce_native,2,0.7943709999999999
p1d_lexical_first,commerce_native,3,26.804802
p1d_lexical_first,commerce_native,4,4.6243810000000005
p1d_lexical_first,commerce_native,5,1.08431
p1d_lexical_first,commerce_native,6,0.407233
p1d_lexical_first,commerce_native,7,4.9075120000000005
p1d_lexical_first,commerce_native,8,3.393926
p1d_lexical_first,commerce_native,9,25.724391
p1d_lexical_first,commerce_native,10,3.698717
p1d_lexical_first,commerce_native,11,8.580440999999999
p1d_lexical_first,commerce_native,12,3.461265
p1d_lexical_first,commerce_native,13,3.9766259999999996
p1d_lexical_first,commerce_native,14,3.9517500000000005
p1d_lexical_first,commerce_native,15,0.936643
p1d_lexical_first,commerce_native,16,2.74243
p1d_lexical_first,commerce_native,17,8.481862999999999
p1d_lexical_first,commerce_native,18,8.184553000000001
p1d_lexical_first,commerce_native,19,1.089398
p1d_lexical_first,commerce_native,20,3.36996
p1d_lexical_first,commerce_native,21,3.301077
p1d_lexical_first,commerce_native,22,0.227099
p1d_lexical_first,commerce_native,23,26.706382
p1d_lexical_first,commerce_native,24,3.44459
p1d_lexical_first,commerce_native,25,3.118058
p1d_lexical_first,commerce_native,26,0.442174
p1d_lexical_first,commerce_native,27,7.5065349999999995
p1d_lexical_first,commerce_native,28,7.351208
p1d_lexical_first,commerce_native,29,1.277919
p1d_lexical_first,tantivy_standalone,0,3.869806
p1d_lexical_first,tantivy_standalone,1,10.629023
p1d_lexical_first,tantivy_standalone,2,0.337228
p1d_lexical_first,tantivy_standalone,3,9.620163
p1d_lexical_first,tantivy_standalone,4,3.467497
p1d_lexical_first,tantivy_standalone,5,8.105656
p1d_lexical_first,tantivy_standalone,6,10.646674
p1d_lexical_first,tantivy_standalone,7,11.307673000000001
p1d_lexical_first,tantivy_standalone,8,0.412532
p1d_lexical_first,tantivy_standalone,9,0.859315
p1d_lexical_first,tantivy_standalone,10,43.590266
p1d_lexical_first,tantivy_standalone,11,11.263074
p1d_lexical_first,tantivy_standalone,12,9.578924
p1d_lexical_first,tantivy_standalone,13,10.314570999999999
p1d_lexical_first,tantivy_standalone,14,6.751029000000001
p1d_lexical_first,tantivy_standalone,15,4.494421
p1d_lexical_first,tantivy_standalone,16,43.075923
p1d_lexical_first,tantivy_standalone,17,3.5152069999999997
p1d_lexical_first,tantivy_standalone,18,15.164944
p1d_lexical_first,tantivy_standalone,19,10.968242
p1d_lexical_first,tantivy_standalone,20,6.698529
p1d_lexical_first,tantivy_standalone,21,10.574432
p1d_lexical_first,tantivy_standalone,22,0.870556
p1d_lexical_first,tantivy_standalone,23,21.372492
p1d_lexical_first,tantivy_standalone,24,2.079337
p1d_lexical_first,tantivy_standalone,25,8.024557999999999
p1d_lexical_first,tantivy_standalone,26,10.716811
p1d_lexical_first,tantivy_standalone,27,13.127409
p1d_lexical_first,tantivy_standalone,28,0.514798
p1d_lexical_first,tantivy_standalone,29,64.013958
p1d_lexical_first,solr,0,1.170155
p1d_lexical_first,solr,1,9.284358
p1d_lexical_first,solr,2,1.399659
p1d_lexical_first,solr,3,1.805284
p1d_lexical_first,solr,4,1.612526
p1d_lexical_first,solr,5,1.6335620000000002
p1d_lexical_first,solr,6,1.698908
p1d_lexical_first,solr,7,1.081823
p1d_lexical_first,solr,8,2.021055
p1d_lexical_first,solr,9,1.935242
p1d_lexical_first,solr,10,1.9162560000000002
p1d_lexical_first,solr,11,1.8723539999999999
p1d_lexical_first,solr,12,2.0579
p1d_lexical_first,solr,13,2.052235
p1d_lexical_first,solr,14,1.85435
p1d_lexical_first,solr,15,1.5950179999999998
p1d_lexical_first,solr,16,1.397685
p1d_lexical_first,solr,17,2.337514
p1d_lexical_first,solr,18,1.1697579999999999
p1d_lexical_first,solr,19,1.94785
p1d_lexical_first,solr,20,2.015368
p1d_lexical_first,solr,21,1.66407
p1d_lexical_first,solr,22,1.568443
p1d_lexical_first,solr,23,0.969704
p1d_lexical_first,solr,24,1.6665429999999999
p1d_lexical_first,solr,25,1.768401
p1d_lexical_first,solr,26,1.9277009999999999
p1d_lexical_first,solr,27,1.467671
p1d_lexical_first,solr,28,1.8454700000000002
p1d_lexical_first,solr,29,1.894393
p1d_ambiguous_punt,commerce_native,0,9.546973
p1d_ambiguous_punt,commerce_native,1,7.28907
p1d_ambiguous_punt,commerce_native,2,3.48608
p1d_ambiguous_punt,commerce_native,3,3.274768
p1d_ambiguous_punt,commerce_native,4,1.446364
p1d_ambiguous_punt,commerce_native,5,15.202912000000001
p1d_ambiguous_punt,commerce_native,6,4.67287
p1d_ambiguous_punt,commerce_native,7,9.512286999999999
p1d_ambiguous_punt,commerce_native,8,7.138967
p1d_ambiguous_punt,commerce_native,9,15.497857999999999
p1d_ambiguous_punt,commerce_native,10,3.639983
p1d_ambiguous_punt,commerce_native,11,11.805735
p1d_ambiguous_punt,commerce_native,12,0.70548
p1d_ambiguous_punt,commerce_native,13,5.467654
p1d_ambiguous_punt,commerce_native,14,2.9918940000000003
p1d_ambiguous_punt,commerce_native,15,3.528739
p1d_ambiguous_punt,commerce_native,16,2.23508
p1d_ambiguous_punt,commerce_native,17,2.1282129999999997
p1d_ambiguous_punt,commerce_native,18,12.027723
p1d_ambiguous_punt,commerce_native,19,14.856278
p1d_ambiguous_punt,commerce_native,20,2.667742
p1d_ambiguous_punt,commerce_native,21,7.440468
p1d_ambiguous_punt,commerce_native,22,17.947715
p1d_ambiguous_punt,commerce_native,23,3.4642779999999997
p1d_ambiguous_punt,commerce_native,24,3.73079
p1d_ambiguous_punt,commerce_native,25,0.764841
p1d_ambiguous_punt,commerce_native,26,4.393186
p1d_ambiguous_punt,commerce_native,27,3.114875
p1d_ambiguous_punt,commerce_native,28,6.838881
p1d_ambiguous_punt,commerce_native,29,3.59106
p1d_ambiguous_punt,tantivy_standalone,0,10.279086999999999
p1d_ambiguous_punt,tantivy_standalone,1,20.796832000000002
p1d_ambiguous_punt,tantivy_standalone,2,26.234655999999998
p1d_ambiguous_punt,tantivy_standalone,3,8.334394999999999
p1d_ambiguous_punt,tantivy_standalone,4,28.462321
p1d_ambiguous_punt,tantivy_standalone,5,16.69684
p1d_ambiguous_punt,tantivy_standalone,6,18.488105
p1d_ambiguous_punt,tantivy_standalone,7,20.085868
p1d_ambiguous_punt,tantivy_standalone,8,26.036408
p1d_ambiguous_punt,tantivy_standalone,9,6.94156
p1d_ambiguous_punt,tantivy_standalone,10,4.714773
p1d_ambiguous_punt,tantivy_standalone,11,9.034967
p1d_ambiguous_punt,tantivy_standalone,12,18.145875
p1d_ambiguous_punt,tantivy_standalone,13,7.9468630000000005
p1d_ambiguous_punt,tantivy_standalone,14,17.818814999999997
p1d_ambiguous_punt,tantivy_standalone,15,33.433718
p1d_ambiguous_punt,tantivy_standalone,16,4.678181
p1d_ambiguous_punt,tantivy_standalone,17,28.542987
p1d_ambiguous_punt,tantivy_standalone,18,5.689961
p1d_ambiguous_punt,tantivy_standalone,19,19.683557
p1d_ambiguous_punt,tantivy_standalone,20,19.674805
p1d_ambiguous_punt,tantivy_standalone,21,21.104009
p1d_ambiguous_punt,tantivy_standalone,22,7.558067
p1d_ambiguous_punt,tantivy_standalone,23,6.443080999999999
p1d_ambiguous_punt,tantivy_standalone,24,13.73065
p1d_ambiguous_punt,tantivy_standalone,25,16.784945
p1d_ambiguous_punt,tantivy_standalone,26,19.101298999999997
p1d_ambiguous_punt,tantivy_standalone,27,18.814864
p1d_ambiguous_punt,tantivy_standalone,28,26.533023
p1d_ambiguous_punt,tantivy_standalone,29,38.927749999999996
p1d_ambiguous_punt,solr,0,1.49276
p1d_ambiguous_punt,solr,1,3.1423419999999997
p1d_ambiguous_punt,solr,2,4.437615
p1d_ambiguous_punt,solr,3,1.661361
p1d_ambiguous_punt,solr,4,4.197173
p1d_ambiguous_punt,solr,5,1.7322419999999998
p1d_ambiguous_punt,solr,6,1.822683
p1d_ambiguous_punt,solr,7,0.952726
p1d_ambiguous_punt,solr,8,1.994094
p1d_ambiguous_punt,solr,9,1.885902
p1d_ambiguous_punt,solr,10,1.294404
p1d_ambiguous_punt,solr,11,1.584748
p1d_ambiguous_punt,solr,12,1.585621
p1d_ambiguous_punt,solr,13,1.576161
p1d_ambiguous_punt,solr,14,1.907999
p1d_ambiguous_punt,solr,15,1.9548109999999999
p1d_ambiguous_punt,solr,16,1.3772719999999998
p1d_ambiguous_punt,solr,17,1.7861850000000001
p1d_ambiguous_punt,solr,18,1.128241
p1d_ambiguous_punt,solr,19,1.723852
p1d_ambiguous_punt,solr,20,1.748566
p1d_ambiguous_punt,solr,21,2.002945
p1d_ambiguous_punt,solr,22,1.9992730000000003
p1d_ambiguous_punt,solr,23,1.120283
p1d_ambiguous_punt,solr,24,1.625499
p1d_ambiguous_punt,solr,25,1.7558280000000002
p1d_ambiguous_punt,solr,26,1.831693
p1d_ambiguous_punt,solr,27,1.04908
p1d_ambiguous_punt,solr,28,2.1043350000000003
p1d_ambiguous_punt,solr,29,1.8434709999999999
p1d_long_tail_noisy,commerce_native,0,2.1469509999999996
p1d_long_tail_noisy,commerce_native,1,4.696598
p1d_long_tail_noisy,commerce_native,2,0.88777
p1d_long_tail_noisy,commerce_native,3,1.283423
p1d_long_tail_noisy,commerce_native,4,0.32753699999999997
p1d_long_tail_noisy,commerce_native,5,2.2748
p1d_long_tail_noisy,commerce_native,6,7.861013999999999
p1d_long_tail_noisy,commerce_native,7,2.241669
p1d_long_tail_noisy,commerce_native,8,4.683472999999999
p1d_long_tail_noisy,commerce_native,9,0.575738
p1d_long_tail_noisy,commerce_native,10,1.4732
p1d_long_tail_noisy,commerce_native,11,6.660263
p1d_long_tail_noisy,commerce_native,12,5.458296
p1d_long_tail_noisy,commerce_native,13,0.934259
p1d_long_tail_noisy,commerce_native,14,3.459682
p1d_long_tail_noisy,commerce_native,15,1.05636
p1d_long_tail_noisy,commerce_native,16,2.571819
p1d_long_tail_noisy,commerce_native,17,2.898476
p1d_long_tail_noisy,commerce_native,18,6.5721549999999995
p1d_long_tail_noisy,commerce_native,19,2.3262650000000002
p1d_long_tail_noisy,commerce_native,20,2.403254
p1d_long_tail_noisy,commerce_native,21,4.632912999999999
p1d_long_tail_noisy,commerce_native,22,7.455284000000001
p1d_long_tail_noisy,commerce_native,23,1.245043
p1d_long_tail_noisy,commerce_native,24,1.252094
p1d_long_tail_noisy,commerce_native,25,5.362525
p1d_long_tail_noisy,commerce_native,26,8.440822
p1d_long_tail_noisy,commerce_native,27,3.097019
p1d_long_tail_noisy,commerce_native,28,4.623164
p1d_long_tail_noisy,commerce_native,29,1.1088300000000002
p1d_long_tail_noisy,tantivy_standalone,0,2.2858169999999998
p1d_long_tail_noisy,tantivy_standalone,1,3.9997510000000003
p1d_long_tail_noisy,tantivy_standalone,2,9.076001
p1d_long_tail_noisy,tantivy_standalone,3,8.951187
p1d_long_tail_noisy,tantivy_standalone,4,3.283597
p1d_long_tail_noisy,tantivy_standalone,5,9.121853
p1d_long_tail_noisy,tantivy_standalone,6,0.403078
p1d_long_tail_noisy,tantivy_standalone,7,4.065803
p1d_long_tail_noisy,tantivy_standalone,8,9.099089
p1d_long_tail_noisy,tantivy_standalone,9,3.6216120000000003
p1d_long_tail_noisy,tantivy_standalone,10,4.018314999999999
p1d_long_tail_noisy,tantivy_standalone,11,0.434242
p1d_long_tail_noisy,tantivy_standalone,12,11.613704
p1d_long_tail_noisy,tantivy_standalone,13,2.2391170000000002
p1d_long_tail_noisy,tantivy_standalone,14,3.026764
p1d_long_tail_noisy,tantivy_standalone,15,6.747849
p1d_long_tail_noisy,tantivy_standalone,16,3.839226
p1d_long_tail_noisy,tantivy_standalone,17,3.277111
p1d_long_tail_noisy,tantivy_standalone,18,5.804123
p1d_long_tail_noisy,tantivy_standalone,19,0.45433300000000004
p1d_long_tail_noisy,tantivy_standalone,20,3.110254
p1d_long_tail_noisy,tantivy_standalone,21,3.9392380000000005
p1d_long_tail_noisy,tantivy_standalone,22,3.610271
p1d_long_tail_noisy,tantivy_standalone,23,5.0940389999999995
p1d_long_tail_noisy,tantivy_standalone,24,1.610609
p1d_long_tail_noisy,tantivy_standalone,25,7.66659
p1d_long_tail_noisy,tantivy_standalone,26,0.397519
p1d_long_tail_noisy,tantivy_standalone,27,3.276345
p1d_long_tail_noisy,tantivy_standalone,28,11.122878
p1d_long_tail_noisy,tantivy_standalone,29,1.00239
p1d_long_tail_noisy,solr,0,1.061345
p1d_long_tail_noisy,solr,1,1.065119
p1d_long_tail_noisy,solr,2,1.530668
p1d_long_tail_noisy,solr,3,1.411325
p1d_long_tail_noisy,solr,4,1.075094
p1d_long_tail_noisy,solr,5,1.246178
p1d_long_tail_noisy,solr,6,1.445973
p1d_long_tail_noisy,solr,7,0.848109
p1d_long_tail_noisy,solr,8,1.227222
p1d_long_tail_noisy,solr,9,1.5877949999999998
p1d_long_tail_noisy,solr,10,1.299203
p1d_long_tail_noisy,solr,11,0.96918
p1d_long_tail_noisy,solr,12,1.35382
p1d_long_tail_noisy,solr,13,1.128922
p1d_long_tail_noisy,solr,14,1.267722
p1d_long_tail_noisy,solr,15,1.2513839999999998
p1d_long_tail_noisy,solr,16,0.985377
p1d_long_tail_noisy,solr,17,1.461278
p1d_long_tail_noisy,solr,18,0.9940249999999999
p1d_long_tail_noisy,solr,19,1.336482
p1d_long_tail_noisy,solr,20,1.024961
p1d_long_tail_noisy,solr,21,1.1616739999999999
p1d_long_tail_noisy,solr,22,1.6056869999999999
p1d_long_tail_noisy,solr,23,0.81785
p1d_long_tail_noisy,solr,24,1.172299
p1d_long_tail_noisy,solr,25,1.395665
p1d_long_tail_noisy,solr,26,1.556326
p1d_long_tail_noisy,solr,27,0.970589
p1d_long_tail_noisy,solr,28,1.014774
p1d_long_tail_noisy,solr,29,1.616791
